AccusedMasterID,CaseMasterID,AccusedName,AgeYear,GenderID,PersonID
1,1,Accused_1_Chavan,21,1,A1
2,2,Accused_2_Sharma,22,1,A2
3,3,Accused_3_Chavan,23,1,A3
4,4,Accused_4_Sharma,24,1,A4
5,5,Accused_5_Chavan,25,1,A5
6,6,Accused_6_Sharma,26,1,A6
7,7,Pradeep 'Pistol' Deshmukh,27,1,REC_OFF_008
8,8,Accused_8_Sharma,28,1,A8
9,9,Accused_9_Chavan,29,1,A9
10,10,Accused_10_Sharma,30,1,A10
11,11,Accused_11_Chavan,31,1,A11
12,12,Accused_12_Sharma,32,1,A12
13,13,Accused_13_Chavan,33,1,A13
14,14,Basavaraj 'Shadow' Patil,34,1,REC_OFF_005
15,15,Accused_15_Chavan,35,1,A15
16,16,Accused_16_Sharma,36,1,A16
17,17,Accused_17_Chavan,37,1,A17
18,18,Accused_18_Sharma,38,1,A18
19,19,Accused_19_Chavan,39,1,A19
20,20,Accused_20_Sharma,40,1,A20
21,21,Kiran 'Blade' Kumar,41,1,REC_OFF_002
22,22,Accused_22_Sharma,42,1,A22
23,23,Accused_23_Chavan,43,1,A23
24,24,Accused_24_Sharma,44,1,A24
25,25,Accused_25_Chavan,45,1,A25
26,26,Accused_26_Sharma,46,1,A26
27,27,Accused_27_Chavan,47,1,A27
28,28,Dharmesh 'Razor' Pujari,48,1,REC_OFF_009
29,29,Accused_29_Chavan,49,1,A29
30,30,Accused_30_Sharma,50,1,A30
31,31,Accused_31_Chavan,51,1,A31
32,32,Accused_32_Sharma,52,1,A32
33,33,Accused_33_Chavan,53,1,A33
34,34,Accused_34_Sharma,54,1,A34
35,35,Anand 'Slick' Kulkarni,20,1,REC_OFF_006
36,36,Accused_36_Sharma,21,1,A36
37,37,Accused_37_Chavan,22,1,A37
38,38,Accused_38_Sharma,23,1,A38
39,39,Accused_39_Chavan,24,1,A39
40,40,Accused_40_Sharma,25,1,A40
41,41,Accused_41_Chavan,26,1,A41
42,42,Manjunath 'Spider' Naik,27,1,REC_OFF_003
43,43,Accused_43_Chavan,28,1,A43
44,44,Accused_44_Sharma,29,1,A44
45,45,Accused_45_Chavan,30,1,A45
46,46,Accused_46_Sharma,31,1,A46
47,47,Accused_47_Chavan,32,1,A47
48,48,Accused_48_Sharma,33,1,A48
49,49,Ganesh 'Viper' Hegde,34,1,REC_OFF_010
50,50,Accused_50_Sharma,35,1,A50
51,51,Accused_51_Chavan,36,1,A51
52,52,Accused_52_Sharma,37,1,A52
53,53,Accused_53_Chavan,38,1,A53
54,54,Accused_54_Sharma,39,1,A54
55,55,Accused_55_Chavan,40,1,A55
56,56,Sunil 'Chotta' Shetty,41,1,REC_OFF_007
57,57,Accused_57_Chavan,42,1,A57
58,58,Accused_58_Sharma,43,1,A58
59,59,Accused_59_Chavan,44,1,A59
60,60,Accused_60_Sharma,45,1,A60
61,61,Accused_61_Chavan,46,1,A61
62,62,Accused_62_Sharma,47,1,A62
63,63,Venkatesh 'Phantom' Rao,48,1,REC_OFF_004
64,64,Accused_64_Sharma,49,1,A64
65,65,Accused_65_Chavan,50,1,A65
66,66,Accused_66_Sharma,51,1,A66
67,67,Accused_67_Chavan,52,1,A67
68,68,Accused_68_Sharma,53,1,A68
69,69,Accused_69_Chavan,54,1,A69
70,70,Ramesh 'Syndicate' Gowda,20,1,REC_OFF_001
71,71,Accused_71_Chavan,21,1,A71
72,72,Accused_72_Sharma,22,1,A72
73,73,Accused_73_Chavan,23,1,A73
74,74,Accused_74_Sharma,24,1,A74
75,75,Accused_75_Chavan,25,1,A75
76,76,Accused_76_Sharma,26,1,A76
77,77,Pradeep 'Pistol' Deshmukh,27,1,REC_OFF_008
78,78,Accused_78_Sharma,28,1,A78
79,79,Accused_79_Chavan,29,1,A79
80,80,Accused_80_Sharma,30,1,A80
81,81,Accused_81_Chavan,31,1,A81
82,82,Accused_82_Sharma,32,1,A82
83,83,Accused_83_Chavan,33,1,A83
84,84,Basavaraj 'Shadow' Patil,34,1,REC_OFF_005
85,85,Accused_85_Chavan,35,1,A85
86,86,Accused_86_Sharma,36,1,A86
87,87,Accused_87_Chavan,37,1,A87
88,88,Accused_88_Sharma,38,1,A88
89,89,Accused_89_Chavan,39,1,A89
90,90,Accused_90_Sharma,40,1,A90
91,91,Kiran 'Blade' Kumar,41,1,REC_OFF_002
92,92,Accused_92_Sharma,42,1,A92
93,93,Accused_93_Chavan,43,1,A93
94,94,Accused_94_Sharma,44,1,A94
95,95,Accused_95_Chavan,45,1,A95
96,96,Accused_96_Sharma,46,1,A96
97,97,Accused_97_Chavan,47,1,A97
98,98,Dharmesh 'Razor' Pujari,48,1,REC_OFF_009
99,99,Accused_99_Chavan,49,1,A99
100,100,Accused_100_Sharma,50,1,A100
101,101,Accused_101_Chavan,51,1,A101
102,102,Accused_102_Sharma,52,1,A102
103,103,Accused_103_Chavan,53,1,A103
104,104,Accused_104_Sharma,54,1,A104
105,105,Anand 'Slick' Kulkarni,20,1,REC_OFF_006
106,106,Accused_106_Sharma,21,1,A106
107,107,Accused_107_Chavan,22,1,A107
108,108,Accused_108_Sharma,23,1,A108
109,109,Accused_109_Chavan,24,1,A109
110,110,Accused_110_Sharma,25,1,A110
111,111,Accused_111_Chavan,26,1,A111
112,112,Manjunath 'Spider' Naik,27,1,REC_OFF_003
113,113,Accused_113_Chavan,28,1,A113
114,114,Accused_114_Sharma,29,1,A114
115,115,Accused_115_Chavan,30,1,A115
116,116,Accused_116_Sharma,31,1,A116
117,117,Accused_117_Chavan,32,1,A117
118,118,Accused_118_Sharma,33,1,A118
119,119,Ganesh 'Viper' Hegde,34,1,REC_OFF_010
120,120,Accused_120_Sharma,35,1,A120
121,121,Accused_121_Chavan,36,1,A121
122,122,Accused_122_Sharma,37,1,A122
123,123,Accused_123_Chavan,38,1,A123
124,124,Accused_124_Sharma,39,1,A124
125,125,Accused_125_Chavan,40,1,A125
126,126,Sunil 'Chotta' Shetty,41,1,REC_OFF_007
127,127,Accused_127_Chavan,42,1,A127
128,128,Accused_128_Sharma,43,1,A128
129,129,Accused_129_Chavan,44,1,A129
130,130,Accused_130_Sharma,45,1,A130
131,131,Accused_131_Chavan,46,1,A131
132,132,Accused_132_Sharma,47,1,A132
133,133,Venkatesh 'Phantom' Rao,48,1,REC_OFF_004
134,134,Accused_134_Sharma,49,1,A134
135,135,Accused_135_Chavan,50,1,A135
136,136,Accused_136_Sharma,51,1,A136
137,137,Accused_137_Chavan,52,1,A137
138,138,Accused_138_Sharma,53,1,A138
139,139,Accused_139_Chavan,54,1,A139
140,140,Ramesh 'Syndicate' Gowda,20,1,REC_OFF_001
141,141,Accused_141_Chavan,21,1,A141
142,142,Accused_142_Sharma,22,1,A142
143,143,Accused_143_Chavan,23,1,A143
144,144,Accused_144_Sharma,24,1,A144
145,145,Accused_145_Chavan,25,1,A145
146,146,Accused_146_Sharma,26,1,A146
147,147,Pradeep 'Pistol' Deshmukh,27,1,REC_OFF_008
148,148,Accused_148_Sharma,28,1,A148
149,149,Accused_149_Chavan,29,1,A149
150,150,Accused_150_Sharma,30,1,A150
151,151,Accused_151_Chavan,31,1,A151
152,152,Accused_152_Sharma,32,1,A152
153,153,Accused_153_Chavan,33,1,A153
154,154,Basavaraj 'Shadow' Patil,34,1,REC_OFF_005
155,155,Accused_155_Chavan,35,1,A155
156,156,Accused_156_Sharma,36,1,A156
157,157,Accused_157_Chavan,37,1,A157
158,158,Accused_158_Sharma,38,1,A158
159,159,Accused_159_Chavan,39,1,A159
160,160,Accused_160_Sharma,40,1,A160
161,161,Kiran 'Blade' Kumar,41,1,REC_OFF_002
162,162,Accused_162_Sharma,42,1,A162
163,163,Accused_163_Chavan,43,1,A163
164,164,Accused_164_Sharma,44,1,A164
165,165,Accused_165_Chavan,45,1,A165
166,166,Accused_166_Sharma,46,1,A166
167,167,Accused_167_Chavan,47,1,A167
168,168,Dharmesh 'Razor' Pujari,48,1,REC_OFF_009
169,169,Accused_169_Chavan,49,1,A169
170,170,Accused_170_Sharma,50,1,A170
171,171,Accused_171_Chavan,51,1,A171
172,172,Accused_172_Sharma,52,1,A172
173,173,Accused_173_Chavan,53,1,A173
174,174,Accused_174_Sharma,54,1,A174
175,175,Anand 'Slick' Kulkarni,20,1,REC_OFF_006
176,176,Accused_176_Sharma,21,1,A176
177,177,Accused_177_Chavan,22,1,A177
178,178,Accused_178_Sharma,23,1,A178
179,179,Accused_179_Chavan,24,1,A179
180,180,Accused_180_Sharma,25,1,A180
181,181,Accused_181_Chavan,26,1,A181
182,182,Manjunath 'Spider' Naik,27,1,REC_OFF_003
183,183,Accused_183_Chavan,28,1,A183
184,184,Accused_184_Sharma,29,1,A184
185,185,Accused_185_Chavan,30,1,A185
186,186,Accused_186_Sharma,31,1,A186
187,187,Accused_187_Chavan,32,1,A187
188,188,Accused_188_Sharma,33,1,A188
189,189,Ganesh 'Viper' Hegde,34,1,REC_OFF_010
190,190,Accused_190_Sharma,35,1,A190
191,191,Accused_191_Chavan,36,1,A191
192,192,Accused_192_Sharma,37,1,A192
193,193,Accused_193_Chavan,38,1,A193
194,194,Accused_194_Sharma,39,1,A194
195,195,Accused_195_Chavan,40,1,A195
196,196,Sunil 'Chotta' Shetty,41,1,REC_OFF_007
197,197,Accused_197_Chavan,42,1,A197
198,198,Accused_198_Sharma,43,1,A198
199,199,Accused_199_Chavan,44,1,A199
200,200,Accused_200_Sharma,45,1,A200
201,201,Accused_201_Chavan,46,1,A201
202,202,Accused_202_Sharma,47,1,A202
203,203,Venkatesh 'Phantom' Rao,48,1,REC_OFF_004
204,204,Accused_204_Sharma,49,1,A204
205,205,Accused_205_Chavan,50,1,A205
206,206,Accused_206_Sharma,51,1,A206
207,207,Accused_207_Chavan,52,1,A207
208,208,Accused_208_Sharma,53,1,A208
209,209,Accused_209_Chavan,54,1,A209
210,210,Ramesh 'Syndicate' Gowda,20,1,REC_OFF_001
211,211,Accused_211_Chavan,21,1,A211
212,212,Accused_212_Sharma,22,1,A212
213,213,Accused_213_Chavan,23,1,A213
214,214,Accused_214_Sharma,24,1,A214
215,215,Accused_215_Chavan,25,1,A215
216,216,Accused_216_Sharma,26,1,A216
217,217,Pradeep 'Pistol' Deshmukh,27,1,REC_OFF_008
218,218,Accused_218_Sharma,28,1,A218
219,219,Accused_219_Chavan,29,1,A219
220,220,Accused_220_Sharma,30,1,A220
221,221,Accused_221_Chavan,31,1,A221
222,222,Accused_222_Sharma,32,1,A222
223,223,Accused_223_Chavan,33,1,A223
224,224,Basavaraj 'Shadow' Patil,34,1,REC_OFF_005
225,225,Accused_225_Chavan,35,1,A225
226,226,Accused_226_Sharma,36,1,A226
227,227,Accused_227_Chavan,37,1,A227
228,228,Accused_228_Sharma,38,1,A228
229,229,Accused_229_Chavan,39,1,A229
230,230,Accused_230_Sharma,40,1,A230
231,231,Kiran 'Blade' Kumar,41,1,REC_OFF_002
232,232,Accused_232_Sharma,42,1,A232
233,233,Accused_233_Chavan,43,1,A233
234,234,Accused_234_Sharma,44,1,A234
235,235,Accused_235_Chavan,45,1,A235
236,236,Accused_236_Sharma,46,1,A236
237,237,Accused_237_Chavan,47,1,A237
238,238,Dharmesh 'Razor' Pujari,48,1,REC_OFF_009
239,239,Accused_239_Chavan,49,1,A239
240,240,Accused_240_Sharma,50,1,A240
241,241,Accused_241_Chavan,51,1,A241
242,242,Accused_242_Sharma,52,1,A242
243,243,Accused_243_Chavan,53,1,A243
244,244,Accused_244_Sharma,54,1,A244
245,245,Anand 'Slick' Kulkarni,20,1,REC_OFF_006
246,246,Accused_246_Sharma,21,1,A246
247,247,Accused_247_Chavan,22,1,A247
248,248,Accused_248_Sharma,23,1,A248
249,249,Accused_249_Chavan,24,1,A249
250,250,Accused_250_Sharma,25,1,A250
251,251,Accused_251_Chavan,26,1,A251
252,252,Manjunath 'Spider' Naik,27,1,REC_OFF_003
253,253,Accused_253_Chavan,28,1,A253
254,254,Accused_254_Sharma,29,1,A254
255,255,Accused_255_Chavan,30,1,A255
256,256,Accused_256_Sharma,31,1,A256
257,257,Accused_257_Chavan,32,1,A257
258,258,Accused_258_Sharma,33,1,A258
259,259,Ganesh 'Viper' Hegde,34,1,REC_OFF_010
260,260,Accused_260_Sharma,35,1,A260
261,261,Accused_261_Chavan,36,1,A261
262,262,Accused_262_Sharma,37,1,A262
263,263,Accused_263_Chavan,38,1,A263
264,264,Accused_264_Sharma,39,1,A264
265,265,Accused_265_Chavan,40,1,A265
266,266,Sunil 'Chotta' Shetty,41,1,REC_OFF_007
267,267,Accused_267_Chavan,42,1,A267
268,268,Accused_268_Sharma,43,1,A268
269,269,Accused_269_Chavan,44,1,A269
270,270,Accused_270_Sharma,45,1,A270
271,271,Accused_271_Chavan,46,1,A271
272,272,Accused_272_Sharma,47,1,A272
273,273,Venkatesh 'Phantom' Rao,48,1,REC_OFF_004
274,274,Accused_274_Sharma,49,1,A274
275,275,Accused_275_Chavan,50,1,A275
276,276,Accused_276_Sharma,51,1,A276
277,277,Accused_277_Chavan,52,1,A277
278,278,Accused_278_Sharma,53,1,A278
279,279,Accused_279_Chavan,54,1,A279
280,280,Ramesh 'Syndicate' Gowda,20,1,REC_OFF_001
281,281,Accused_281_Chavan,21,1,A281
282,282,Accused_282_Sharma,22,1,A282
283,283,Accused_283_Chavan,23,1,A283
284,284,Accused_284_Sharma,24,1,A284
285,285,Accused_285_Chavan,25,1,A285
286,286,Accused_286_Sharma,26,1,A286
287,287,Pradeep 'Pistol' Deshmukh,27,1,REC_OFF_008
288,288,Accused_288_Sharma,28,1,A288
289,289,Accused_289_Chavan,29,1,A289
290,290,Accused_290_Sharma,30,1,A290
291,291,Accused_291_Chavan,31,1,A291
292,292,Accused_292_Sharma,32,1,A292
293,293,Accused_293_Chavan,33,1,A293
294,294,Basavaraj 'Shadow' Patil,34,1,REC_OFF_005
295,295,Accused_295_Chavan,35,1,A295
296,296,Accused_296_Sharma,36,1,A296
297,297,Accused_297_Chavan,37,1,A297
298,298,Accused_298_Sharma,38,1,A298
299,299,Accused_299_Chavan,39,1,A299
300,300,Accused_300_Sharma,40,1,A300
301,301,Kiran 'Blade' Kumar,41,1,REC_OFF_002
302,302,Accused_302_Sharma,42,1,A302
303,303,Accused_303_Chavan,43,1,A303
304,304,Accused_304_Sharma,44,1,A304
305,305,Accused_305_Chavan,45,1,A305
306,306,Accused_306_Sharma,46,1,A306
307,307,Accused_307_Chavan,47,1,A307
308,308,Dharmesh 'Razor' Pujari,48,1,REC_OFF_009
309,309,Accused_309_Chavan,49,1,A309
310,310,Accused_310_Sharma,50,1,A310
311,311,Accused_311_Chavan,51,1,A311
312,312,Accused_312_Sharma,52,1,A312
313,313,Accused_313_Chavan,53,1,A313
314,314,Accused_314_Sharma,54,1,A314
315,315,Anand 'Slick' Kulkarni,20,1,REC_OFF_006
316,316,Accused_316_Sharma,21,1,A316
317,317,Accused_317_Chavan,22,1,A317
318,318,Accused_318_Sharma,23,1,A318
319,319,Accused_319_Chavan,24,1,A319
320,320,Accused_320_Sharma,25,1,A320
321,321,Accused_321_Chavan,26,1,A321
322,322,Manjunath 'Spider' Naik,27,1,REC_OFF_003
323,323,Accused_323_Chavan,28,1,A323
324,324,Accused_324_Sharma,29,1,A324
325,325,Accused_325_Chavan,30,1,A325
326,326,Accused_326_Sharma,31,1,A326
327,327,Accused_327_Chavan,32,1,A327
328,328,Accused_328_Sharma,33,1,A328
329,329,Ganesh 'Viper' Hegde,34,1,REC_OFF_010
330,330,Accused_330_Sharma,35,1,A330
331,331,Accused_331_Chavan,36,1,A331
332,332,Accused_332_Sharma,37,1,A332
333,333,Accused_333_Chavan,38,1,A333
334,334,Accused_334_Sharma,39,1,A334
335,335,Accused_335_Chavan,40,1,A335
336,336,Sunil 'Chotta' Shetty,41,1,REC_OFF_007
337,337,Accused_337_Chavan,42,1,A337
338,338,Accused_338_Sharma,43,1,A338
339,339,Accused_339_Chavan,44,1,A339
340,340,Accused_340_Sharma,45,1,A340
341,341,Accused_341_Chavan,46,1,A341
342,342,Accused_342_Sharma,47,1,A342
343,343,Venkatesh 'Phantom' Rao,48,1,REC_OFF_004
344,344,Accused_344_Sharma,49,1,A344
345,345,Accused_345_Chavan,50,1,A345
346,346,Accused_346_Sharma,51,1,A346
347,347,Accused_347_Chavan,52,1,A347
348,348,Accused_348_Sharma,53,1,A348
349,349,Accused_349_Chavan,54,1,A349
350,350,Ramesh 'Syndicate' Gowda,20,1,REC_OFF_001
351,351,Accused_351_Chavan,21,1,A351
352,352,Accused_352_Sharma,22,1,A352
353,353,Accused_353_Chavan,23,1,A353
354,354,Accused_354_Sharma,24,1,A354
355,355,Accused_355_Chavan,25,1,A355
356,356,Accused_356_Sharma,26,1,A356
357,357,Pradeep 'Pistol' Deshmukh,27,1,REC_OFF_008
358,358,Accused_358_Sharma,28,1,A358
359,359,Accused_359_Chavan,29,1,A359
360,360,Accused_360_Sharma,30,1,A360
361,361,Accused_361_Chavan,31,1,A361
362,362,Accused_362_Sharma,32,1,A362
363,363,Accused_363_Chavan,33,1,A363
364,364,Basavaraj 'Shadow' Patil,34,1,REC_OFF_005
365,365,Accused_365_Chavan,35,1,A365
366,366,Accused_366_Sharma,36,1,A366
367,367,Accused_367_Chavan,37,1,A367
368,368,Accused_368_Sharma,38,1,A368
369,369,Accused_369_Chavan,39,1,A369
370,370,Accused_370_Sharma,40,1,A370
371,371,Kiran 'Blade' Kumar,41,1,REC_OFF_002
372,372,Accused_372_Sharma,42,1,A372
373,373,Accused_373_Chavan,43,1,A373
374,374,Accused_374_Sharma,44,1,A374
375,375,Accused_375_Chavan,45,1,A375
376,376,Accused_376_Sharma,46,1,A376
377,377,Accused_377_Chavan,47,1,A377
378,378,Dharmesh 'Razor' Pujari,48,1,REC_OFF_009
379,379,Accused_379_Chavan,49,1,A379
380,380,Accused_380_Sharma,50,1,A380
381,381,Accused_381_Chavan,51,1,A381
382,382,Accused_382_Sharma,52,1,A382
383,383,Accused_383_Chavan,53,1,A383
384,384,Accused_384_Sharma,54,1,A384
385,385,Anand 'Slick' Kulkarni,20,1,REC_OFF_006
386,386,Accused_386_Sharma,21,1,A386
387,387,Accused_387_Chavan,22,1,A387
388,388,Accused_388_Sharma,23,1,A388
389,389,Accused_389_Chavan,24,1,A389
390,390,Accused_390_Sharma,25,1,A390
391,391,Accused_391_Chavan,26,1,A391
392,392,Manjunath 'Spider' Naik,27,1,REC_OFF_003
393,393,Accused_393_Chavan,28,1,A393
394,394,Accused_394_Sharma,29,1,A394
395,395,Accused_395_Chavan,30,1,A395
396,396,Accused_396_Sharma,31,1,A396
397,397,Accused_397_Chavan,32,1,A397
398,398,Accused_398_Sharma,33,1,A398
399,399,Ganesh 'Viper' Hegde,34,1,REC_OFF_010
400,400,Accused_400_Sharma,35,1,A400
401,401,Accused_401_Chavan,36,1,A401
402,402,Accused_402_Sharma,37,1,A402
403,403,Accused_403_Chavan,38,1,A403
404,404,Accused_404_Sharma,39,1,A404
405,405,Accused_405_Chavan,40,1,A405
406,406,Sunil 'Chotta' Shetty,41,1,REC_OFF_007
407,407,Accused_407_Chavan,42,1,A407
408,408,Accused_408_Sharma,43,1,A408
409,409,Accused_409_Chavan,44,1,A409
410,410,Accused_410_Sharma,45,1,A410
411,411,Accused_411_Chavan,46,1,A411
412,412,Accused_412_Sharma,47,1,A412
413,413,Venkatesh 'Phantom' Rao,48,1,REC_OFF_004
414,414,Accused_414_Sharma,49,1,A414
415,415,Accused_415_Chavan,50,1,A415
416,416,Accused_416_Sharma,51,1,A416
417,417,Accused_417_Chavan,52,1,A417
418,418,Accused_418_Sharma,53,1,A418
419,419,Accused_419_Chavan,54,1,A419
420,420,Ramesh 'Syndicate' Gowda,20,1,REC_OFF_001
421,421,Accused_421_Chavan,21,1,A421
422,422,Accused_422_Sharma,22,1,A422
423,423,Accused_423_Chavan,23,1,A423
424,424,Accused_424_Sharma,24,1,A424
425,425,Accused_425_Chavan,25,1,A425
426,426,Accused_426_Sharma,26,1,A426
427,427,Pradeep 'Pistol' Deshmukh,27,1,REC_OFF_008
428,428,Accused_428_Sharma,28,1,A428
429,429,Accused_429_Chavan,29,1,A429
430,430,Accused_430_Sharma,30,1,A430
431,431,Accused_431_Chavan,31,1,A431
432,432,Accused_432_Sharma,32,1,A432
433,433,Accused_433_Chavan,33,1,A433
434,434,Basavaraj 'Shadow' Patil,34,1,REC_OFF_005
435,435,Accused_435_Chavan,35,1,A435
436,436,Accused_436_Sharma,36,1,A436
437,437,Accused_437_Chavan,37,1,A437
438,438,Accused_438_Sharma,38,1,A438
439,439,Accused_439_Chavan,39,1,A439
440,440,Accused_440_Sharma,40,1,A440
441,441,Kiran 'Blade' Kumar,41,1,REC_OFF_002
442,442,Accused_442_Sharma,42,1,A442
443,443,Accused_443_Chavan,43,1,A443
444,444,Accused_444_Sharma,44,1,A444
445,445,Accused_445_Chavan,45,1,A445
446,446,Accused_446_Sharma,46,1,A446
447,447,Accused_447_Chavan,47,1,A447
448,448,Dharmesh 'Razor' Pujari,48,1,REC_OFF_009
449,449,Accused_449_Chavan,49,1,A449
450,450,Accused_450_Sharma,50,1,A450
451,451,Accused_451_Chavan,51,1,A451
452,452,Accused_452_Sharma,52,1,A452
453,453,Accused_453_Chavan,53,1,A453
454,454,Accused_454_Sharma,54,1,A454
455,455,Anand 'Slick' Kulkarni,20,1,REC_OFF_006
456,456,Accused_456_Sharma,21,1,A456
457,457,Accused_457_Chavan,22,1,A457
458,458,Accused_458_Sharma,23,1,A458
459,459,Accused_459_Chavan,24,1,A459
460,460,Accused_460_Sharma,25,1,A460
461,461,Accused_461_Chavan,26,1,A461
462,462,Manjunath 'Spider' Naik,27,1,REC_OFF_003
463,463,Accused_463_Chavan,28,1,A463
464,464,Accused_464_Sharma,29,1,A464
465,465,Accused_465_Chavan,30,1,A465
466,466,Accused_466_Sharma,31,1,A466
467,467,Accused_467_Chavan,32,1,A467
468,468,Accused_468_Sharma,33,1,A468
469,469,Ganesh 'Viper' Hegde,34,1,REC_OFF_010
470,470,Accused_470_Sharma,35,1,A470
471,471,Accused_471_Chavan,36,1,A471
472,472,Accused_472_Sharma,37,1,A472
473,473,Accused_473_Chavan,38,1,A473
474,474,Accused_474_Sharma,39,1,A474
475,475,Accused_475_Chavan,40,1,A475
476,476,Sunil 'Chotta' Shetty,41,1,REC_OFF_007
477,477,Accused_477_Chavan,42,1,A477
478,478,Accused_478_Sharma,43,1,A478
479,479,Accused_479_Chavan,44,1,A479
480,480,Accused_480_Sharma,45,1,A480
481,481,Accused_481_Chavan,46,1,A481
482,482,Accused_482_Sharma,47,1,A482
483,483,Venkatesh 'Phantom' Rao,48,1,REC_OFF_004
484,484,Accused_484_Sharma,49,1,A484
485,485,Accused_485_Chavan,50,1,A485
486,486,Accused_486_Sharma,51,1,A486
487,487,Accused_487_Chavan,52,1,A487
488,488,Accused_488_Sharma,53,1,A488
489,489,Accused_489_Chavan,54,1,A489
490,490,Ramesh 'Syndicate' Gowda,20,1,REC_OFF_001
491,491,Accused_491_Chavan,21,1,A491
492,492,Accused_492_Sharma,22,1,A492
493,493,Accused_493_Chavan,23,1,A493
494,494,Accused_494_Sharma,24,1,A494
495,495,Accused_495_Chavan,25,1,A495
496,496,Accused_496_Sharma,26,1,A496
497,497,Pradeep 'Pistol' Deshmukh,27,1,REC_OFF_008
498,498,Accused_498_Sharma,28,1,A498
499,499,Accused_499_Chavan,29,1,A499
500,500,Accused_500_Sharma,30,1,A500
501,501,Accused_501_Chavan,31,1,A501
502,502,Accused_502_Sharma,32,1,A502
503,503,Accused_503_Chavan,33,1,A503
504,504,Basavaraj 'Shadow' Patil,34,1,REC_OFF_005
505,505,Accused_505_Chavan,35,1,A505
506,506,Accused_506_Sharma,36,1,A506
507,507,Accused_507_Chavan,37,1,A507
508,508,Accused_508_Sharma,38,1,A508
509,509,Accused_509_Chavan,39,1,A509
510,510,Accused_510_Sharma,40,1,A510
511,511,Kiran 'Blade' Kumar,41,1,REC_OFF_002
512,512,Accused_512_Sharma,42,1,A512
513,513,Accused_513_Chavan,43,1,A513
514,514,Accused_514_Sharma,44,1,A514
515,515,Accused_515_Chavan,45,1,A515
516,516,Accused_516_Sharma,46,1,A516
517,517,Accused_517_Chavan,47,1,A517
518,518,Dharmesh 'Razor' Pujari,48,1,REC_OFF_009
519,519,Accused_519_Chavan,49,1,A519
520,520,Accused_520_Sharma,50,1,A520
521,521,Accused_521_Chavan,51,1,A521
522,522,Accused_522_Sharma,52,1,A522
523,523,Accused_523_Chavan,53,1,A523
524,524,Accused_524_Sharma,54,1,A524
525,525,Anand 'Slick' Kulkarni,20,1,REC_OFF_006
526,526,Accused_526_Sharma,21,1,A526
527,527,Accused_527_Chavan,22,1,A527
528,528,Accused_528_Sharma,23,1,A528
529,529,Accused_529_Chavan,24,1,A529
530,530,Accused_530_Sharma,25,1,A530
531,531,Accused_531_Chavan,26,1,A531
532,532,Manjunath 'Spider' Naik,27,1,REC_OFF_003
533,533,Accused_533_Chavan,28,1,A533
534,534,Accused_534_Sharma,29,1,A534
535,535,Accused_535_Chavan,30,1,A535
536,536,Accused_536_Sharma,31,1,A536
537,537,Accused_537_Chavan,32,1,A537
538,538,Accused_538_Sharma,33,1,A538
539,539,Ganesh 'Viper' Hegde,34,1,REC_OFF_010
540,540,Accused_540_Sharma,35,1,A540
541,541,Accused_541_Chavan,36,1,A541
542,542,Accused_542_Sharma,37,1,A542
543,543,Accused_543_Chavan,38,1,A543
544,544,Accused_544_Sharma,39,1,A544
545,545,Accused_545_Chavan,40,1,A545
546,546,Sunil 'Chotta' Shetty,41,1,REC_OFF_007
547,547,Accused_547_Chavan,42,1,A547
548,548,Accused_548_Sharma,43,1,A548
549,549,Accused_549_Chavan,44,1,A549
550,550,Accused_550_Sharma,45,1,A550
551,551,Accused_551_Chavan,46,1,A551
552,552,Accused_552_Sharma,47,1,A552
553,553,Venkatesh 'Phantom' Rao,48,1,REC_OFF_004
554,554,Accused_554_Sharma,49,1,A554
555,555,Accused_555_Chavan,50,1,A555
556,556,Accused_556_Sharma,51,1,A556
557,557,Accused_557_Chavan,52,1,A557
558,558,Accused_558_Sharma,53,1,A558
559,559,Accused_559_Chavan,54,1,A559
560,560,Ramesh 'Syndicate' Gowda,20,1,REC_OFF_001
561,561,Accused_561_Chavan,21,1,A561
562,562,Accused_562_Sharma,22,1,A562
563,563,Accused_563_Chavan,23,1,A563
564,564,Accused_564_Sharma,24,1,A564
565,565,Accused_565_Chavan,25,1,A565
566,566,Accused_566_Sharma,26,1,A566
567,567,Pradeep 'Pistol' Deshmukh,27,1,REC_OFF_008
568,568,Accused_568_Sharma,28,1,A568
569,569,Accused_569_Chavan,29,1,A569
570,570,Accused_570_Sharma,30,1,A570
571,571,Accused_571_Chavan,31,1,A571
572,572,Accused_572_Sharma,32,1,A572
573,573,Accused_573_Chavan,33,1,A573
574,574,Basavaraj 'Shadow' Patil,34,1,REC_OFF_005
575,575,Accused_575_Chavan,35,1,A575
576,576,Accused_576_Sharma,36,1,A576
577,577,Accused_577_Chavan,37,1,A577
578,578,Accused_578_Sharma,38,1,A578
579,579,Accused_579_Chavan,39,1,A579
580,580,Accused_580_Sharma,40,1,A580
581,581,Kiran 'Blade' Kumar,41,1,REC_OFF_002
582,582,Accused_582_Sharma,42,1,A582
583,583,Accused_583_Chavan,43,1,A583
584,584,Accused_584_Sharma,44,1,A584
585,585,Accused_585_Chavan,45,1,A585
586,586,Accused_586_Sharma,46,1,A586
587,587,Accused_587_Chavan,47,1,A587
588,588,Dharmesh 'Razor' Pujari,48,1,REC_OFF_009
589,589,Accused_589_Chavan,49,1,A589
590,590,Accused_590_Sharma,50,1,A590
591,591,Accused_591_Chavan,51,1,A591
592,592,Accused_592_Sharma,52,1,A592
593,593,Accused_593_Chavan,53,1,A593
594,594,Accused_594_Sharma,54,1,A594
595,595,Anand 'Slick' Kulkarni,20,1,REC_OFF_006
596,596,Accused_596_Sharma,21,1,A596
597,597,Accused_597_Chavan,22,1,A597
598,598,Accused_598_Sharma,23,1,A598
599,599,Accused_599_Chavan,24,1,A599
600,600,Accused_600_Sharma,25,1,A600
601,601,Accused_601_Chavan,26,1,A601
602,602,Manjunath 'Spider' Naik,27,1,REC_OFF_003
603,603,Accused_603_Chavan,28,1,A603
604,604,Accused_604_Sharma,29,1,A604
605,605,Accused_605_Chavan,30,1,A605
606,606,Accused_606_Sharma,31,1,A606
607,607,Accused_607_Chavan,32,1,A607
608,608,Accused_608_Sharma,33,1,A608
609,609,Ganesh 'Viper' Hegde,34,1,REC_OFF_010
610,610,Accused_610_Sharma,35,1,A610
611,611,Accused_611_Chavan,36,1,A611
612,612,Accused_612_Sharma,37,1,A612
613,613,Accused_613_Chavan,38,1,A613
614,614,Accused_614_Sharma,39,1,A614
615,615,Accused_615_Chavan,40,1,A615
616,616,Sunil 'Chotta' Shetty,41,1,REC_OFF_007
617,617,Accused_617_Chavan,42,1,A617
618,618,Accused_618_Sharma,43,1,A618
619,619,Accused_619_Chavan,44,1,A619
620,620,Accused_620_Sharma,45,1,A620
621,621,Accused_621_Chavan,46,1,A621
622,622,Accused_622_Sharma,47,1,A622
623,623,Venkatesh 'Phantom' Rao,48,1,REC_OFF_004
624,624,Accused_624_Sharma,49,1,A624
625,625,Accused_625_Chavan,50,1,A625
626,626,Accused_626_Sharma,51,1,A626
627,627,Accused_627_Chavan,52,1,A627
628,628,Accused_628_Sharma,53,1,A628
629,629,Accused_629_Chavan,54,1,A629
630,630,Ramesh 'Syndicate' Gowda,20,1,REC_OFF_001
631,631,Accused_631_Chavan,21,1,A631
632,632,Accused_632_Sharma,22,1,A632
633,633,Accused_633_Chavan,23,1,A633
634,634,Accused_634_Sharma,24,1,A634
635,635,Accused_635_Chavan,25,1,A635
636,636,Accused_636_Sharma,26,1,A636
637,637,Pradeep 'Pistol' Deshmukh,27,1,REC_OFF_008
638,638,Accused_638_Sharma,28,1,A638
639,639,Accused_639_Chavan,29,1,A639
640,640,Accused_640_Sharma,30,1,A640
641,641,Accused_641_Chavan,31,1,A641
642,642,Accused_642_Sharma,32,1,A642
643,643,Accused_643_Chavan,33,1,A643
644,644,Basavaraj 'Shadow' Patil,34,1,REC_OFF_005
645,645,Accused_645_Chavan,35,1,A645
646,646,Accused_646_Sharma,36,1,A646
647,647,Accused_647_Chavan,37,1,A647
648,648,Accused_648_Sharma,38,1,A648
649,649,Accused_649_Chavan,39,1,A649
650,650,Accused_650_Sharma,40,1,A650
651,651,Kiran 'Blade' Kumar,41,1,REC_OFF_002
652,652,Accused_652_Sharma,42,1,A652
653,653,Accused_653_Chavan,43,1,A653
654,654,Accused_654_Sharma,44,1,A654
655,655,Accused_655_Chavan,45,1,A655
656,656,Accused_656_Sharma,46,1,A656
657,657,Accused_657_Chavan,47,1,A657
658,658,Dharmesh 'Razor' Pujari,48,1,REC_OFF_009
659,659,Accused_659_Chavan,49,1,A659
660,660,Accused_660_Sharma,50,1,A660
661,661,Accused_661_Chavan,51,1,A661
662,662,Accused_662_Sharma,52,1,A662
663,663,Accused_663_Chavan,53,1,A663
664,664,Accused_664_Sharma,54,1,A664
665,665,Anand 'Slick' Kulkarni,20,1,REC_OFF_006
666,666,Accused_666_Sharma,21,1,A666
667,667,Accused_667_Chavan,22,1,A667
668,668,Accused_668_Sharma,23,1,A668
669,669,Accused_669_Chavan,24,1,A669
670,670,Accused_670_Sharma,25,1,A670
671,671,Accused_671_Chavan,26,1,A671
672,672,Manjunath 'Spider' Naik,27,1,REC_OFF_003
673,673,Accused_673_Chavan,28,1,A673
674,674,Accused_674_Sharma,29,1,A674
675,675,Accused_675_Chavan,30,1,A675
676,676,Accused_676_Sharma,31,1,A676
677,677,Accused_677_Chavan,32,1,A677
678,678,Accused_678_Sharma,33,1,A678
679,679,Ganesh 'Viper' Hegde,34,1,REC_OFF_010
680,680,Accused_680_Sharma,35,1,A680
681,681,Accused_681_Chavan,36,1,A681
682,682,Accused_682_Sharma,37,1,A682
683,683,Accused_683_Chavan,38,1,A683
684,684,Accused_684_Sharma,39,1,A684
685,685,Accused_685_Chavan,40,1,A685
686,686,Sunil 'Chotta' Shetty,41,1,REC_OFF_007
687,687,Accused_687_Chavan,42,1,A687
688,688,Accused_688_Sharma,43,1,A688
689,689,Accused_689_Chavan,44,1,A689
690,690,Accused_690_Sharma,45,1,A690
691,691,Accused_691_Chavan,46,1,A691
692,692,Accused_692_Sharma,47,1,A692
693,693,Venkatesh 'Phantom' Rao,48,1,REC_OFF_004
694,694,Accused_694_Sharma,49,1,A694
695,695,Accused_695_Chavan,50,1,A695
696,696,Accused_696_Sharma,51,1,A696
697,697,Accused_697_Chavan,52,1,A697
698,698,Accused_698_Sharma,53,1,A698
699,699,Accused_699_Chavan,54,1,A699
700,700,Ramesh 'Syndicate' Gowda,20,1,REC_OFF_001
701,701,Accused_701_Chavan,21,1,A701
702,702,Accused_702_Sharma,22,1,A702
703,703,Accused_703_Chavan,23,1,A703
704,704,Accused_704_Sharma,24,1,A704
705,705,Accused_705_Chavan,25,1,A705
706,706,Accused_706_Sharma,26,1,A706
707,707,Pradeep 'Pistol' Deshmukh,27,1,REC_OFF_008
708,708,Accused_708_Sharma,28,1,A708
709,709,Accused_709_Chavan,29,1,A709
710,710,Accused_710_Sharma,30,1,A710
711,711,Accused_711_Chavan,31,1,A711
712,712,Accused_712_Sharma,32,1,A712
713,713,Accused_713_Chavan,33,1,A713
714,714,Basavaraj 'Shadow' Patil,34,1,REC_OFF_005
715,715,Accused_715_Chavan,35,1,A715
716,716,Accused_716_Sharma,36,1,A716
717,717,Accused_717_Chavan,37,1,A717
718,718,Accused_718_Sharma,38,1,A718
719,719,Accused_719_Chavan,39,1,A719
720,720,Accused_720_Sharma,40,1,A720
721,721,Kiran 'Blade' Kumar,41,1,REC_OFF_002
722,722,Accused_722_Sharma,42,1,A722
723,723,Accused_723_Chavan,43,1,A723
724,724,Accused_724_Sharma,44,1,A724
725,725,Accused_725_Chavan,45,1,A725
726,726,Accused_726_Sharma,46,1,A726
727,727,Accused_727_Chavan,47,1,A727
728,728,Dharmesh 'Razor' Pujari,48,1,REC_OFF_009
729,729,Accused_729_Chavan,49,1,A729
730,730,Accused_730_Sharma,50,1,A730
731,731,Accused_731_Chavan,51,1,A731
732,732,Accused_732_Sharma,52,1,A732
733,733,Accused_733_Chavan,53,1,A733
734,734,Accused_734_Sharma,54,1,A734
735,735,Anand 'Slick' Kulkarni,20,1,REC_OFF_006
736,736,Accused_736_Sharma,21,1,A736
737,737,Accused_737_Chavan,22,1,A737
738,738,Accused_738_Sharma,23,1,A738
739,739,Accused_739_Chavan,24,1,A739
740,740,Accused_740_Sharma,25,1,A740
741,741,Accused_741_Chavan,26,1,A741
742,742,Manjunath 'Spider' Naik,27,1,REC_OFF_003
743,743,Accused_743_Chavan,28,1,A743
744,744,Accused_744_Sharma,29,1,A744
745,745,Accused_745_Chavan,30,1,A745
746,746,Accused_746_Sharma,31,1,A746
747,747,Accused_747_Chavan,32,1,A747
748,748,Accused_748_Sharma,33,1,A748
749,749,Ganesh 'Viper' Hegde,34,1,REC_OFF_010
750,750,Accused_750_Sharma,35,1,A750
751,751,Accused_751_Chavan,36,1,A751
752,752,Accused_752_Sharma,37,1,A752
753,753,Accused_753_Chavan,38,1,A753
754,754,Accused_754_Sharma,39,1,A754
755,755,Accused_755_Chavan,40,1,A755
756,756,Sunil 'Chotta' Shetty,41,1,REC_OFF_007
757,757,Accused_757_Chavan,42,1,A757
758,758,Accused_758_Sharma,43,1,A758
759,759,Accused_759_Chavan,44,1,A759
760,760,Accused_760_Sharma,45,1,A760
761,761,Accused_761_Chavan,46,1,A761
762,762,Accused_762_Sharma,47,1,A762
763,763,Venkatesh 'Phantom' Rao,48,1,REC_OFF_004
764,764,Accused_764_Sharma,49,1,A764
765,765,Accused_765_Chavan,50,1,A765
766,766,Accused_766_Sharma,51,1,A766
767,767,Accused_767_Chavan,52,1,A767
768,768,Accused_768_Sharma,53,1,A768
769,769,Accused_769_Chavan,54,1,A769
770,770,Ramesh 'Syndicate' Gowda,20,1,REC_OFF_001
771,771,Accused_771_Chavan,21,1,A771
772,772,Accused_772_Sharma,22,1,A772
773,773,Accused_773_Chavan,23,1,A773
774,774,Accused_774_Sharma,24,1,A774
775,775,Accused_775_Chavan,25,1,A775
776,776,Accused_776_Sharma,26,1,A776
777,777,Pradeep 'Pistol' Deshmukh,27,1,REC_OFF_008
778,778,Accused_778_Sharma,28,1,A778
779,779,Accused_779_Chavan,29,1,A779
780,780,Accused_780_Sharma,30,1,A780
781,781,Accused_781_Chavan,31,1,A781
782,782,Accused_782_Sharma,32,1,A782
783,783,Accused_783_Chavan,33,1,A783
784,784,Basavaraj 'Shadow' Patil,34,1,REC_OFF_005
785,785,Accused_785_Chavan,35,1,A785
786,786,Accused_786_Sharma,36,1,A786
787,787,Accused_787_Chavan,37,1,A787
788,788,Accused_788_Sharma,38,1,A788
789,789,Accused_789_Chavan,39,1,A789
790,790,Accused_790_Sharma,40,1,A790
791,791,Kiran 'Blade' Kumar,41,1,REC_OFF_002
792,792,Accused_792_Sharma,42,1,A792
793,793,Accused_793_Chavan,43,1,A793
794,794,Accused_794_Sharma,44,1,A794
795,795,Accused_795_Chavan,45,1,A795
796,796,Accused_796_Sharma,46,1,A796
797,797,Accused_797_Chavan,47,1,A797
798,798,Dharmesh 'Razor' Pujari,48,1,REC_OFF_009
799,799,Accused_799_Chavan,49,1,A799
800,800,Accused_800_Sharma,50,1,A800
801,801,Accused_801_Chavan,51,1,A801
802,802,Accused_802_Sharma,52,1,A802
803,803,Accused_803_Chavan,53,1,A803
804,804,Accused_804_Sharma,54,1,A804
805,805,Anand 'Slick' Kulkarni,20,1,REC_OFF_006
806,806,Accused_806_Sharma,21,1,A806
807,807,Accused_807_Chavan,22,1,A807
808,808,Accused_808_Sharma,23,1,A808
809,809,Accused_809_Chavan,24,1,A809
810,810,Accused_810_Sharma,25,1,A810
811,811,Accused_811_Chavan,26,1,A811
812,812,Manjunath 'Spider' Naik,27,1,REC_OFF_003
813,813,Accused_813_Chavan,28,1,A813
814,814,Accused_814_Sharma,29,1,A814
815,815,Accused_815_Chavan,30,1,A815
816,816,Accused_816_Sharma,31,1,A816
817,817,Accused_817_Chavan,32,1,A817
818,818,Accused_818_Sharma,33,1,A818
819,819,Ganesh 'Viper' Hegde,34,1,REC_OFF_010
820,820,Accused_820_Sharma,35,1,A820
821,821,Accused_821_Chavan,36,1,A821
822,822,Accused_822_Sharma,37,1,A822
823,823,Accused_823_Chavan,38,1,A823
824,824,Accused_824_Sharma,39,1,A824
825,825,Accused_825_Chavan,40,1,A825
826,826,Sunil 'Chotta' Shetty,41,1,REC_OFF_007
827,827,Accused_827_Chavan,42,1,A827
828,828,Accused_828_Sharma,43,1,A828
829,829,Accused_829_Chavan,44,1,A829
830,830,Accused_830_Sharma,45,1,A830
831,831,Accused_831_Chavan,46,1,A831
832,832,Accused_832_Sharma,47,1,A832
833,833,Venkatesh 'Phantom' Rao,48,1,REC_OFF_004
834,834,Accused_834_Sharma,49,1,A834
835,835,Accused_835_Chavan,50,1,A835
836,836,Accused_836_Sharma,51,1,A836
837,837,Accused_837_Chavan,52,1,A837
838,838,Accused_838_Sharma,53,1,A838
839,839,Accused_839_Chavan,54,1,A839
840,840,Ramesh 'Syndicate' Gowda,20,1,REC_OFF_001
841,841,Accused_841_Chavan,21,1,A841
842,842,Accused_842_Sharma,22,1,A842
843,843,Accused_843_Chavan,23,1,A843
844,844,Accused_844_Sharma,24,1,A844
845,845,Accused_845_Chavan,25,1,A845
846,846,Accused_846_Sharma,26,1,A846
847,847,Pradeep 'Pistol' Deshmukh,27,1,REC_OFF_008
848,848,Accused_848_Sharma,28,1,A848
849,849,Accused_849_Chavan,29,1,A849
850,850,Accused_850_Sharma,30,1,A850
851,851,Accused_851_Chavan,31,1,A851
852,852,Accused_852_Sharma,32,1,A852
853,853,Accused_853_Chavan,33,1,A853
854,854,Basavaraj 'Shadow' Patil,34,1,REC_OFF_005
855,855,Accused_855_Chavan,35,1,A855
856,856,Accused_856_Sharma,36,1,A856
857,857,Accused_857_Chavan,37,1,A857
858,858,Accused_858_Sharma,38,1,A858
859,859,Accused_859_Chavan,39,1,A859
860,860,Accused_860_Sharma,40,1,A860
861,861,Kiran 'Blade' Kumar,41,1,REC_OFF_002
862,862,Accused_862_Sharma,42,1,A862
863,863,Accused_863_Chavan,43,1,A863
864,864,Accused_864_Sharma,44,1,A864
865,865,Accused_865_Chavan,45,1,A865
866,866,Accused_866_Sharma,46,1,A866
867,867,Accused_867_Chavan,47,1,A867
868,868,Dharmesh 'Razor' Pujari,48,1,REC_OFF_009
869,869,Accused_869_Chavan,49,1,A869
870,870,Accused_870_Sharma,50,1,A870
871,871,Accused_871_Chavan,51,1,A871
872,872,Accused_872_Sharma,52,1,A872
873,873,Accused_873_Chavan,53,1,A873
874,874,Accused_874_Sharma,54,1,A874
875,875,Anand 'Slick' Kulkarni,20,1,REC_OFF_006
876,876,Accused_876_Sharma,21,1,A876
877,877,Accused_877_Chavan,22,1,A877
878,878,Accused_878_Sharma,23,1,A878
879,879,Accused_879_Chavan,24,1,A879
880,880,Accused_880_Sharma,25,1,A880
881,881,Accused_881_Chavan,26,1,A881
882,882,Manjunath 'Spider' Naik,27,1,REC_OFF_003
883,883,Accused_883_Chavan,28,1,A883
884,884,Accused_884_Sharma,29,1,A884
885,885,Accused_885_Chavan,30,1,A885
886,886,Accused_886_Sharma,31,1,A886
887,887,Accused_887_Chavan,32,1,A887
888,888,Accused_888_Sharma,33,1,A888
889,889,Ganesh 'Viper' Hegde,34,1,REC_OFF_010
890,890,Accused_890_Sharma,35,1,A890
891,891,Accused_891_Chavan,36,1,A891
892,892,Accused_892_Sharma,37,1,A892
893,893,Accused_893_Chavan,38,1,A893
894,894,Accused_894_Sharma,39,1,A894
895,895,Accused_895_Chavan,40,1,A895
896,896,Sunil 'Chotta' Shetty,41,1,REC_OFF_007
897,897,Accused_897_Chavan,42,1,A897
898,898,Accused_898_Sharma,43,1,A898
899,899,Accused_899_Chavan,44,1,A899
900,900,Accused_900_Sharma,45,1,A900
901,901,Accused_901_Chavan,46,1,A901
902,902,Accused_902_Sharma,47,1,A902
903,903,Venkatesh 'Phantom' Rao,48,1,REC_OFF_004
904,904,Accused_904_Sharma,49,1,A904
905,905,Accused_905_Chavan,50,1,A905
906,906,Accused_906_Sharma,51,1,A906
907,907,Accused_907_Chavan,52,1,A907
908,908,Accused_908_Sharma,53,1,A908
909,909,Accused_909_Chavan,54,1,A909
910,910,Ramesh 'Syndicate' Gowda,20,1,REC_OFF_001
911,911,Accused_911_Chavan,21,1,A911
912,912,Accused_912_Sharma,22,1,A912
913,913,Accused_913_Chavan,23,1,A913
914,914,Accused_914_Sharma,24,1,A914
915,915,Accused_915_Chavan,25,1,A915
916,916,Accused_916_Sharma,26,1,A916
917,917,Pradeep 'Pistol' Deshmukh,27,1,REC_OFF_008
918,918,Accused_918_Sharma,28,1,A918
919,919,Accused_919_Chavan,29,1,A919
920,920,Accused_920_Sharma,30,1,A920
921,921,Accused_921_Chavan,31,1,A921
922,922,Accused_922_Sharma,32,1,A922
923,923,Accused_923_Chavan,33,1,A923
924,924,Basavaraj 'Shadow' Patil,34,1,REC_OFF_005
925,925,Accused_925_Chavan,35,1,A925
926,926,Accused_926_Sharma,36,1,A926
927,927,Accused_927_Chavan,37,1,A927
928,928,Accused_928_Sharma,38,1,A928
929,929,Accused_929_Chavan,39,1,A929
930,930,Accused_930_Sharma,40,1,A930
931,931,Kiran 'Blade' Kumar,41,1,REC_OFF_002
932,932,Accused_932_Sharma,42,1,A932
933,933,Accused_933_Chavan,43,1,A933
934,934,Accused_934_Sharma,44,1,A934
935,935,Accused_935_Chavan,45,1,A935
936,936,Accused_936_Sharma,46,1,A936
937,937,Accused_937_Chavan,47,1,A937
938,938,Dharmesh 'Razor' Pujari,48,1,REC_OFF_009
939,939,Accused_939_Chavan,49,1,A939
940,940,Accused_940_Sharma,50,1,A940
941,941,Accused_941_Chavan,51,1,A941
942,942,Accused_942_Sharma,52,1,A942
943,943,Accused_943_Chavan,53,1,A943
944,944,Accused_944_Sharma,54,1,A944
945,945,Anand 'Slick' Kulkarni,20,1,REC_OFF_006
946,946,Accused_946_Sharma,21,1,A946
947,947,Accused_947_Chavan,22,1,A947
948,948,Accused_948_Sharma,23,1,A948
949,949,Accused_949_Chavan,24,1,A949
950,950,Accused_950_Sharma,25,1,A950
951,951,Accused_951_Chavan,26,1,A951
952,952,Manjunath 'Spider' Naik,27,1,REC_OFF_003
953,953,Accused_953_Chavan,28,1,A953
954,954,Accused_954_Sharma,29,1,A954
955,955,Accused_955_Chavan,30,1,A955
956,956,Accused_956_Sharma,31,1,A956
957,957,Accused_957_Chavan,32,1,A957
958,958,Accused_958_Sharma,33,1,A958
959,959,Ganesh 'Viper' Hegde,34,1,REC_OFF_010
960,960,Accused_960_Sharma,35,1,A960
961,961,Accused_961_Chavan,36,1,A961
962,962,Accused_962_Sharma,37,1,A962
963,963,Accused_963_Chavan,38,1,A963
964,964,Accused_964_Sharma,39,1,A964
965,965,Accused_965_Chavan,40,1,A965
966,966,Sunil 'Chotta' Shetty,41,1,REC_OFF_007
967,967,Accused_967_Chavan,42,1,A967
968,968,Accused_968_Sharma,43,1,A968
969,969,Accused_969_Chavan,44,1,A969
970,970,Accused_970_Sharma,45,1,A970
971,971,Accused_971_Chavan,46,1,A971
972,972,Accused_972_Sharma,47,1,A972
973,973,Venkatesh 'Phantom' Rao,48,1,REC_OFF_004
974,974,Accused_974_Sharma,49,1,A974
975,975,Accused_975_Chavan,50,1,A975
976,976,Accused_976_Sharma,51,1,A976
977,977,Accused_977_Chavan,52,1,A977
978,978,Accused_978_Sharma,53,1,A978
979,979,Accused_979_Chavan,54,1,A979
980,980,Ramesh 'Syndicate' Gowda,20,1,REC_OFF_001
981,981,Accused_981_Chavan,21,1,A981
982,982,Accused_982_Sharma,22,1,A982
983,983,Accused_983_Chavan,23,1,A983
984,984,Accused_984_Sharma,24,1,A984
985,985,Accused_985_Chavan,25,1,A985
986,986,Accused_986_Sharma,26,1,A986
987,987,Pradeep 'Pistol' Deshmukh,27,1,REC_OFF_008
988,988,Accused_988_Sharma,28,1,A988
989,989,Accused_989_Chavan,29,1,A989
990,990,Accused_990_Sharma,30,1,A990
991,991,Accused_991_Chavan,31,1,A991
992,992,Accused_992_Sharma,32,1,A992
993,993,Accused_993_Chavan,33,1,A993
994,994,Basavaraj 'Shadow' Patil,34,1,REC_OFF_005
995,995,Accused_995_Chavan,35,1,A995
996,996,Accused_996_Sharma,36,1,A996
997,997,Accused_997_Chavan,37,1,A997
998,998,Accused_998_Sharma,38,1,A998
999,999,Accused_999_Chavan,39,1,A999
1000,1000,Accused_1000_Sharma,40,1,A1000
1001,1001,Kiran 'Blade' Kumar,41,1,REC_OFF_002
1002,1002,Accused_1002_Sharma,42,1,A1002
1003,1003,Accused_1003_Chavan,43,1,A1003
1004,1004,Accused_1004_Sharma,44,1,A1004
1005,1005,Accused_1005_Chavan,45,1,A1005
1006,1006,Accused_1006_Sharma,46,1,A1006
1007,1007,Accused_1007_Chavan,47,1,A1007
1008,1008,Dharmesh 'Razor' Pujari,48,1,REC_OFF_009
1009,1009,Accused_1009_Chavan,49,1,A1009
1010,1010,Accused_1010_Sharma,50,1,A1010
1011,1011,Accused_1011_Chavan,51,1,A1011
1012,1012,Accused_1012_Sharma,52,1,A1012
1013,1013,Accused_1013_Chavan,53,1,A1013
1014,1014,Accused_1014_Sharma,54,1,A1014
1015,1015,Anand 'Slick' Kulkarni,20,1,REC_OFF_006
1016,1016,Accused_1016_Sharma,21,1,A1016
1017,1017,Accused_1017_Chavan,22,1,A1017
1018,1018,Accused_1018_Sharma,23,1,A1018
1019,1019,Accused_1019_Chavan,24,1,A1019
1020,1020,Accused_1020_Sharma,25,1,A1020
1021,1021,Accused_1021_Chavan,26,1,A1021
1022,1022,Manjunath 'Spider' Naik,27,1,REC_OFF_003
1023,1023,Accused_1023_Chavan,28,1,A1023
1024,1024,Accused_1024_Sharma,29,1,A1024
1025,1025,Accused_1025_Chavan,30,1,A1025
1026,1026,Accused_1026_Sharma,31,1,A1026
1027,1027,Accused_1027_Chavan,32,1,A1027
1028,1028,Accused_1028_Sharma,33,1,A1028
1029,1029,Ganesh 'Viper' Hegde,34,1,REC_OFF_010
1030,1030,Accused_1030_Sharma,35,1,A1030
1031,1031,Accused_1031_Chavan,36,1,A1031
1032,1032,Accused_1032_Sharma,37,1,A1032
1033,1033,Accused_1033_Chavan,38,1,A1033
1034,1034,Accused_1034_Sharma,39,1,A1034
1035,1035,Accused_1035_Chavan,40,1,A1035
1036,1036,Sunil 'Chotta' Shetty,41,1,REC_OFF_007
1037,1037,Accused_1037_Chavan,42,1,A1037
1038,1038,Accused_1038_Sharma,43,1,A1038
1039,1039,Accused_1039_Chavan,44,1,A1039
1040,1040,Accused_1040_Sharma,45,1,A1040
1041,1041,Accused_1041_Chavan,46,1,A1041
1042,1042,Accused_1042_Sharma,47,1,A1042
1043,1043,Venkatesh 'Phantom' Rao,48,1,REC_OFF_004
1044,1044,Accused_1044_Sharma,49,1,A1044
1045,1045,Accused_1045_Chavan,50,1,A1045
1046,1046,Accused_1046_Sharma,51,1,A1046
1047,1047,Accused_1047_Chavan,52,1,A1047
1048,1048,Accused_1048_Sharma,53,1,A1048
1049,1049,Accused_1049_Chavan,54,1,A1049
1050,1050,Ramesh 'Syndicate' Gowda,20,1,REC_OFF_001
1051,1051,Accused_1051_Chavan,21,1,A1051
1052,1052,Accused_1052_Sharma,22,1,A1052
1053,1053,Accused_1053_Chavan,23,1,A1053
1054,1054,Accused_1054_Sharma,24,1,A1054
1055,1055,Accused_1055_Chavan,25,1,A1055
1056,1056,Accused_1056_Sharma,26,1,A1056
1057,1057,Pradeep 'Pistol' Deshmukh,27,1,REC_OFF_008
1058,1058,Accused_1058_Sharma,28,1,A1058
1059,1059,Accused_1059_Chavan,29,1,A1059
1060,1060,Accused_1060_Sharma,30,1,A1060
1061,1061,Accused_1061_Chavan,31,1,A1061
1062,1062,Accused_1062_Sharma,32,1,A1062
1063,1063,Accused_1063_Chavan,33,1,A1063
1064,1064,Basavaraj 'Shadow' Patil,34,1,REC_OFF_005
1065,1065,Accused_1065_Chavan,35,1,A1065
1066,1066,Accused_1066_Sharma,36,1,A1066
1067,1067,Accused_1067_Chavan,37,1,A1067
1068,1068,Accused_1068_Sharma,38,1,A1068
1069,1069,Accused_1069_Chavan,39,1,A1069
1070,1070,Accused_1070_Sharma,40,1,A1070
1071,1071,Kiran 'Blade' Kumar,41,1,REC_OFF_002
1072,1072,Accused_1072_Sharma,42,1,A1072
1073,1073,Accused_1073_Chavan,43,1,A1073
1074,1074,Accused_1074_Sharma,44,1,A1074
1075,1075,Accused_1075_Chavan,45,1,A1075
1076,1076,Accused_1076_Sharma,46,1,A1076
1077,1077,Accused_1077_Chavan,47,1,A1077
1078,1078,Dharmesh 'Razor' Pujari,48,1,REC_OFF_009
1079,1079,Accused_1079_Chavan,49,1,A1079
1080,1080,Accused_1080_Sharma,50,1,A1080
1081,1081,Accused_1081_Chavan,51,1,A1081
1082,1082,Accused_1082_Sharma,52,1,A1082
1083,1083,Accused_1083_Chavan,53,1,A1083
1084,1084,Accused_1084_Sharma,54,1,A1084
1085,1085,Anand 'Slick' Kulkarni,20,1,REC_OFF_006
1086,1086,Accused_1086_Sharma,21,1,A1086
1087,1087,Accused_1087_Chavan,22,1,A1087
1088,1088,Accused_1088_Sharma,23,1,A1088
1089,1089,Accused_1089_Chavan,24,1,A1089
1090,1090,Accused_1090_Sharma,25,1,A1090
1091,1091,Accused_1091_Chavan,26,1,A1091
1092,1092,Manjunath 'Spider' Naik,27,1,REC_OFF_003
1093,1093,Accused_1093_Chavan,28,1,A1093
1094,1094,Accused_1094_Sharma,29,1,A1094
1095,1095,Accused_1095_Chavan,30,1,A1095
1096,1096,Accused_1096_Sharma,31,1,A1096
1097,1097,Accused_1097_Chavan,32,1,A1097
1098,1098,Accused_1098_Sharma,33,1,A1098
1099,1099,Ganesh 'Viper' Hegde,34,1,REC_OFF_010
1100,1100,Accused_1100_Sharma,35,1,A1100
1101,1101,Accused_1101_Chavan,36,1,A1101
1102,1102,Accused_1102_Sharma,37,1,A1102
1103,1103,Accused_1103_Chavan,38,1,A1103
1104,1104,Accused_1104_Sharma,39,1,A1104
1105,1105,Accused_1105_Chavan,40,1,A1105
1106,1106,Sunil 'Chotta' Shetty,41,1,REC_OFF_007
1107,1107,Accused_1107_Chavan,42,1,A1107
1108,1108,Accused_1108_Sharma,43,1,A1108
1109,1109,Accused_1109_Chavan,44,1,A1109
1110,1110,Accused_1110_Sharma,45,1,A1110
1111,1111,Accused_1111_Chavan,46,1,A1111
1112,1112,Accused_1112_Sharma,47,1,A1112
1113,1113,Venkatesh 'Phantom' Rao,48,1,REC_OFF_004
1114,1114,Accused_1114_Sharma,49,1,A1114
1115,1115,Accused_1115_Chavan,50,1,A1115
1116,1116,Accused_1116_Sharma,51,1,A1116
1117,1117,Accused_1117_Chavan,52,1,A1117
1118,1118,Accused_1118_Sharma,53,1,A1118
1119,1119,Accused_1119_Chavan,54,1,A1119
1120,1120,Ramesh 'Syndicate' Gowda,20,1,REC_OFF_001
1121,1121,Accused_1121_Chavan,21,1,A1121
1122,1122,Accused_1122_Sharma,22,1,A1122
1123,1123,Accused_1123_Chavan,23,1,A1123
1124,1124,Accused_1124_Sharma,24,1,A1124
1125,1125,Accused_1125_Chavan,25,1,A1125
1126,1126,Accused_1126_Sharma,26,1,A1126
1127,1127,Pradeep 'Pistol' Deshmukh,27,1,REC_OFF_008
1128,1128,Accused_1128_Sharma,28,1,A1128
1129,1129,Accused_1129_Chavan,29,1,A1129
1130,1130,Accused_1130_Sharma,30,1,A1130
1131,1131,Accused_1131_Chavan,31,1,A1131
1132,1132,Accused_1132_Sharma,32,1,A1132
1133,1133,Accused_1133_Chavan,33,1,A1133
1134,1134,Basavaraj 'Shadow' Patil,34,1,REC_OFF_005
1135,1135,Accused_1135_Chavan,35,1,A1135
1136,1136,Accused_1136_Sharma,36,1,A1136
1137,1137,Accused_1137_Chavan,37,1,A1137
1138,1138,Accused_1138_Sharma,38,1,A1138
1139,1139,Accused_1139_Chavan,39,1,A1139
1140,1140,Accused_1140_Sharma,40,1,A1140
1141,1141,Kiran 'Blade' Kumar,41,1,REC_OFF_002
1142,1142,Accused_1142_Sharma,42,1,A1142
1143,1143,Accused_1143_Chavan,43,1,A1143
1144,1144,Accused_1144_Sharma,44,1,A1144
1145,1145,Accused_1145_Chavan,45,1,A1145
1146,1146,Accused_1146_Sharma,46,1,A1146
1147,1147,Accused_1147_Chavan,47,1,A1147
1148,1148,Dharmesh 'Razor' Pujari,48,1,REC_OFF_009
1149,1149,Accused_1149_Chavan,49,1,A1149
1150,1150,Accused_1150_Sharma,50,1,A1150
1151,1151,Accused_1151_Chavan,51,1,A1151
1152,1152,Accused_1152_Sharma,52,1,A1152
1153,1153,Accused_1153_Chavan,53,1,A1153
1154,1154,Accused_1154_Sharma,54,1,A1154
1155,1155,Anand 'Slick' Kulkarni,20,1,REC_OFF_006
1156,1156,Accused_1156_Sharma,21,1,A1156
1157,1157,Accused_1157_Chavan,22,1,A1157
1158,1158,Accused_1158_Sharma,23,1,A1158
1159,1159,Accused_1159_Chavan,24,1,A1159
1160,1160,Accused_1160_Sharma,25,1,A1160
1161,1161,Accused_1161_Chavan,26,1,A1161
1162,1162,Manjunath 'Spider' Naik,27,1,REC_OFF_003
1163,1163,Accused_1163_Chavan,28,1,A1163
1164,1164,Accused_1164_Sharma,29,1,A1164
1165,1165,Accused_1165_Chavan,30,1,A1165
1166,1166,Accused_1166_Sharma,31,1,A1166
1167,1167,Accused_1167_Chavan,32,1,A1167
1168,1168,Accused_1168_Sharma,33,1,A1168
1169,1169,Ganesh 'Viper' Hegde,34,1,REC_OFF_010
1170,1170,Accused_1170_Sharma,35,1,A1170
1171,1171,Accused_1171_Chavan,36,1,A1171
1172,1172,Accused_1172_Sharma,37,1,A1172
1173,1173,Accused_1173_Chavan,38,1,A1173
1174,1174,Accused_1174_Sharma,39,1,A1174
1175,1175,Accused_1175_Chavan,40,1,A1175
1176,1176,Sunil 'Chotta' Shetty,41,1,REC_OFF_007
1177,1177,Accused_1177_Chavan,42,1,A1177
1178,1178,Accused_1178_Sharma,43,1,A1178
1179,1179,Accused_1179_Chavan,44,1,A1179
1180,1180,Accused_1180_Sharma,45,1,A1180
1181,1181,Accused_1181_Chavan,46,1,A1181
1182,1182,Accused_1182_Sharma,47,1,A1182
1183,1183,Venkatesh 'Phantom' Rao,48,1,REC_OFF_004
1184,1184,Accused_1184_Sharma,49,1,A1184
1185,1185,Accused_1185_Chavan,50,1,A1185
1186,1186,Accused_1186_Sharma,51,1,A1186
1187,1187,Accused_1187_Chavan,52,1,A1187
1188,1188,Accused_1188_Sharma,53,1,A1188
1189,1189,Accused_1189_Chavan,54,1,A1189
1190,1190,Ramesh 'Syndicate' Gowda,20,1,REC_OFF_001
1191,1191,Accused_1191_Chavan,21,1,A1191
1192,1192,Accused_1192_Sharma,22,1,A1192
1193,1193,Accused_1193_Chavan,23,1,A1193
1194,1194,Accused_1194_Sharma,24,1,A1194
1195,1195,Accused_1195_Chavan,25,1,A1195
1196,1196,Accused_1196_Sharma,26,1,A1196
1197,1197,Pradeep 'Pistol' Deshmukh,27,1,REC_OFF_008
1198,1198,Accused_1198_Sharma,28,1,A1198
1199,1199,Accused_1199_Chavan,29,1,A1199
1200,1200,Accused_1200_Sharma,30,1,A1200
1201,1201,Accused_1201_Chavan,31,1,A1201
1202,1202,Accused_1202_Sharma,32,1,A1202
1203,1203,Accused_1203_Chavan,33,1,A1203
1204,1204,Basavaraj 'Shadow' Patil,34,1,REC_OFF_005
1205,1205,Accused_1205_Chavan,35,1,A1205
1206,1206,Accused_1206_Sharma,36,1,A1206
1207,1207,Accused_1207_Chavan,37,1,A1207
1208,1208,Accused_1208_Sharma,38,1,A1208
1209,1209,Accused_1209_Chavan,39,1,A1209
1210,1210,Accused_1210_Sharma,40,1,A1210
1211,1211,Kiran 'Blade' Kumar,41,1,REC_OFF_002
1212,1212,Accused_1212_Sharma,42,1,A1212
1213,1213,Accused_1213_Chavan,43,1,A1213
1214,1214,Accused_1214_Sharma,44,1,A1214
1215,1215,Accused_1215_Chavan,45,1,A1215
1216,1216,Accused_1216_Sharma,46,1,A1216
1217,1217,Accused_1217_Chavan,47,1,A1217
1218,1218,Dharmesh 'Razor' Pujari,48,1,REC_OFF_009
1219,1219,Accused_1219_Chavan,49,1,A1219
1220,1220,Accused_1220_Sharma,50,1,A1220
1221,1221,Accused_1221_Chavan,51,1,A1221
1222,1222,Accused_1222_Sharma,52,1,A1222
1223,1223,Accused_1223_Chavan,53,1,A1223
1224,1224,Accused_1224_Sharma,54,1,A1224
1225,1225,Anand 'Slick' Kulkarni,20,1,REC_OFF_006
1226,1226,Accused_1226_Sharma,21,1,A1226
1227,1227,Accused_1227_Chavan,22,1,A1227
1228,1228,Accused_1228_Sharma,23,1,A1228
1229,1229,Accused_1229_Chavan,24,1,A1229
1230,1230,Accused_1230_Sharma,25,1,A1230
1231,1231,Accused_1231_Chavan,26,1,A1231
1232,1232,Manjunath 'Spider' Naik,27,1,REC_OFF_003
1233,1233,Accused_1233_Chavan,28,1,A1233
1234,1234,Accused_1234_Sharma,29,1,A1234
1235,1235,Accused_1235_Chavan,30,1,A1235
1236,1236,Accused_1236_Sharma,31,1,A1236
1237,1237,Accused_1237_Chavan,32,1,A1237
1238,1238,Accused_1238_Sharma,33,1,A1238
1239,1239,Ganesh 'Viper' Hegde,34,1,REC_OFF_010
1240,1240,Accused_1240_Sharma,35,1,A1240
1241,1241,Accused_1241_Chavan,36,1,A1241
1242,1242,Accused_1242_Sharma,37,1,A1242
1243,1243,Accused_1243_Chavan,38,1,A1243
1244,1244,Accused_1244_Sharma,39,1,A1244
1245,1245,Accused_1245_Chavan,40,1,A1245
1246,1246,Sunil 'Chotta' Shetty,41,1,REC_OFF_007
1247,1247,Accused_1247_Chavan,42,1,A1247
1248,1248,Accused_1248_Sharma,43,1,A1248
1249,1249,Accused_1249_Chavan,44,1,A1249
1250,1250,Accused_1250_Sharma,45,1,A1250
1251,1251,Accused_1251_Chavan,46,1,A1251
1252,1252,Accused_1252_Sharma,47,1,A1252
1253,1253,Venkatesh 'Phantom' Rao,48,1,REC_OFF_004
1254,1254,Accused_1254_Sharma,49,1,A1254
1255,1255,Accused_1255_Chavan,50,1,A1255
1256,1256,Accused_1256_Sharma,51,1,A1256
1257,1257,Accused_1257_Chavan,52,1,A1257
1258,1258,Accused_1258_Sharma,53,1,A1258
1259,1259,Accused_1259_Chavan,54,1,A1259
1260,1260,Ramesh 'Syndicate' Gowda,20,1,REC_OFF_001
1261,1261,Accused_1261_Chavan,21,1,A1261
1262,1262,Accused_1262_Sharma,22,1,A1262
1263,1263,Accused_1263_Chavan,23,1,A1263
1264,1264,Accused_1264_Sharma,24,1,A1264
1265,1265,Accused_1265_Chavan,25,1,A1265
1266,1266,Accused_1266_Sharma,26,1,A1266
1267,1267,Pradeep 'Pistol' Deshmukh,27,1,REC_OFF_008
1268,1268,Accused_1268_Sharma,28,1,A1268
1269,1269,Accused_1269_Chavan,29,1,A1269
1270,1270,Accused_1270_Sharma,30,1,A1270
1271,1271,Accused_1271_Chavan,31,1,A1271
1272,1272,Accused_1272_Sharma,32,1,A1272
1273,1273,Accused_1273_Chavan,33,1,A1273
1274,1274,Basavaraj 'Shadow' Patil,34,1,REC_OFF_005
1275,1275,Accused_1275_Chavan,35,1,A1275
1276,1276,Accused_1276_Sharma,36,1,A1276
1277,1277,Accused_1277_Chavan,37,1,A1277
1278,1278,Accused_1278_Sharma,38,1,A1278
1279,1279,Accused_1279_Chavan,39,1,A1279
1280,1280,Accused_1280_Sharma,40,1,A1280
1281,1281,Kiran 'Blade' Kumar,41,1,REC_OFF_002
1282,1282,Accused_1282_Sharma,42,1,A1282
1283,1283,Accused_1283_Chavan,43,1,A1283
1284,1284,Accused_1284_Sharma,44,1,A1284
1285,1285,Accused_1285_Chavan,45,1,A1285
1286,1286,Accused_1286_Sharma,46,1,A1286
1287,1287,Accused_1287_Chavan,47,1,A1287
1288,1288,Dharmesh 'Razor' Pujari,48,1,REC_OFF_009
1289,1289,Accused_1289_Chavan,49,1,A1289
1290,1290,Accused_1290_Sharma,50,1,A1290
1291,1291,Accused_1291_Chavan,51,1,A1291
1292,1292,Accused_1292_Sharma,52,1,A1292
1293,1293,Accused_1293_Chavan,53,1,A1293
1294,1294,Accused_1294_Sharma,54,1,A1294
1295,1295,Anand 'Slick' Kulkarni,20,1,REC_OFF_006
1296,1296,Accused_1296_Sharma,21,1,A1296
1297,1297,Accused_1297_Chavan,22,1,A1297
1298,1298,Accused_1298_Sharma,23,1,A1298
1299,1299,Accused_1299_Chavan,24,1,A1299
1300,1300,Accused_1300_Sharma,25,1,A1300
1301,1301,Accused_1301_Chavan,26,1,A1301
1302,1302,Manjunath 'Spider' Naik,27,1,REC_OFF_003
1303,1303,Accused_1303_Chavan,28,1,A1303
1304,1304,Accused_1304_Sharma,29,1,A1304
1305,1305,Accused_1305_Chavan,30,1,A1305
1306,1306,Accused_1306_Sharma,31,1,A1306
1307,1307,Accused_1307_Chavan,32,1,A1307
1308,1308,Accused_1308_Sharma,33,1,A1308
1309,1309,Ganesh 'Viper' Hegde,34,1,REC_OFF_010
1310,1310,Accused_1310_Sharma,35,1,A1310
1311,1311,Accused_1311_Chavan,36,1,A1311
1312,1312,Accused_1312_Sharma,37,1,A1312
1313,1313,Accused_1313_Chavan,38,1,A1313
1314,1314,Accused_1314_Sharma,39,1,A1314
1315,1315,Accused_1315_Chavan,40,1,A1315
1316,1316,Sunil 'Chotta' Shetty,41,1,REC_OFF_007
1317,1317,Accused_1317_Chavan,42,1,A1317
1318,1318,Accused_1318_Sharma,43,1,A1318
1319,1319,Accused_1319_Chavan,44,1,A1319
1320,1320,Accused_1320_Sharma,45,1,A1320
1321,1321,Accused_1321_Chavan,46,1,A1321
1322,1322,Accused_1322_Sharma,47,1,A1322
1323,1323,Venkatesh 'Phantom' Rao,48,1,REC_OFF_004
1324,1324,Accused_1324_Sharma,49,1,A1324
1325,1325,Accused_1325_Chavan,50,1,A1325
1326,1326,Accused_1326_Sharma,51,1,A1326
1327,1327,Accused_1327_Chavan,52,1,A1327
1328,1328,Accused_1328_Sharma,53,1,A1328
1329,1329,Accused_1329_Chavan,54,1,A1329
1330,1330,Ramesh 'Syndicate' Gowda,20,1,REC_OFF_001
1331,1331,Accused_1331_Chavan,21,1,A1331
1332,1332,Accused_1332_Sharma,22,1,A1332
1333,1333,Accused_1333_Chavan,23,1,A1333
1334,1334,Accused_1334_Sharma,24,1,A1334
1335,1335,Accused_1335_Chavan,25,1,A1335
1336,1336,Accused_1336_Sharma,26,1,A1336
1337,1337,Pradeep 'Pistol' Deshmukh,27,1,REC_OFF_008
1338,1338,Accused_1338_Sharma,28,1,A1338
1339,1339,Accused_1339_Chavan,29,1,A1339
1340,1340,Accused_1340_Sharma,30,1,A1340
1341,1341,Accused_1341_Chavan,31,1,A1341
1342,1342,Accused_1342_Sharma,32,1,A1342
1343,1343,Accused_1343_Chavan,33,1,A1343
1344,1344,Basavaraj 'Shadow' Patil,34,1,REC_OFF_005
1345,1345,Accused_1345_Chavan,35,1,A1345
1346,1346,Accused_1346_Sharma,36,1,A1346
1347,1347,Accused_1347_Chavan,37,1,A1347
1348,1348,Accused_1348_Sharma,38,1,A1348
1349,1349,Accused_1349_Chavan,39,1,A1349
1350,1350,Accused_1350_Sharma,40,1,A1350
1351,1351,Kiran 'Blade' Kumar,41,1,REC_OFF_002
1352,1352,Accused_1352_Sharma,42,1,A1352
1353,1353,Accused_1353_Chavan,43,1,A1353
1354,1354,Accused_1354_Sharma,44,1,A1354
1355,1355,Accused_1355_Chavan,45,1,A1355
1356,1356,Accused_1356_Sharma,46,1,A1356
1357,1357,Accused_1357_Chavan,47,1,A1357
1358,1358,Dharmesh 'Razor' Pujari,48,1,REC_OFF_009
1359,1359,Accused_1359_Chavan,49,1,A1359
1360,1360,Accused_1360_Sharma,50,1,A1360
1361,1361,Accused_1361_Chavan,51,1,A1361
1362,1362,Accused_1362_Sharma,52,1,A1362
1363,1363,Accused_1363_Chavan,53,1,A1363
1364,1364,Accused_1364_Sharma,54,1,A1364
1365,1365,Anand 'Slick' Kulkarni,20,1,REC_OFF_006
1366,1366,Accused_1366_Sharma,21,1,A1366
1367,1367,Accused_1367_Chavan,22,1,A1367
1368,1368,Accused_1368_Sharma,23,1,A1368
1369,1369,Accused_1369_Chavan,24,1,A1369
1370,1370,Accused_1370_Sharma,25,1,A1370
1371,1371,Accused_1371_Chavan,26,1,A1371
1372,1372,Manjunath 'Spider' Naik,27,1,REC_OFF_003
1373,1373,Accused_1373_Chavan,28,1,A1373
1374,1374,Accused_1374_Sharma,29,1,A1374
1375,1375,Accused_1375_Chavan,30,1,A1375
1376,1376,Accused_1376_Sharma,31,1,A1376
1377,1377,Accused_1377_Chavan,32,1,A1377
1378,1378,Accused_1378_Sharma,33,1,A1378
1379,1379,Ganesh 'Viper' Hegde,34,1,REC_OFF_010
1380,1380,Accused_1380_Sharma,35,1,A1380
1381,1381,Accused_1381_Chavan,36,1,A1381
1382,1382,Accused_1382_Sharma,37,1,A1382
1383,1383,Accused_1383_Chavan,38,1,A1383
1384,1384,Accused_1384_Sharma,39,1,A1384
1385,1385,Accused_1385_Chavan,40,1,A1385
1386,1386,Sunil 'Chotta' Shetty,41,1,REC_OFF_007
1387,1387,Accused_1387_Chavan,42,1,A1387
1388,1388,Accused_1388_Sharma,43,1,A1388
1389,1389,Accused_1389_Chavan,44,1,A1389
1390,1390,Accused_1390_Sharma,45,1,A1390
1391,1391,Accused_1391_Chavan,46,1,A1391
1392,1392,Accused_1392_Sharma,47,1,A1392
1393,1393,Venkatesh 'Phantom' Rao,48,1,REC_OFF_004
1394,1394,Accused_1394_Sharma,49,1,A1394
1395,1395,Accused_1395_Chavan,50,1,A1395
1396,1396,Accused_1396_Sharma,51,1,A1396
1397,1397,Accused_1397_Chavan,52,1,A1397
1398,1398,Accused_1398_Sharma,53,1,A1398
1399,1399,Accused_1399_Chavan,54,1,A1399
1400,1400,Ramesh 'Syndicate' Gowda,20,1,REC_OFF_001
1401,1401,Accused_1401_Chavan,21,1,A1401
1402,1402,Accused_1402_Sharma,22,1,A1402
1403,1403,Accused_1403_Chavan,23,1,A1403
1404,1404,Accused_1404_Sharma,24,1,A1404
1405,1405,Accused_1405_Chavan,25,1,A1405
1406,1406,Accused_1406_Sharma,26,1,A1406
1407,1407,Pradeep 'Pistol' Deshmukh,27,1,REC_OFF_008
1408,1408,Accused_1408_Sharma,28,1,A1408
1409,1409,Accused_1409_Chavan,29,1,A1409
1410,1410,Accused_1410_Sharma,30,1,A1410
1411,1411,Accused_1411_Chavan,31,1,A1411
1412,1412,Accused_1412_Sharma,32,1,A1412
1413,1413,Accused_1413_Chavan,33,1,A1413
1414,1414,Basavaraj 'Shadow' Patil,34,1,REC_OFF_005
1415,1415,Accused_1415_Chavan,35,1,A1415
1416,1416,Accused_1416_Sharma,36,1,A1416
1417,1417,Accused_1417_Chavan,37,1,A1417
1418,1418,Accused_1418_Sharma,38,1,A1418
1419,1419,Accused_1419_Chavan,39,1,A1419
1420,1420,Accused_1420_Sharma,40,1,A1420
1421,1421,Kiran 'Blade' Kumar,41,1,REC_OFF_002
1422,1422,Accused_1422_Sharma,42,1,A1422
1423,1423,Accused_1423_Chavan,43,1,A1423
1424,1424,Accused_1424_Sharma,44,1,A1424
1425,1425,Accused_1425_Chavan,45,1,A1425
1426,1426,Accused_1426_Sharma,46,1,A1426
1427,1427,Accused_1427_Chavan,47,1,A1427
1428,1428,Dharmesh 'Razor' Pujari,48,1,REC_OFF_009
1429,1429,Accused_1429_Chavan,49,1,A1429
1430,1430,Accused_1430_Sharma,50,1,A1430
1431,1431,Accused_1431_Chavan,51,1,A1431
1432,1432,Accused_1432_Sharma,52,1,A1432
1433,1433,Accused_1433_Chavan,53,1,A1433
1434,1434,Accused_1434_Sharma,54,1,A1434
1435,1435,Anand 'Slick' Kulkarni,20,1,REC_OFF_006
1436,1436,Accused_1436_Sharma,21,1,A1436
1437,1437,Accused_1437_Chavan,22,1,A1437
1438,1438,Accused_1438_Sharma,23,1,A1438
1439,1439,Accused_1439_Chavan,24,1,A1439
1440,1440,Accused_1440_Sharma,25,1,A1440
1441,1441,Accused_1441_Chavan,26,1,A1441
1442,1442,Manjunath 'Spider' Naik,27,1,REC_OFF_003
1443,1443,Accused_1443_Chavan,28,1,A1443
1444,1444,Accused_1444_Sharma,29,1,A1444
1445,1445,Accused_1445_Chavan,30,1,A1445
1446,1446,Accused_1446_Sharma,31,1,A1446
1447,1447,Accused_1447_Chavan,32,1,A1447
1448,1448,Accused_1448_Sharma,33,1,A1448
1449,1449,Ganesh 'Viper' Hegde,34,1,REC_OFF_010
1450,1450,Accused_1450_Sharma,35,1,A1450
1451,1451,Accused_1451_Chavan,36,1,A1451
1452,1452,Accused_1452_Sharma,37,1,A1452
1453,1453,Accused_1453_Chavan,38,1,A1453
1454,1454,Accused_1454_Sharma,39,1,A1454
1455,1455,Accused_1455_Chavan,40,1,A1455
1456,1456,Sunil 'Chotta' Shetty,41,1,REC_OFF_007
1457,1457,Accused_1457_Chavan,42,1,A1457
1458,1458,Accused_1458_Sharma,43,1,A1458
1459,1459,Accused_1459_Chavan,44,1,A1459
1460,1460,Accused_1460_Sharma,45,1,A1460
1461,1461,Accused_1461_Chavan,46,1,A1461
1462,1462,Accused_1462_Sharma,47,1,A1462
1463,1463,Venkatesh 'Phantom' Rao,48,1,REC_OFF_004
1464,1464,Accused_1464_Sharma,49,1,A1464
1465,1465,Accused_1465_Chavan,50,1,A1465
1466,1466,Accused_1466_Sharma,51,1,A1466
1467,1467,Accused_1467_Chavan,52,1,A1467
1468,1468,Accused_1468_Sharma,53,1,A1468
1469,1469,Accused_1469_Chavan,54,1,A1469
1470,1470,Ramesh 'Syndicate' Gowda,20,1,REC_OFF_001
1471,1471,Accused_1471_Chavan,21,1,A1471
1472,1472,Accused_1472_Sharma,22,1,A1472
1473,1473,Accused_1473_Chavan,23,1,A1473
1474,1474,Accused_1474_Sharma,24,1,A1474
1475,1475,Accused_1475_Chavan,25,1,A1475
1476,1476,Accused_1476_Sharma,26,1,A1476
1477,1477,Pradeep 'Pistol' Deshmukh,27,1,REC_OFF_008
1478,1478,Accused_1478_Sharma,28,1,A1478
1479,1479,Accused_1479_Chavan,29,1,A1479
1480,1480,Accused_1480_Sharma,30,1,A1480
1481,1481,Accused_1481_Chavan,31,1,A1481
1482,1482,Accused_1482_Sharma,32,1,A1482
1483,1483,Accused_1483_Chavan,33,1,A1483
1484,1484,Basavaraj 'Shadow' Patil,34,1,REC_OFF_005
1485,1485,Accused_1485_Chavan,35,1,A1485
1486,1486,Accused_1486_Sharma,36,1,A1486
1487,1487,Accused_1487_Chavan,37,1,A1487
1488,1488,Accused_1488_Sharma,38,1,A1488
1489,1489,Accused_1489_Chavan,39,1,A1489
1490,1490,Accused_1490_Sharma,40,1,A1490
1491,1491,Kiran 'Blade' Kumar,41,1,REC_OFF_002
1492,1492,Accused_1492_Sharma,42,1,A1492
1493,1493,Accused_1493_Chavan,43,1,A1493
1494,1494,Accused_1494_Sharma,44,1,A1494
1495,1495,Accused_1495_Chavan,45,1,A1495
1496,1496,Accused_1496_Sharma,46,1,A1496
1497,1497,Accused_1497_Chavan,47,1,A1497
1498,1498,Dharmesh 'Razor' Pujari,48,1,REC_OFF_009
1499,1499,Accused_1499_Chavan,49,1,A1499
1500,1500,Accused_1500_Sharma,50,1,A1500
1501,1501,Accused_1501_Chavan,51,1,A1501
1502,1502,Accused_1502_Sharma,52,1,A1502
1503,1503,Accused_1503_Chavan,53,1,A1503
1504,1504,Accused_1504_Sharma,54,1,A1504
1505,1505,Anand 'Slick' Kulkarni,20,1,REC_OFF_006
1506,1506,Accused_1506_Sharma,21,1,A1506
1507,1507,Accused_1507_Chavan,22,1,A1507
1508,1508,Accused_1508_Sharma,23,1,A1508
1509,1509,Accused_1509_Chavan,24,1,A1509
1510,1510,Accused_1510_Sharma,25,1,A1510
1511,1511,Accused_1511_Chavan,26,1,A1511
1512,1512,Manjunath 'Spider' Naik,27,1,REC_OFF_003
1513,1513,Accused_1513_Chavan,28,1,A1513
1514,1514,Accused_1514_Sharma,29,1,A1514
1515,1515,Accused_1515_Chavan,30,1,A1515
1516,1516,Accused_1516_Sharma,31,1,A1516
1517,1517,Accused_1517_Chavan,32,1,A1517
1518,1518,Accused_1518_Sharma,33,1,A1518
1519,1519,Ganesh 'Viper' Hegde,34,1,REC_OFF_010
1520,1520,Accused_1520_Sharma,35,1,A1520
1521,1521,Accused_1521_Chavan,36,1,A1521
1522,1522,Accused_1522_Sharma,37,1,A1522
1523,1523,Accused_1523_Chavan,38,1,A1523
1524,1524,Accused_1524_Sharma,39,1,A1524
1525,1525,Accused_1525_Chavan,40,1,A1525
1526,1526,Sunil 'Chotta' Shetty,41,1,REC_OFF_007
1527,1527,Accused_1527_Chavan,42,1,A1527
1528,1528,Accused_1528_Sharma,43,1,A1528
1529,1529,Accused_1529_Chavan,44,1,A1529
1530,1530,Accused_1530_Sharma,45,1,A1530
1531,1531,Accused_1531_Chavan,46,1,A1531
1532,1532,Accused_1532_Sharma,47,1,A1532
1533,1533,Venkatesh 'Phantom' Rao,48,1,REC_OFF_004
1534,1534,Accused_1534_Sharma,49,1,A1534
1535,1535,Accused_1535_Chavan,50,1,A1535
1536,1536,Accused_1536_Sharma,51,1,A1536
1537,1537,Accused_1537_Chavan,52,1,A1537
1538,1538,Accused_1538_Sharma,53,1,A1538
1539,1539,Accused_1539_Chavan,54,1,A1539
1540,1540,Ramesh 'Syndicate' Gowda,20,1,REC_OFF_001
1541,1541,Accused_1541_Chavan,21,1,A1541
1542,1542,Accused_1542_Sharma,22,1,A1542
1543,1543,Accused_1543_Chavan,23,1,A1543
1544,1544,Accused_1544_Sharma,24,1,A1544
1545,1545,Accused_1545_Chavan,25,1,A1545
1546,1546,Accused_1546_Sharma,26,1,A1546
1547,1547,Pradeep 'Pistol' Deshmukh,27,1,REC_OFF_008
1548,1548,Accused_1548_Sharma,28,1,A1548
1549,1549,Accused_1549_Chavan,29,1,A1549
1550,1550,Accused_1550_Sharma,30,1,A1550
1551,1551,Accused_1551_Chavan,31,1,A1551
1552,1552,Accused_1552_Sharma,32,1,A1552
1553,1553,Accused_1553_Chavan,33,1,A1553
1554,1554,Basavaraj 'Shadow' Patil,34,1,REC_OFF_005
1555,1555,Accused_1555_Chavan,35,1,A1555
1556,1556,Accused_1556_Sharma,36,1,A1556
1557,1557,Accused_1557_Chavan,37,1,A1557
1558,1558,Accused_1558_Sharma,38,1,A1558
1559,1559,Accused_1559_Chavan,39,1,A1559
1560,1560,Accused_1560_Sharma,40,1,A1560
1561,1561,Kiran 'Blade' Kumar,41,1,REC_OFF_002
1562,1562,Accused_1562_Sharma,42,1,A1562
1563,1563,Accused_1563_Chavan,43,1,A1563
1564,1564,Accused_1564_Sharma,44,1,A1564
1565,1565,Accused_1565_Chavan,45,1,A1565
1566,1566,Accused_1566_Sharma,46,1,A1566
1567,1567,Accused_1567_Chavan,47,1,A1567
1568,1568,Dharmesh 'Razor' Pujari,48,1,REC_OFF_009
1569,1569,Accused_1569_Chavan,49,1,A1569
1570,1570,Accused_1570_Sharma,50,1,A1570
1571,1571,Accused_1571_Chavan,51,1,A1571
1572,1572,Accused_1572_Sharma,52,1,A1572
1573,1573,Accused_1573_Chavan,53,1,A1573
1574,1574,Accused_1574_Sharma,54,1,A1574
1575,1575,Anand 'Slick' Kulkarni,20,1,REC_OFF_006
1576,1576,Accused_1576_Sharma,21,1,A1576
1577,1577,Accused_1577_Chavan,22,1,A1577
1578,1578,Accused_1578_Sharma,23,1,A1578
1579,1579,Accused_1579_Chavan,24,1,A1579
1580,1580,Accused_1580_Sharma,25,1,A1580
1581,1581,Accused_1581_Chavan,26,1,A1581
1582,1582,Manjunath 'Spider' Naik,27,1,REC_OFF_003
1583,1583,Accused_1583_Chavan,28,1,A1583
1584,1584,Accused_1584_Sharma,29,1,A1584
1585,1585,Accused_1585_Chavan,30,1,A1585
1586,1586,Accused_1586_Sharma,31,1,A1586
1587,1587,Accused_1587_Chavan,32,1,A1587
1588,1588,Accused_1588_Sharma,33,1,A1588
1589,1589,Ganesh 'Viper' Hegde,34,1,REC_OFF_010
1590,1590,Accused_1590_Sharma,35,1,A1590
1591,1591,Accused_1591_Chavan,36,1,A1591
1592,1592,Accused_1592_Sharma,37,1,A1592
1593,1593,Accused_1593_Chavan,38,1,A1593
1594,1594,Accused_1594_Sharma,39,1,A1594
1595,1595,Accused_1595_Chavan,40,1,A1595
1596,1596,Sunil 'Chotta' Shetty,41,1,REC_OFF_007
1597,1597,Accused_1597_Chavan,42,1,A1597
1598,1598,Accused_1598_Sharma,43,1,A1598
1599,1599,Accused_1599_Chavan,44,1,A1599
1600,1600,Accused_1600_Sharma,45,1,A1600
1601,1601,Accused_1601_Chavan,46,1,A1601
1602,1602,Accused_1602_Sharma,47,1,A1602
1603,1603,Venkatesh 'Phantom' Rao,48,1,REC_OFF_004
1604,1604,Accused_1604_Sharma,49,1,A1604
1605,1605,Accused_1605_Chavan,50,1,A1605
1606,1606,Accused_1606_Sharma,51,1,A1606
1607,1607,Accused_1607_Chavan,52,1,A1607
1608,1608,Accused_1608_Sharma,53,1,A1608
1609,1609,Accused_1609_Chavan,54,1,A1609
1610,1610,Ramesh 'Syndicate' Gowda,20,1,REC_OFF_001
1611,1611,Accused_1611_Chavan,21,1,A1611
1612,1612,Accused_1612_Sharma,22,1,A1612
1613,1613,Accused_1613_Chavan,23,1,A1613
1614,1614,Accused_1614_Sharma,24,1,A1614
1615,1615,Accused_1615_Chavan,25,1,A1615
1616,1616,Accused_1616_Sharma,26,1,A1616
1617,1617,Pradeep 'Pistol' Deshmukh,27,1,REC_OFF_008
1618,1618,Accused_1618_Sharma,28,1,A1618
1619,1619,Accused_1619_Chavan,29,1,A1619
1620,1620,Accused_1620_Sharma,30,1,A1620
1621,1621,Accused_1621_Chavan,31,1,A1621
1622,1622,Accused_1622_Sharma,32,1,A1622
1623,1623,Accused_1623_Chavan,33,1,A1623
1624,1624,Basavaraj 'Shadow' Patil,34,1,REC_OFF_005
1625,1625,Accused_1625_Chavan,35,1,A1625
1626,1626,Accused_1626_Sharma,36,1,A1626
1627,1627,Accused_1627_Chavan,37,1,A1627
1628,1628,Accused_1628_Sharma,38,1,A1628
1629,1629,Accused_1629_Chavan,39,1,A1629
1630,1630,Accused_1630_Sharma,40,1,A1630
1631,1631,Kiran 'Blade' Kumar,41,1,REC_OFF_002
1632,1632,Accused_1632_Sharma,42,1,A1632
1633,1633,Accused_1633_Chavan,43,1,A1633
1634,1634,Accused_1634_Sharma,44,1,A1634
1635,1635,Accused_1635_Chavan,45,1,A1635
1636,1636,Accused_1636_Sharma,46,1,A1636
1637,1637,Accused_1637_Chavan,47,1,A1637
1638,1638,Dharmesh 'Razor' Pujari,48,1,REC_OFF_009
1639,1639,Accused_1639_Chavan,49,1,A1639
1640,1640,Accused_1640_Sharma,50,1,A1640
1641,1641,Accused_1641_Chavan,51,1,A1641
1642,1642,Accused_1642_Sharma,52,1,A1642
1643,1643,Accused_1643_Chavan,53,1,A1643
1644,1644,Accused_1644_Sharma,54,1,A1644
1645,1645,Anand 'Slick' Kulkarni,20,1,REC_OFF_006
1646,1646,Accused_1646_Sharma,21,1,A1646
1647,1647,Accused_1647_Chavan,22,1,A1647
1648,1648,Accused_1648_Sharma,23,1,A1648
1649,1649,Accused_1649_Chavan,24,1,A1649
1650,1650,Accused_1650_Sharma,25,1,A1650
1651,1651,Accused_1651_Chavan,26,1,A1651
1652,1652,Manjunath 'Spider' Naik,27,1,REC_OFF_003
1653,1653,Accused_1653_Chavan,28,1,A1653
1654,1654,Accused_1654_Sharma,29,1,A1654
1655,1655,Accused_1655_Chavan,30,1,A1655
1656,1656,Accused_1656_Sharma,31,1,A1656
1657,1657,Accused_1657_Chavan,32,1,A1657
1658,1658,Accused_1658_Sharma,33,1,A1658
1659,1659,Ganesh 'Viper' Hegde,34,1,REC_OFF_010
1660,1660,Accused_1660_Sharma,35,1,A1660
1661,1661,Accused_1661_Chavan,36,1,A1661
1662,1662,Accused_1662_Sharma,37,1,A1662
1663,1663,Accused_1663_Chavan,38,1,A1663
1664,1664,Accused_1664_Sharma,39,1,A1664
1665,1665,Accused_1665_Chavan,40,1,A1665
1666,1666,Sunil 'Chotta' Shetty,41,1,REC_OFF_007
1667,1667,Accused_1667_Chavan,42,1,A1667
1668,1668,Accused_1668_Sharma,43,1,A1668
1669,1669,Accused_1669_Chavan,44,1,A1669
1670,1670,Accused_1670_Sharma,45,1,A1670
1671,1671,Accused_1671_Chavan,46,1,A1671
1672,1672,Accused_1672_Sharma,47,1,A1672
1673,1673,Venkatesh 'Phantom' Rao,48,1,REC_OFF_004
1674,1674,Accused_1674_Sharma,49,1,A1674
1675,1675,Accused_1675_Chavan,50,1,A1675
1676,1676,Accused_1676_Sharma,51,1,A1676
1677,1677,Accused_1677_Chavan,52,1,A1677
1678,1678,Accused_1678_Sharma,53,1,A1678
1679,1679,Accused_1679_Chavan,54,1,A1679
1680,1680,Ramesh 'Syndicate' Gowda,20,1,REC_OFF_001
1681,1681,Accused_1681_Chavan,21,1,A1681
1682,1682,Accused_1682_Sharma,22,1,A1682
1683,1683,Accused_1683_Chavan,23,1,A1683
1684,1684,Accused_1684_Sharma,24,1,A1684
1685,1685,Accused_1685_Chavan,25,1,A1685
1686,1686,Accused_1686_Sharma,26,1,A1686
1687,1687,Pradeep 'Pistol' Deshmukh,27,1,REC_OFF_008
1688,1688,Accused_1688_Sharma,28,1,A1688
1689,1689,Accused_1689_Chavan,29,1,A1689
1690,1690,Accused_1690_Sharma,30,1,A1690
1691,1691,Accused_1691_Chavan,31,1,A1691
1692,1692,Accused_1692_Sharma,32,1,A1692
1693,1693,Accused_1693_Chavan,33,1,A1693
1694,1694,Basavaraj 'Shadow' Patil,34,1,REC_OFF_005
1695,1695,Accused_1695_Chavan,35,1,A1695
1696,1696,Accused_1696_Sharma,36,1,A1696
1697,1697,Accused_1697_Chavan,37,1,A1697
1698,1698,Accused_1698_Sharma,38,1,A1698
1699,1699,Accused_1699_Chavan,39,1,A1699
1700,1700,Accused_1700_Sharma,40,1,A1700
1701,1701,Kiran 'Blade' Kumar,41,1,REC_OFF_002
1702,1702,Accused_1702_Sharma,42,1,A1702
1703,1703,Accused_1703_Chavan,43,1,A1703
1704,1704,Accused_1704_Sharma,44,1,A1704
1705,1705,Accused_1705_Chavan,45,1,A1705
1706,1706,Accused_1706_Sharma,46,1,A1706
1707,1707,Accused_1707_Chavan,47,1,A1707
1708,1708,Dharmesh 'Razor' Pujari,48,1,REC_OFF_009
1709,1709,Accused_1709_Chavan,49,1,A1709
1710,1710,Accused_1710_Sharma,50,1,A1710
1711,1711,Accused_1711_Chavan,51,1,A1711
1712,1712,Accused_1712_Sharma,52,1,A1712
1713,1713,Accused_1713_Chavan,53,1,A1713
1714,1714,Accused_1714_Sharma,54,1,A1714
1715,1715,Anand 'Slick' Kulkarni,20,1,REC_OFF_006
1716,1716,Accused_1716_Sharma,21,1,A1716
1717,1717,Accused_1717_Chavan,22,1,A1717
1718,1718,Accused_1718_Sharma,23,1,A1718
1719,1719,Accused_1719_Chavan,24,1,A1719
1720,1720,Accused_1720_Sharma,25,1,A1720
1721,1721,Accused_1721_Chavan,26,1,A1721
1722,1722,Manjunath 'Spider' Naik,27,1,REC_OFF_003
1723,1723,Accused_1723_Chavan,28,1,A1723
1724,1724,Accused_1724_Sharma,29,1,A1724
1725,1725,Accused_1725_Chavan,30,1,A1725
1726,1726,Accused_1726_Sharma,31,1,A1726
1727,1727,Accused_1727_Chavan,32,1,A1727
1728,1728,Accused_1728_Sharma,33,1,A1728
1729,1729,Ganesh 'Viper' Hegde,34,1,REC_OFF_010
1730,1730,Accused_1730_Sharma,35,1,A1730
1731,1731,Accused_1731_Chavan,36,1,A1731
1732,1732,Accused_1732_Sharma,37,1,A1732
1733,1733,Accused_1733_Chavan,38,1,A1733
1734,1734,Accused_1734_Sharma,39,1,A1734
1735,1735,Accused_1735_Chavan,40,1,A1735
1736,1736,Sunil 'Chotta' Shetty,41,1,REC_OFF_007
1737,1737,Accused_1737_Chavan,42,1,A1737
1738,1738,Accused_1738_Sharma,43,1,A1738
1739,1739,Accused_1739_Chavan,44,1,A1739
1740,1740,Accused_1740_Sharma,45,1,A1740
1741,1741,Accused_1741_Chavan,46,1,A1741
1742,1742,Accused_1742_Sharma,47,1,A1742
1743,1743,Venkatesh 'Phantom' Rao,48,1,REC_OFF_004
1744,1744,Accused_1744_Sharma,49,1,A1744
1745,1745,Accused_1745_Chavan,50,1,A1745
1746,1746,Accused_1746_Sharma,51,1,A1746
1747,1747,Accused_1747_Chavan,52,1,A1747
1748,1748,Accused_1748_Sharma,53,1,A1748
1749,1749,Accused_1749_Chavan,54,1,A1749
1750,1750,Ramesh 'Syndicate' Gowda,20,1,REC_OFF_001
1751,1751,Accused_1751_Chavan,21,1,A1751
1752,1752,Accused_1752_Sharma,22,1,A1752
1753,1753,Accused_1753_Chavan,23,1,A1753
1754,1754,Accused_1754_Sharma,24,1,A1754
1755,1755,Accused_1755_Chavan,25,1,A1755
1756,1756,Accused_1756_Sharma,26,1,A1756
1757,1757,Pradeep 'Pistol' Deshmukh,27,1,REC_OFF_008
1758,1758,Accused_1758_Sharma,28,1,A1758
1759,1759,Accused_1759_Chavan,29,1,A1759
1760,1760,Accused_1760_Sharma,30,1,A1760
1761,1761,Accused_1761_Chavan,31,1,A1761
1762,1762,Accused_1762_Sharma,32,1,A1762
1763,1763,Accused_1763_Chavan,33,1,A1763
1764,1764,Basavaraj 'Shadow' Patil,34,1,REC_OFF_005
1765,1765,Accused_1765_Chavan,35,1,A1765
1766,1766,Accused_1766_Sharma,36,1,A1766
1767,1767,Accused_1767_Chavan,37,1,A1767
1768,1768,Accused_1768_Sharma,38,1,A1768
1769,1769,Accused_1769_Chavan,39,1,A1769
1770,1770,Accused_1770_Sharma,40,1,A1770
1771,1771,Kiran 'Blade' Kumar,41,1,REC_OFF_002
1772,1772,Accused_1772_Sharma,42,1,A1772
1773,1773,Accused_1773_Chavan,43,1,A1773
1774,1774,Accused_1774_Sharma,44,1,A1774
1775,1775,Accused_1775_Chavan,45,1,A1775
1776,1776,Accused_1776_Sharma,46,1,A1776
1777,1777,Accused_1777_Chavan,47,1,A1777
1778,1778,Dharmesh 'Razor' Pujari,48,1,REC_OFF_009
1779,1779,Accused_1779_Chavan,49,1,A1779
1780,1780,Accused_1780_Sharma,50,1,A1780
1781,1781,Accused_1781_Chavan,51,1,A1781
1782,1782,Accused_1782_Sharma,52,1,A1782
1783,1783,Accused_1783_Chavan,53,1,A1783
1784,1784,Accused_1784_Sharma,54,1,A1784
1785,1785,Anand 'Slick' Kulkarni,20,1,REC_OFF_006
1786,1786,Accused_1786_Sharma,21,1,A1786
1787,1787,Accused_1787_Chavan,22,1,A1787
1788,1788,Accused_1788_Sharma,23,1,A1788
1789,1789,Accused_1789_Chavan,24,1,A1789
1790,1790,Accused_1790_Sharma,25,1,A1790
1791,1791,Accused_1791_Chavan,26,1,A1791
1792,1792,Manjunath 'Spider' Naik,27,1,REC_OFF_003
1793,1793,Accused_1793_Chavan,28,1,A1793
1794,1794,Accused_1794_Sharma,29,1,A1794
1795,1795,Accused_1795_Chavan,30,1,A1795
1796,1796,Accused_1796_Sharma,31,1,A1796
1797,1797,Accused_1797_Chavan,32,1,A1797
1798,1798,Accused_1798_Sharma,33,1,A1798
1799,1799,Ganesh 'Viper' Hegde,34,1,REC_OFF_010
1800,1800,Accused_1800_Sharma,35,1,A1800
1801,1801,Accused_1801_Chavan,36,1,A1801
1802,1802,Accused_1802_Sharma,37,1,A1802
1803,1803,Accused_1803_Chavan,38,1,A1803
1804,1804,Accused_1804_Sharma,39,1,A1804
1805,1805,Accused_1805_Chavan,40,1,A1805
1806,1806,Sunil 'Chotta' Shetty,41,1,REC_OFF_007
1807,1807,Accused_1807_Chavan,42,1,A1807
1808,1808,Accused_1808_Sharma,43,1,A1808
1809,1809,Accused_1809_Chavan,44,1,A1809
1810,1810,Accused_1810_Sharma,45,1,A1810
1811,1811,Accused_1811_Chavan,46,1,A1811
1812,1812,Accused_1812_Sharma,47,1,A1812
1813,1813,Venkatesh 'Phantom' Rao,48,1,REC_OFF_004
1814,1814,Accused_1814_Sharma,49,1,A1814
1815,1815,Accused_1815_Chavan,50,1,A1815
1816,1816,Accused_1816_Sharma,51,1,A1816
1817,1817,Accused_1817_Chavan,52,1,A1817
1818,1818,Accused_1818_Sharma,53,1,A1818
1819,1819,Accused_1819_Chavan,54,1,A1819
1820,1820,Ramesh 'Syndicate' Gowda,20,1,REC_OFF_001
1821,1821,Accused_1821_Chavan,21,1,A1821
1822,1822,Accused_1822_Sharma,22,1,A1822
1823,1823,Accused_1823_Chavan,23,1,A1823
1824,1824,Accused_1824_Sharma,24,1,A1824
1825,1825,Accused_1825_Chavan,25,1,A1825
1826,1826,Accused_1826_Sharma,26,1,A1826
1827,1827,Pradeep 'Pistol' Deshmukh,27,1,REC_OFF_008
1828,1828,Accused_1828_Sharma,28,1,A1828
1829,1829,Accused_1829_Chavan,29,1,A1829
1830,1830,Accused_1830_Sharma,30,1,A1830
1831,1831,Accused_1831_Chavan,31,1,A1831
1832,1832,Accused_1832_Sharma,32,1,A1832
1833,1833,Accused_1833_Chavan,33,1,A1833
1834,1834,Basavaraj 'Shadow' Patil,34,1,REC_OFF_005
1835,1835,Accused_1835_Chavan,35,1,A1835
1836,1836,Accused_1836_Sharma,36,1,A1836
1837,1837,Accused_1837_Chavan,37,1,A1837
1838,1838,Accused_1838_Sharma,38,1,A1838
1839,1839,Accused_1839_Chavan,39,1,A1839
1840,1840,Accused_1840_Sharma,40,1,A1840
1841,1841,Kiran 'Blade' Kumar,41,1,REC_OFF_002
1842,1842,Accused_1842_Sharma,42,1,A1842
1843,1843,Accused_1843_Chavan,43,1,A1843
1844,1844,Accused_1844_Sharma,44,1,A1844
1845,1845,Accused_1845_Chavan,45,1,A1845
1846,1846,Accused_1846_Sharma,46,1,A1846
1847,1847,Accused_1847_Chavan,47,1,A1847
1848,1848,Dharmesh 'Razor' Pujari,48,1,REC_OFF_009
1849,1849,Accused_1849_Chavan,49,1,A1849
1850,1850,Accused_1850_Sharma,50,1,A1850
1851,1851,Accused_1851_Chavan,51,1,A1851
1852,1852,Accused_1852_Sharma,52,1,A1852
1853,1853,Accused_1853_Chavan,53,1,A1853
1854,1854,Accused_1854_Sharma,54,1,A1854
1855,1855,Anand 'Slick' Kulkarni,20,1,REC_OFF_006
1856,1856,Accused_1856_Sharma,21,1,A1856
1857,1857,Accused_1857_Chavan,22,1,A1857
1858,1858,Accused_1858_Sharma,23,1,A1858
1859,1859,Accused_1859_Chavan,24,1,A1859
1860,1860,Accused_1860_Sharma,25,1,A1860
1861,1861,Accused_1861_Chavan,26,1,A1861
1862,1862,Manjunath 'Spider' Naik,27,1,REC_OFF_003
1863,1863,Accused_1863_Chavan,28,1,A1863
1864,1864,Accused_1864_Sharma,29,1,A1864
1865,1865,Accused_1865_Chavan,30,1,A1865
1866,1866,Accused_1866_Sharma,31,1,A1866
1867,1867,Accused_1867_Chavan,32,1,A1867
1868,1868,Accused_1868_Sharma,33,1,A1868
1869,1869,Ganesh 'Viper' Hegde,34,1,REC_OFF_010
1870,1870,Accused_1870_Sharma,35,1,A1870
1871,1871,Accused_1871_Chavan,36,1,A1871
1872,1872,Accused_1872_Sharma,37,1,A1872
1873,1873,Accused_1873_Chavan,38,1,A1873
1874,1874,Accused_1874_Sharma,39,1,A1874
1875,1875,Accused_1875_Chavan,40,1,A1875
1876,1876,Sunil 'Chotta' Shetty,41,1,REC_OFF_007
1877,1877,Accused_1877_Chavan,42,1,A1877
1878,1878,Accused_1878_Sharma,43,1,A1878
1879,1879,Accused_1879_Chavan,44,1,A1879
1880,1880,Accused_1880_Sharma,45,1,A1880
1881,1881,Accused_1881_Chavan,46,1,A1881
1882,1882,Accused_1882_Sharma,47,1,A1882
1883,1883,Venkatesh 'Phantom' Rao,48,1,REC_OFF_004
1884,1884,Accused_1884_Sharma,49,1,A1884
1885,1885,Accused_1885_Chavan,50,1,A1885
1886,1886,Accused_1886_Sharma,51,1,A1886
1887,1887,Accused_1887_Chavan,52,1,A1887
1888,1888,Accused_1888_Sharma,53,1,A1888
1889,1889,Accused_1889_Chavan,54,1,A1889
1890,1890,Ramesh 'Syndicate' Gowda,20,1,REC_OFF_001
1891,1891,Accused_1891_Chavan,21,1,A1891
1892,1892,Accused_1892_Sharma,22,1,A1892
1893,1893,Accused_1893_Chavan,23,1,A1893
1894,1894,Accused_1894_Sharma,24,1,A1894
1895,1895,Accused_1895_Chavan,25,1,A1895
1896,1896,Accused_1896_Sharma,26,1,A1896
1897,1897,Pradeep 'Pistol' Deshmukh,27,1,REC_OFF_008
1898,1898,Accused_1898_Sharma,28,1,A1898
1899,1899,Accused_1899_Chavan,29,1,A1899
1900,1900,Accused_1900_Sharma,30,1,A1900
1901,1901,Accused_1901_Chavan,31,1,A1901
1902,1902,Accused_1902_Sharma,32,1,A1902
1903,1903,Accused_1903_Chavan,33,1,A1903
1904,1904,Basavaraj 'Shadow' Patil,34,1,REC_OFF_005
1905,1905,Accused_1905_Chavan,35,1,A1905
1906,1906,Accused_1906_Sharma,36,1,A1906
1907,1907,Accused_1907_Chavan,37,1,A1907
1908,1908,Accused_1908_Sharma,38,1,A1908
1909,1909,Accused_1909_Chavan,39,1,A1909
1910,1910,Accused_1910_Sharma,40,1,A1910
1911,1911,Kiran 'Blade' Kumar,41,1,REC_OFF_002
1912,1912,Accused_1912_Sharma,42,1,A1912
1913,1913,Accused_1913_Chavan,43,1,A1913
1914,1914,Accused_1914_Sharma,44,1,A1914
1915,1915,Accused_1915_Chavan,45,1,A1915
1916,1916,Accused_1916_Sharma,46,1,A1916
1917,1917,Accused_1917_Chavan,47,1,A1917
1918,1918,Dharmesh 'Razor' Pujari,48,1,REC_OFF_009
1919,1919,Accused_1919_Chavan,49,1,A1919
1920,1920,Accused_1920_Sharma,50,1,A1920
1921,1921,Accused_1921_Chavan,51,1,A1921
1922,1922,Accused_1922_Sharma,52,1,A1922
1923,1923,Accused_1923_Chavan,53,1,A1923
1924,1924,Accused_1924_Sharma,54,1,A1924
1925,1925,Anand 'Slick' Kulkarni,20,1,REC_OFF_006
1926,1926,Accused_1926_Sharma,21,1,A1926
1927,1927,Accused_1927_Chavan,22,1,A1927
1928,1928,Accused_1928_Sharma,23,1,A1928
1929,1929,Accused_1929_Chavan,24,1,A1929
1930,1930,Accused_1930_Sharma,25,1,A1930
1931,1931,Accused_1931_Chavan,26,1,A1931
1932,1932,Manjunath 'Spider' Naik,27,1,REC_OFF_003
1933,1933,Accused_1933_Chavan,28,1,A1933
1934,1934,Accused_1934_Sharma,29,1,A1934
1935,1935,Accused_1935_Chavan,30,1,A1935
1936,1936,Accused_1936_Sharma,31,1,A1936
1937,1937,Accused_1937_Chavan,32,1,A1937
1938,1938,Accused_1938_Sharma,33,1,A1938
1939,1939,Ganesh 'Viper' Hegde,34,1,REC_OFF_010
1940,1940,Accused_1940_Sharma,35,1,A1940
1941,1941,Accused_1941_Chavan,36,1,A1941
1942,1942,Accused_1942_Sharma,37,1,A1942
1943,1943,Accused_1943_Chavan,38,1,A1943
1944,1944,Accused_1944_Sharma,39,1,A1944
1945,1945,Accused_1945_Chavan,40,1,A1945
1946,1946,Sunil 'Chotta' Shetty,41,1,REC_OFF_007
1947,1947,Accused_1947_Chavan,42,1,A1947
1948,1948,Accused_1948_Sharma,43,1,A1948
1949,1949,Accused_1949_Chavan,44,1,A1949
1950,1950,Accused_1950_Sharma,45,1,A1950
1951,1951,Accused_1951_Chavan,46,1,A1951
1952,1952,Accused_1952_Sharma,47,1,A1952
1953,1953,Venkatesh 'Phantom' Rao,48,1,REC_OFF_004
1954,1954,Accused_1954_Sharma,49,1,A1954
1955,1955,Accused_1955_Chavan,50,1,A1955
1956,1956,Accused_1956_Sharma,51,1,A1956
1957,1957,Accused_1957_Chavan,52,1,A1957
1958,1958,Accused_1958_Sharma,53,1,A1958
1959,1959,Accused_1959_Chavan,54,1,A1959
1960,1960,Ramesh 'Syndicate' Gowda,20,1,REC_OFF_001
1961,1961,Accused_1961_Chavan,21,1,A1961
1962,1962,Accused_1962_Sharma,22,1,A1962
1963,1963,Accused_1963_Chavan,23,1,A1963
1964,1964,Accused_1964_Sharma,24,1,A1964
1965,1965,Accused_1965_Chavan,25,1,A1965
1966,1966,Accused_1966_Sharma,26,1,A1966
1967,1967,Pradeep 'Pistol' Deshmukh,27,1,REC_OFF_008
1968,1968,Accused_1968_Sharma,28,1,A1968
1969,1969,Accused_1969_Chavan,29,1,A1969
1970,1970,Accused_1970_Sharma,30,1,A1970
1971,1971,Accused_1971_Chavan,31,1,A1971
1972,1972,Accused_1972_Sharma,32,1,A1972
1973,1973,Accused_1973_Chavan,33,1,A1973
1974,1974,Basavaraj 'Shadow' Patil,34,1,REC_OFF_005
1975,1975,Accused_1975_Chavan,35,1,A1975
1976,1976,Accused_1976_Sharma,36,1,A1976
1977,1977,Accused_1977_Chavan,37,1,A1977
1978,1978,Accused_1978_Sharma,38,1,A1978
1979,1979,Accused_1979_Chavan,39,1,A1979
1980,1980,Accused_1980_Sharma,40,1,A1980
1981,1981,Kiran 'Blade' Kumar,41,1,REC_OFF_002
1982,1982,Accused_1982_Sharma,42,1,A1982
1983,1983,Accused_1983_Chavan,43,1,A1983
1984,1984,Accused_1984_Sharma,44,1,A1984
1985,1985,Accused_1985_Chavan,45,1,A1985
1986,1986,Accused_1986_Sharma,46,1,A1986
1987,1987,Accused_1987_Chavan,47,1,A1987
1988,1988,Dharmesh 'Razor' Pujari,48,1,REC_OFF_009
1989,1989,Accused_1989_Chavan,49,1,A1989
1990,1990,Accused_1990_Sharma,50,1,A1990
1991,1991,Accused_1991_Chavan,51,1,A1991
1992,1992,Accused_1992_Sharma,52,1,A1992
1993,1993,Accused_1993_Chavan,53,1,A1993
1994,1994,Accused_1994_Sharma,54,1,A1994
1995,1995,Anand 'Slick' Kulkarni,20,1,REC_OFF_006
1996,1996,Accused_1996_Sharma,21,1,A1996
1997,1997,Accused_1997_Chavan,22,1,A1997
1998,1998,Accused_1998_Sharma,23,1,A1998
1999,1999,Accused_1999_Chavan,24,1,A1999
2000,2000,Accused_2000_Sharma,25,1,A2000
2001,2001,Accused_2001_Chavan,26,1,A2001
2002,2002,Manjunath 'Spider' Naik,27,1,REC_OFF_003
2003,2003,Accused_2003_Chavan,28,1,A2003
2004,2004,Accused_2004_Sharma,29,1,A2004
2005,2005,Accused_2005_Chavan,30,1,A2005
2006,2006,Accused_2006_Sharma,31,1,A2006
2007,2007,Accused_2007_Chavan,32,1,A2007
2008,2008,Accused_2008_Sharma,33,1,A2008
2009,2009,Ganesh 'Viper' Hegde,34,1,REC_OFF_010
2010,2010,Accused_2010_Sharma,35,1,A2010
2011,2011,Accused_2011_Chavan,36,1,A2011
2012,2012,Accused_2012_Sharma,37,1,A2012
2013,2013,Accused_2013_Chavan,38,1,A2013
2014,2014,Accused_2014_Sharma,39,1,A2014
2015,2015,Accused_2015_Chavan,40,1,A2015
2016,2016,Sunil 'Chotta' Shetty,41,1,REC_OFF_007
2017,2017,Accused_2017_Chavan,42,1,A2017
2018,2018,Accused_2018_Sharma,43,1,A2018
2019,2019,Accused_2019_Chavan,44,1,A2019
2020,2020,Accused_2020_Sharma,45,1,A2020
2021,2021,Accused_2021_Chavan,46,1,A2021
2022,2022,Accused_2022_Sharma,47,1,A2022
2023,2023,Venkatesh 'Phantom' Rao,48,1,REC_OFF_004
2024,2024,Accused_2024_Sharma,49,1,A2024
2025,2025,Accused_2025_Chavan,50,1,A2025
2026,2026,Accused_2026_Sharma,51,1,A2026
2027,2027,Accused_2027_Chavan,52,1,A2027
2028,2028,Accused_2028_Sharma,53,1,A2028
2029,2029,Accused_2029_Chavan,54,1,A2029
2030,2030,Ramesh 'Syndicate' Gowda,20,1,REC_OFF_001
2031,2031,Accused_2031_Chavan,21,1,A2031
2032,2032,Accused_2032_Sharma,22,1,A2032
2033,2033,Accused_2033_Chavan,23,1,A2033
2034,2034,Accused_2034_Sharma,24,1,A2034
2035,2035,Accused_2035_Chavan,25,1,A2035
2036,2036,Accused_2036_Sharma,26,1,A2036
2037,2037,Pradeep 'Pistol' Deshmukh,27,1,REC_OFF_008
2038,2038,Accused_2038_Sharma,28,1,A2038
2039,2039,Accused_2039_Chavan,29,1,A2039
2040,2040,Accused_2040_Sharma,30,1,A2040
2041,2041,Accused_2041_Chavan,31,1,A2041
2042,2042,Accused_2042_Sharma,32,1,A2042
2043,2043,Accused_2043_Chavan,33,1,A2043
2044,2044,Basavaraj 'Shadow' Patil,34,1,REC_OFF_005
2045,2045,Accused_2045_Chavan,35,1,A2045
2046,2046,Accused_2046_Sharma,36,1,A2046
2047,2047,Accused_2047_Chavan,37,1,A2047
2048,2048,Accused_2048_Sharma,38,1,A2048
2049,2049,Accused_2049_Chavan,39,1,A2049
2050,2050,Accused_2050_Sharma,40,1,A2050
2051,2051,Kiran 'Blade' Kumar,41,1,REC_OFF_002
2052,2052,Accused_2052_Sharma,42,1,A2052
2053,2053,Accused_2053_Chavan,43,1,A2053
2054,2054,Accused_2054_Sharma,44,1,A2054
2055,2055,Accused_2055_Chavan,45,1,A2055
2056,2056,Accused_2056_Sharma,46,1,A2056
2057,2057,Accused_2057_Chavan,47,1,A2057
2058,2058,Dharmesh 'Razor' Pujari,48,1,REC_OFF_009
2059,2059,Accused_2059_Chavan,49,1,A2059
2060,2060,Accused_2060_Sharma,50,1,A2060
2061,2061,Accused_2061_Chavan,51,1,A2061
2062,2062,Accused_2062_Sharma,52,1,A2062
2063,2063,Accused_2063_Chavan,53,1,A2063
2064,2064,Accused_2064_Sharma,54,1,A2064
2065,2065,Anand 'Slick' Kulkarni,20,1,REC_OFF_006
2066,2066,Accused_2066_Sharma,21,1,A2066
2067,2067,Accused_2067_Chavan,22,1,A2067
2068,2068,Accused_2068_Sharma,23,1,A2068
2069,2069,Accused_2069_Chavan,24,1,A2069
2070,2070,Accused_2070_Sharma,25,1,A2070
2071,2071,Accused_2071_Chavan,26,1,A2071
2072,2072,Manjunath 'Spider' Naik,27,1,REC_OFF_003
2073,2073,Accused_2073_Chavan,28,1,A2073
2074,2074,Accused_2074_Sharma,29,1,A2074
2075,2075,Accused_2075_Chavan,30,1,A2075
2076,2076,Accused_2076_Sharma,31,1,A2076
2077,2077,Accused_2077_Chavan,32,1,A2077
2078,2078,Accused_2078_Sharma,33,1,A2078
2079,2079,Ganesh 'Viper' Hegde,34,1,REC_OFF_010
2080,2080,Accused_2080_Sharma,35,1,A2080
2081,2081,Accused_2081_Chavan,36,1,A2081
2082,2082,Accused_2082_Sharma,37,1,A2082
2083,2083,Accused_2083_Chavan,38,1,A2083
2084,2084,Accused_2084_Sharma,39,1,A2084
2085,2085,Accused_2085_Chavan,40,1,A2085
2086,2086,Sunil 'Chotta' Shetty,41,1,REC_OFF_007
2087,2087,Accused_2087_Chavan,42,1,A2087
2088,2088,Accused_2088_Sharma,43,1,A2088
2089,2089,Accused_2089_Chavan,44,1,A2089
2090,2090,Accused_2090_Sharma,45,1,A2090
2091,2091,Accused_2091_Chavan,46,1,A2091
2092,2092,Accused_2092_Sharma,47,1,A2092
2093,2093,Venkatesh 'Phantom' Rao,48,1,REC_OFF_004
2094,2094,Accused_2094_Sharma,49,1,A2094
2095,2095,Accused_2095_Chavan,50,1,A2095
2096,2096,Accused_2096_Sharma,51,1,A2096
2097,2097,Accused_2097_Chavan,52,1,A2097
2098,2098,Accused_2098_Sharma,53,1,A2098
2099,2099,Accused_2099_Chavan,54,1,A2099
2100,2100,Ramesh 'Syndicate' Gowda,20,1,REC_OFF_001
2101,2101,Accused_2101_Chavan,21,1,A2101
2102,2102,Accused_2102_Sharma,22,1,A2102
2103,2103,Accused_2103_Chavan,23,1,A2103
2104,2104,Accused_2104_Sharma,24,1,A2104
2105,2105,Accused_2105_Chavan,25,1,A2105
2106,2106,Accused_2106_Sharma,26,1,A2106
2107,2107,Pradeep 'Pistol' Deshmukh,27,1,REC_OFF_008
2108,2108,Accused_2108_Sharma,28,1,A2108
2109,2109,Accused_2109_Chavan,29,1,A2109
2110,2110,Accused_2110_Sharma,30,1,A2110
2111,2111,Accused_2111_Chavan,31,1,A2111
2112,2112,Accused_2112_Sharma,32,1,A2112
2113,2113,Accused_2113_Chavan,33,1,A2113
2114,2114,Basavaraj 'Shadow' Patil,34,1,REC_OFF_005
2115,2115,Accused_2115_Chavan,35,1,A2115
2116,2116,Accused_2116_Sharma,36,1,A2116
2117,2117,Accused_2117_Chavan,37,1,A2117
2118,2118,Accused_2118_Sharma,38,1,A2118
2119,2119,Accused_2119_Chavan,39,1,A2119
2120,2120,Accused_2120_Sharma,40,1,A2120
2121,2121,Kiran 'Blade' Kumar,41,1,REC_OFF_002
2122,2122,Accused_2122_Sharma,42,1,A2122
2123,2123,Accused_2123_Chavan,43,1,A2123
2124,2124,Accused_2124_Sharma,44,1,A2124
2125,2125,Accused_2125_Chavan,45,1,A2125
2126,2126,Accused_2126_Sharma,46,1,A2126
2127,2127,Accused_2127_Chavan,47,1,A2127
2128,2128,Dharmesh 'Razor' Pujari,48,1,REC_OFF_009
2129,2129,Accused_2129_Chavan,49,1,A2129
2130,2130,Accused_2130_Sharma,50,1,A2130
2131,2131,Accused_2131_Chavan,51,1,A2131
2132,2132,Accused_2132_Sharma,52,1,A2132
2133,2133,Accused_2133_Chavan,53,1,A2133
2134,2134,Accused_2134_Sharma,54,1,A2134
2135,2135,Anand 'Slick' Kulkarni,20,1,REC_OFF_006
2136,2136,Accused_2136_Sharma,21,1,A2136
2137,2137,Accused_2137_Chavan,22,1,A2137
2138,2138,Accused_2138_Sharma,23,1,A2138
2139,2139,Accused_2139_Chavan,24,1,A2139
2140,2140,Accused_2140_Sharma,25,1,A2140
2141,2141,Accused_2141_Chavan,26,1,A2141
2142,2142,Manjunath 'Spider' Naik,27,1,REC_OFF_003
2143,2143,Accused_2143_Chavan,28,1,A2143
2144,2144,Accused_2144_Sharma,29,1,A2144
2145,2145,Accused_2145_Chavan,30,1,A2145
2146,2146,Accused_2146_Sharma,31,1,A2146
2147,2147,Accused_2147_Chavan,32,1,A2147
2148,2148,Accused_2148_Sharma,33,1,A2148
2149,2149,Ganesh 'Viper' Hegde,34,1,REC_OFF_010
2150,2150,Accused_2150_Sharma,35,1,A2150
2151,2151,Accused_2151_Chavan,36,1,A2151
2152,2152,Accused_2152_Sharma,37,1,A2152
2153,2153,Accused_2153_Chavan,38,1,A2153
2154,2154,Accused_2154_Sharma,39,1,A2154
2155,2155,Accused_2155_Chavan,40,1,A2155
2156,2156,Sunil 'Chotta' Shetty,41,1,REC_OFF_007
2157,2157,Accused_2157_Chavan,42,1,A2157
2158,2158,Accused_2158_Sharma,43,1,A2158
2159,2159,Accused_2159_Chavan,44,1,A2159
2160,2160,Accused_2160_Sharma,45,1,A2160
2161,2161,Accused_2161_Chavan,46,1,A2161
2162,2162,Accused_2162_Sharma,47,1,A2162
2163,2163,Venkatesh 'Phantom' Rao,48,1,REC_OFF_004
2164,2164,Accused_2164_Sharma,49,1,A2164
2165,2165,Accused_2165_Chavan,50,1,A2165
2166,2166,Accused_2166_Sharma,51,1,A2166
2167,2167,Accused_2167_Chavan,52,1,A2167
2168,2168,Accused_2168_Sharma,53,1,A2168
2169,2169,Accused_2169_Chavan,54,1,A2169
2170,2170,Ramesh 'Syndicate' Gowda,20,1,REC_OFF_001
2171,2171,Accused_2171_Chavan,21,1,A2171
2172,2172,Accused_2172_Sharma,22,1,A2172
2173,2173,Accused_2173_Chavan,23,1,A2173
2174,2174,Accused_2174_Sharma,24,1,A2174
2175,2175,Accused_2175_Chavan,25,1,A2175
2176,2176,Accused_2176_Sharma,26,1,A2176
2177,2177,Pradeep 'Pistol' Deshmukh,27,1,REC_OFF_008
2178,2178,Accused_2178_Sharma,28,1,A2178
2179,2179,Accused_2179_Chavan,29,1,A2179
2180,2180,Accused_2180_Sharma,30,1,A2180
2181,2181,Accused_2181_Chavan,31,1,A2181
2182,2182,Accused_2182_Sharma,32,1,A2182
2183,2183,Accused_2183_Chavan,33,1,A2183
2184,2184,Basavaraj 'Shadow' Patil,34,1,REC_OFF_005
2185,2185,Accused_2185_Chavan,35,1,A2185
2186,2186,Accused_2186_Sharma,36,1,A2186
2187,2187,Accused_2187_Chavan,37,1,A2187
2188,2188,Accused_2188_Sharma,38,1,A2188
2189,2189,Accused_2189_Chavan,39,1,A2189
2190,2190,Accused_2190_Sharma,40,1,A2190
2191,2191,Kiran 'Blade' Kumar,41,1,REC_OFF_002
2192,2192,Accused_2192_Sharma,42,1,A2192
2193,2193,Accused_2193_Chavan,43,1,A2193
2194,2194,Accused_2194_Sharma,44,1,A2194
2195,2195,Accused_2195_Chavan,45,1,A2195
2196,2196,Accused_2196_Sharma,46,1,A2196
2197,2197,Accused_2197_Chavan,47,1,A2197
2198,2198,Dharmesh 'Razor' Pujari,48,1,REC_OFF_009
2199,2199,Accused_2199_Chavan,49,1,A2199
2200,2200,Accused_2200_Sharma,50,1,A2200
2201,2201,Accused_2201_Chavan,51,1,A2201
2202,2202,Accused_2202_Sharma,52,1,A2202
2203,2203,Accused_2203_Chavan,53,1,A2203
2204,2204,Accused_2204_Sharma,54,1,A2204
2205,2205,Anand 'Slick' Kulkarni,20,1,REC_OFF_006
2206,2206,Accused_2206_Sharma,21,1,A2206
2207,2207,Accused_2207_Chavan,22,1,A2207
2208,2208,Accused_2208_Sharma,23,1,A2208
2209,2209,Accused_2209_Chavan,24,1,A2209
2210,2210,Accused_2210_Sharma,25,1,A2210
2211,2211,Accused_2211_Chavan,26,1,A2211
2212,2212,Manjunath 'Spider' Naik,27,1,REC_OFF_003
2213,2213,Accused_2213_Chavan,28,1,A2213
2214,2214,Accused_2214_Sharma,29,1,A2214
2215,2215,Accused_2215_Chavan,30,1,A2215
2216,2216,Accused_2216_Sharma,31,1,A2216
2217,2217,Accused_2217_Chavan,32,1,A2217
2218,2218,Accused_2218_Sharma,33,1,A2218
2219,2219,Ganesh 'Viper' Hegde,34,1,REC_OFF_010
2220,2220,Accused_2220_Sharma,35,1,A2220
2221,2221,Accused_2221_Chavan,36,1,A2221
2222,2222,Accused_2222_Sharma,37,1,A2222
2223,2223,Accused_2223_Chavan,38,1,A2223
2224,2224,Accused_2224_Sharma,39,1,A2224
2225,2225,Accused_2225_Chavan,40,1,A2225
2226,2226,Sunil 'Chotta' Shetty,41,1,REC_OFF_007
2227,2227,Accused_2227_Chavan,42,1,A2227
2228,2228,Accused_2228_Sharma,43,1,A2228
2229,2229,Accused_2229_Chavan,44,1,A2229
2230,2230,Accused_2230_Sharma,45,1,A2230
2231,2231,Accused_2231_Chavan,46,1,A2231
2232,2232,Accused_2232_Sharma,47,1,A2232
2233,2233,Venkatesh 'Phantom' Rao,48,1,REC_OFF_004
2234,2234,Accused_2234_Sharma,49,1,A2234
2235,2235,Accused_2235_Chavan,50,1,A2235
2236,2236,Accused_2236_Sharma,51,1,A2236
2237,2237,Accused_2237_Chavan,52,1,A2237
2238,2238,Accused_2238_Sharma,53,1,A2238
2239,2239,Accused_2239_Chavan,54,1,A2239
2240,2240,Ramesh 'Syndicate' Gowda,20,1,REC_OFF_001
2241,2241,Accused_2241_Chavan,21,1,A2241
2242,2242,Accused_2242_Sharma,22,1,A2242
2243,2243,Accused_2243_Chavan,23,1,A2243
2244,2244,Accused_2244_Sharma,24,1,A2244
2245,2245,Accused_2245_Chavan,25,1,A2245
2246,2246,Accused_2246_Sharma,26,1,A2246
2247,2247,Pradeep 'Pistol' Deshmukh,27,1,REC_OFF_008
2248,2248,Accused_2248_Sharma,28,1,A2248
2249,2249,Accused_2249_Chavan,29,1,A2249
2250,2250,Accused_2250_Sharma,30,1,A2250
2251,2251,Accused_2251_Chavan,31,1,A2251
2252,2252,Accused_2252_Sharma,32,1,A2252
2253,2253,Accused_2253_Chavan,33,1,A2253
2254,2254,Basavaraj 'Shadow' Patil,34,1,REC_OFF_005
2255,2255,Accused_2255_Chavan,35,1,A2255
2256,2256,Accused_2256_Sharma,36,1,A2256
2257,2257,Accused_2257_Chavan,37,1,A2257
2258,2258,Accused_2258_Sharma,38,1,A2258
2259,2259,Accused_2259_Chavan,39,1,A2259
2260,2260,Accused_2260_Sharma,40,1,A2260
2261,2261,Kiran 'Blade' Kumar,41,1,REC_OFF_002
2262,2262,Accused_2262_Sharma,42,1,A2262
2263,2263,Accused_2263_Chavan,43,1,A2263
2264,2264,Accused_2264_Sharma,44,1,A2264
2265,2265,Accused_2265_Chavan,45,1,A2265
2266,2266,Accused_2266_Sharma,46,1,A2266
2267,2267,Accused_2267_Chavan,47,1,A2267
2268,2268,Dharmesh 'Razor' Pujari,48,1,REC_OFF_009
2269,2269,Accused_2269_Chavan,49,1,A2269
2270,2270,Accused_2270_Sharma,50,1,A2270
2271,2271,Accused_2271_Chavan,51,1,A2271
2272,2272,Accused_2272_Sharma,52,1,A2272
2273,2273,Accused_2273_Chavan,53,1,A2273
2274,2274,Accused_2274_Sharma,54,1,A2274
2275,2275,Anand 'Slick' Kulkarni,20,1,REC_OFF_006
2276,2276,Accused_2276_Sharma,21,1,A2276
2277,2277,Accused_2277_Chavan,22,1,A2277
2278,2278,Accused_2278_Sharma,23,1,A2278
2279,2279,Accused_2279_Chavan,24,1,A2279
2280,2280,Accused_2280_Sharma,25,1,A2280
2281,2281,Accused_2281_Chavan,26,1,A2281
2282,2282,Manjunath 'Spider' Naik,27,1,REC_OFF_003
2283,2283,Accused_2283_Chavan,28,1,A2283
2284,2284,Accused_2284_Sharma,29,1,A2284
2285,2285,Accused_2285_Chavan,30,1,A2285
2286,2286,Accused_2286_Sharma,31,1,A2286
2287,2287,Accused_2287_Chavan,32,1,A2287
2288,2288,Accused_2288_Sharma,33,1,A2288
2289,2289,Ganesh 'Viper' Hegde,34,1,REC_OFF_010
2290,2290,Accused_2290_Sharma,35,1,A2290
2291,2291,Accused_2291_Chavan,36,1,A2291
2292,2292,Accused_2292_Sharma,37,1,A2292
2293,2293,Accused_2293_Chavan,38,1,A2293
2294,2294,Accused_2294_Sharma,39,1,A2294
2295,2295,Accused_2295_Chavan,40,1,A2295
2296,2296,Sunil 'Chotta' Shetty,41,1,REC_OFF_007
2297,2297,Accused_2297_Chavan,42,1,A2297
2298,2298,Accused_2298_Sharma,43,1,A2298
2299,2299,Accused_2299_Chavan,44,1,A2299
2300,2300,Accused_2300_Sharma,45,1,A2300
2301,2301,Accused_2301_Chavan,46,1,A2301
2302,2302,Accused_2302_Sharma,47,1,A2302
2303,2303,Venkatesh 'Phantom' Rao,48,1,REC_OFF_004
2304,2304,Accused_2304_Sharma,49,1,A2304
2305,2305,Accused_2305_Chavan,50,1,A2305
2306,2306,Accused_2306_Sharma,51,1,A2306
2307,2307,Accused_2307_Chavan,52,1,A2307
2308,2308,Accused_2308_Sharma,53,1,A2308
2309,2309,Accused_2309_Chavan,54,1,A2309
2310,2310,Ramesh 'Syndicate' Gowda,20,1,REC_OFF_001
2311,2311,Accused_2311_Chavan,21,1,A2311
2312,2312,Accused_2312_Sharma,22,1,A2312
2313,2313,Accused_2313_Chavan,23,1,A2313
2314,2314,Accused_2314_Sharma,24,1,A2314
2315,2315,Accused_2315_Chavan,25,1,A2315
2316,2316,Accused_2316_Sharma,26,1,A2316
2317,2317,Pradeep 'Pistol' Deshmukh,27,1,REC_OFF_008
2318,2318,Accused_2318_Sharma,28,1,A2318
2319,2319,Accused_2319_Chavan,29,1,A2319
2320,2320,Accused_2320_Sharma,30,1,A2320
2321,2321,Accused_2321_Chavan,31,1,A2321
2322,2322,Accused_2322_Sharma,32,1,A2322
2323,2323,Accused_2323_Chavan,33,1,A2323
2324,2324,Basavaraj 'Shadow' Patil,34,1,REC_OFF_005
2325,2325,Accused_2325_Chavan,35,1,A2325
2326,2326,Accused_2326_Sharma,36,1,A2326
2327,2327,Accused_2327_Chavan,37,1,A2327
2328,2328,Accused_2328_Sharma,38,1,A2328
2329,2329,Accused_2329_Chavan,39,1,A2329
2330,2330,Accused_2330_Sharma,40,1,A2330
2331,2331,Kiran 'Blade' Kumar,41,1,REC_OFF_002
2332,2332,Accused_2332_Sharma,42,1,A2332
2333,2333,Accused_2333_Chavan,43,1,A2333
2334,2334,Accused_2334_Sharma,44,1,A2334
2335,2335,Accused_2335_Chavan,45,1,A2335
2336,2336,Accused_2336_Sharma,46,1,A2336
2337,2337,Accused_2337_Chavan,47,1,A2337
2338,2338,Dharmesh 'Razor' Pujari,48,1,REC_OFF_009
2339,2339,Accused_2339_Chavan,49,1,A2339
2340,2340,Accused_2340_Sharma,50,1,A2340
2341,2341,Accused_2341_Chavan,51,1,A2341
2342,2342,Accused_2342_Sharma,52,1,A2342
2343,2343,Accused_2343_Chavan,53,1,A2343
2344,2344,Accused_2344_Sharma,54,1,A2344
2345,2345,Anand 'Slick' Kulkarni,20,1,REC_OFF_006
2346,2346,Accused_2346_Sharma,21,1,A2346
2347,2347,Accused_2347_Chavan,22,1,A2347
2348,2348,Accused_2348_Sharma,23,1,A2348
2349,2349,Accused_2349_Chavan,24,1,A2349
2350,2350,Accused_2350_Sharma,25,1,A2350
2351,2351,Accused_2351_Chavan,26,1,A2351
2352,2352,Manjunath 'Spider' Naik,27,1,REC_OFF_003
2353,2353,Accused_2353_Chavan,28,1,A2353
2354,2354,Accused_2354_Sharma,29,1,A2354
2355,2355,Accused_2355_Chavan,30,1,A2355
2356,2356,Accused_2356_Sharma,31,1,A2356
2357,2357,Accused_2357_Chavan,32,1,A2357
2358,2358,Accused_2358_Sharma,33,1,A2358
2359,2359,Ganesh 'Viper' Hegde,34,1,REC_OFF_010
2360,2360,Accused_2360_Sharma,35,1,A2360
2361,2361,Accused_2361_Chavan,36,1,A2361
2362,2362,Accused_2362_Sharma,37,1,A2362
2363,2363,Accused_2363_Chavan,38,1,A2363
2364,2364,Accused_2364_Sharma,39,1,A2364
2365,2365,Accused_2365_Chavan,40,1,A2365
2366,2366,Sunil 'Chotta' Shetty,41,1,REC_OFF_007
2367,2367,Accused_2367_Chavan,42,1,A2367
2368,2368,Accused_2368_Sharma,43,1,A2368
2369,2369,Accused_2369_Chavan,44,1,A2369
2370,2370,Accused_2370_Sharma,45,1,A2370
2371,2371,Accused_2371_Chavan,46,1,A2371
2372,2372,Accused_2372_Sharma,47,1,A2372
2373,2373,Venkatesh 'Phantom' Rao,48,1,REC_OFF_004
2374,2374,Accused_2374_Sharma,49,1,A2374
2375,2375,Accused_2375_Chavan,50,1,A2375
2376,2376,Accused_2376_Sharma,51,1,A2376
2377,2377,Accused_2377_Chavan,52,1,A2377
2378,2378,Accused_2378_Sharma,53,1,A2378
2379,2379,Accused_2379_Chavan,54,1,A2379
2380,2380,Ramesh 'Syndicate' Gowda,20,1,REC_OFF_001
2381,2381,Accused_2381_Chavan,21,1,A2381
2382,2382,Accused_2382_Sharma,22,1,A2382
2383,2383,Accused_2383_Chavan,23,1,A2383
2384,2384,Accused_2384_Sharma,24,1,A2384
2385,2385,Accused_2385_Chavan,25,1,A2385
2386,2386,Accused_2386_Sharma,26,1,A2386
2387,2387,Pradeep 'Pistol' Deshmukh,27,1,REC_OFF_008
2388,2388,Accused_2388_Sharma,28,1,A2388
2389,2389,Accused_2389_Chavan,29,1,A2389
2390,2390,Accused_2390_Sharma,30,1,A2390
2391,2391,Accused_2391_Chavan,31,1,A2391
2392,2392,Accused_2392_Sharma,32,1,A2392
2393,2393,Accused_2393_Chavan,33,1,A2393
2394,2394,Basavaraj 'Shadow' Patil,34,1,REC_OFF_005
2395,2395,Accused_2395_Chavan,35,1,A2395
2396,2396,Accused_2396_Sharma,36,1,A2396
2397,2397,Accused_2397_Chavan,37,1,A2397
2398,2398,Accused_2398_Sharma,38,1,A2398
2399,2399,Accused_2399_Chavan,39,1,A2399
2400,2400,Accused_2400_Sharma,40,1,A2400
2401,2401,Kiran 'Blade' Kumar,41,1,REC_OFF_002
2402,2402,Accused_2402_Sharma,42,1,A2402
2403,2403,Accused_2403_Chavan,43,1,A2403
2404,2404,Accused_2404_Sharma,44,1,A2404
2405,2405,Accused_2405_Chavan,45,1,A2405
2406,2406,Accused_2406_Sharma,46,1,A2406
2407,2407,Accused_2407_Chavan,47,1,A2407
2408,2408,Dharmesh 'Razor' Pujari,48,1,REC_OFF_009
2409,2409,Accused_2409_Chavan,49,1,A2409
2410,2410,Accused_2410_Sharma,50,1,A2410
2411,2411,Accused_2411_Chavan,51,1,A2411
2412,2412,Accused_2412_Sharma,52,1,A2412
2413,2413,Accused_2413_Chavan,53,1,A2413
2414,2414,Accused_2414_Sharma,54,1,A2414
2415,2415,Anand 'Slick' Kulkarni,20,1,REC_OFF_006
2416,2416,Accused_2416_Sharma,21,1,A2416
2417,2417,Accused_2417_Chavan,22,1,A2417
2418,2418,Accused_2418_Sharma,23,1,A2418
2419,2419,Accused_2419_Chavan,24,1,A2419
2420,2420,Accused_2420_Sharma,25,1,A2420
2421,2421,Accused_2421_Chavan,26,1,A2421
2422,2422,Manjunath 'Spider' Naik,27,1,REC_OFF_003
2423,2423,Accused_2423_Chavan,28,1,A2423
2424,2424,Accused_2424_Sharma,29,1,A2424
2425,2425,Accused_2425_Chavan,30,1,A2425
2426,2426,Accused_2426_Sharma,31,1,A2426
2427,2427,Accused_2427_Chavan,32,1,A2427
2428,2428,Accused_2428_Sharma,33,1,A2428
2429,2429,Ganesh 'Viper' Hegde,34,1,REC_OFF_010
2430,2430,Accused_2430_Sharma,35,1,A2430
2431,2431,Accused_2431_Chavan,36,1,A2431
2432,2432,Accused_2432_Sharma,37,1,A2432
2433,2433,Accused_2433_Chavan,38,1,A2433
2434,2434,Accused_2434_Sharma,39,1,A2434
2435,2435,Accused_2435_Chavan,40,1,A2435
2436,2436,Sunil 'Chotta' Shetty,41,1,REC_OFF_007
2437,2437,Accused_2437_Chavan,42,1,A2437
2438,2438,Accused_2438_Sharma,43,1,A2438
2439,2439,Accused_2439_Chavan,44,1,A2439
2440,2440,Accused_2440_Sharma,45,1,A2440
2441,2441,Accused_2441_Chavan,46,1,A2441
2442,2442,Accused_2442_Sharma,47,1,A2442
2443,2443,Venkatesh 'Phantom' Rao,48,1,REC_OFF_004
2444,2444,Accused_2444_Sharma,49,1,A2444
2445,2445,Accused_2445_Chavan,50,1,A2445
2446,2446,Accused_2446_Sharma,51,1,A2446
2447,2447,Accused_2447_Chavan,52,1,A2447
2448,2448,Accused_2448_Sharma,53,1,A2448
2449,2449,Accused_2449_Chavan,54,1,A2449
2450,2450,Ramesh 'Syndicate' Gowda,20,1,REC_OFF_001
2451,2451,Accused_2451_Chavan,21,1,A2451
2452,2452,Accused_2452_Sharma,22,1,A2452
2453,2453,Accused_2453_Chavan,23,1,A2453
2454,2454,Accused_2454_Sharma,24,1,A2454
2455,2455,Accused_2455_Chavan,25,1,A2455
2456,2456,Accused_2456_Sharma,26,1,A2456
2457,2457,Pradeep 'Pistol' Deshmukh,27,1,REC_OFF_008
2458,2458,Accused_2458_Sharma,28,1,A2458
2459,2459,Accused_2459_Chavan,29,1,A2459
2460,2460,Accused_2460_Sharma,30,1,A2460
2461,2461,Accused_2461_Chavan,31,1,A2461
2462,2462,Accused_2462_Sharma,32,1,A2462
2463,2463,Accused_2463_Chavan,33,1,A2463
2464,2464,Basavaraj 'Shadow' Patil,34,1,REC_OFF_005
2465,2465,Accused_2465_Chavan,35,1,A2465
2466,2466,Accused_2466_Sharma,36,1,A2466
2467,2467,Accused_2467_Chavan,37,1,A2467
2468,2468,Accused_2468_Sharma,38,1,A2468
2469,2469,Accused_2469_Chavan,39,1,A2469
2470,2470,Accused_2470_Sharma,40,1,A2470
2471,2471,Kiran 'Blade' Kumar,41,1,REC_OFF_002
2472,2472,Accused_2472_Sharma,42,1,A2472
2473,2473,Accused_2473_Chavan,43,1,A2473
2474,2474,Accused_2474_Sharma,44,1,A2474
2475,2475,Accused_2475_Chavan,45,1,A2475
2476,2476,Accused_2476_Sharma,46,1,A2476
2477,2477,Accused_2477_Chavan,47,1,A2477
2478,2478,Dharmesh 'Razor' Pujari,48,1,REC_OFF_009
2479,2479,Accused_2479_Chavan,49,1,A2479
2480,2480,Accused_2480_Sharma,50,1,A2480
2481,2481,Accused_2481_Chavan,51,1,A2481
2482,2482,Accused_2482_Sharma,52,1,A2482
2483,2483,Accused_2483_Chavan,53,1,A2483
2484,2484,Accused_2484_Sharma,54,1,A2484
2485,2485,Anand 'Slick' Kulkarni,20,1,REC_OFF_006
2486,2486,Accused_2486_Sharma,21,1,A2486
2487,2487,Accused_2487_Chavan,22,1,A2487
2488,2488,Accused_2488_Sharma,23,1,A2488
2489,2489,Accused_2489_Chavan,24,1,A2489
2490,2490,Accused_2490_Sharma,25,1,A2490
2491,2491,Accused_2491_Chavan,26,1,A2491
2492,2492,Manjunath 'Spider' Naik,27,1,REC_OFF_003
2493,2493,Accused_2493_Chavan,28,1,A2493
2494,2494,Accused_2494_Sharma,29,1,A2494
2495,2495,Accused_2495_Chavan,30,1,A2495
2496,2496,Accused_2496_Sharma,31,1,A2496
2497,2497,Accused_2497_Chavan,32,1,A2497
2498,2498,Accused_2498_Sharma,33,1,A2498
2499,2499,Ganesh 'Viper' Hegde,34,1,REC_OFF_010
2500,2500,Accused_2500_Sharma,35,1,A2500
2501,2501,Accused_2501_Chavan,36,1,A2501
2502,2502,Accused_2502_Sharma,37,1,A2502
2503,2503,Accused_2503_Chavan,38,1,A2503
2504,2504,Accused_2504_Sharma,39,1,A2504
2505,2505,Accused_2505_Chavan,40,1,A2505
2506,2506,Sunil 'Chotta' Shetty,41,1,REC_OFF_007
2507,2507,Accused_2507_Chavan,42,1,A2507
2508,2508,Accused_2508_Sharma,43,1,A2508
2509,2509,Accused_2509_Chavan,44,1,A2509
2510,2510,Accused_2510_Sharma,45,1,A2510
2511,2511,Accused_2511_Chavan,46,1,A2511
2512,2512,Accused_2512_Sharma,47,1,A2512
2513,2513,Venkatesh 'Phantom' Rao,48,1,REC_OFF_004
2514,2514,Accused_2514_Sharma,49,1,A2514
2515,2515,Accused_2515_Chavan,50,1,A2515
2516,2516,Accused_2516_Sharma,51,1,A2516
2517,2517,Accused_2517_Chavan,52,1,A2517
2518,2518,Accused_2518_Sharma,53,1,A2518
2519,2519,Accused_2519_Chavan,54,1,A2519
2520,2520,Ramesh 'Syndicate' Gowda,20,1,REC_OFF_001
2521,2521,Accused_2521_Chavan,21,1,A2521
2522,2522,Accused_2522_Sharma,22,1,A2522
2523,2523,Accused_2523_Chavan,23,1,A2523
2524,2524,Accused_2524_Sharma,24,1,A2524
2525,2525,Accused_2525_Chavan,25,1,A2525
2526,2526,Accused_2526_Sharma,26,1,A2526
2527,2527,Pradeep 'Pistol' Deshmukh,27,1,REC_OFF_008
2528,2528,Accused_2528_Sharma,28,1,A2528
2529,2529,Accused_2529_Chavan,29,1,A2529
2530,2530,Accused_2530_Sharma,30,1,A2530
2531,2531,Accused_2531_Chavan,31,1,A2531
2532,2532,Accused_2532_Sharma,32,1,A2532
2533,2533,Accused_2533_Chavan,33,1,A2533
2534,2534,Basavaraj 'Shadow' Patil,34,1,REC_OFF_005
2535,2535,Accused_2535_Chavan,35,1,A2535
2536,2536,Accused_2536_Sharma,36,1,A2536
2537,2537,Accused_2537_Chavan,37,1,A2537
2538,2538,Accused_2538_Sharma,38,1,A2538
2539,2539,Accused_2539_Chavan,39,1,A2539
2540,2540,Accused_2540_Sharma,40,1,A2540
2541,2541,Kiran 'Blade' Kumar,41,1,REC_OFF_002
2542,2542,Accused_2542_Sharma,42,1,A2542
2543,2543,Accused_2543_Chavan,43,1,A2543
2544,2544,Accused_2544_Sharma,44,1,A2544
2545,2545,Accused_2545_Chavan,45,1,A2545
2546,2546,Accused_2546_Sharma,46,1,A2546
2547,2547,Accused_2547_Chavan,47,1,A2547
2548,2548,Dharmesh 'Razor' Pujari,48,1,REC_OFF_009
2549,2549,Accused_2549_Chavan,49,1,A2549
2550,2550,Accused_2550_Sharma,50,1,A2550
2551,2551,Accused_2551_Chavan,51,1,A2551
2552,2552,Accused_2552_Sharma,52,1,A2552
2553,2553,Accused_2553_Chavan,53,1,A2553
2554,2554,Accused_2554_Sharma,54,1,A2554
2555,2555,Anand 'Slick' Kulkarni,20,1,REC_OFF_006
2556,2556,Accused_2556_Sharma,21,1,A2556
2557,2557,Accused_2557_Chavan,22,1,A2557
2558,2558,Accused_2558_Sharma,23,1,A2558
2559,2559,Accused_2559_Chavan,24,1,A2559
2560,2560,Accused_2560_Sharma,25,1,A2560
2561,2561,Accused_2561_Chavan,26,1,A2561
2562,2562,Manjunath 'Spider' Naik,27,1,REC_OFF_003
2563,2563,Accused_2563_Chavan,28,1,A2563
2564,2564,Accused_2564_Sharma,29,1,A2564
2565,2565,Accused_2565_Chavan,30,1,A2565
2566,2566,Accused_2566_Sharma,31,1,A2566
2567,2567,Accused_2567_Chavan,32,1,A2567
2568,2568,Accused_2568_Sharma,33,1,A2568
2569,2569,Ganesh 'Viper' Hegde,34,1,REC_OFF_010
2570,2570,Accused_2570_Sharma,35,1,A2570
2571,2571,Accused_2571_Chavan,36,1,A2571
2572,2572,Accused_2572_Sharma,37,1,A2572
2573,2573,Accused_2573_Chavan,38,1,A2573
2574,2574,Accused_2574_Sharma,39,1,A2574
2575,2575,Accused_2575_Chavan,40,1,A2575
2576,2576,Sunil 'Chotta' Shetty,41,1,REC_OFF_007
2577,2577,Accused_2577_Chavan,42,1,A2577
2578,2578,Accused_2578_Sharma,43,1,A2578
2579,2579,Accused_2579_Chavan,44,1,A2579
2580,2580,Accused_2580_Sharma,45,1,A2580
2581,2581,Accused_2581_Chavan,46,1,A2581
2582,2582,Accused_2582_Sharma,47,1,A2582
2583,2583,Venkatesh 'Phantom' Rao,48,1,REC_OFF_004
2584,2584,Accused_2584_Sharma,49,1,A2584
2585,2585,Accused_2585_Chavan,50,1,A2585
2586,2586,Accused_2586_Sharma,51,1,A2586
2587,2587,Accused_2587_Chavan,52,1,A2587
2588,2588,Accused_2588_Sharma,53,1,A2588
2589,2589,Accused_2589_Chavan,54,1,A2589
2590,2590,Ramesh 'Syndicate' Gowda,20,1,REC_OFF_001
2591,2591,Accused_2591_Chavan,21,1,A2591
2592,2592,Accused_2592_Sharma,22,1,A2592
2593,2593,Accused_2593_Chavan,23,1,A2593
2594,2594,Accused_2594_Sharma,24,1,A2594
2595,2595,Accused_2595_Chavan,25,1,A2595
2596,2596,Accused_2596_Sharma,26,1,A2596
2597,2597,Pradeep 'Pistol' Deshmukh,27,1,REC_OFF_008
2598,2598,Accused_2598_Sharma,28,1,A2598
2599,2599,Accused_2599_Chavan,29,1,A2599
2600,2600,Accused_2600_Sharma,30,1,A2600
2601,2601,Accused_2601_Chavan,31,1,A2601
2602,2602,Accused_2602_Sharma,32,1,A2602
2603,2603,Accused_2603_Chavan,33,1,A2603
2604,2604,Basavaraj 'Shadow' Patil,34,1,REC_OFF_005
2605,2605,Accused_2605_Chavan,35,1,A2605
2606,2606,Accused_2606_Sharma,36,1,A2606
2607,2607,Accused_2607_Chavan,37,1,A2607
2608,2608,Accused_2608_Sharma,38,1,A2608
2609,2609,Accused_2609_Chavan,39,1,A2609
2610,2610,Accused_2610_Sharma,40,1,A2610
2611,2611,Kiran 'Blade' Kumar,41,1,REC_OFF_002
2612,2612,Accused_2612_Sharma,42,1,A2612
2613,2613,Accused_2613_Chavan,43,1,A2613
2614,2614,Accused_2614_Sharma,44,1,A2614
2615,2615,Accused_2615_Chavan,45,1,A2615
2616,2616,Accused_2616_Sharma,46,1,A2616
2617,2617,Accused_2617_Chavan,47,1,A2617
2618,2618,Dharmesh 'Razor' Pujari,48,1,REC_OFF_009
2619,2619,Accused_2619_Chavan,49,1,A2619
2620,2620,Accused_2620_Sharma,50,1,A2620
2621,2621,Accused_2621_Chavan,51,1,A2621
2622,2622,Accused_2622_Sharma,52,1,A2622
2623,2623,Accused_2623_Chavan,53,1,A2623
2624,2624,Accused_2624_Sharma,54,1,A2624
2625,2625,Anand 'Slick' Kulkarni,20,1,REC_OFF_006
2626,2626,Accused_2626_Sharma,21,1,A2626
2627,2627,Accused_2627_Chavan,22,1,A2627
2628,2628,Accused_2628_Sharma,23,1,A2628
2629,2629,Accused_2629_Chavan,24,1,A2629
2630,2630,Accused_2630_Sharma,25,1,A2630
2631,2631,Accused_2631_Chavan,26,1,A2631
2632,2632,Manjunath 'Spider' Naik,27,1,REC_OFF_003
2633,2633,Accused_2633_Chavan,28,1,A2633
2634,2634,Accused_2634_Sharma,29,1,A2634
2635,2635,Accused_2635_Chavan,30,1,A2635
2636,2636,Accused_2636_Sharma,31,1,A2636
2637,2637,Accused_2637_Chavan,32,1,A2637
2638,2638,Accused_2638_Sharma,33,1,A2638
2639,2639,Ganesh 'Viper' Hegde,34,1,REC_OFF_010
2640,2640,Accused_2640_Sharma,35,1,A2640
2641,2641,Accused_2641_Chavan,36,1,A2641
2642,2642,Accused_2642_Sharma,37,1,A2642
2643,2643,Accused_2643_Chavan,38,1,A2643
2644,2644,Accused_2644_Sharma,39,1,A2644
2645,2645,Accused_2645_Chavan,40,1,A2645
2646,2646,Sunil 'Chotta' Shetty,41,1,REC_OFF_007
2647,2647,Accused_2647_Chavan,42,1,A2647
2648,2648,Accused_2648_Sharma,43,1,A2648
2649,2649,Accused_2649_Chavan,44,1,A2649
2650,2650,Accused_2650_Sharma,45,1,A2650
2651,2651,Accused_2651_Chavan,46,1,A2651
2652,2652,Accused_2652_Sharma,47,1,A2652
2653,2653,Venkatesh 'Phantom' Rao,48,1,REC_OFF_004
2654,2654,Accused_2654_Sharma,49,1,A2654
2655,2655,Accused_2655_Chavan,50,1,A2655
2656,2656,Accused_2656_Sharma,51,1,A2656
2657,2657,Accused_2657_Chavan,52,1,A2657
2658,2658,Accused_2658_Sharma,53,1,A2658
2659,2659,Accused_2659_Chavan,54,1,A2659
2660,2660,Ramesh 'Syndicate' Gowda,20,1,REC_OFF_001
2661,2661,Accused_2661_Chavan,21,1,A2661
2662,2662,Accused_2662_Sharma,22,1,A2662
2663,2663,Accused_2663_Chavan,23,1,A2663
2664,2664,Accused_2664_Sharma,24,1,A2664
2665,2665,Accused_2665_Chavan,25,1,A2665
2666,2666,Accused_2666_Sharma,26,1,A2666
2667,2667,Pradeep 'Pistol' Deshmukh,27,1,REC_OFF_008
2668,2668,Accused_2668_Sharma,28,1,A2668
2669,2669,Accused_2669_Chavan,29,1,A2669
2670,2670,Accused_2670_Sharma,30,1,A2670
2671,2671,Accused_2671_Chavan,31,1,A2671
2672,2672,Accused_2672_Sharma,32,1,A2672
2673,2673,Accused_2673_Chavan,33,1,A2673
2674,2674,Basavaraj 'Shadow' Patil,34,1,REC_OFF_005
2675,2675,Accused_2675_Chavan,35,1,A2675
2676,2676,Accused_2676_Sharma,36,1,A2676
2677,2677,Accused_2677_Chavan,37,1,A2677
2678,2678,Accused_2678_Sharma,38,1,A2678
2679,2679,Accused_2679_Chavan,39,1,A2679
2680,2680,Accused_2680_Sharma,40,1,A2680
2681,2681,Kiran 'Blade' Kumar,41,1,REC_OFF_002
2682,2682,Accused_2682_Sharma,42,1,A2682
2683,2683,Accused_2683_Chavan,43,1,A2683
2684,2684,Accused_2684_Sharma,44,1,A2684
2685,2685,Accused_2685_Chavan,45,1,A2685
2686,2686,Accused_2686_Sharma,46,1,A2686
2687,2687,Accused_2687_Chavan,47,1,A2687
2688,2688,Dharmesh 'Razor' Pujari,48,1,REC_OFF_009
2689,2689,Accused_2689_Chavan,49,1,A2689
2690,2690,Accused_2690_Sharma,50,1,A2690
2691,2691,Accused_2691_Chavan,51,1,A2691
2692,2692,Accused_2692_Sharma,52,1,A2692
2693,2693,Accused_2693_Chavan,53,1,A2693
2694,2694,Accused_2694_Sharma,54,1,A2694
2695,2695,Anand 'Slick' Kulkarni,20,1,REC_OFF_006
2696,2696,Accused_2696_Sharma,21,1,A2696
2697,2697,Accused_2697_Chavan,22,1,A2697
2698,2698,Accused_2698_Sharma,23,1,A2698
2699,2699,Accused_2699_Chavan,24,1,A2699
2700,2700,Accused_2700_Sharma,25,1,A2700
2701,2701,Accused_2701_Chavan,26,1,A2701
2702,2702,Manjunath 'Spider' Naik,27,1,REC_OFF_003
2703,2703,Accused_2703_Chavan,28,1,A2703
2704,2704,Accused_2704_Sharma,29,1,A2704
2705,2705,Accused_2705_Chavan,30,1,A2705
2706,2706,Accused_2706_Sharma,31,1,A2706
2707,2707,Accused_2707_Chavan,32,1,A2707
2708,2708,Accused_2708_Sharma,33,1,A2708
2709,2709,Ganesh 'Viper' Hegde,34,1,REC_OFF_010
2710,2710,Accused_2710_Sharma,35,1,A2710
2711,2711,Accused_2711_Chavan,36,1,A2711
2712,2712,Accused_2712_Sharma,37,1,A2712
2713,2713,Accused_2713_Chavan,38,1,A2713
2714,2714,Accused_2714_Sharma,39,1,A2714
2715,2715,Accused_2715_Chavan,40,1,A2715
2716,2716,Sunil 'Chotta' Shetty,41,1,REC_OFF_007
2717,2717,Accused_2717_Chavan,42,1,A2717
2718,2718,Accused_2718_Sharma,43,1,A2718
2719,2719,Accused_2719_Chavan,44,1,A2719
2720,2720,Accused_2720_Sharma,45,1,A2720
2721,2721,Accused_2721_Chavan,46,1,A2721
2722,2722,Accused_2722_Sharma,47,1,A2722
2723,2723,Venkatesh 'Phantom' Rao,48,1,REC_OFF_004
2724,2724,Accused_2724_Sharma,49,1,A2724
2725,2725,Accused_2725_Chavan,50,1,A2725
2726,2726,Accused_2726_Sharma,51,1,A2726
2727,2727,Accused_2727_Chavan,52,1,A2727
2728,2728,Accused_2728_Sharma,53,1,A2728
2729,2729,Accused_2729_Chavan,54,1,A2729
2730,2730,Ramesh 'Syndicate' Gowda,20,1,REC_OFF_001
2731,2731,Accused_2731_Chavan,21,1,A2731
2732,2732,Accused_2732_Sharma,22,1,A2732
2733,2733,Accused_2733_Chavan,23,1,A2733
2734,2734,Accused_2734_Sharma,24,1,A2734
2735,2735,Accused_2735_Chavan,25,1,A2735
2736,2736,Accused_2736_Sharma,26,1,A2736
2737,2737,Pradeep 'Pistol' Deshmukh,27,1,REC_OFF_008
2738,2738,Accused_2738_Sharma,28,1,A2738
2739,2739,Accused_2739_Chavan,29,1,A2739
2740,2740,Accused_2740_Sharma,30,1,A2740
2741,2741,Accused_2741_Chavan,31,1,A2741
2742,2742,Accused_2742_Sharma,32,1,A2742
2743,2743,Accused_2743_Chavan,33,1,A2743
2744,2744,Basavaraj 'Shadow' Patil,34,1,REC_OFF_005
2745,2745,Accused_2745_Chavan,35,1,A2745
2746,2746,Accused_2746_Sharma,36,1,A2746
2747,2747,Accused_2747_Chavan,37,1,A2747
2748,2748,Accused_2748_Sharma,38,1,A2748
2749,2749,Accused_2749_Chavan,39,1,A2749
2750,2750,Accused_2750_Sharma,40,1,A2750
2751,2751,Kiran 'Blade' Kumar,41,1,REC_OFF_002
2752,2752,Accused_2752_Sharma,42,1,A2752
2753,2753,Accused_2753_Chavan,43,1,A2753
2754,2754,Accused_2754_Sharma,44,1,A2754
2755,2755,Accused_2755_Chavan,45,1,A2755
2756,2756,Accused_2756_Sharma,46,1,A2756
2757,2757,Accused_2757_Chavan,47,1,A2757
2758,2758,Dharmesh 'Razor' Pujari,48,1,REC_OFF_009
2759,2759,Accused_2759_Chavan,49,1,A2759
2760,2760,Accused_2760_Sharma,50,1,A2760
2761,2761,Accused_2761_Chavan,51,1,A2761
2762,2762,Accused_2762_Sharma,52,1,A2762
2763,2763,Accused_2763_Chavan,53,1,A2763
2764,2764,Accused_2764_Sharma,54,1,A2764
2765,2765,Anand 'Slick' Kulkarni,20,1,REC_OFF_006
2766,2766,Accused_2766_Sharma,21,1,A2766
2767,2767,Accused_2767_Chavan,22,1,A2767
2768,2768,Accused_2768_Sharma,23,1,A2768
2769,2769,Accused_2769_Chavan,24,1,A2769
2770,2770,Accused_2770_Sharma,25,1,A2770
2771,2771,Accused_2771_Chavan,26,1,A2771
2772,2772,Manjunath 'Spider' Naik,27,1,REC_OFF_003
2773,2773,Accused_2773_Chavan,28,1,A2773
2774,2774,Accused_2774_Sharma,29,1,A2774
2775,2775,Accused_2775_Chavan,30,1,A2775
2776,2776,Accused_2776_Sharma,31,1,A2776
2777,2777,Accused_2777_Chavan,32,1,A2777
2778,2778,Accused_2778_Sharma,33,1,A2778
2779,2779,Ganesh 'Viper' Hegde,34,1,REC_OFF_010
2780,2780,Accused_2780_Sharma,35,1,A2780
2781,2781,Accused_2781_Chavan,36,1,A2781
2782,2782,Accused_2782_Sharma,37,1,A2782
2783,2783,Accused_2783_Chavan,38,1,A2783
2784,2784,Accused_2784_Sharma,39,1,A2784
2785,2785,Accused_2785_Chavan,40,1,A2785
2786,2786,Sunil 'Chotta' Shetty,41,1,REC_OFF_007
2787,2787,Accused_2787_Chavan,42,1,A2787
2788,2788,Accused_2788_Sharma,43,1,A2788
2789,2789,Accused_2789_Chavan,44,1,A2789
2790,2790,Accused_2790_Sharma,45,1,A2790
2791,2791,Accused_2791_Chavan,46,1,A2791
2792,2792,Accused_2792_Sharma,47,1,A2792
2793,2793,Venkatesh 'Phantom' Rao,48,1,REC_OFF_004
2794,2794,Accused_2794_Sharma,49,1,A2794
2795,2795,Accused_2795_Chavan,50,1,A2795
2796,2796,Accused_2796_Sharma,51,1,A2796
2797,2797,Accused_2797_Chavan,52,1,A2797
2798,2798,Accused_2798_Sharma,53,1,A2798
2799,2799,Accused_2799_Chavan,54,1,A2799
2800,2800,Ramesh 'Syndicate' Gowda,20,1,REC_OFF_001
2801,2801,Accused_2801_Chavan,21,1,A2801
2802,2802,Accused_2802_Sharma,22,1,A2802
2803,2803,Accused_2803_Chavan,23,1,A2803
2804,2804,Accused_2804_Sharma,24,1,A2804
2805,2805,Accused_2805_Chavan,25,1,A2805
2806,2806,Accused_2806_Sharma,26,1,A2806
2807,2807,Pradeep 'Pistol' Deshmukh,27,1,REC_OFF_008
2808,2808,Accused_2808_Sharma,28,1,A2808
2809,2809,Accused_2809_Chavan,29,1,A2809
2810,2810,Accused_2810_Sharma,30,1,A2810
2811,2811,Accused_2811_Chavan,31,1,A2811
2812,2812,Accused_2812_Sharma,32,1,A2812
2813,2813,Accused_2813_Chavan,33,1,A2813
2814,2814,Basavaraj 'Shadow' Patil,34,1,REC_OFF_005
2815,2815,Accused_2815_Chavan,35,1,A2815
2816,2816,Accused_2816_Sharma,36,1,A2816
2817,2817,Accused_2817_Chavan,37,1,A2817
2818,2818,Accused_2818_Sharma,38,1,A2818
2819,2819,Accused_2819_Chavan,39,1,A2819
2820,2820,Accused_2820_Sharma,40,1,A2820
2821,2821,Kiran 'Blade' Kumar,41,1,REC_OFF_002
2822,2822,Accused_2822_Sharma,42,1,A2822
2823,2823,Accused_2823_Chavan,43,1,A2823
2824,2824,Accused_2824_Sharma,44,1,A2824
2825,2825,Accused_2825_Chavan,45,1,A2825
2826,2826,Accused_2826_Sharma,46,1,A2826
2827,2827,Accused_2827_Chavan,47,1,A2827
2828,2828,Dharmesh 'Razor' Pujari,48,1,REC_OFF_009
2829,2829,Accused_2829_Chavan,49,1,A2829
2830,2830,Accused_2830_Sharma,50,1,A2830
2831,2831,Accused_2831_Chavan,51,1,A2831
2832,2832,Accused_2832_Sharma,52,1,A2832
2833,2833,Accused_2833_Chavan,53,1,A2833
2834,2834,Accused_2834_Sharma,54,1,A2834
2835,2835,Anand 'Slick' Kulkarni,20,1,REC_OFF_006
2836,2836,Accused_2836_Sharma,21,1,A2836
2837,2837,Accused_2837_Chavan,22,1,A2837
2838,2838,Accused_2838_Sharma,23,1,A2838
2839,2839,Accused_2839_Chavan,24,1,A2839
2840,2840,Accused_2840_Sharma,25,1,A2840
2841,2841,Accused_2841_Chavan,26,1,A2841
2842,2842,Manjunath 'Spider' Naik,27,1,REC_OFF_003
2843,2843,Accused_2843_Chavan,28,1,A2843
2844,2844,Accused_2844_Sharma,29,1,A2844
2845,2845,Accused_2845_Chavan,30,1,A2845
2846,2846,Accused_2846_Sharma,31,1,A2846
2847,2847,Accused_2847_Chavan,32,1,A2847
2848,2848,Accused_2848_Sharma,33,1,A2848
2849,2849,Ganesh 'Viper' Hegde,34,1,REC_OFF_010
2850,2850,Accused_2850_Sharma,35,1,A2850
2851,2851,Accused_2851_Chavan,36,1,A2851
2852,2852,Accused_2852_Sharma,37,1,A2852
2853,2853,Accused_2853_Chavan,38,1,A2853
2854,2854,Accused_2854_Sharma,39,1,A2854
2855,2855,Accused_2855_Chavan,40,1,A2855
2856,2856,Sunil 'Chotta' Shetty,41,1,REC_OFF_007
2857,2857,Accused_2857_Chavan,42,1,A2857
2858,2858,Accused_2858_Sharma,43,1,A2858
2859,2859,Accused_2859_Chavan,44,1,A2859
2860,2860,Accused_2860_Sharma,45,1,A2860
2861,2861,Accused_2861_Chavan,46,1,A2861
2862,2862,Accused_2862_Sharma,47,1,A2862
2863,2863,Venkatesh 'Phantom' Rao,48,1,REC_OFF_004
2864,2864,Accused_2864_Sharma,49,1,A2864
2865,2865,Accused_2865_Chavan,50,1,A2865
2866,2866,Accused_2866_Sharma,51,1,A2866
2867,2867,Accused_2867_Chavan,52,1,A2867
2868,2868,Accused_2868_Sharma,53,1,A2868
2869,2869,Accused_2869_Chavan,54,1,A2869
2870,2870,Ramesh 'Syndicate' Gowda,20,1,REC_OFF_001
2871,2871,Accused_2871_Chavan,21,1,A2871
2872,2872,Accused_2872_Sharma,22,1,A2872
2873,2873,Accused_2873_Chavan,23,1,A2873
2874,2874,Accused_2874_Sharma,24,1,A2874
2875,2875,Accused_2875_Chavan,25,1,A2875
2876,2876,Accused_2876_Sharma,26,1,A2876
2877,2877,Pradeep 'Pistol' Deshmukh,27,1,REC_OFF_008
2878,2878,Accused_2878_Sharma,28,1,A2878
2879,2879,Accused_2879_Chavan,29,1,A2879
2880,2880,Accused_2880_Sharma,30,1,A2880
2881,2881,Accused_2881_Chavan,31,1,A2881
2882,2882,Accused_2882_Sharma,32,1,A2882
2883,2883,Accused_2883_Chavan,33,1,A2883
2884,2884,Basavaraj 'Shadow' Patil,34,1,REC_OFF_005
2885,2885,Accused_2885_Chavan,35,1,A2885
2886,2886,Accused_2886_Sharma,36,1,A2886
2887,2887,Accused_2887_Chavan,37,1,A2887
2888,2888,Accused_2888_Sharma,38,1,A2888
2889,2889,Accused_2889_Chavan,39,1,A2889
2890,2890,Accused_2890_Sharma,40,1,A2890
2891,2891,Kiran 'Blade' Kumar,41,1,REC_OFF_002
2892,2892,Accused_2892_Sharma,42,1,A2892
2893,2893,Accused_2893_Chavan,43,1,A2893
2894,2894,Accused_2894_Sharma,44,1,A2894
2895,2895,Accused_2895_Chavan,45,1,A2895
2896,2896,Accused_2896_Sharma,46,1,A2896
2897,2897,Accused_2897_Chavan,47,1,A2897
2898,2898,Dharmesh 'Razor' Pujari,48,1,REC_OFF_009
2899,2899,Accused_2899_Chavan,49,1,A2899
2900,2900,Accused_2900_Sharma,50,1,A2900
2901,2901,Accused_2901_Chavan,51,1,A2901
2902,2902,Accused_2902_Sharma,52,1,A2902
2903,2903,Accused_2903_Chavan,53,1,A2903
2904,2904,Accused_2904_Sharma,54,1,A2904
2905,2905,Anand 'Slick' Kulkarni,20,1,REC_OFF_006
2906,2906,Accused_2906_Sharma,21,1,A2906
2907,2907,Accused_2907_Chavan,22,1,A2907
2908,2908,Accused_2908_Sharma,23,1,A2908
2909,2909,Accused_2909_Chavan,24,1,A2909
2910,2910,Accused_2910_Sharma,25,1,A2910
2911,2911,Accused_2911_Chavan,26,1,A2911
2912,2912,Manjunath 'Spider' Naik,27,1,REC_OFF_003
2913,2913,Accused_2913_Chavan,28,1,A2913
2914,2914,Accused_2914_Sharma,29,1,A2914
2915,2915,Accused_2915_Chavan,30,1,A2915
2916,2916,Accused_2916_Sharma,31,1,A2916
2917,2917,Accused_2917_Chavan,32,1,A2917
2918,2918,Accused_2918_Sharma,33,1,A2918
2919,2919,Ganesh 'Viper' Hegde,34,1,REC_OFF_010
2920,2920,Accused_2920_Sharma,35,1,A2920
2921,2921,Accused_2921_Chavan,36,1,A2921
2922,2922,Accused_2922_Sharma,37,1,A2922
2923,2923,Accused_2923_Chavan,38,1,A2923
2924,2924,Accused_2924_Sharma,39,1,A2924
2925,2925,Accused_2925_Chavan,40,1,A2925
2926,2926,Sunil 'Chotta' Shetty,41,1,REC_OFF_007
2927,2927,Accused_2927_Chavan,42,1,A2927
2928,2928,Accused_2928_Sharma,43,1,A2928
2929,2929,Accused_2929_Chavan,44,1,A2929
2930,2930,Accused_2930_Sharma,45,1,A2930
2931,2931,Accused_2931_Chavan,46,1,A2931
2932,2932,Accused_2932_Sharma,47,1,A2932
2933,2933,Venkatesh 'Phantom' Rao,48,1,REC_OFF_004
2934,2934,Accused_2934_Sharma,49,1,A2934
2935,2935,Accused_2935_Chavan,50,1,A2935
2936,2936,Accused_2936_Sharma,51,1,A2936
2937,2937,Accused_2937_Chavan,52,1,A2937
2938,2938,Accused_2938_Sharma,53,1,A2938
2939,2939,Accused_2939_Chavan,54,1,A2939
2940,2940,Ramesh 'Syndicate' Gowda,20,1,REC_OFF_001
2941,2941,Accused_2941_Chavan,21,1,A2941
2942,2942,Accused_2942_Sharma,22,1,A2942
2943,2943,Accused_2943_Chavan,23,1,A2943
2944,2944,Accused_2944_Sharma,24,1,A2944
2945,2945,Accused_2945_Chavan,25,1,A2945
2946,2946,Accused_2946_Sharma,26,1,A2946
2947,2947,Pradeep 'Pistol' Deshmukh,27,1,REC_OFF_008
2948,2948,Accused_2948_Sharma,28,1,A2948
2949,2949,Accused_2949_Chavan,29,1,A2949
2950,2950,Accused_2950_Sharma,30,1,A2950
2951,2951,Accused_2951_Chavan,31,1,A2951
2952,2952,Accused_2952_Sharma,32,1,A2952
2953,2953,Accused_2953_Chavan,33,1,A2953
2954,2954,Basavaraj 'Shadow' Patil,34,1,REC_OFF_005
2955,2955,Accused_2955_Chavan,35,1,A2955
2956,2956,Accused_2956_Sharma,36,1,A2956
2957,2957,Accused_2957_Chavan,37,1,A2957
2958,2958,Accused_2958_Sharma,38,1,A2958
2959,2959,Accused_2959_Chavan,39,1,A2959
2960,2960,Accused_2960_Sharma,40,1,A2960
2961,2961,Kiran 'Blade' Kumar,41,1,REC_OFF_002
2962,2962,Accused_2962_Sharma,42,1,A2962
2963,2963,Accused_2963_Chavan,43,1,A2963
2964,2964,Accused_2964_Sharma,44,1,A2964
2965,2965,Accused_2965_Chavan,45,1,A2965
2966,2966,Accused_2966_Sharma,46,1,A2966
2967,2967,Accused_2967_Chavan,47,1,A2967
2968,2968,Dharmesh 'Razor' Pujari,48,1,REC_OFF_009
2969,2969,Accused_2969_Chavan,49,1,A2969
2970,2970,Accused_2970_Sharma,50,1,A2970
2971,2971,Accused_2971_Chavan,51,1,A2971
2972,2972,Accused_2972_Sharma,52,1,A2972
2973,2973,Accused_2973_Chavan,53,1,A2973
2974,2974,Accused_2974_Sharma,54,1,A2974
2975,2975,Anand 'Slick' Kulkarni,20,1,REC_OFF_006
2976,2976,Accused_2976_Sharma,21,1,A2976
2977,2977,Accused_2977_Chavan,22,1,A2977
2978,2978,Accused_2978_Sharma,23,1,A2978
2979,2979,Accused_2979_Chavan,24,1,A2979
2980,2980,Accused_2980_Sharma,25,1,A2980
2981,2981,Accused_2981_Chavan,26,1,A2981
2982,2982,Manjunath 'Spider' Naik,27,1,REC_OFF_003
2983,2983,Accused_2983_Chavan,28,1,A2983
2984,2984,Accused_2984_Sharma,29,1,A2984
2985,2985,Accused_2985_Chavan,30,1,A2985
2986,2986,Accused_2986_Sharma,31,1,A2986
2987,2987,Accused_2987_Chavan,32,1,A2987
2988,2988,Accused_2988_Sharma,33,1,A2988
2989,2989,Ganesh 'Viper' Hegde,34,1,REC_OFF_010
2990,2990,Accused_2990_Sharma,35,1,A2990
2991,2991,Accused_2991_Chavan,36,1,A2991
2992,2992,Accused_2992_Sharma,37,1,A2992
2993,2993,Accused_2993_Chavan,38,1,A2993
2994,2994,Accused_2994_Sharma,39,1,A2994
2995,2995,Accused_2995_Chavan,40,1,A2995
2996,2996,Sunil 'Chotta' Shetty,41,1,REC_OFF_007
2997,2997,Accused_2997_Chavan,42,1,A2997
2998,2998,Accused_2998_Sharma,43,1,A2998
2999,2999,Accused_2999_Chavan,44,1,A2999
3000,3000,Accused_3000_Sharma,45,1,A3000
3001,3001,Accused_3001_Chavan,46,1,A3001
3002,3002,Accused_3002_Sharma,47,1,A3002
3003,3003,Venkatesh 'Phantom' Rao,48,1,REC_OFF_004
3004,3004,Accused_3004_Sharma,49,1,A3004
3005,3005,Accused_3005_Chavan,50,1,A3005
3006,3006,Accused_3006_Sharma,51,1,A3006
3007,3007,Accused_3007_Chavan,52,1,A3007
3008,3008,Accused_3008_Sharma,53,1,A3008
3009,3009,Accused_3009_Chavan,54,1,A3009
3010,3010,Ramesh 'Syndicate' Gowda,20,1,REC_OFF_001
3011,3011,Accused_3011_Chavan,21,1,A3011
3012,3012,Accused_3012_Sharma,22,1,A3012
3013,3013,Accused_3013_Chavan,23,1,A3013
3014,3014,Accused_3014_Sharma,24,1,A3014
3015,3015,Accused_3015_Chavan,25,1,A3015
3016,3016,Accused_3016_Sharma,26,1,A3016
3017,3017,Pradeep 'Pistol' Deshmukh,27,1,REC_OFF_008
3018,3018,Accused_3018_Sharma,28,1,A3018
3019,3019,Accused_3019_Chavan,29,1,A3019
3020,3020,Accused_3020_Sharma,30,1,A3020
3021,3021,Accused_3021_Chavan,31,1,A3021
3022,3022,Accused_3022_Sharma,32,1,A3022
3023,3023,Accused_3023_Chavan,33,1,A3023
3024,3024,Basavaraj 'Shadow' Patil,34,1,REC_OFF_005
3025,3025,Accused_3025_Chavan,35,1,A3025
3026,3026,Accused_3026_Sharma,36,1,A3026
3027,3027,Accused_3027_Chavan,37,1,A3027
3028,3028,Accused_3028_Sharma,38,1,A3028
3029,3029,Accused_3029_Chavan,39,1,A3029
3030,3030,Accused_3030_Sharma,40,1,A3030
3031,3031,Kiran 'Blade' Kumar,41,1,REC_OFF_002
3032,3032,Accused_3032_Sharma,42,1,A3032
3033,3033,Accused_3033_Chavan,43,1,A3033
3034,3034,Accused_3034_Sharma,44,1,A3034
3035,3035,Accused_3035_Chavan,45,1,A3035
3036,3036,Accused_3036_Sharma,46,1,A3036
3037,3037,Accused_3037_Chavan,47,1,A3037
3038,3038,Dharmesh 'Razor' Pujari,48,1,REC_OFF_009
3039,3039,Accused_3039_Chavan,49,1,A3039
3040,3040,Accused_3040_Sharma,50,1,A3040
3041,3041,Accused_3041_Chavan,51,1,A3041
3042,3042,Accused_3042_Sharma,52,1,A3042
3043,3043,Accused_3043_Chavan,53,1,A3043
3044,3044,Accused_3044_Sharma,54,1,A3044
3045,3045,Anand 'Slick' Kulkarni,20,1,REC_OFF_006
3046,3046,Accused_3046_Sharma,21,1,A3046
3047,3047,Accused_3047_Chavan,22,1,A3047
3048,3048,Accused_3048_Sharma,23,1,A3048
3049,3049,Accused_3049_Chavan,24,1,A3049
3050,3050,Accused_3050_Sharma,25,1,A3050
3051,3051,Accused_3051_Chavan,26,1,A3051
3052,3052,Manjunath 'Spider' Naik,27,1,REC_OFF_003
3053,3053,Accused_3053_Chavan,28,1,A3053
3054,3054,Accused_3054_Sharma,29,1,A3054
3055,3055,Accused_3055_Chavan,30,1,A3055
3056,3056,Accused_3056_Sharma,31,1,A3056
3057,3057,Accused_3057_Chavan,32,1,A3057
3058,3058,Accused_3058_Sharma,33,1,A3058
3059,3059,Ganesh 'Viper' Hegde,34,1,REC_OFF_010
3060,3060,Accused_3060_Sharma,35,1,A3060
3061,3061,Accused_3061_Chavan,36,1,A3061
3062,3062,Accused_3062_Sharma,37,1,A3062
3063,3063,Accused_3063_Chavan,38,1,A3063
3064,3064,Accused_3064_Sharma,39,1,A3064
3065,3065,Accused_3065_Chavan,40,1,A3065
3066,3066,Sunil 'Chotta' Shetty,41,1,REC_OFF_007
3067,3067,Accused_3067_Chavan,42,1,A3067
3068,3068,Accused_3068_Sharma,43,1,A3068
3069,3069,Accused_3069_Chavan,44,1,A3069
3070,3070,Accused_3070_Sharma,45,1,A3070
3071,3071,Accused_3071_Chavan,46,1,A3071
3072,3072,Accused_3072_Sharma,47,1,A3072
3073,3073,Venkatesh 'Phantom' Rao,48,1,REC_OFF_004
3074,3074,Accused_3074_Sharma,49,1,A3074
3075,3075,Accused_3075_Chavan,50,1,A3075
3076,3076,Accused_3076_Sharma,51,1,A3076
3077,3077,Accused_3077_Chavan,52,1,A3077
3078,3078,Accused_3078_Sharma,53,1,A3078
3079,3079,Accused_3079_Chavan,54,1,A3079
3080,3080,Ramesh 'Syndicate' Gowda,20,1,REC_OFF_001
3081,3081,Accused_3081_Chavan,21,1,A3081
3082,3082,Accused_3082_Sharma,22,1,A3082
3083,3083,Accused_3083_Chavan,23,1,A3083
3084,3084,Accused_3084_Sharma,24,1,A3084
3085,3085,Accused_3085_Chavan,25,1,A3085
3086,3086,Accused_3086_Sharma,26,1,A3086
3087,3087,Pradeep 'Pistol' Deshmukh,27,1,REC_OFF_008
3088,3088,Accused_3088_Sharma,28,1,A3088
3089,3089,Accused_3089_Chavan,29,1,A3089
3090,3090,Accused_3090_Sharma,30,1,A3090
3091,3091,Accused_3091_Chavan,31,1,A3091
3092,3092,Accused_3092_Sharma,32,1,A3092
3093,3093,Accused_3093_Chavan,33,1,A3093
3094,3094,Basavaraj 'Shadow' Patil,34,1,REC_OFF_005
3095,3095,Accused_3095_Chavan,35,1,A3095
3096,3096,Accused_3096_Sharma,36,1,A3096
3097,3097,Accused_3097_Chavan,37,1,A3097
3098,3098,Accused_3098_Sharma,38,1,A3098
3099,3099,Accused_3099_Chavan,39,1,A3099
3100,3100,Accused_3100_Sharma,40,1,A3100
3101,3101,Kiran 'Blade' Kumar,41,1,REC_OFF_002
3102,3102,Accused_3102_Sharma,42,1,A3102
3103,3103,Accused_3103_Chavan,43,1,A3103
3104,3104,Accused_3104_Sharma,44,1,A3104
3105,3105,Accused_3105_Chavan,45,1,A3105
3106,3106,Accused_3106_Sharma,46,1,A3106
3107,3107,Accused_3107_Chavan,47,1,A3107
3108,3108,Dharmesh 'Razor' Pujari,48,1,REC_OFF_009
3109,3109,Accused_3109_Chavan,49,1,A3109
3110,3110,Accused_3110_Sharma,50,1,A3110
3111,3111,Accused_3111_Chavan,51,1,A3111
3112,3112,Accused_3112_Sharma,52,1,A3112
3113,3113,Accused_3113_Chavan,53,1,A3113
3114,3114,Accused_3114_Sharma,54,1,A3114
3115,3115,Anand 'Slick' Kulkarni,20,1,REC_OFF_006
3116,3116,Accused_3116_Sharma,21,1,A3116
3117,3117,Accused_3117_Chavan,22,1,A3117
3118,3118,Accused_3118_Sharma,23,1,A3118
3119,3119,Accused_3119_Chavan,24,1,A3119
3120,3120,Accused_3120_Sharma,25,1,A3120
3121,3121,Accused_3121_Chavan,26,1,A3121
3122,3122,Manjunath 'Spider' Naik,27,1,REC_OFF_003
3123,3123,Accused_3123_Chavan,28,1,A3123
3124,3124,Accused_3124_Sharma,29,1,A3124
3125,3125,Accused_3125_Chavan,30,1,A3125
3126,3126,Accused_3126_Sharma,31,1,A3126
3127,3127,Accused_3127_Chavan,32,1,A3127
3128,3128,Accused_3128_Sharma,33,1,A3128
3129,3129,Ganesh 'Viper' Hegde,34,1,REC_OFF_010
3130,3130,Accused_3130_Sharma,35,1,A3130
3131,3131,Accused_3131_Chavan,36,1,A3131
3132,3132,Accused_3132_Sharma,37,1,A3132
3133,3133,Accused_3133_Chavan,38,1,A3133
3134,3134,Accused_3134_Sharma,39,1,A3134
3135,3135,Accused_3135_Chavan,40,1,A3135
3136,3136,Sunil 'Chotta' Shetty,41,1,REC_OFF_007
3137,3137,Accused_3137_Chavan,42,1,A3137
3138,3138,Accused_3138_Sharma,43,1,A3138
3139,3139,Accused_3139_Chavan,44,1,A3139
3140,3140,Accused_3140_Sharma,45,1,A3140
3141,3141,Accused_3141_Chavan,46,1,A3141
3142,3142,Accused_3142_Sharma,47,1,A3142
3143,3143,Venkatesh 'Phantom' Rao,48,1,REC_OFF_004
3144,3144,Accused_3144_Sharma,49,1,A3144
3145,3145,Accused_3145_Chavan,50,1,A3145
3146,3146,Accused_3146_Sharma,51,1,A3146
3147,3147,Accused_3147_Chavan,52,1,A3147
3148,3148,Accused_3148_Sharma,53,1,A3148
3149,3149,Accused_3149_Chavan,54,1,A3149
3150,3150,Ramesh 'Syndicate' Gowda,20,1,REC_OFF_001
3151,3151,Accused_3151_Chavan,21,1,A3151
3152,3152,Accused_3152_Sharma,22,1,A3152
3153,3153,Accused_3153_Chavan,23,1,A3153
3154,3154,Accused_3154_Sharma,24,1,A3154
3155,3155,Accused_3155_Chavan,25,1,A3155
3156,3156,Accused_3156_Sharma,26,1,A3156
3157,3157,Pradeep 'Pistol' Deshmukh,27,1,REC_OFF_008
3158,3158,Accused_3158_Sharma,28,1,A3158
3159,3159,Accused_3159_Chavan,29,1,A3159
3160,3160,Accused_3160_Sharma,30,1,A3160
3161,3161,Accused_3161_Chavan,31,1,A3161
3162,3162,Accused_3162_Sharma,32,1,A3162
3163,3163,Accused_3163_Chavan,33,1,A3163
3164,3164,Basavaraj 'Shadow' Patil,34,1,REC_OFF_005
3165,3165,Accused_3165_Chavan,35,1,A3165
3166,3166,Accused_3166_Sharma,36,1,A3166
3167,3167,Accused_3167_Chavan,37,1,A3167
3168,3168,Accused_3168_Sharma,38,1,A3168
3169,3169,Accused_3169_Chavan,39,1,A3169
3170,3170,Accused_3170_Sharma,40,1,A3170
3171,3171,Kiran 'Blade' Kumar,41,1,REC_OFF_002
3172,3172,Accused_3172_Sharma,42,1,A3172
3173,3173,Accused_3173_Chavan,43,1,A3173
3174,3174,Accused_3174_Sharma,44,1,A3174
3175,3175,Accused_3175_Chavan,45,1,A3175
3176,3176,Accused_3176_Sharma,46,1,A3176
3177,3177,Accused_3177_Chavan,47,1,A3177
3178,3178,Dharmesh 'Razor' Pujari,48,1,REC_OFF_009
3179,3179,Accused_3179_Chavan,49,1,A3179
3180,3180,Accused_3180_Sharma,50,1,A3180
3181,3181,Accused_3181_Chavan,51,1,A3181
3182,3182,Accused_3182_Sharma,52,1,A3182
3183,3183,Accused_3183_Chavan,53,1,A3183
3184,3184,Accused_3184_Sharma,54,1,A3184
3185,3185,Anand 'Slick' Kulkarni,20,1,REC_OFF_006
3186,3186,Accused_3186_Sharma,21,1,A3186
3187,3187,Accused_3187_Chavan,22,1,A3187
3188,3188,Accused_3188_Sharma,23,1,A3188
3189,3189,Accused_3189_Chavan,24,1,A3189
3190,3190,Accused_3190_Sharma,25,1,A3190
3191,3191,Accused_3191_Chavan,26,1,A3191
3192,3192,Manjunath 'Spider' Naik,27,1,REC_OFF_003
3193,3193,Accused_3193_Chavan,28,1,A3193
3194,3194,Accused_3194_Sharma,29,1,A3194
3195,3195,Accused_3195_Chavan,30,1,A3195
3196,3196,Accused_3196_Sharma,31,1,A3196
3197,3197,Accused_3197_Chavan,32,1,A3197
3198,3198,Accused_3198_Sharma,33,1,A3198
3199,3199,Ganesh 'Viper' Hegde,34,1,REC_OFF_010
3200,3200,Accused_3200_Sharma,35,1,A3200
3201,3201,Accused_3201_Chavan,36,1,A3201
3202,3202,Accused_3202_Sharma,37,1,A3202
3203,3203,Accused_3203_Chavan,38,1,A3203
3204,3204,Accused_3204_Sharma,39,1,A3204
3205,3205,Accused_3205_Chavan,40,1,A3205
3206,3206,Sunil 'Chotta' Shetty,41,1,REC_OFF_007
3207,3207,Accused_3207_Chavan,42,1,A3207
3208,3208,Accused_3208_Sharma,43,1,A3208
3209,3209,Accused_3209_Chavan,44,1,A3209
3210,3210,Accused_3210_Sharma,45,1,A3210
3211,3211,Accused_3211_Chavan,46,1,A3211
3212,3212,Accused_3212_Sharma,47,1,A3212
3213,3213,Venkatesh 'Phantom' Rao,48,1,REC_OFF_004
3214,3214,Accused_3214_Sharma,49,1,A3214
3215,3215,Accused_3215_Chavan,50,1,A3215
3216,3216,Accused_3216_Sharma,51,1,A3216
3217,3217,Accused_3217_Chavan,52,1,A3217
3218,3218,Accused_3218_Sharma,53,1,A3218
3219,3219,Accused_3219_Chavan,54,1,A3219
3220,3220,Ramesh 'Syndicate' Gowda,20,1,REC_OFF_001
3221,3221,Accused_3221_Chavan,21,1,A3221
3222,3222,Accused_3222_Sharma,22,1,A3222
3223,3223,Accused_3223_Chavan,23,1,A3223
3224,3224,Accused_3224_Sharma,24,1,A3224
3225,3225,Accused_3225_Chavan,25,1,A3225
3226,3226,Accused_3226_Sharma,26,1,A3226
3227,3227,Pradeep 'Pistol' Deshmukh,27,1,REC_OFF_008
3228,3228,Accused_3228_Sharma,28,1,A3228
3229,3229,Accused_3229_Chavan,29,1,A3229
3230,3230,Accused_3230_Sharma,30,1,A3230
3231,3231,Accused_3231_Chavan,31,1,A3231
3232,3232,Accused_3232_Sharma,32,1,A3232
3233,3233,Accused_3233_Chavan,33,1,A3233
3234,3234,Basavaraj 'Shadow' Patil,34,1,REC_OFF_005
3235,3235,Accused_3235_Chavan,35,1,A3235
3236,3236,Accused_3236_Sharma,36,1,A3236
3237,3237,Accused_3237_Chavan,37,1,A3237
3238,3238,Accused_3238_Sharma,38,1,A3238
3239,3239,Accused_3239_Chavan,39,1,A3239
3240,3240,Accused_3240_Sharma,40,1,A3240
3241,3241,Kiran 'Blade' Kumar,41,1,REC_OFF_002
3242,3242,Accused_3242_Sharma,42,1,A3242
3243,3243,Accused_3243_Chavan,43,1,A3243
3244,3244,Accused_3244_Sharma,44,1,A3244
3245,3245,Accused_3245_Chavan,45,1,A3245
3246,3246,Accused_3246_Sharma,46,1,A3246
3247,3247,Accused_3247_Chavan,47,1,A3247
3248,3248,Dharmesh 'Razor' Pujari,48,1,REC_OFF_009
3249,3249,Accused_3249_Chavan,49,1,A3249
3250,3250,Accused_3250_Sharma,50,1,A3250
3251,3251,Accused_3251_Chavan,51,1,A3251
3252,3252,Accused_3252_Sharma,52,1,A3252
3253,3253,Accused_3253_Chavan,53,1,A3253
3254,3254,Accused_3254_Sharma,54,1,A3254
3255,3255,Anand 'Slick' Kulkarni,20,1,REC_OFF_006
3256,3256,Accused_3256_Sharma,21,1,A3256
3257,3257,Accused_3257_Chavan,22,1,A3257
3258,3258,Accused_3258_Sharma,23,1,A3258
3259,3259,Accused_3259_Chavan,24,1,A3259
3260,3260,Accused_3260_Sharma,25,1,A3260
3261,3261,Accused_3261_Chavan,26,1,A3261
3262,3262,Manjunath 'Spider' Naik,27,1,REC_OFF_003
3263,3263,Accused_3263_Chavan,28,1,A3263
3264,3264,Accused_3264_Sharma,29,1,A3264
3265,3265,Accused_3265_Chavan,30,1,A3265
3266,3266,Accused_3266_Sharma,31,1,A3266
3267,3267,Accused_3267_Chavan,32,1,A3267
3268,3268,Accused_3268_Sharma,33,1,A3268
3269,3269,Ganesh 'Viper' Hegde,34,1,REC_OFF_010
3270,3270,Accused_3270_Sharma,35,1,A3270
3271,3271,Accused_3271_Chavan,36,1,A3271
3272,3272,Accused_3272_Sharma,37,1,A3272
3273,3273,Accused_3273_Chavan,38,1,A3273
3274,3274,Accused_3274_Sharma,39,1,A3274
3275,3275,Accused_3275_Chavan,40,1,A3275
3276,3276,Sunil 'Chotta' Shetty,41,1,REC_OFF_007
3277,3277,Accused_3277_Chavan,42,1,A3277
3278,3278,Accused_3278_Sharma,43,1,A3278
3279,3279,Accused_3279_Chavan,44,1,A3279
3280,3280,Accused_3280_Sharma,45,1,A3280
3281,3281,Accused_3281_Chavan,46,1,A3281
3282,3282,Accused_3282_Sharma,47,1,A3282
3283,3283,Venkatesh 'Phantom' Rao,48,1,REC_OFF_004
3284,3284,Accused_3284_Sharma,49,1,A3284
3285,3285,Accused_3285_Chavan,50,1,A3285
3286,3286,Accused_3286_Sharma,51,1,A3286
3287,3287,Accused_3287_Chavan,52,1,A3287
3288,3288,Accused_3288_Sharma,53,1,A3288
3289,3289,Accused_3289_Chavan,54,1,A3289
3290,3290,Ramesh 'Syndicate' Gowda,20,1,REC_OFF_001
3291,3291,Accused_3291_Chavan,21,1,A3291
3292,3292,Accused_3292_Sharma,22,1,A3292
3293,3293,Accused_3293_Chavan,23,1,A3293
3294,3294,Accused_3294_Sharma,24,1,A3294
3295,3295,Accused_3295_Chavan,25,1,A3295
3296,3296,Accused_3296_Sharma,26,1,A3296
3297,3297,Pradeep 'Pistol' Deshmukh,27,1,REC_OFF_008
3298,3298,Accused_3298_Sharma,28,1,A3298
3299,3299,Accused_3299_Chavan,29,1,A3299
3300,3300,Accused_3300_Sharma,30,1,A3300
3301,3301,Accused_3301_Chavan,31,1,A3301
3302,3302,Accused_3302_Sharma,32,1,A3302
3303,3303,Accused_3303_Chavan,33,1,A3303
3304,3304,Basavaraj 'Shadow' Patil,34,1,REC_OFF_005
3305,3305,Accused_3305_Chavan,35,1,A3305
3306,3306,Accused_3306_Sharma,36,1,A3306
3307,3307,Accused_3307_Chavan,37,1,A3307
3308,3308,Accused_3308_Sharma,38,1,A3308
3309,3309,Accused_3309_Chavan,39,1,A3309
3310,3310,Accused_3310_Sharma,40,1,A3310
3311,3311,Kiran 'Blade' Kumar,41,1,REC_OFF_002
3312,3312,Accused_3312_Sharma,42,1,A3312
3313,3313,Accused_3313_Chavan,43,1,A3313
3314,3314,Accused_3314_Sharma,44,1,A3314
3315,3315,Accused_3315_Chavan,45,1,A3315
3316,3316,Accused_3316_Sharma,46,1,A3316
3317,3317,Accused_3317_Chavan,47,1,A3317
3318,3318,Dharmesh 'Razor' Pujari,48,1,REC_OFF_009
3319,3319,Accused_3319_Chavan,49,1,A3319
3320,3320,Accused_3320_Sharma,50,1,A3320
3321,3321,Accused_3321_Chavan,51,1,A3321
3322,3322,Accused_3322_Sharma,52,1,A3322
3323,3323,Accused_3323_Chavan,53,1,A3323
3324,3324,Accused_3324_Sharma,54,1,A3324
3325,3325,Anand 'Slick' Kulkarni,20,1,REC_OFF_006
3326,3326,Accused_3326_Sharma,21,1,A3326
3327,3327,Accused_3327_Chavan,22,1,A3327
3328,3328,Accused_3328_Sharma,23,1,A3328
3329,3329,Accused_3329_Chavan,24,1,A3329
3330,3330,Accused_3330_Sharma,25,1,A3330
3331,3331,Accused_3331_Chavan,26,1,A3331
3332,3332,Manjunath 'Spider' Naik,27,1,REC_OFF_003
3333,3333,Accused_3333_Chavan,28,1,A3333
3334,3334,Accused_3334_Sharma,29,1,A3334
3335,3335,Accused_3335_Chavan,30,1,A3335
3336,3336,Accused_3336_Sharma,31,1,A3336
3337,3337,Accused_3337_Chavan,32,1,A3337
3338,3338,Accused_3338_Sharma,33,1,A3338
3339,3339,Ganesh 'Viper' Hegde,34,1,REC_OFF_010
3340,3340,Accused_3340_Sharma,35,1,A3340
3341,3341,Accused_3341_Chavan,36,1,A3341
3342,3342,Accused_3342_Sharma,37,1,A3342
3343,3343,Accused_3343_Chavan,38,1,A3343
3344,3344,Accused_3344_Sharma,39,1,A3344
3345,3345,Accused_3345_Chavan,40,1,A3345
3346,3346,Sunil 'Chotta' Shetty,41,1,REC_OFF_007
3347,3347,Accused_3347_Chavan,42,1,A3347
3348,3348,Accused_3348_Sharma,43,1,A3348
3349,3349,Accused_3349_Chavan,44,1,A3349
3350,3350,Accused_3350_Sharma,45,1,A3350
3351,3351,Accused_3351_Chavan,46,1,A3351
3352,3352,Accused_3352_Sharma,47,1,A3352
3353,3353,Venkatesh 'Phantom' Rao,48,1,REC_OFF_004
3354,3354,Accused_3354_Sharma,49,1,A3354
3355,3355,Accused_3355_Chavan,50,1,A3355
3356,3356,Accused_3356_Sharma,51,1,A3356
3357,3357,Accused_3357_Chavan,52,1,A3357
3358,3358,Accused_3358_Sharma,53,1,A3358
3359,3359,Accused_3359_Chavan,54,1,A3359
3360,3360,Ramesh 'Syndicate' Gowda,20,1,REC_OFF_001
3361,3361,Accused_3361_Chavan,21,1,A3361
3362,3362,Accused_3362_Sharma,22,1,A3362
3363,3363,Accused_3363_Chavan,23,1,A3363
3364,3364,Accused_3364_Sharma,24,1,A3364
3365,3365,Accused_3365_Chavan,25,1,A3365
3366,3366,Accused_3366_Sharma,26,1,A3366
3367,3367,Pradeep 'Pistol' Deshmukh,27,1,REC_OFF_008
3368,3368,Accused_3368_Sharma,28,1,A3368
3369,3369,Accused_3369_Chavan,29,1,A3369
3370,3370,Accused_3370_Sharma,30,1,A3370
3371,3371,Accused_3371_Chavan,31,1,A3371
3372,3372,Accused_3372_Sharma,32,1,A3372
3373,3373,Accused_3373_Chavan,33,1,A3373
3374,3374,Basavaraj 'Shadow' Patil,34,1,REC_OFF_005
3375,3375,Accused_3375_Chavan,35,1,A3375
3376,3376,Accused_3376_Sharma,36,1,A3376
3377,3377,Accused_3377_Chavan,37,1,A3377
3378,3378,Accused_3378_Sharma,38,1,A3378
3379,3379,Accused_3379_Chavan,39,1,A3379
3380,3380,Accused_3380_Sharma,40,1,A3380
3381,3381,Kiran 'Blade' Kumar,41,1,REC_OFF_002
3382,3382,Accused_3382_Sharma,42,1,A3382
3383,3383,Accused_3383_Chavan,43,1,A3383
3384,3384,Accused_3384_Sharma,44,1,A3384
3385,3385,Accused_3385_Chavan,45,1,A3385
3386,3386,Accused_3386_Sharma,46,1,A3386
3387,3387,Accused_3387_Chavan,47,1,A3387
3388,3388,Dharmesh 'Razor' Pujari,48,1,REC_OFF_009
3389,3389,Accused_3389_Chavan,49,1,A3389
3390,3390,Accused_3390_Sharma,50,1,A3390
3391,3391,Accused_3391_Chavan,51,1,A3391
3392,3392,Accused_3392_Sharma,52,1,A3392
3393,3393,Accused_3393_Chavan,53,1,A3393
3394,3394,Accused_3394_Sharma,54,1,A3394
3395,3395,Anand 'Slick' Kulkarni,20,1,REC_OFF_006
3396,3396,Accused_3396_Sharma,21,1,A3396
3397,3397,Accused_3397_Chavan,22,1,A3397
3398,3398,Accused_3398_Sharma,23,1,A3398
3399,3399,Accused_3399_Chavan,24,1,A3399
3400,3400,Accused_3400_Sharma,25,1,A3400
3401,3401,Accused_3401_Chavan,26,1,A3401
3402,3402,Manjunath 'Spider' Naik,27,1,REC_OFF_003
3403,3403,Accused_3403_Chavan,28,1,A3403
3404,3404,Accused_3404_Sharma,29,1,A3404
3405,3405,Accused_3405_Chavan,30,1,A3405
3406,3406,Accused_3406_Sharma,31,1,A3406
3407,3407,Accused_3407_Chavan,32,1,A3407
3408,3408,Accused_3408_Sharma,33,1,A3408
3409,3409,Ganesh 'Viper' Hegde,34,1,REC_OFF_010
3410,3410,Accused_3410_Sharma,35,1,A3410
3411,3411,Accused_3411_Chavan,36,1,A3411
3412,3412,Accused_3412_Sharma,37,1,A3412
3413,3413,Accused_3413_Chavan,38,1,A3413
3414,3414,Accused_3414_Sharma,39,1,A3414
3415,3415,Accused_3415_Chavan,40,1,A3415
3416,3416,Sunil 'Chotta' Shetty,41,1,REC_OFF_007
3417,3417,Accused_3417_Chavan,42,1,A3417
3418,3418,Accused_3418_Sharma,43,1,A3418
3419,3419,Accused_3419_Chavan,44,1,A3419
3420,3420,Accused_3420_Sharma,45,1,A3420
3421,3421,Accused_3421_Chavan,46,1,A3421
3422,3422,Accused_3422_Sharma,47,1,A3422
3423,3423,Venkatesh 'Phantom' Rao,48,1,REC_OFF_004
3424,3424,Accused_3424_Sharma,49,1,A3424
3425,3425,Accused_3425_Chavan,50,1,A3425
3426,3426,Accused_3426_Sharma,51,1,A3426
3427,3427,Accused_3427_Chavan,52,1,A3427
3428,3428,Accused_3428_Sharma,53,1,A3428
3429,3429,Accused_3429_Chavan,54,1,A3429
3430,3430,Ramesh 'Syndicate' Gowda,20,1,REC_OFF_001
3431,3431,Accused_3431_Chavan,21,1,A3431
3432,3432,Accused_3432_Sharma,22,1,A3432
3433,3433,Accused_3433_Chavan,23,1,A3433
3434,3434,Accused_3434_Sharma,24,1,A3434
3435,3435,Accused_3435_Chavan,25,1,A3435
3436,3436,Accused_3436_Sharma,26,1,A3436
3437,3437,Pradeep 'Pistol' Deshmukh,27,1,REC_OFF_008
3438,3438,Accused_3438_Sharma,28,1,A3438
3439,3439,Accused_3439_Chavan,29,1,A3439
3440,3440,Accused_3440_Sharma,30,1,A3440
3441,3441,Accused_3441_Chavan,31,1,A3441
3442,3442,Accused_3442_Sharma,32,1,A3442
3443,3443,Accused_3443_Chavan,33,1,A3443
3444,3444,Basavaraj 'Shadow' Patil,34,1,REC_OFF_005
3445,3445,Accused_3445_Chavan,35,1,A3445
3446,3446,Accused_3446_Sharma,36,1,A3446
3447,3447,Accused_3447_Chavan,37,1,A3447
3448,3448,Accused_3448_Sharma,38,1,A3448
3449,3449,Accused_3449_Chavan,39,1,A3449
3450,3450,Accused_3450_Sharma,40,1,A3450
3451,3451,Kiran 'Blade' Kumar,41,1,REC_OFF_002
3452,3452,Accused_3452_Sharma,42,1,A3452
3453,3453,Accused_3453_Chavan,43,1,A3453
3454,3454,Accused_3454_Sharma,44,1,A3454
3455,3455,Accused_3455_Chavan,45,1,A3455
3456,3456,Accused_3456_Sharma,46,1,A3456
3457,3457,Accused_3457_Chavan,47,1,A3457
3458,3458,Dharmesh 'Razor' Pujari,48,1,REC_OFF_009
3459,3459,Accused_3459_Chavan,49,1,A3459
3460,3460,Accused_3460_Sharma,50,1,A3460
3461,3461,Accused_3461_Chavan,51,1,A3461
3462,3462,Accused_3462_Sharma,52,1,A3462
3463,3463,Accused_3463_Chavan,53,1,A3463
3464,3464,Accused_3464_Sharma,54,1,A3464
3465,3465,Anand 'Slick' Kulkarni,20,1,REC_OFF_006
3466,3466,Accused_3466_Sharma,21,1,A3466
3467,3467,Accused_3467_Chavan,22,1,A3467
3468,3468,Accused_3468_Sharma,23,1,A3468
3469,3469,Accused_3469_Chavan,24,1,A3469
3470,3470,Accused_3470_Sharma,25,1,A3470
3471,3471,Accused_3471_Chavan,26,1,A3471
3472,3472,Manjunath 'Spider' Naik,27,1,REC_OFF_003
3473,3473,Accused_3473_Chavan,28,1,A3473
3474,3474,Accused_3474_Sharma,29,1,A3474
3475,3475,Accused_3475_Chavan,30,1,A3475
3476,3476,Accused_3476_Sharma,31,1,A3476
3477,3477,Accused_3477_Chavan,32,1,A3477
3478,3478,Accused_3478_Sharma,33,1,A3478
3479,3479,Ganesh 'Viper' Hegde,34,1,REC_OFF_010
3480,3480,Accused_3480_Sharma,35,1,A3480
3481,3481,Accused_3481_Chavan,36,1,A3481
3482,3482,Accused_3482_Sharma,37,1,A3482
3483,3483,Accused_3483_Chavan,38,1,A3483
3484,3484,Accused_3484_Sharma,39,1,A3484
3485,3485,Accused_3485_Chavan,40,1,A3485
3486,3486,Sunil 'Chotta' Shetty,41,1,REC_OFF_007
3487,3487,Accused_3487_Chavan,42,1,A3487
3488,3488,Accused_3488_Sharma,43,1,A3488
3489,3489,Accused_3489_Chavan,44,1,A3489
3490,3490,Accused_3490_Sharma,45,1,A3490
3491,3491,Accused_3491_Chavan,46,1,A3491
3492,3492,Accused_3492_Sharma,47,1,A3492
3493,3493,Venkatesh 'Phantom' Rao,48,1,REC_OFF_004
3494,3494,Accused_3494_Sharma,49,1,A3494
3495,3495,Accused_3495_Chavan,50,1,A3495
3496,3496,Accused_3496_Sharma,51,1,A3496
3497,3497,Accused_3497_Chavan,52,1,A3497
3498,3498,Accused_3498_Sharma,53,1,A3498
3499,3499,Accused_3499_Chavan,54,1,A3499
3500,3500,Ramesh 'Syndicate' Gowda,20,1,REC_OFF_001
3501,3501,Accused_3501_Chavan,21,1,A3501
3502,3502,Accused_3502_Sharma,22,1,A3502
3503,3503,Accused_3503_Chavan,23,1,A3503
3504,3504,Accused_3504_Sharma,24,1,A3504
3505,3505,Accused_3505_Chavan,25,1,A3505
3506,3506,Accused_3506_Sharma,26,1,A3506
3507,3507,Pradeep 'Pistol' Deshmukh,27,1,REC_OFF_008
3508,3508,Accused_3508_Sharma,28,1,A3508
3509,3509,Accused_3509_Chavan,29,1,A3509
3510,3510,Accused_3510_Sharma,30,1,A3510
3511,3511,Accused_3511_Chavan,31,1,A3511
3512,3512,Accused_3512_Sharma,32,1,A3512
3513,3513,Accused_3513_Chavan,33,1,A3513
3514,3514,Basavaraj 'Shadow' Patil,34,1,REC_OFF_005
3515,3515,Accused_3515_Chavan,35,1,A3515
3516,3516,Accused_3516_Sharma,36,1,A3516
3517,3517,Accused_3517_Chavan,37,1,A3517
3518,3518,Accused_3518_Sharma,38,1,A3518
3519,3519,Accused_3519_Chavan,39,1,A3519
3520,3520,Accused_3520_Sharma,40,1,A3520
3521,3521,Kiran 'Blade' Kumar,41,1,REC_OFF_002
3522,3522,Accused_3522_Sharma,42,1,A3522
3523,3523,Accused_3523_Chavan,43,1,A3523
3524,3524,Accused_3524_Sharma,44,1,A3524
3525,3525,Accused_3525_Chavan,45,1,A3525
3526,3526,Accused_3526_Sharma,46,1,A3526
3527,3527,Accused_3527_Chavan,47,1,A3527
3528,3528,Dharmesh 'Razor' Pujari,48,1,REC_OFF_009
3529,3529,Accused_3529_Chavan,49,1,A3529
3530,3530,Accused_3530_Sharma,50,1,A3530
3531,3531,Accused_3531_Chavan,51,1,A3531
3532,3532,Accused_3532_Sharma,52,1,A3532
3533,3533,Accused_3533_Chavan,53,1,A3533
3534,3534,Accused_3534_Sharma,54,1,A3534
3535,3535,Anand 'Slick' Kulkarni,20,1,REC_OFF_006
3536,3536,Accused_3536_Sharma,21,1,A3536
3537,3537,Accused_3537_Chavan,22,1,A3537
3538,3538,Accused_3538_Sharma,23,1,A3538
3539,3539,Accused_3539_Chavan,24,1,A3539
3540,3540,Accused_3540_Sharma,25,1,A3540
3541,3541,Accused_3541_Chavan,26,1,A3541
3542,3542,Manjunath 'Spider' Naik,27,1,REC_OFF_003
3543,3543,Accused_3543_Chavan,28,1,A3543
3544,3544,Accused_3544_Sharma,29,1,A3544
3545,3545,Accused_3545_Chavan,30,1,A3545
3546,3546,Accused_3546_Sharma,31,1,A3546
3547,3547,Accused_3547_Chavan,32,1,A3547
3548,3548,Accused_3548_Sharma,33,1,A3548
3549,3549,Ganesh 'Viper' Hegde,34,1,REC_OFF_010
3550,3550,Accused_3550_Sharma,35,1,A3550
3551,3551,Accused_3551_Chavan,36,1,A3551
3552,3552,Accused_3552_Sharma,37,1,A3552
3553,3553,Accused_3553_Chavan,38,1,A3553
3554,3554,Accused_3554_Sharma,39,1,A3554
3555,3555,Accused_3555_Chavan,40,1,A3555
3556,3556,Sunil 'Chotta' Shetty,41,1,REC_OFF_007
3557,3557,Accused_3557_Chavan,42,1,A3557
3558,3558,Accused_3558_Sharma,43,1,A3558
3559,3559,Accused_3559_Chavan,44,1,A3559
3560,3560,Accused_3560_Sharma,45,1,A3560
3561,3561,Accused_3561_Chavan,46,1,A3561
3562,3562,Accused_3562_Sharma,47,1,A3562
3563,3563,Venkatesh 'Phantom' Rao,48,1,REC_OFF_004
3564,3564,Accused_3564_Sharma,49,1,A3564
3565,3565,Accused_3565_Chavan,50,1,A3565
3566,3566,Accused_3566_Sharma,51,1,A3566
3567,3567,Accused_3567_Chavan,52,1,A3567
3568,3568,Accused_3568_Sharma,53,1,A3568
3569,3569,Accused_3569_Chavan,54,1,A3569
3570,3570,Ramesh 'Syndicate' Gowda,20,1,REC_OFF_001
3571,3571,Accused_3571_Chavan,21,1,A3571
3572,3572,Accused_3572_Sharma,22,1,A3572
3573,3573,Accused_3573_Chavan,23,1,A3573
3574,3574,Accused_3574_Sharma,24,1,A3574
3575,3575,Accused_3575_Chavan,25,1,A3575
3576,3576,Accused_3576_Sharma,26,1,A3576
3577,3577,Pradeep 'Pistol' Deshmukh,27,1,REC_OFF_008
3578,3578,Accused_3578_Sharma,28,1,A3578
3579,3579,Accused_3579_Chavan,29,1,A3579
3580,3580,Accused_3580_Sharma,30,1,A3580
3581,3581,Accused_3581_Chavan,31,1,A3581
3582,3582,Accused_3582_Sharma,32,1,A3582
3583,3583,Accused_3583_Chavan,33,1,A3583
3584,3584,Basavaraj 'Shadow' Patil,34,1,REC_OFF_005
3585,3585,Accused_3585_Chavan,35,1,A3585
3586,3586,Accused_3586_Sharma,36,1,A3586
3587,3587,Accused_3587_Chavan,37,1,A3587
3588,3588,Accused_3588_Sharma,38,1,A3588
3589,3589,Accused_3589_Chavan,39,1,A3589
3590,3590,Accused_3590_Sharma,40,1,A3590
3591,3591,Kiran 'Blade' Kumar,41,1,REC_OFF_002
3592,3592,Accused_3592_Sharma,42,1,A3592
3593,3593,Accused_3593_Chavan,43,1,A3593
3594,3594,Accused_3594_Sharma,44,1,A3594
3595,3595,Accused_3595_Chavan,45,1,A3595
3596,3596,Accused_3596_Sharma,46,1,A3596
3597,3597,Accused_3597_Chavan,47,1,A3597
3598,3598,Dharmesh 'Razor' Pujari,48,1,REC_OFF_009
3599,3599,Accused_3599_Chavan,49,1,A3599
3600,3600,Accused_3600_Sharma,50,1,A3600
3601,3601,Accused_3601_Chavan,51,1,A3601
3602,3602,Accused_3602_Sharma,52,1,A3602
3603,3603,Accused_3603_Chavan,53,1,A3603
3604,3604,Accused_3604_Sharma,54,1,A3604
3605,3605,Anand 'Slick' Kulkarni,20,1,REC_OFF_006
3606,3606,Accused_3606_Sharma,21,1,A3606
3607,3607,Accused_3607_Chavan,22,1,A3607
3608,3608,Accused_3608_Sharma,23,1,A3608
3609,3609,Accused_3609_Chavan,24,1,A3609
3610,3610,Accused_3610_Sharma,25,1,A3610
3611,3611,Accused_3611_Chavan,26,1,A3611
3612,3612,Manjunath 'Spider' Naik,27,1,REC_OFF_003
3613,3613,Accused_3613_Chavan,28,1,A3613
3614,3614,Accused_3614_Sharma,29,1,A3614
3615,3615,Accused_3615_Chavan,30,1,A3615
3616,3616,Accused_3616_Sharma,31,1,A3616
3617,3617,Accused_3617_Chavan,32,1,A3617
3618,3618,Accused_3618_Sharma,33,1,A3618
3619,3619,Ganesh 'Viper' Hegde,34,1,REC_OFF_010
3620,3620,Accused_3620_Sharma,35,1,A3620
3621,3621,Accused_3621_Chavan,36,1,A3621
3622,3622,Accused_3622_Sharma,37,1,A3622
3623,3623,Accused_3623_Chavan,38,1,A3623
3624,3624,Accused_3624_Sharma,39,1,A3624
3625,3625,Accused_3625_Chavan,40,1,A3625
3626,3626,Sunil 'Chotta' Shetty,41,1,REC_OFF_007
3627,3627,Accused_3627_Chavan,42,1,A3627
3628,3628,Accused_3628_Sharma,43,1,A3628
3629,3629,Accused_3629_Chavan,44,1,A3629
3630,3630,Accused_3630_Sharma,45,1,A3630
3631,3631,Accused_3631_Chavan,46,1,A3631
3632,3632,Accused_3632_Sharma,47,1,A3632
3633,3633,Venkatesh 'Phantom' Rao,48,1,REC_OFF_004
3634,3634,Accused_3634_Sharma,49,1,A3634
3635,3635,Accused_3635_Chavan,50,1,A3635
3636,3636,Accused_3636_Sharma,51,1,A3636
3637,3637,Accused_3637_Chavan,52,1,A3637
3638,3638,Accused_3638_Sharma,53,1,A3638
3639,3639,Accused_3639_Chavan,54,1,A3639
3640,3640,Ramesh 'Syndicate' Gowda,20,1,REC_OFF_001
3641,3641,Accused_3641_Chavan,21,1,A3641
3642,3642,Accused_3642_Sharma,22,1,A3642
3643,3643,Accused_3643_Chavan,23,1,A3643
3644,3644,Accused_3644_Sharma,24,1,A3644
3645,3645,Accused_3645_Chavan,25,1,A3645
3646,3646,Accused_3646_Sharma,26,1,A3646
3647,3647,Pradeep 'Pistol' Deshmukh,27,1,REC_OFF_008
3648,3648,Accused_3648_Sharma,28,1,A3648
3649,3649,Accused_3649_Chavan,29,1,A3649
3650,3650,Accused_3650_Sharma,30,1,A3650
3651,3651,Accused_3651_Chavan,31,1,A3651
3652,3652,Accused_3652_Sharma,32,1,A3652
3653,3653,Accused_3653_Chavan,33,1,A3653
3654,3654,Basavaraj 'Shadow' Patil,34,1,REC_OFF_005
3655,3655,Accused_3655_Chavan,35,1,A3655
3656,3656,Accused_3656_Sharma,36,1,A3656
3657,3657,Accused_3657_Chavan,37,1,A3657
3658,3658,Accused_3658_Sharma,38,1,A3658
3659,3659,Accused_3659_Chavan,39,1,A3659
3660,3660,Accused_3660_Sharma,40,1,A3660
3661,3661,Kiran 'Blade' Kumar,41,1,REC_OFF_002
3662,3662,Accused_3662_Sharma,42,1,A3662
3663,3663,Accused_3663_Chavan,43,1,A3663
3664,3664,Accused_3664_Sharma,44,1,A3664
3665,3665,Accused_3665_Chavan,45,1,A3665
3666,3666,Accused_3666_Sharma,46,1,A3666
3667,3667,Accused_3667_Chavan,47,1,A3667
3668,3668,Dharmesh 'Razor' Pujari,48,1,REC_OFF_009
3669,3669,Accused_3669_Chavan,49,1,A3669
3670,3670,Accused_3670_Sharma,50,1,A3670
3671,3671,Accused_3671_Chavan,51,1,A3671
3672,3672,Accused_3672_Sharma,52,1,A3672
3673,3673,Accused_3673_Chavan,53,1,A3673
3674,3674,Accused_3674_Sharma,54,1,A3674
3675,3675,Anand 'Slick' Kulkarni,20,1,REC_OFF_006
3676,3676,Accused_3676_Sharma,21,1,A3676
3677,3677,Accused_3677_Chavan,22,1,A3677
3678,3678,Accused_3678_Sharma,23,1,A3678
3679,3679,Accused_3679_Chavan,24,1,A3679
3680,3680,Accused_3680_Sharma,25,1,A3680
3681,3681,Accused_3681_Chavan,26,1,A3681
3682,3682,Manjunath 'Spider' Naik,27,1,REC_OFF_003
3683,3683,Accused_3683_Chavan,28,1,A3683
3684,3684,Accused_3684_Sharma,29,1,A3684
3685,3685,Accused_3685_Chavan,30,1,A3685
3686,3686,Accused_3686_Sharma,31,1,A3686
3687,3687,Accused_3687_Chavan,32,1,A3687
3688,3688,Accused_3688_Sharma,33,1,A3688
3689,3689,Ganesh 'Viper' Hegde,34,1,REC_OFF_010
3690,3690,Accused_3690_Sharma,35,1,A3690
3691,3691,Accused_3691_Chavan,36,1,A3691
3692,3692,Accused_3692_Sharma,37,1,A3692
3693,3693,Accused_3693_Chavan,38,1,A3693
3694,3694,Accused_3694_Sharma,39,1,A3694
3695,3695,Accused_3695_Chavan,40,1,A3695
3696,3696,Sunil 'Chotta' Shetty,41,1,REC_OFF_007
3697,3697,Accused_3697_Chavan,42,1,A3697
3698,3698,Accused_3698_Sharma,43,1,A3698
3699,3699,Accused_3699_Chavan,44,1,A3699
3700,3700,Accused_3700_Sharma,45,1,A3700
3701,3701,Accused_3701_Chavan,46,1,A3701
3702,3702,Accused_3702_Sharma,47,1,A3702
3703,3703,Venkatesh 'Phantom' Rao,48,1,REC_OFF_004
3704,3704,Accused_3704_Sharma,49,1,A3704
3705,3705,Accused_3705_Chavan,50,1,A3705
3706,3706,Accused_3706_Sharma,51,1,A3706
3707,3707,Accused_3707_Chavan,52,1,A3707
3708,3708,Accused_3708_Sharma,53,1,A3708
3709,3709,Accused_3709_Chavan,54,1,A3709
3710,3710,Ramesh 'Syndicate' Gowda,20,1,REC_OFF_001
3711,3711,Accused_3711_Chavan,21,1,A3711
3712,3712,Accused_3712_Sharma,22,1,A3712
3713,3713,Accused_3713_Chavan,23,1,A3713
3714,3714,Accused_3714_Sharma,24,1,A3714
3715,3715,Accused_3715_Chavan,25,1,A3715
3716,3716,Accused_3716_Sharma,26,1,A3716
3717,3717,Pradeep 'Pistol' Deshmukh,27,1,REC_OFF_008
3718,3718,Accused_3718_Sharma,28,1,A3718
3719,3719,Accused_3719_Chavan,29,1,A3719
3720,3720,Accused_3720_Sharma,30,1,A3720
3721,3721,Accused_3721_Chavan,31,1,A3721
3722,3722,Accused_3722_Sharma,32,1,A3722
3723,3723,Accused_3723_Chavan,33,1,A3723
3724,3724,Basavaraj 'Shadow' Patil,34,1,REC_OFF_005
3725,3725,Accused_3725_Chavan,35,1,A3725
3726,3726,Accused_3726_Sharma,36,1,A3726
3727,3727,Accused_3727_Chavan,37,1,A3727
3728,3728,Accused_3728_Sharma,38,1,A3728
3729,3729,Accused_3729_Chavan,39,1,A3729
3730,3730,Accused_3730_Sharma,40,1,A3730
3731,3731,Kiran 'Blade' Kumar,41,1,REC_OFF_002
3732,3732,Accused_3732_Sharma,42,1,A3732
3733,3733,Accused_3733_Chavan,43,1,A3733
3734,3734,Accused_3734_Sharma,44,1,A3734
3735,3735,Accused_3735_Chavan,45,1,A3735
3736,3736,Accused_3736_Sharma,46,1,A3736
3737,3737,Accused_3737_Chavan,47,1,A3737
3738,3738,Dharmesh 'Razor' Pujari,48,1,REC_OFF_009
3739,3739,Accused_3739_Chavan,49,1,A3739
3740,3740,Accused_3740_Sharma,50,1,A3740
3741,3741,Accused_3741_Chavan,51,1,A3741
3742,3742,Accused_3742_Sharma,52,1,A3742
3743,3743,Accused_3743_Chavan,53,1,A3743
3744,3744,Accused_3744_Sharma,54,1,A3744
3745,3745,Anand 'Slick' Kulkarni,20,1,REC_OFF_006
3746,3746,Accused_3746_Sharma,21,1,A3746
3747,3747,Accused_3747_Chavan,22,1,A3747
3748,3748,Accused_3748_Sharma,23,1,A3748
3749,3749,Accused_3749_Chavan,24,1,A3749
3750,3750,Accused_3750_Sharma,25,1,A3750
3751,3751,Accused_3751_Chavan,26,1,A3751
3752,3752,Manjunath 'Spider' Naik,27,1,REC_OFF_003
3753,3753,Accused_3753_Chavan,28,1,A3753
3754,3754,Accused_3754_Sharma,29,1,A3754
3755,3755,Accused_3755_Chavan,30,1,A3755
3756,3756,Accused_3756_Sharma,31,1,A3756
3757,3757,Accused_3757_Chavan,32,1,A3757
3758,3758,Accused_3758_Sharma,33,1,A3758
3759,3759,Ganesh 'Viper' Hegde,34,1,REC_OFF_010
3760,3760,Accused_3760_Sharma,35,1,A3760
3761,3761,Accused_3761_Chavan,36,1,A3761
3762,3762,Accused_3762_Sharma,37,1,A3762
3763,3763,Accused_3763_Chavan,38,1,A3763
3764,3764,Accused_3764_Sharma,39,1,A3764
3765,3765,Accused_3765_Chavan,40,1,A3765
3766,3766,Sunil 'Chotta' Shetty,41,1,REC_OFF_007
3767,3767,Accused_3767_Chavan,42,1,A3767
3768,3768,Accused_3768_Sharma,43,1,A3768
3769,3769,Accused_3769_Chavan,44,1,A3769
3770,3770,Accused_3770_Sharma,45,1,A3770
3771,3771,Accused_3771_Chavan,46,1,A3771
3772,3772,Accused_3772_Sharma,47,1,A3772
3773,3773,Venkatesh 'Phantom' Rao,48,1,REC_OFF_004
3774,3774,Accused_3774_Sharma,49,1,A3774
3775,3775,Accused_3775_Chavan,50,1,A3775
3776,3776,Accused_3776_Sharma,51,1,A3776
3777,3777,Accused_3777_Chavan,52,1,A3777
3778,3778,Accused_3778_Sharma,53,1,A3778
3779,3779,Accused_3779_Chavan,54,1,A3779
3780,3780,Ramesh 'Syndicate' Gowda,20,1,REC_OFF_001
3781,3781,Accused_3781_Chavan,21,1,A3781
3782,3782,Accused_3782_Sharma,22,1,A3782
3783,3783,Accused_3783_Chavan,23,1,A3783
3784,3784,Accused_3784_Sharma,24,1,A3784
3785,3785,Accused_3785_Chavan,25,1,A3785
3786,3786,Accused_3786_Sharma,26,1,A3786
3787,3787,Pradeep 'Pistol' Deshmukh,27,1,REC_OFF_008
3788,3788,Accused_3788_Sharma,28,1,A3788
3789,3789,Accused_3789_Chavan,29,1,A3789
3790,3790,Accused_3790_Sharma,30,1,A3790
3791,3791,Accused_3791_Chavan,31,1,A3791
3792,3792,Accused_3792_Sharma,32,1,A3792
3793,3793,Accused_3793_Chavan,33,1,A3793
3794,3794,Basavaraj 'Shadow' Patil,34,1,REC_OFF_005
3795,3795,Accused_3795_Chavan,35,1,A3795
3796,3796,Accused_3796_Sharma,36,1,A3796
3797,3797,Accused_3797_Chavan,37,1,A3797
3798,3798,Accused_3798_Sharma,38,1,A3798
3799,3799,Accused_3799_Chavan,39,1,A3799
3800,3800,Accused_3800_Sharma,40,1,A3800
3801,3801,Kiran 'Blade' Kumar,41,1,REC_OFF_002
3802,3802,Accused_3802_Sharma,42,1,A3802
3803,3803,Accused_3803_Chavan,43,1,A3803
3804,3804,Accused_3804_Sharma,44,1,A3804
3805,3805,Accused_3805_Chavan,45,1,A3805
3806,3806,Accused_3806_Sharma,46,1,A3806
3807,3807,Accused_3807_Chavan,47,1,A3807
3808,3808,Dharmesh 'Razor' Pujari,48,1,REC_OFF_009
3809,3809,Accused_3809_Chavan,49,1,A3809
3810,3810,Accused_3810_Sharma,50,1,A3810
3811,3811,Accused_3811_Chavan,51,1,A3811
3812,3812,Accused_3812_Sharma,52,1,A3812
3813,3813,Accused_3813_Chavan,53,1,A3813
3814,3814,Accused_3814_Sharma,54,1,A3814
3815,3815,Anand 'Slick' Kulkarni,20,1,REC_OFF_006
3816,3816,Accused_3816_Sharma,21,1,A3816
3817,3817,Accused_3817_Chavan,22,1,A3817
3818,3818,Accused_3818_Sharma,23,1,A3818
3819,3819,Accused_3819_Chavan,24,1,A3819
3820,3820,Accused_3820_Sharma,25,1,A3820
3821,3821,Accused_3821_Chavan,26,1,A3821
3822,3822,Manjunath 'Spider' Naik,27,1,REC_OFF_003
3823,3823,Accused_3823_Chavan,28,1,A3823
3824,3824,Accused_3824_Sharma,29,1,A3824
3825,3825,Accused_3825_Chavan,30,1,A3825
3826,3826,Accused_3826_Sharma,31,1,A3826
3827,3827,Accused_3827_Chavan,32,1,A3827
3828,3828,Accused_3828_Sharma,33,1,A3828
3829,3829,Ganesh 'Viper' Hegde,34,1,REC_OFF_010
3830,3830,Accused_3830_Sharma,35,1,A3830
3831,3831,Accused_3831_Chavan,36,1,A3831
3832,3832,Accused_3832_Sharma,37,1,A3832
3833,3833,Accused_3833_Chavan,38,1,A3833
3834,3834,Accused_3834_Sharma,39,1,A3834
3835,3835,Accused_3835_Chavan,40,1,A3835
3836,3836,Sunil 'Chotta' Shetty,41,1,REC_OFF_007
3837,3837,Accused_3837_Chavan,42,1,A3837
3838,3838,Accused_3838_Sharma,43,1,A3838
3839,3839,Accused_3839_Chavan,44,1,A3839
3840,3840,Accused_3840_Sharma,45,1,A3840
3841,3841,Accused_3841_Chavan,46,1,A3841
3842,3842,Accused_3842_Sharma,47,1,A3842
3843,3843,Venkatesh 'Phantom' Rao,48,1,REC_OFF_004
3844,3844,Accused_3844_Sharma,49,1,A3844
3845,3845,Accused_3845_Chavan,50,1,A3845
3846,3846,Accused_3846_Sharma,51,1,A3846
3847,3847,Accused_3847_Chavan,52,1,A3847
3848,3848,Accused_3848_Sharma,53,1,A3848
3849,3849,Accused_3849_Chavan,54,1,A3849
3850,3850,Ramesh 'Syndicate' Gowda,20,1,REC_OFF_001
3851,3851,Accused_3851_Chavan,21,1,A3851
3852,3852,Accused_3852_Sharma,22,1,A3852
3853,3853,Accused_3853_Chavan,23,1,A3853
3854,3854,Accused_3854_Sharma,24,1,A3854
3855,3855,Accused_3855_Chavan,25,1,A3855
3856,3856,Accused_3856_Sharma,26,1,A3856
3857,3857,Pradeep 'Pistol' Deshmukh,27,1,REC_OFF_008
3858,3858,Accused_3858_Sharma,28,1,A3858
3859,3859,Accused_3859_Chavan,29,1,A3859
3860,3860,Accused_3860_Sharma,30,1,A3860
3861,3861,Accused_3861_Chavan,31,1,A3861
3862,3862,Accused_3862_Sharma,32,1,A3862
3863,3863,Accused_3863_Chavan,33,1,A3863
3864,3864,Basavaraj 'Shadow' Patil,34,1,REC_OFF_005
3865,3865,Accused_3865_Chavan,35,1,A3865
3866,3866,Accused_3866_Sharma,36,1,A3866
3867,3867,Accused_3867_Chavan,37,1,A3867
3868,3868,Accused_3868_Sharma,38,1,A3868
3869,3869,Accused_3869_Chavan,39,1,A3869
3870,3870,Accused_3870_Sharma,40,1,A3870
3871,3871,Kiran 'Blade' Kumar,41,1,REC_OFF_002
3872,3872,Accused_3872_Sharma,42,1,A3872
3873,3873,Accused_3873_Chavan,43,1,A3873
3874,3874,Accused_3874_Sharma,44,1,A3874
3875,3875,Accused_3875_Chavan,45,1,A3875
3876,3876,Accused_3876_Sharma,46,1,A3876
3877,3877,Accused_3877_Chavan,47,1,A3877
3878,3878,Dharmesh 'Razor' Pujari,48,1,REC_OFF_009
3879,3879,Accused_3879_Chavan,49,1,A3879
3880,3880,Accused_3880_Sharma,50,1,A3880
3881,3881,Accused_3881_Chavan,51,1,A3881
3882,3882,Accused_3882_Sharma,52,1,A3882
3883,3883,Accused_3883_Chavan,53,1,A3883
3884,3884,Accused_3884_Sharma,54,1,A3884
3885,3885,Anand 'Slick' Kulkarni,20,1,REC_OFF_006
3886,3886,Accused_3886_Sharma,21,1,A3886
3887,3887,Accused_3887_Chavan,22,1,A3887
3888,3888,Accused_3888_Sharma,23,1,A3888
3889,3889,Accused_3889_Chavan,24,1,A3889
3890,3890,Accused_3890_Sharma,25,1,A3890
3891,3891,Accused_3891_Chavan,26,1,A3891
3892,3892,Manjunath 'Spider' Naik,27,1,REC_OFF_003
3893,3893,Accused_3893_Chavan,28,1,A3893
3894,3894,Accused_3894_Sharma,29,1,A3894
3895,3895,Accused_3895_Chavan,30,1,A3895
3896,3896,Accused_3896_Sharma,31,1,A3896
3897,3897,Accused_3897_Chavan,32,1,A3897
3898,3898,Accused_3898_Sharma,33,1,A3898
3899,3899,Ganesh 'Viper' Hegde,34,1,REC_OFF_010
3900,3900,Accused_3900_Sharma,35,1,A3900
3901,3901,Accused_3901_Chavan,36,1,A3901
3902,3902,Accused_3902_Sharma,37,1,A3902
3903,3903,Accused_3903_Chavan,38,1,A3903
3904,3904,Accused_3904_Sharma,39,1,A3904
3905,3905,Accused_3905_Chavan,40,1,A3905
3906,3906,Sunil 'Chotta' Shetty,41,1,REC_OFF_007
3907,3907,Accused_3907_Chavan,42,1,A3907
3908,3908,Accused_3908_Sharma,43,1,A3908
3909,3909,Accused_3909_Chavan,44,1,A3909
3910,3910,Accused_3910_Sharma,45,1,A3910
3911,3911,Accused_3911_Chavan,46,1,A3911
3912,3912,Accused_3912_Sharma,47,1,A3912
3913,3913,Venkatesh 'Phantom' Rao,48,1,REC_OFF_004
3914,3914,Accused_3914_Sharma,49,1,A3914
3915,3915,Accused_3915_Chavan,50,1,A3915
3916,3916,Accused_3916_Sharma,51,1,A3916
3917,3917,Accused_3917_Chavan,52,1,A3917
3918,3918,Accused_3918_Sharma,53,1,A3918
3919,3919,Accused_3919_Chavan,54,1,A3919
3920,3920,Ramesh 'Syndicate' Gowda,20,1,REC_OFF_001
3921,3921,Accused_3921_Chavan,21,1,A3921
3922,3922,Accused_3922_Sharma,22,1,A3922
3923,3923,Accused_3923_Chavan,23,1,A3923
3924,3924,Accused_3924_Sharma,24,1,A3924
3925,3925,Accused_3925_Chavan,25,1,A3925
3926,3926,Accused_3926_Sharma,26,1,A3926
3927,3927,Pradeep 'Pistol' Deshmukh,27,1,REC_OFF_008
3928,3928,Accused_3928_Sharma,28,1,A3928
3929,3929,Accused_3929_Chavan,29,1,A3929
3930,3930,Accused_3930_Sharma,30,1,A3930
3931,3931,Accused_3931_Chavan,31,1,A3931
3932,3932,Accused_3932_Sharma,32,1,A3932
3933,3933,Accused_3933_Chavan,33,1,A3933
3934,3934,Basavaraj 'Shadow' Patil,34,1,REC_OFF_005
3935,3935,Accused_3935_Chavan,35,1,A3935
3936,3936,Accused_3936_Sharma,36,1,A3936
3937,3937,Accused_3937_Chavan,37,1,A3937
3938,3938,Accused_3938_Sharma,38,1,A3938
3939,3939,Accused_3939_Chavan,39,1,A3939
3940,3940,Accused_3940_Sharma,40,1,A3940
3941,3941,Kiran 'Blade' Kumar,41,1,REC_OFF_002
3942,3942,Accused_3942_Sharma,42,1,A3942
3943,3943,Accused_3943_Chavan,43,1,A3943
3944,3944,Accused_3944_Sharma,44,1,A3944
3945,3945,Accused_3945_Chavan,45,1,A3945
3946,3946,Accused_3946_Sharma,46,1,A3946
3947,3947,Accused_3947_Chavan,47,1,A3947
3948,3948,Dharmesh 'Razor' Pujari,48,1,REC_OFF_009
3949,3949,Accused_3949_Chavan,49,1,A3949
3950,3950,Accused_3950_Sharma,50,1,A3950
3951,3951,Accused_3951_Chavan,51,1,A3951
3952,3952,Accused_3952_Sharma,52,1,A3952
3953,3953,Accused_3953_Chavan,53,1,A3953
3954,3954,Accused_3954_Sharma,54,1,A3954
3955,3955,Anand 'Slick' Kulkarni,20,1,REC_OFF_006
3956,3956,Accused_3956_Sharma,21,1,A3956
3957,3957,Accused_3957_Chavan,22,1,A3957
3958,3958,Accused_3958_Sharma,23,1,A3958
3959,3959,Accused_3959_Chavan,24,1,A3959
3960,3960,Accused_3960_Sharma,25,1,A3960
3961,3961,Accused_3961_Chavan,26,1,A3961
3962,3962,Manjunath 'Spider' Naik,27,1,REC_OFF_003
3963,3963,Accused_3963_Chavan,28,1,A3963
3964,3964,Accused_3964_Sharma,29,1,A3964
3965,3965,Accused_3965_Chavan,30,1,A3965
3966,3966,Accused_3966_Sharma,31,1,A3966
3967,3967,Accused_3967_Chavan,32,1,A3967
3968,3968,Accused_3968_Sharma,33,1,A3968
3969,3969,Ganesh 'Viper' Hegde,34,1,REC_OFF_010
3970,3970,Accused_3970_Sharma,35,1,A3970
3971,3971,Accused_3971_Chavan,36,1,A3971
3972,3972,Accused_3972_Sharma,37,1,A3972
3973,3973,Accused_3973_Chavan,38,1,A3973
3974,3974,Accused_3974_Sharma,39,1,A3974
3975,3975,Accused_3975_Chavan,40,1,A3975
3976,3976,Sunil 'Chotta' Shetty,41,1,REC_OFF_007
3977,3977,Accused_3977_Chavan,42,1,A3977
3978,3978,Accused_3978_Sharma,43,1,A3978
3979,3979,Accused_3979_Chavan,44,1,A3979
3980,3980,Accused_3980_Sharma,45,1,A3980
3981,3981,Accused_3981_Chavan,46,1,A3981
3982,3982,Accused_3982_Sharma,47,1,A3982
3983,3983,Venkatesh 'Phantom' Rao,48,1,REC_OFF_004
3984,3984,Accused_3984_Sharma,49,1,A3984
3985,3985,Accused_3985_Chavan,50,1,A3985
3986,3986,Accused_3986_Sharma,51,1,A3986
3987,3987,Accused_3987_Chavan,52,1,A3987
3988,3988,Accused_3988_Sharma,53,1,A3988
3989,3989,Accused_3989_Chavan,54,1,A3989
3990,3990,Ramesh 'Syndicate' Gowda,20,1,REC_OFF_001
3991,3991,Accused_3991_Chavan,21,1,A3991
3992,3992,Accused_3992_Sharma,22,1,A3992
3993,3993,Accused_3993_Chavan,23,1,A3993
3994,3994,Accused_3994_Sharma,24,1,A3994
3995,3995,Accused_3995_Chavan,25,1,A3995
3996,3996,Accused_3996_Sharma,26,1,A3996
3997,3997,Pradeep 'Pistol' Deshmukh,27,1,REC_OFF_008
