ComplainantID,CaseMasterID,ComplainantName,AgeYear,OccupationID,ReligionID,CasteID,GenderID
1,1,Rahul Joshi,23,2,2,2,2
2,2,Deepak Reddy,24,3,3,3,1
3,3,Aisha Bhat,25,4,4,4,2
4,4,Siddharth Singh,26,5,5,5,1
5,5,Meena Sharma,27,6,6,1,2
6,6,Kavita Joshi,28,7,7,2,1
7,7,Sanjay Reddy,29,8,1,3,2
8,8,Rajesh Bhat,30,1,2,4,1
9,9,Anita Singh,31,2,3,5,2
10,10,Priya Sharma,32,3,4,1,1
11,11,Rahul Joshi,33,4,5,2,2
12,12,Deepak Reddy,34,5,6,3,1
13,13,Aisha Bhat,35,6,7,4,2
14,14,Siddharth Singh,36,7,1,5,1
15,15,Meena Sharma,37,8,2,1,2
16,16,Kavita Joshi,38,1,3,2,1
17,17,Sanjay Reddy,39,2,4,3,2
18,18,Rajesh Bhat,40,3,5,4,1
19,19,Anita Singh,41,4,6,5,2
20,20,Priya Sharma,42,5,7,1,1
21,21,Rahul Joshi,43,6,1,2,2
22,22,Deepak Reddy,44,7,2,3,1
23,23,Aisha Bhat,45,8,3,4,2
24,24,Siddharth Singh,46,1,4,5,1
25,25,Meena Sharma,47,2,5,1,2
26,26,Kavita Joshi,48,3,6,2,1
27,27,Sanjay Reddy,49,4,7,3,2
28,28,Rajesh Bhat,50,5,1,4,1
29,29,Anita Singh,51,6,2,5,2
30,30,Priya Sharma,52,7,3,1,1
31,31,Rahul Joshi,53,8,4,2,2
32,32,Deepak Reddy,54,1,5,3,1
33,33,Aisha Bhat,55,2,6,4,2
34,34,Siddharth Singh,56,3,7,5,1
35,35,Meena Sharma,57,4,1,1,2
36,36,Kavita Joshi,58,5,2,2,1
37,37,Sanjay Reddy,59,6,3,3,2
38,38,Rajesh Bhat,60,7,4,4,1
39,39,Anita Singh,61,8,5,5,2
40,40,Priya Sharma,62,1,6,1,1
41,41,Rahul Joshi,63,2,7,2,2
42,42,Deepak Reddy,64,3,1,3,1
43,43,Aisha Bhat,65,4,2,4,2
44,44,Siddharth Singh,66,5,3,5,1
45,45,Meena Sharma,22,6,4,1,2
46,46,Kavita Joshi,23,7,5,2,1
47,47,Sanjay Reddy,24,8,6,3,2
48,48,Rajesh Bhat,25,1,7,4,1
49,49,Anita Singh,26,2,1,5,2
50,50,Priya Sharma,27,3,2,1,1
51,51,Rahul Joshi,28,4,3,2,2
52,52,Deepak Reddy,29,5,4,3,1
53,53,Aisha Bhat,30,6,5,4,2
54,54,Siddharth Singh,31,7,6,5,1
55,55,Meena Sharma,32,8,7,1,2
56,56,Kavita Joshi,33,1,1,2,1
57,57,Sanjay Reddy,34,2,2,3,2
58,58,Rajesh Bhat,35,3,3,4,1
59,59,Anita Singh,36,4,4,5,2
60,60,Priya Sharma,37,5,5,1,1
61,61,Rahul Joshi,38,6,6,2,2
62,62,Deepak Reddy,39,7,7,3,1
63,63,Aisha Bhat,40,8,1,4,2
64,64,Siddharth Singh,41,1,2,5,1
65,65,Meena Sharma,42,2,3,1,2
66,66,Kavita Joshi,43,3,4,2,1
67,67,Sanjay Reddy,44,4,5,3,2
68,68,Rajesh Bhat,45,5,6,4,1
69,69,Anita Singh,46,6,7,5,2
70,70,Priya Sharma,47,7,1,1,1
71,71,Rahul Joshi,48,8,2,2,2
72,72,Deepak Reddy,49,1,3,3,1
73,73,Aisha Bhat,50,2,4,4,2
74,74,Siddharth Singh,51,3,5,5,1
75,75,Meena Sharma,52,4,6,1,2
76,76,Kavita Joshi,53,5,7,2,1
77,77,Sanjay Reddy,54,6,1,3,2
78,78,Rajesh Bhat,55,7,2,4,1
79,79,Anita Singh,56,8,3,5,2
80,80,Priya Sharma,57,1,4,1,1
81,81,Rahul Joshi,58,2,5,2,2
82,82,Deepak Reddy,59,3,6,3,1
83,83,Aisha Bhat,60,4,7,4,2
84,84,Siddharth Singh,61,5,1,5,1
85,85,Meena Sharma,62,6,2,1,2
86,86,Kavita Joshi,63,7,3,2,1
87,87,Sanjay Reddy,64,8,4,3,2
88,88,Rajesh Bhat,65,1,5,4,1
89,89,Anita Singh,66,2,6,5,2
90,90,Priya Sharma,22,3,7,1,1
91,91,Rahul Joshi,23,4,1,2,2
92,92,Deepak Reddy,24,5,2,3,1
93,93,Aisha Bhat,25,6,3,4,2
94,94,Siddharth Singh,26,7,4,5,1
95,95,Meena Sharma,27,8,5,1,2
96,96,Kavita Joshi,28,1,6,2,1
97,97,Sanjay Reddy,29,2,7,3,2
98,98,Rajesh Bhat,30,3,1,4,1
99,99,Anita Singh,31,4,2,5,2
100,100,Priya Sharma,32,5,3,1,1
101,101,Rahul Joshi,33,6,4,2,2
102,102,Deepak Reddy,34,7,5,3,1
103,103,Aisha Bhat,35,8,6,4,2
104,104,Siddharth Singh,36,1,7,5,1
105,105,Meena Sharma,37,2,1,1,2
106,106,Kavita Joshi,38,3,2,2,1
107,107,Sanjay Reddy,39,4,3,3,2
108,108,Rajesh Bhat,40,5,4,4,1
109,109,Anita Singh,41,6,5,5,2
110,110,Priya Sharma,42,7,6,1,1
111,111,Rahul Joshi,43,8,7,2,2
112,112,Deepak Reddy,44,1,1,3,1
113,113,Aisha Bhat,45,2,2,4,2
114,114,Siddharth Singh,46,3,3,5,1
115,115,Meena Sharma,47,4,4,1,2
116,116,Kavita Joshi,48,5,5,2,1
117,117,Sanjay Reddy,49,6,6,3,2
118,118,Rajesh Bhat,50,7,7,4,1
119,119,Anita Singh,51,8,1,5,2
120,120,Priya Sharma,52,1,2,1,1
121,121,Rahul Joshi,53,2,3,2,2
122,122,Deepak Reddy,54,3,4,3,1
123,123,Aisha Bhat,55,4,5,4,2
124,124,Siddharth Singh,56,5,6,5,1
125,125,Meena Sharma,57,6,7,1,2
126,126,Kavita Joshi,58,7,1,2,1
127,127,Sanjay Reddy,59,8,2,3,2
128,128,Rajesh Bhat,60,1,3,4,1
129,129,Anita Singh,61,2,4,5,2
130,130,Priya Sharma,62,3,5,1,1
131,131,Rahul Joshi,63,4,6,2,2
132,132,Deepak Reddy,64,5,7,3,1
133,133,Aisha Bhat,65,6,1,4,2
134,134,Siddharth Singh,66,7,2,5,1
135,135,Meena Sharma,22,8,3,1,2
136,136,Kavita Joshi,23,1,4,2,1
137,137,Sanjay Reddy,24,2,5,3,2
138,138,Rajesh Bhat,25,3,6,4,1
139,139,Anita Singh,26,4,7,5,2
140,140,Priya Sharma,27,5,1,1,1
141,141,Rahul Joshi,28,6,2,2,2
142,142,Deepak Reddy,29,7,3,3,1
143,143,Aisha Bhat,30,8,4,4,2
144,144,Siddharth Singh,31,1,5,5,1
145,145,Meena Sharma,32,2,6,1,2
146,146,Kavita Joshi,33,3,7,2,1
147,147,Sanjay Reddy,34,4,1,3,2
148,148,Rajesh Bhat,35,5,2,4,1
149,149,Anita Singh,36,6,3,5,2
150,150,Priya Sharma,37,7,4,1,1
151,151,Rahul Joshi,38,8,5,2,2
152,152,Deepak Reddy,39,1,6,3,1
153,153,Aisha Bhat,40,2,7,4,2
154,154,Siddharth Singh,41,3,1,5,1
155,155,Meena Sharma,42,4,2,1,2
156,156,Kavita Joshi,43,5,3,2,1
157,157,Sanjay Reddy,44,6,4,3,2
158,158,Rajesh Bhat,45,7,5,4,1
159,159,Anita Singh,46,8,6,5,2
160,160,Priya Sharma,47,1,7,1,1
161,161,Rahul Joshi,48,2,1,2,2
162,162,Deepak Reddy,49,3,2,3,1
163,163,Aisha Bhat,50,4,3,4,2
164,164,Siddharth Singh,51,5,4,5,1
165,165,Meena Sharma,52,6,5,1,2
166,166,Kavita Joshi,53,7,6,2,1
167,167,Sanjay Reddy,54,8,7,3,2
168,168,Rajesh Bhat,55,1,1,4,1
169,169,Anita Singh,56,2,2,5,2
170,170,Priya Sharma,57,3,3,1,1
171,171,Rahul Joshi,58,4,4,2,2
172,172,Deepak Reddy,59,5,5,3,1
173,173,Aisha Bhat,60,6,6,4,2
174,174,Siddharth Singh,61,7,7,5,1
175,175,Meena Sharma,62,8,1,1,2
176,176,Kavita Joshi,63,1,2,2,1
177,177,Sanjay Reddy,64,2,3,3,2
178,178,Rajesh Bhat,65,3,4,4,1
179,179,Anita Singh,66,4,5,5,2
180,180,Priya Sharma,22,5,6,1,1
181,181,Rahul Joshi,23,6,7,2,2
182,182,Deepak Reddy,24,7,1,3,1
183,183,Aisha Bhat,25,8,2,4,2
184,184,Siddharth Singh,26,1,3,5,1
185,185,Meena Sharma,27,2,4,1,2
186,186,Kavita Joshi,28,3,5,2,1
187,187,Sanjay Reddy,29,4,6,3,2
188,188,Rajesh Bhat,30,5,7,4,1
189,189,Anita Singh,31,6,1,5,2
190,190,Priya Sharma,32,7,2,1,1
191,191,Rahul Joshi,33,8,3,2,2
192,192,Deepak Reddy,34,1,4,3,1
193,193,Aisha Bhat,35,2,5,4,2
194,194,Siddharth Singh,36,3,6,5,1
195,195,Meena Sharma,37,4,7,1,2
196,196,Kavita Joshi,38,5,1,2,1
197,197,Sanjay Reddy,39,6,2,3,2
198,198,Rajesh Bhat,40,7,3,4,1
199,199,Anita Singh,41,8,4,5,2
200,200,Priya Sharma,42,1,5,1,1
201,201,Rahul Joshi,43,2,6,2,2
202,202,Deepak Reddy,44,3,7,3,1
203,203,Aisha Bhat,45,4,1,4,2
204,204,Siddharth Singh,46,5,2,5,1
205,205,Meena Sharma,47,6,3,1,2
206,206,Kavita Joshi,48,7,4,2,1
207,207,Sanjay Reddy,49,8,5,3,2
208,208,Rajesh Bhat,50,1,6,4,1
209,209,Anita Singh,51,2,7,5,2
210,210,Priya Sharma,52,3,1,1,1
211,211,Rahul Joshi,53,4,2,2,2
212,212,Deepak Reddy,54,5,3,3,1
213,213,Aisha Bhat,55,6,4,4,2
214,214,Siddharth Singh,56,7,5,5,1
215,215,Meena Sharma,57,8,6,1,2
216,216,Kavita Joshi,58,1,7,2,1
217,217,Sanjay Reddy,59,2,1,3,2
218,218,Rajesh Bhat,60,3,2,4,1
219,219,Anita Singh,61,4,3,5,2
220,220,Priya Sharma,62,5,4,1,1
221,221,Rahul Joshi,63,6,5,2,2
222,222,Deepak Reddy,64,7,6,3,1
223,223,Aisha Bhat,65,8,7,4,2
224,224,Siddharth Singh,66,1,1,5,1
225,225,Meena Sharma,22,2,2,1,2
226,226,Kavita Joshi,23,3,3,2,1
227,227,Sanjay Reddy,24,4,4,3,2
228,228,Rajesh Bhat,25,5,5,4,1
229,229,Anita Singh,26,6,6,5,2
230,230,Priya Sharma,27,7,7,1,1
231,231,Rahul Joshi,28,8,1,2,2
232,232,Deepak Reddy,29,1,2,3,1
233,233,Aisha Bhat,30,2,3,4,2
234,234,Siddharth Singh,31,3,4,5,1
235,235,Meena Sharma,32,4,5,1,2
236,236,Kavita Joshi,33,5,6,2,1
237,237,Sanjay Reddy,34,6,7,3,2
238,238,Rajesh Bhat,35,7,1,4,1
239,239,Anita Singh,36,8,2,5,2
240,240,Priya Sharma,37,1,3,1,1
241,241,Rahul Joshi,38,2,4,2,2
242,242,Deepak Reddy,39,3,5,3,1
243,243,Aisha Bhat,40,4,6,4,2
244,244,Siddharth Singh,41,5,7,5,1
245,245,Meena Sharma,42,6,1,1,2
246,246,Kavita Joshi,43,7,2,2,1
247,247,Sanjay Reddy,44,8,3,3,2
248,248,Rajesh Bhat,45,1,4,4,1
249,249,Anita Singh,46,2,5,5,2
250,250,Priya Sharma,47,3,6,1,1
251,251,Rahul Joshi,48,4,7,2,2
252,252,Deepak Reddy,49,5,1,3,1
253,253,Aisha Bhat,50,6,2,4,2
254,254,Siddharth Singh,51,7,3,5,1
255,255,Meena Sharma,52,8,4,1,2
256,256,Kavita Joshi,53,1,5,2,1
257,257,Sanjay Reddy,54,2,6,3,2
258,258,Rajesh Bhat,55,3,7,4,1
259,259,Anita Singh,56,4,1,5,2
260,260,Priya Sharma,57,5,2,1,1
261,261,Rahul Joshi,58,6,3,2,2
262,262,Deepak Reddy,59,7,4,3,1
263,263,Aisha Bhat,60,8,5,4,2
264,264,Siddharth Singh,61,1,6,5,1
265,265,Meena Sharma,62,2,7,1,2
266,266,Kavita Joshi,63,3,1,2,1
267,267,Sanjay Reddy,64,4,2,3,2
268,268,Rajesh Bhat,65,5,3,4,1
269,269,Anita Singh,66,6,4,5,2
270,270,Priya Sharma,22,7,5,1,1
271,271,Rahul Joshi,23,8,6,2,2
272,272,Deepak Reddy,24,1,7,3,1
273,273,Aisha Bhat,25,2,1,4,2
274,274,Siddharth Singh,26,3,2,5,1
275,275,Meena Sharma,27,4,3,1,2
276,276,Kavita Joshi,28,5,4,2,1
277,277,Sanjay Reddy,29,6,5,3,2
278,278,Rajesh Bhat,30,7,6,4,1
279,279,Anita Singh,31,8,7,5,2
280,280,Priya Sharma,32,1,1,1,1
281,281,Rahul Joshi,33,2,2,2,2
282,282,Deepak Reddy,34,3,3,3,1
283,283,Aisha Bhat,35,4,4,4,2
284,284,Siddharth Singh,36,5,5,5,1
285,285,Meena Sharma,37,6,6,1,2
286,286,Kavita Joshi,38,7,7,2,1
287,287,Sanjay Reddy,39,8,1,3,2
288,288,Rajesh Bhat,40,1,2,4,1
289,289,Anita Singh,41,2,3,5,2
290,290,Priya Sharma,42,3,4,1,1
291,291,Rahul Joshi,43,4,5,2,2
292,292,Deepak Reddy,44,5,6,3,1
293,293,Aisha Bhat,45,6,7,4,2
294,294,Siddharth Singh,46,7,1,5,1
295,295,Meena Sharma,47,8,2,1,2
296,296,Kavita Joshi,48,1,3,2,1
297,297,Sanjay Reddy,49,2,4,3,2
298,298,Rajesh Bhat,50,3,5,4,1
299,299,Anita Singh,51,4,6,5,2
300,300,Priya Sharma,52,5,7,1,1
301,301,Rahul Joshi,53,6,1,2,2
302,302,Deepak Reddy,54,7,2,3,1
303,303,Aisha Bhat,55,8,3,4,2
304,304,Siddharth Singh,56,1,4,5,1
305,305,Meena Sharma,57,2,5,1,2
306,306,Kavita Joshi,58,3,6,2,1
307,307,Sanjay Reddy,59,4,7,3,2
308,308,Rajesh Bhat,60,5,1,4,1
309,309,Anita Singh,61,6,2,5,2
310,310,Priya Sharma,62,7,3,1,1
311,311,Rahul Joshi,63,8,4,2,2
312,312,Deepak Reddy,64,1,5,3,1
313,313,Aisha Bhat,65,2,6,4,2
314,314,Siddharth Singh,66,3,7,5,1
315,315,Meena Sharma,22,4,1,1,2
316,316,Kavita Joshi,23,5,2,2,1
317,317,Sanjay Reddy,24,6,3,3,2
318,318,Rajesh Bhat,25,7,4,4,1
319,319,Anita Singh,26,8,5,5,2
320,320,Priya Sharma,27,1,6,1,1
321,321,Rahul Joshi,28,2,7,2,2
322,322,Deepak Reddy,29,3,1,3,1
323,323,Aisha Bhat,30,4,2,4,2
324,324,Siddharth Singh,31,5,3,5,1
325,325,Meena Sharma,32,6,4,1,2
326,326,Kavita Joshi,33,7,5,2,1
327,327,Sanjay Reddy,34,8,6,3,2
328,328,Rajesh Bhat,35,1,7,4,1
329,329,Anita Singh,36,2,1,5,2
330,330,Priya Sharma,37,3,2,1,1
331,331,Rahul Joshi,38,4,3,2,2
332,332,Deepak Reddy,39,5,4,3,1
333,333,Aisha Bhat,40,6,5,4,2
334,334,Siddharth Singh,41,7,6,5,1
335,335,Meena Sharma,42,8,7,1,2
336,336,Kavita Joshi,43,1,1,2,1
337,337,Sanjay Reddy,44,2,2,3,2
338,338,Rajesh Bhat,45,3,3,4,1
339,339,Anita Singh,46,4,4,5,2
340,340,Priya Sharma,47,5,5,1,1
341,341,Rahul Joshi,48,6,6,2,2
342,342,Deepak Reddy,49,7,7,3,1
343,343,Aisha Bhat,50,8,1,4,2
344,344,Siddharth Singh,51,1,2,5,1
345,345,Meena Sharma,52,2,3,1,2
346,346,Kavita Joshi,53,3,4,2,1
347,347,Sanjay Reddy,54,4,5,3,2
348,348,Rajesh Bhat,55,5,6,4,1
349,349,Anita Singh,56,6,7,5,2
350,350,Priya Sharma,57,7,1,1,1
351,351,Rahul Joshi,58,8,2,2,2
352,352,Deepak Reddy,59,1,3,3,1
353,353,Aisha Bhat,60,2,4,4,2
354,354,Siddharth Singh,61,3,5,5,1
355,355,Meena Sharma,62,4,6,1,2
356,356,Kavita Joshi,63,5,7,2,1
357,357,Sanjay Reddy,64,6,1,3,2
358,358,Rajesh Bhat,65,7,2,4,1
359,359,Anita Singh,66,8,3,5,2
360,360,Priya Sharma,22,1,4,1,1
361,361,Rahul Joshi,23,2,5,2,2
362,362,Deepak Reddy,24,3,6,3,1
363,363,Aisha Bhat,25,4,7,4,2
364,364,Siddharth Singh,26,5,1,5,1
365,365,Meena Sharma,27,6,2,1,2
366,366,Kavita Joshi,28,7,3,2,1
367,367,Sanjay Reddy,29,8,4,3,2
368,368,Rajesh Bhat,30,1,5,4,1
369,369,Anita Singh,31,2,6,5,2
370,370,Priya Sharma,32,3,7,1,1
371,371,Rahul Joshi,33,4,1,2,2
372,372,Deepak Reddy,34,5,2,3,1
373,373,Aisha Bhat,35,6,3,4,2
374,374,Siddharth Singh,36,7,4,5,1
375,375,Meena Sharma,37,8,5,1,2
376,376,Kavita Joshi,38,1,6,2,1
377,377,Sanjay Reddy,39,2,7,3,2
378,378,Rajesh Bhat,40,3,1,4,1
379,379,Anita Singh,41,4,2,5,2
380,380,Priya Sharma,42,5,3,1,1
381,381,Rahul Joshi,43,6,4,2,2
382,382,Deepak Reddy,44,7,5,3,1
383,383,Aisha Bhat,45,8,6,4,2
384,384,Siddharth Singh,46,1,7,5,1
385,385,Meena Sharma,47,2,1,1,2
386,386,Kavita Joshi,48,3,2,2,1
387,387,Sanjay Reddy,49,4,3,3,2
388,388,Rajesh Bhat,50,5,4,4,1
389,389,Anita Singh,51,6,5,5,2
390,390,Priya Sharma,52,7,6,1,1
391,391,Rahul Joshi,53,8,7,2,2
392,392,Deepak Reddy,54,1,1,3,1
393,393,Aisha Bhat,55,2,2,4,2
394,394,Siddharth Singh,56,3,3,5,1
395,395,Meena Sharma,57,4,4,1,2
396,396,Kavita Joshi,58,5,5,2,1
397,397,Sanjay Reddy,59,6,6,3,2
398,398,Rajesh Bhat,60,7,7,4,1
399,399,Anita Singh,61,8,1,5,2
400,400,Priya Sharma,62,1,2,1,1
401,401,Rahul Joshi,63,2,3,2,2
402,402,Deepak Reddy,64,3,4,3,1
403,403,Aisha Bhat,65,4,5,4,2
404,404,Siddharth Singh,66,5,6,5,1
405,405,Meena Sharma,22,6,7,1,2
406,406,Kavita Joshi,23,7,1,2,1
407,407,Sanjay Reddy,24,8,2,3,2
408,408,Rajesh Bhat,25,1,3,4,1
409,409,Anita Singh,26,2,4,5,2
410,410,Priya Sharma,27,3,5,1,1
411,411,Rahul Joshi,28,4,6,2,2
412,412,Deepak Reddy,29,5,7,3,1
413,413,Aisha Bhat,30,6,1,4,2
414,414,Siddharth Singh,31,7,2,5,1
415,415,Meena Sharma,32,8,3,1,2
416,416,Kavita Joshi,33,1,4,2,1
417,417,Sanjay Reddy,34,2,5,3,2
418,418,Rajesh Bhat,35,3,6,4,1
419,419,Anita Singh,36,4,7,5,2
420,420,Priya Sharma,37,5,1,1,1
421,421,Rahul Joshi,38,6,2,2,2
422,422,Deepak Reddy,39,7,3,3,1
423,423,Aisha Bhat,40,8,4,4,2
424,424,Siddharth Singh,41,1,5,5,1
425,425,Meena Sharma,42,2,6,1,2
426,426,Kavita Joshi,43,3,7,2,1
427,427,Sanjay Reddy,44,4,1,3,2
428,428,Rajesh Bhat,45,5,2,4,1
429,429,Anita Singh,46,6,3,5,2
430,430,Priya Sharma,47,7,4,1,1
431,431,Rahul Joshi,48,8,5,2,2
432,432,Deepak Reddy,49,1,6,3,1
433,433,Aisha Bhat,50,2,7,4,2
434,434,Siddharth Singh,51,3,1,5,1
435,435,Meena Sharma,52,4,2,1,2
436,436,Kavita Joshi,53,5,3,2,1
437,437,Sanjay Reddy,54,6,4,3,2
438,438,Rajesh Bhat,55,7,5,4,1
439,439,Anita Singh,56,8,6,5,2
440,440,Priya Sharma,57,1,7,1,1
441,441,Rahul Joshi,58,2,1,2,2
442,442,Deepak Reddy,59,3,2,3,1
443,443,Aisha Bhat,60,4,3,4,2
444,444,Siddharth Singh,61,5,4,5,1
445,445,Meena Sharma,62,6,5,1,2
446,446,Kavita Joshi,63,7,6,2,1
447,447,Sanjay Reddy,64,8,7,3,2
448,448,Rajesh Bhat,65,1,1,4,1
449,449,Anita Singh,66,2,2,5,2
450,450,Priya Sharma,22,3,3,1,1
451,451,Rahul Joshi,23,4,4,2,2
452,452,Deepak Reddy,24,5,5,3,1
453,453,Aisha Bhat,25,6,6,4,2
454,454,Siddharth Singh,26,7,7,5,1
455,455,Meena Sharma,27,8,1,1,2
456,456,Kavita Joshi,28,1,2,2,1
457,457,Sanjay Reddy,29,2,3,3,2
458,458,Rajesh Bhat,30,3,4,4,1
459,459,Anita Singh,31,4,5,5,2
460,460,Priya Sharma,32,5,6,1,1
461,461,Rahul Joshi,33,6,7,2,2
462,462,Deepak Reddy,34,7,1,3,1
463,463,Aisha Bhat,35,8,2,4,2
464,464,Siddharth Singh,36,1,3,5,1
465,465,Meena Sharma,37,2,4,1,2
466,466,Kavita Joshi,38,3,5,2,1
467,467,Sanjay Reddy,39,4,6,3,2
468,468,Rajesh Bhat,40,5,7,4,1
469,469,Anita Singh,41,6,1,5,2
470,470,Priya Sharma,42,7,2,1,1
471,471,Rahul Joshi,43,8,3,2,2
472,472,Deepak Reddy,44,1,4,3,1
473,473,Aisha Bhat,45,2,5,4,2
474,474,Siddharth Singh,46,3,6,5,1
475,475,Meena Sharma,47,4,7,1,2
476,476,Kavita Joshi,48,5,1,2,1
477,477,Sanjay Reddy,49,6,2,3,2
478,478,Rajesh Bhat,50,7,3,4,1
479,479,Anita Singh,51,8,4,5,2
480,480,Priya Sharma,52,1,5,1,1
481,481,Rahul Joshi,53,2,6,2,2
482,482,Deepak Reddy,54,3,7,3,1
483,483,Aisha Bhat,55,4,1,4,2
484,484,Siddharth Singh,56,5,2,5,1
485,485,Meena Sharma,57,6,3,1,2
486,486,Kavita Joshi,58,7,4,2,1
487,487,Sanjay Reddy,59,8,5,3,2
488,488,Rajesh Bhat,60,1,6,4,1
489,489,Anita Singh,61,2,7,5,2
490,490,Priya Sharma,62,3,1,1,1
491,491,Rahul Joshi,63,4,2,2,2
492,492,Deepak Reddy,64,5,3,3,1
493,493,Aisha Bhat,65,6,4,4,2
494,494,Siddharth Singh,66,7,5,5,1
495,495,Meena Sharma,22,8,6,1,2
496,496,Kavita Joshi,23,1,7,2,1
497,497,Sanjay Reddy,24,2,1,3,2
498,498,Rajesh Bhat,25,3,2,4,1
499,499,Anita Singh,26,4,3,5,2
500,500,Priya Sharma,27,5,4,1,1
501,501,Rahul Joshi,28,6,5,2,2
502,502,Deepak Reddy,29,7,6,3,1
503,503,Aisha Bhat,30,8,7,4,2
504,504,Siddharth Singh,31,1,1,5,1
505,505,Meena Sharma,32,2,2,1,2
506,506,Kavita Joshi,33,3,3,2,1
507,507,Sanjay Reddy,34,4,4,3,2
508,508,Rajesh Bhat,35,5,5,4,1
509,509,Anita Singh,36,6,6,5,2
510,510,Priya Sharma,37,7,7,1,1
511,511,Rahul Joshi,38,8,1,2,2
512,512,Deepak Reddy,39,1,2,3,1
513,513,Aisha Bhat,40,2,3,4,2
514,514,Siddharth Singh,41,3,4,5,1
515,515,Meena Sharma,42,4,5,1,2
516,516,Kavita Joshi,43,5,6,2,1
517,517,Sanjay Reddy,44,6,7,3,2
518,518,Rajesh Bhat,45,7,1,4,1
519,519,Anita Singh,46,8,2,5,2
520,520,Priya Sharma,47,1,3,1,1
521,521,Rahul Joshi,48,2,4,2,2
522,522,Deepak Reddy,49,3,5,3,1
523,523,Aisha Bhat,50,4,6,4,2
524,524,Siddharth Singh,51,5,7,5,1
525,525,Meena Sharma,52,6,1,1,2
526,526,Kavita Joshi,53,7,2,2,1
527,527,Sanjay Reddy,54,8,3,3,2
528,528,Rajesh Bhat,55,1,4,4,1
529,529,Anita Singh,56,2,5,5,2
530,530,Priya Sharma,57,3,6,1,1
531,531,Rahul Joshi,58,4,7,2,2
532,532,Deepak Reddy,59,5,1,3,1
533,533,Aisha Bhat,60,6,2,4,2
534,534,Siddharth Singh,61,7,3,5,1
535,535,Meena Sharma,62,8,4,1,2
536,536,Kavita Joshi,63,1,5,2,1
537,537,Sanjay Reddy,64,2,6,3,2
538,538,Rajesh Bhat,65,3,7,4,1
539,539,Anita Singh,66,4,1,5,2
540,540,Priya Sharma,22,5,2,1,1
541,541,Rahul Joshi,23,6,3,2,2
542,542,Deepak Reddy,24,7,4,3,1
543,543,Aisha Bhat,25,8,5,4,2
544,544,Siddharth Singh,26,1,6,5,1
545,545,Meena Sharma,27,2,7,1,2
546,546,Kavita Joshi,28,3,1,2,1
547,547,Sanjay Reddy,29,4,2,3,2
548,548,Rajesh Bhat,30,5,3,4,1
549,549,Anita Singh,31,6,4,5,2
550,550,Priya Sharma,32,7,5,1,1
551,551,Rahul Joshi,33,8,6,2,2
552,552,Deepak Reddy,34,1,7,3,1
553,553,Aisha Bhat,35,2,1,4,2
554,554,Siddharth Singh,36,3,2,5,1
555,555,Meena Sharma,37,4,3,1,2
556,556,Kavita Joshi,38,5,4,2,1
557,557,Sanjay Reddy,39,6,5,3,2
558,558,Rajesh Bhat,40,7,6,4,1
559,559,Anita Singh,41,8,7,5,2
560,560,Priya Sharma,42,1,1,1,1
561,561,Rahul Joshi,43,2,2,2,2
562,562,Deepak Reddy,44,3,3,3,1
563,563,Aisha Bhat,45,4,4,4,2
564,564,Siddharth Singh,46,5,5,5,1
565,565,Meena Sharma,47,6,6,1,2
566,566,Kavita Joshi,48,7,7,2,1
567,567,Sanjay Reddy,49,8,1,3,2
568,568,Rajesh Bhat,50,1,2,4,1
569,569,Anita Singh,51,2,3,5,2
570,570,Priya Sharma,52,3,4,1,1
571,571,Rahul Joshi,53,4,5,2,2
572,572,Deepak Reddy,54,5,6,3,1
573,573,Aisha Bhat,55,6,7,4,2
574,574,Siddharth Singh,56,7,1,5,1
575,575,Meena Sharma,57,8,2,1,2
576,576,Kavita Joshi,58,1,3,2,1
577,577,Sanjay Reddy,59,2,4,3,2
578,578,Rajesh Bhat,60,3,5,4,1
579,579,Anita Singh,61,4,6,5,2
580,580,Priya Sharma,62,5,7,1,1
581,581,Rahul Joshi,63,6,1,2,2
582,582,Deepak Reddy,64,7,2,3,1
583,583,Aisha Bhat,65,8,3,4,2
584,584,Siddharth Singh,66,1,4,5,1
585,585,Meena Sharma,22,2,5,1,2
586,586,Kavita Joshi,23,3,6,2,1
587,587,Sanjay Reddy,24,4,7,3,2
588,588,Rajesh Bhat,25,5,1,4,1
589,589,Anita Singh,26,6,2,5,2
590,590,Priya Sharma,27,7,3,1,1
591,591,Rahul Joshi,28,8,4,2,2
592,592,Deepak Reddy,29,1,5,3,1
593,593,Aisha Bhat,30,2,6,4,2
594,594,Siddharth Singh,31,3,7,5,1
595,595,Meena Sharma,32,4,1,1,2
596,596,Kavita Joshi,33,5,2,2,1
597,597,Sanjay Reddy,34,6,3,3,2
598,598,Rajesh Bhat,35,7,4,4,1
599,599,Anita Singh,36,8,5,5,2
600,600,Priya Sharma,37,1,6,1,1
601,601,Rahul Joshi,38,2,7,2,2
602,602,Deepak Reddy,39,3,1,3,1
603,603,Aisha Bhat,40,4,2,4,2
604,604,Siddharth Singh,41,5,3,5,1
605,605,Meena Sharma,42,6,4,1,2
606,606,Kavita Joshi,43,7,5,2,1
607,607,Sanjay Reddy,44,8,6,3,2
608,608,Rajesh Bhat,45,1,7,4,1
609,609,Anita Singh,46,2,1,5,2
610,610,Priya Sharma,47,3,2,1,1
611,611,Rahul Joshi,48,4,3,2,2
612,612,Deepak Reddy,49,5,4,3,1
613,613,Aisha Bhat,50,6,5,4,2
614,614,Siddharth Singh,51,7,6,5,1
615,615,Meena Sharma,52,8,7,1,2
616,616,Kavita Joshi,53,1,1,2,1
617,617,Sanjay Reddy,54,2,2,3,2
618,618,Rajesh Bhat,55,3,3,4,1
619,619,Anita Singh,56,4,4,5,2
620,620,Priya Sharma,57,5,5,1,1
621,621,Rahul Joshi,58,6,6,2,2
622,622,Deepak Reddy,59,7,7,3,1
623,623,Aisha Bhat,60,8,1,4,2
624,624,Siddharth Singh,61,1,2,5,1
625,625,Meena Sharma,62,2,3,1,2
626,626,Kavita Joshi,63,3,4,2,1
627,627,Sanjay Reddy,64,4,5,3,2
628,628,Rajesh Bhat,65,5,6,4,1
629,629,Anita Singh,66,6,7,5,2
630,630,Priya Sharma,22,7,1,1,1
631,631,Rahul Joshi,23,8,2,2,2
632,632,Deepak Reddy,24,1,3,3,1
633,633,Aisha Bhat,25,2,4,4,2
634,634,Siddharth Singh,26,3,5,5,1
635,635,Meena Sharma,27,4,6,1,2
636,636,Kavita Joshi,28,5,7,2,1
637,637,Sanjay Reddy,29,6,1,3,2
638,638,Rajesh Bhat,30,7,2,4,1
639,639,Anita Singh,31,8,3,5,2
640,640,Priya Sharma,32,1,4,1,1
641,641,Rahul Joshi,33,2,5,2,2
642,642,Deepak Reddy,34,3,6,3,1
643,643,Aisha Bhat,35,4,7,4,2
644,644,Siddharth Singh,36,5,1,5,1
645,645,Meena Sharma,37,6,2,1,2
646,646,Kavita Joshi,38,7,3,2,1
647,647,Sanjay Reddy,39,8,4,3,2
648,648,Rajesh Bhat,40,1,5,4,1
649,649,Anita Singh,41,2,6,5,2
650,650,Priya Sharma,42,3,7,1,1
651,651,Rahul Joshi,43,4,1,2,2
652,652,Deepak Reddy,44,5,2,3,1
653,653,Aisha Bhat,45,6,3,4,2
654,654,Siddharth Singh,46,7,4,5,1
655,655,Meena Sharma,47,8,5,1,2
656,656,Kavita Joshi,48,1,6,2,1
657,657,Sanjay Reddy,49,2,7,3,2
658,658,Rajesh Bhat,50,3,1,4,1
659,659,Anita Singh,51,4,2,5,2
660,660,Priya Sharma,52,5,3,1,1
661,661,Rahul Joshi,53,6,4,2,2
662,662,Deepak Reddy,54,7,5,3,1
663,663,Aisha Bhat,55,8,6,4,2
664,664,Siddharth Singh,56,1,7,5,1
665,665,Meena Sharma,57,2,1,1,2
666,666,Kavita Joshi,58,3,2,2,1
667,667,Sanjay Reddy,59,4,3,3,2
668,668,Rajesh Bhat,60,5,4,4,1
669,669,Anita Singh,61,6,5,5,2
670,670,Priya Sharma,62,7,6,1,1
671,671,Rahul Joshi,63,8,7,2,2
672,672,Deepak Reddy,64,1,1,3,1
673,673,Aisha Bhat,65,2,2,4,2
674,674,Siddharth Singh,66,3,3,5,1
675,675,Meena Sharma,22,4,4,1,2
676,676,Kavita Joshi,23,5,5,2,1
677,677,Sanjay Reddy,24,6,6,3,2
678,678,Rajesh Bhat,25,7,7,4,1
679,679,Anita Singh,26,8,1,5,2
680,680,Priya Sharma,27,1,2,1,1
681,681,Rahul Joshi,28,2,3,2,2
682,682,Deepak Reddy,29,3,4,3,1
683,683,Aisha Bhat,30,4,5,4,2
684,684,Siddharth Singh,31,5,6,5,1
685,685,Meena Sharma,32,6,7,1,2
686,686,Kavita Joshi,33,7,1,2,1
687,687,Sanjay Reddy,34,8,2,3,2
688,688,Rajesh Bhat,35,1,3,4,1
689,689,Anita Singh,36,2,4,5,2
690,690,Priya Sharma,37,3,5,1,1
691,691,Rahul Joshi,38,4,6,2,2
692,692,Deepak Reddy,39,5,7,3,1
693,693,Aisha Bhat,40,6,1,4,2
694,694,Siddharth Singh,41,7,2,5,1
695,695,Meena Sharma,42,8,3,1,2
696,696,Kavita Joshi,43,1,4,2,1
697,697,Sanjay Reddy,44,2,5,3,2
698,698,Rajesh Bhat,45,3,6,4,1
699,699,Anita Singh,46,4,7,5,2
700,700,Priya Sharma,47,5,1,1,1
701,701,Rahul Joshi,48,6,2,2,2
702,702,Deepak Reddy,49,7,3,3,1
703,703,Aisha Bhat,50,8,4,4,2
704,704,Siddharth Singh,51,1,5,5,1
705,705,Meena Sharma,52,2,6,1,2
706,706,Kavita Joshi,53,3,7,2,1
707,707,Sanjay Reddy,54,4,1,3,2
708,708,Rajesh Bhat,55,5,2,4,1
709,709,Anita Singh,56,6,3,5,2
710,710,Priya Sharma,57,7,4,1,1
711,711,Rahul Joshi,58,8,5,2,2
712,712,Deepak Reddy,59,1,6,3,1
713,713,Aisha Bhat,60,2,7,4,2
714,714,Siddharth Singh,61,3,1,5,1
715,715,Meena Sharma,62,4,2,1,2
716,716,Kavita Joshi,63,5,3,2,1
717,717,Sanjay Reddy,64,6,4,3,2
718,718,Rajesh Bhat,65,7,5,4,1
719,719,Anita Singh,66,8,6,5,2
720,720,Priya Sharma,22,1,7,1,1
721,721,Rahul Joshi,23,2,1,2,2
722,722,Deepak Reddy,24,3,2,3,1
723,723,Aisha Bhat,25,4,3,4,2
724,724,Siddharth Singh,26,5,4,5,1
725,725,Meena Sharma,27,6,5,1,2
726,726,Kavita Joshi,28,7,6,2,1
727,727,Sanjay Reddy,29,8,7,3,2
728,728,Rajesh Bhat,30,1,1,4,1
729,729,Anita Singh,31,2,2,5,2
730,730,Priya Sharma,32,3,3,1,1
731,731,Rahul Joshi,33,4,4,2,2
732,732,Deepak Reddy,34,5,5,3,1
733,733,Aisha Bhat,35,6,6,4,2
734,734,Siddharth Singh,36,7,7,5,1
735,735,Meena Sharma,37,8,1,1,2
736,736,Kavita Joshi,38,1,2,2,1
737,737,Sanjay Reddy,39,2,3,3,2
738,738,Rajesh Bhat,40,3,4,4,1
739,739,Anita Singh,41,4,5,5,2
740,740,Priya Sharma,42,5,6,1,1
741,741,Rahul Joshi,43,6,7,2,2
742,742,Deepak Reddy,44,7,1,3,1
743,743,Aisha Bhat,45,8,2,4,2
744,744,Siddharth Singh,46,1,3,5,1
745,745,Meena Sharma,47,2,4,1,2
746,746,Kavita Joshi,48,3,5,2,1
747,747,Sanjay Reddy,49,4,6,3,2
748,748,Rajesh Bhat,50,5,7,4,1
749,749,Anita Singh,51,6,1,5,2
750,750,Priya Sharma,52,7,2,1,1
751,751,Rahul Joshi,53,8,3,2,2
752,752,Deepak Reddy,54,1,4,3,1
753,753,Aisha Bhat,55,2,5,4,2
754,754,Siddharth Singh,56,3,6,5,1
755,755,Meena Sharma,57,4,7,1,2
756,756,Kavita Joshi,58,5,1,2,1
757,757,Sanjay Reddy,59,6,2,3,2
758,758,Rajesh Bhat,60,7,3,4,1
759,759,Anita Singh,61,8,4,5,2
760,760,Priya Sharma,62,1,5,1,1
761,761,Rahul Joshi,63,2,6,2,2
762,762,Deepak Reddy,64,3,7,3,1
763,763,Aisha Bhat,65,4,1,4,2
764,764,Siddharth Singh,66,5,2,5,1
765,765,Meena Sharma,22,6,3,1,2
766,766,Kavita Joshi,23,7,4,2,1
767,767,Sanjay Reddy,24,8,5,3,2
768,768,Rajesh Bhat,25,1,6,4,1
769,769,Anita Singh,26,2,7,5,2
770,770,Priya Sharma,27,3,1,1,1
771,771,Rahul Joshi,28,4,2,2,2
772,772,Deepak Reddy,29,5,3,3,1
773,773,Aisha Bhat,30,6,4,4,2
774,774,Siddharth Singh,31,7,5,5,1
775,775,Meena Sharma,32,8,6,1,2
776,776,Kavita Joshi,33,1,7,2,1
777,777,Sanjay Reddy,34,2,1,3,2
778,778,Rajesh Bhat,35,3,2,4,1
779,779,Anita Singh,36,4,3,5,2
780,780,Priya Sharma,37,5,4,1,1
781,781,Rahul Joshi,38,6,5,2,2
782,782,Deepak Reddy,39,7,6,3,1
783,783,Aisha Bhat,40,8,7,4,2
784,784,Siddharth Singh,41,1,1,5,1
785,785,Meena Sharma,42,2,2,1,2
786,786,Kavita Joshi,43,3,3,2,1
787,787,Sanjay Reddy,44,4,4,3,2
788,788,Rajesh Bhat,45,5,5,4,1
789,789,Anita Singh,46,6,6,5,2
790,790,Priya Sharma,47,7,7,1,1
791,791,Rahul Joshi,48,8,1,2,2
792,792,Deepak Reddy,49,1,2,3,1
793,793,Aisha Bhat,50,2,3,4,2
794,794,Siddharth Singh,51,3,4,5,1
795,795,Meena Sharma,52,4,5,1,2
796,796,Kavita Joshi,53,5,6,2,1
797,797,Sanjay Reddy,54,6,7,3,2
798,798,Rajesh Bhat,55,7,1,4,1
799,799,Anita Singh,56,8,2,5,2
800,800,Priya Sharma,57,1,3,1,1
801,801,Rahul Joshi,58,2,4,2,2
802,802,Deepak Reddy,59,3,5,3,1
803,803,Aisha Bhat,60,4,6,4,2
804,804,Siddharth Singh,61,5,7,5,1
805,805,Meena Sharma,62,6,1,1,2
806,806,Kavita Joshi,63,7,2,2,1
807,807,Sanjay Reddy,64,8,3,3,2
808,808,Rajesh Bhat,65,1,4,4,1
809,809,Anita Singh,66,2,5,5,2
810,810,Priya Sharma,22,3,6,1,1
811,811,Rahul Joshi,23,4,7,2,2
812,812,Deepak Reddy,24,5,1,3,1
813,813,Aisha Bhat,25,6,2,4,2
814,814,Siddharth Singh,26,7,3,5,1
815,815,Meena Sharma,27,8,4,1,2
816,816,Kavita Joshi,28,1,5,2,1
817,817,Sanjay Reddy,29,2,6,3,2
818,818,Rajesh Bhat,30,3,7,4,1
819,819,Anita Singh,31,4,1,5,2
820,820,Priya Sharma,32,5,2,1,1
821,821,Rahul Joshi,33,6,3,2,2
822,822,Deepak Reddy,34,7,4,3,1
823,823,Aisha Bhat,35,8,5,4,2
824,824,Siddharth Singh,36,1,6,5,1
825,825,Meena Sharma,37,2,7,1,2
826,826,Kavita Joshi,38,3,1,2,1
827,827,Sanjay Reddy,39,4,2,3,2
828,828,Rajesh Bhat,40,5,3,4,1
829,829,Anita Singh,41,6,4,5,2
830,830,Priya Sharma,42,7,5,1,1
831,831,Rahul Joshi,43,8,6,2,2
832,832,Deepak Reddy,44,1,7,3,1
833,833,Aisha Bhat,45,2,1,4,2
834,834,Siddharth Singh,46,3,2,5,1
835,835,Meena Sharma,47,4,3,1,2
836,836,Kavita Joshi,48,5,4,2,1
837,837,Sanjay Reddy,49,6,5,3,2
838,838,Rajesh Bhat,50,7,6,4,1
839,839,Anita Singh,51,8,7,5,2
840,840,Priya Sharma,52,1,1,1,1
841,841,Rahul Joshi,53,2,2,2,2
842,842,Deepak Reddy,54,3,3,3,1
843,843,Aisha Bhat,55,4,4,4,2
844,844,Siddharth Singh,56,5,5,5,1
845,845,Meena Sharma,57,6,6,1,2
846,846,Kavita Joshi,58,7,7,2,1
847,847,Sanjay Reddy,59,8,1,3,2
848,848,Rajesh Bhat,60,1,2,4,1
849,849,Anita Singh,61,2,3,5,2
850,850,Priya Sharma,62,3,4,1,1
851,851,Rahul Joshi,63,4,5,2,2
852,852,Deepak Reddy,64,5,6,3,1
853,853,Aisha Bhat,65,6,7,4,2
854,854,Siddharth Singh,66,7,1,5,1
855,855,Meena Sharma,22,8,2,1,2
856,856,Kavita Joshi,23,1,3,2,1
857,857,Sanjay Reddy,24,2,4,3,2
858,858,Rajesh Bhat,25,3,5,4,1
859,859,Anita Singh,26,4,6,5,2
860,860,Priya Sharma,27,5,7,1,1
861,861,Rahul Joshi,28,6,1,2,2
862,862,Deepak Reddy,29,7,2,3,1
863,863,Aisha Bhat,30,8,3,4,2
864,864,Siddharth Singh,31,1,4,5,1
865,865,Meena Sharma,32,2,5,1,2
866,866,Kavita Joshi,33,3,6,2,1
867,867,Sanjay Reddy,34,4,7,3,2
868,868,Rajesh Bhat,35,5,1,4,1
869,869,Anita Singh,36,6,2,5,2
870,870,Priya Sharma,37,7,3,1,1
871,871,Rahul Joshi,38,8,4,2,2
872,872,Deepak Reddy,39,1,5,3,1
873,873,Aisha Bhat,40,2,6,4,2
874,874,Siddharth Singh,41,3,7,5,1
875,875,Meena Sharma,42,4,1,1,2
876,876,Kavita Joshi,43,5,2,2,1
877,877,Sanjay Reddy,44,6,3,3,2
878,878,Rajesh Bhat,45,7,4,4,1
879,879,Anita Singh,46,8,5,5,2
880,880,Priya Sharma,47,1,6,1,1
881,881,Rahul Joshi,48,2,7,2,2
882,882,Deepak Reddy,49,3,1,3,1
883,883,Aisha Bhat,50,4,2,4,2
884,884,Siddharth Singh,51,5,3,5,1
885,885,Meena Sharma,52,6,4,1,2
886,886,Kavita Joshi,53,7,5,2,1
887,887,Sanjay Reddy,54,8,6,3,2
888,888,Rajesh Bhat,55,1,7,4,1
889,889,Anita Singh,56,2,1,5,2
890,890,Priya Sharma,57,3,2,1,1
891,891,Rahul Joshi,58,4,3,2,2
892,892,Deepak Reddy,59,5,4,3,1
893,893,Aisha Bhat,60,6,5,4,2
894,894,Siddharth Singh,61,7,6,5,1
895,895,Meena Sharma,62,8,7,1,2
896,896,Kavita Joshi,63,1,1,2,1
897,897,Sanjay Reddy,64,2,2,3,2
898,898,Rajesh Bhat,65,3,3,4,1
899,899,Anita Singh,66,4,4,5,2
900,900,Priya Sharma,22,5,5,1,1
901,901,Rahul Joshi,23,6,6,2,2
902,902,Deepak Reddy,24,7,7,3,1
903,903,Aisha Bhat,25,8,1,4,2
904,904,Siddharth Singh,26,1,2,5,1
905,905,Meena Sharma,27,2,3,1,2
906,906,Kavita Joshi,28,3,4,2,1
907,907,Sanjay Reddy,29,4,5,3,2
908,908,Rajesh Bhat,30,5,6,4,1
909,909,Anita Singh,31,6,7,5,2
910,910,Priya Sharma,32,7,1,1,1
911,911,Rahul Joshi,33,8,2,2,2
912,912,Deepak Reddy,34,1,3,3,1
913,913,Aisha Bhat,35,2,4,4,2
914,914,Siddharth Singh,36,3,5,5,1
915,915,Meena Sharma,37,4,6,1,2
916,916,Kavita Joshi,38,5,7,2,1
917,917,Sanjay Reddy,39,6,1,3,2
918,918,Rajesh Bhat,40,7,2,4,1
919,919,Anita Singh,41,8,3,5,2
920,920,Priya Sharma,42,1,4,1,1
921,921,Rahul Joshi,43,2,5,2,2
922,922,Deepak Reddy,44,3,6,3,1
923,923,Aisha Bhat,45,4,7,4,2
924,924,Siddharth Singh,46,5,1,5,1
925,925,Meena Sharma,47,6,2,1,2
926,926,Kavita Joshi,48,7,3,2,1
927,927,Sanjay Reddy,49,8,4,3,2
928,928,Rajesh Bhat,50,1,5,4,1
929,929,Anita Singh,51,2,6,5,2
930,930,Priya Sharma,52,3,7,1,1
931,931,Rahul Joshi,53,4,1,2,2
932,932,Deepak Reddy,54,5,2,3,1
933,933,Aisha Bhat,55,6,3,4,2
934,934,Siddharth Singh,56,7,4,5,1
935,935,Meena Sharma,57,8,5,1,2
936,936,Kavita Joshi,58,1,6,2,1
937,937,Sanjay Reddy,59,2,7,3,2
938,938,Rajesh Bhat,60,3,1,4,1
939,939,Anita Singh,61,4,2,5,2
940,940,Priya Sharma,62,5,3,1,1
941,941,Rahul Joshi,63,6,4,2,2
942,942,Deepak Reddy,64,7,5,3,1
943,943,Aisha Bhat,65,8,6,4,2
944,944,Siddharth Singh,66,1,7,5,1
945,945,Meena Sharma,22,2,1,1,2
946,946,Kavita Joshi,23,3,2,2,1
947,947,Sanjay Reddy,24,4,3,3,2
948,948,Rajesh Bhat,25,5,4,4,1
949,949,Anita Singh,26,6,5,5,2
950,950,Priya Sharma,27,7,6,1,1
951,951,Rahul Joshi,28,8,7,2,2
952,952,Deepak Reddy,29,1,1,3,1
953,953,Aisha Bhat,30,2,2,4,2
954,954,Siddharth Singh,31,3,3,5,1
955,955,Meena Sharma,32,4,4,1,2
956,956,Kavita Joshi,33,5,5,2,1
957,957,Sanjay Reddy,34,6,6,3,2
958,958,Rajesh Bhat,35,7,7,4,1
959,959,Anita Singh,36,8,1,5,2
960,960,Priya Sharma,37,1,2,1,1
961,961,Rahul Joshi,38,2,3,2,2
962,962,Deepak Reddy,39,3,4,3,1
963,963,Aisha Bhat,40,4,5,4,2
964,964,Siddharth Singh,41,5,6,5,1
965,965,Meena Sharma,42,6,7,1,2
966,966,Kavita Joshi,43,7,1,2,1
967,967,Sanjay Reddy,44,8,2,3,2
968,968,Rajesh Bhat,45,1,3,4,1
969,969,Anita Singh,46,2,4,5,2
970,970,Priya Sharma,47,3,5,1,1
971,971,Rahul Joshi,48,4,6,2,2
972,972,Deepak Reddy,49,5,7,3,1
973,973,Aisha Bhat,50,6,1,4,2
974,974,Siddharth Singh,51,7,2,5,1
975,975,Meena Sharma,52,8,3,1,2
976,976,Kavita Joshi,53,1,4,2,1
977,977,Sanjay Reddy,54,2,5,3,2
978,978,Rajesh Bhat,55,3,6,4,1
979,979,Anita Singh,56,4,7,5,2
980,980,Priya Sharma,57,5,1,1,1
981,981,Rahul Joshi,58,6,2,2,2
982,982,Deepak Reddy,59,7,3,3,1
983,983,Aisha Bhat,60,8,4,4,2
984,984,Siddharth Singh,61,1,5,5,1
985,985,Meena Sharma,62,2,6,1,2
986,986,Kavita Joshi,63,3,7,2,1
987,987,Sanjay Reddy,64,4,1,3,2
988,988,Rajesh Bhat,65,5,2,4,1
989,989,Anita Singh,66,6,3,5,2
990,990,Priya Sharma,22,7,4,1,1
991,991,Rahul Joshi,23,8,5,2,2
992,992,Deepak Reddy,24,1,6,3,1
993,993,Aisha Bhat,25,2,7,4,2
994,994,Siddharth Singh,26,3,1,5,1
995,995,Meena Sharma,27,4,2,1,2
996,996,Kavita Joshi,28,5,3,2,1
997,997,Sanjay Reddy,29,6,4,3,2
998,998,Rajesh Bhat,30,7,5,4,1
999,999,Anita Singh,31,8,6,5,2
1000,1000,Priya Sharma,32,1,7,1,1
1001,1001,Rahul Joshi,33,2,1,2,2
1002,1002,Deepak Reddy,34,3,2,3,1
1003,1003,Aisha Bhat,35,4,3,4,2
1004,1004,Siddharth Singh,36,5,4,5,1
1005,1005,Meena Sharma,37,6,5,1,2
1006,1006,Kavita Joshi,38,7,6,2,1
1007,1007,Sanjay Reddy,39,8,7,3,2
1008,1008,Rajesh Bhat,40,1,1,4,1
1009,1009,Anita Singh,41,2,2,5,2
1010,1010,Priya Sharma,42,3,3,1,1
1011,1011,Rahul Joshi,43,4,4,2,2
1012,1012,Deepak Reddy,44,5,5,3,1
1013,1013,Aisha Bhat,45,6,6,4,2
1014,1014,Siddharth Singh,46,7,7,5,1
1015,1015,Meena Sharma,47,8,1,1,2
1016,1016,Kavita Joshi,48,1,2,2,1
1017,1017,Sanjay Reddy,49,2,3,3,2
1018,1018,Rajesh Bhat,50,3,4,4,1
1019,1019,Anita Singh,51,4,5,5,2
1020,1020,Priya Sharma,52,5,6,1,1
1021,1021,Rahul Joshi,53,6,7,2,2
1022,1022,Deepak Reddy,54,7,1,3,1
1023,1023,Aisha Bhat,55,8,2,4,2
1024,1024,Siddharth Singh,56,1,3,5,1
1025,1025,Meena Sharma,57,2,4,1,2
1026,1026,Kavita Joshi,58,3,5,2,1
1027,1027,Sanjay Reddy,59,4,6,3,2
1028,1028,Rajesh Bhat,60,5,7,4,1
1029,1029,Anita Singh,61,6,1,5,2
1030,1030,Priya Sharma,62,7,2,1,1
1031,1031,Rahul Joshi,63,8,3,2,2
1032,1032,Deepak Reddy,64,1,4,3,1
1033,1033,Aisha Bhat,65,2,5,4,2
1034,1034,Siddharth Singh,66,3,6,5,1
1035,1035,Meena Sharma,22,4,7,1,2
1036,1036,Kavita Joshi,23,5,1,2,1
1037,1037,Sanjay Reddy,24,6,2,3,2
1038,1038,Rajesh Bhat,25,7,3,4,1
1039,1039,Anita Singh,26,8,4,5,2
1040,1040,Priya Sharma,27,1,5,1,1
1041,1041,Rahul Joshi,28,2,6,2,2
1042,1042,Deepak Reddy,29,3,7,3,1
1043,1043,Aisha Bhat,30,4,1,4,2
1044,1044,Siddharth Singh,31,5,2,5,1
1045,1045,Meena Sharma,32,6,3,1,2
1046,1046,Kavita Joshi,33,7,4,2,1
1047,1047,Sanjay Reddy,34,8,5,3,2
1048,1048,Rajesh Bhat,35,1,6,4,1
1049,1049,Anita Singh,36,2,7,5,2
1050,1050,Priya Sharma,37,3,1,1,1
1051,1051,Rahul Joshi,38,4,2,2,2
1052,1052,Deepak Reddy,39,5,3,3,1
1053,1053,Aisha Bhat,40,6,4,4,2
1054,1054,Siddharth Singh,41,7,5,5,1
1055,1055,Meena Sharma,42,8,6,1,2
1056,1056,Kavita Joshi,43,1,7,2,1
1057,1057,Sanjay Reddy,44,2,1,3,2
1058,1058,Rajesh Bhat,45,3,2,4,1
1059,1059,Anita Singh,46,4,3,5,2
1060,1060,Priya Sharma,47,5,4,1,1
1061,1061,Rahul Joshi,48,6,5,2,2
1062,1062,Deepak Reddy,49,7,6,3,1
1063,1063,Aisha Bhat,50,8,7,4,2
1064,1064,Siddharth Singh,51,1,1,5,1
1065,1065,Meena Sharma,52,2,2,1,2
1066,1066,Kavita Joshi,53,3,3,2,1
1067,1067,Sanjay Reddy,54,4,4,3,2
1068,1068,Rajesh Bhat,55,5,5,4,1
1069,1069,Anita Singh,56,6,6,5,2
1070,1070,Priya Sharma,57,7,7,1,1
1071,1071,Rahul Joshi,58,8,1,2,2
1072,1072,Deepak Reddy,59,1,2,3,1
1073,1073,Aisha Bhat,60,2,3,4,2
1074,1074,Siddharth Singh,61,3,4,5,1
1075,1075,Meena Sharma,62,4,5,1,2
1076,1076,Kavita Joshi,63,5,6,2,1
1077,1077,Sanjay Reddy,64,6,7,3,2
1078,1078,Rajesh Bhat,65,7,1,4,1
1079,1079,Anita Singh,66,8,2,5,2
1080,1080,Priya Sharma,22,1,3,1,1
1081,1081,Rahul Joshi,23,2,4,2,2
1082,1082,Deepak Reddy,24,3,5,3,1
1083,1083,Aisha Bhat,25,4,6,4,2
1084,1084,Siddharth Singh,26,5,7,5,1
1085,1085,Meena Sharma,27,6,1,1,2
1086,1086,Kavita Joshi,28,7,2,2,1
1087,1087,Sanjay Reddy,29,8,3,3,2
1088,1088,Rajesh Bhat,30,1,4,4,1
1089,1089,Anita Singh,31,2,5,5,2
1090,1090,Priya Sharma,32,3,6,1,1
1091,1091,Rahul Joshi,33,4,7,2,2
1092,1092,Deepak Reddy,34,5,1,3,1
1093,1093,Aisha Bhat,35,6,2,4,2
1094,1094,Siddharth Singh,36,7,3,5,1
1095,1095,Meena Sharma,37,8,4,1,2
1096,1096,Kavita Joshi,38,1,5,2,1
1097,1097,Sanjay Reddy,39,2,6,3,2
1098,1098,Rajesh Bhat,40,3,7,4,1
1099,1099,Anita Singh,41,4,1,5,2
1100,1100,Priya Sharma,42,5,2,1,1
1101,1101,Rahul Joshi,43,6,3,2,2
1102,1102,Deepak Reddy,44,7,4,3,1
1103,1103,Aisha Bhat,45,8,5,4,2
1104,1104,Siddharth Singh,46,1,6,5,1
1105,1105,Meena Sharma,47,2,7,1,2
1106,1106,Kavita Joshi,48,3,1,2,1
1107,1107,Sanjay Reddy,49,4,2,3,2
1108,1108,Rajesh Bhat,50,5,3,4,1
1109,1109,Anita Singh,51,6,4,5,2
1110,1110,Priya Sharma,52,7,5,1,1
1111,1111,Rahul Joshi,53,8,6,2,2
1112,1112,Deepak Reddy,54,1,7,3,1
1113,1113,Aisha Bhat,55,2,1,4,2
1114,1114,Siddharth Singh,56,3,2,5,1
1115,1115,Meena Sharma,57,4,3,1,2
1116,1116,Kavita Joshi,58,5,4,2,1
1117,1117,Sanjay Reddy,59,6,5,3,2
1118,1118,Rajesh Bhat,60,7,6,4,1
1119,1119,Anita Singh,61,8,7,5,2
1120,1120,Priya Sharma,62,1,1,1,1
1121,1121,Rahul Joshi,63,2,2,2,2
1122,1122,Deepak Reddy,64,3,3,3,1
1123,1123,Aisha Bhat,65,4,4,4,2
1124,1124,Siddharth Singh,66,5,5,5,1
1125,1125,Meena Sharma,22,6,6,1,2
1126,1126,Kavita Joshi,23,7,7,2,1
1127,1127,Sanjay Reddy,24,8,1,3,2
1128,1128,Rajesh Bhat,25,1,2,4,1
1129,1129,Anita Singh,26,2,3,5,2
1130,1130,Priya Sharma,27,3,4,1,1
1131,1131,Rahul Joshi,28,4,5,2,2
1132,1132,Deepak Reddy,29,5,6,3,1
1133,1133,Aisha Bhat,30,6,7,4,2
1134,1134,Siddharth Singh,31,7,1,5,1
1135,1135,Meena Sharma,32,8,2,1,2
1136,1136,Kavita Joshi,33,1,3,2,1
1137,1137,Sanjay Reddy,34,2,4,3,2
1138,1138,Rajesh Bhat,35,3,5,4,1
1139,1139,Anita Singh,36,4,6,5,2
1140,1140,Priya Sharma,37,5,7,1,1
1141,1141,Rahul Joshi,38,6,1,2,2
1142,1142,Deepak Reddy,39,7,2,3,1
1143,1143,Aisha Bhat,40,8,3,4,2
1144,1144,Siddharth Singh,41,1,4,5,1
1145,1145,Meena Sharma,42,2,5,1,2
1146,1146,Kavita Joshi,43,3,6,2,1
1147,1147,Sanjay Reddy,44,4,7,3,2
1148,1148,Rajesh Bhat,45,5,1,4,1
1149,1149,Anita Singh,46,6,2,5,2
1150,1150,Priya Sharma,47,7,3,1,1
1151,1151,Rahul Joshi,48,8,4,2,2
1152,1152,Deepak Reddy,49,1,5,3,1
1153,1153,Aisha Bhat,50,2,6,4,2
1154,1154,Siddharth Singh,51,3,7,5,1
1155,1155,Meena Sharma,52,4,1,1,2
1156,1156,Kavita Joshi,53,5,2,2,1
1157,1157,Sanjay Reddy,54,6,3,3,2
1158,1158,Rajesh Bhat,55,7,4,4,1
1159,1159,Anita Singh,56,8,5,5,2
1160,1160,Priya Sharma,57,1,6,1,1
1161,1161,Rahul Joshi,58,2,7,2,2
1162,1162,Deepak Reddy,59,3,1,3,1
1163,1163,Aisha Bhat,60,4,2,4,2
1164,1164,Siddharth Singh,61,5,3,5,1
1165,1165,Meena Sharma,62,6,4,1,2
1166,1166,Kavita Joshi,63,7,5,2,1
1167,1167,Sanjay Reddy,64,8,6,3,2
1168,1168,Rajesh Bhat,65,1,7,4,1
1169,1169,Anita Singh,66,2,1,5,2
1170,1170,Priya Sharma,22,3,2,1,1
1171,1171,Rahul Joshi,23,4,3,2,2
1172,1172,Deepak Reddy,24,5,4,3,1
1173,1173,Aisha Bhat,25,6,5,4,2
1174,1174,Siddharth Singh,26,7,6,5,1
1175,1175,Meena Sharma,27,8,7,1,2
1176,1176,Kavita Joshi,28,1,1,2,1
1177,1177,Sanjay Reddy,29,2,2,3,2
1178,1178,Rajesh Bhat,30,3,3,4,1
1179,1179,Anita Singh,31,4,4,5,2
1180,1180,Priya Sharma,32,5,5,1,1
1181,1181,Rahul Joshi,33,6,6,2,2
1182,1182,Deepak Reddy,34,7,7,3,1
1183,1183,Aisha Bhat,35,8,1,4,2
1184,1184,Siddharth Singh,36,1,2,5,1
1185,1185,Meena Sharma,37,2,3,1,2
1186,1186,Kavita Joshi,38,3,4,2,1
1187,1187,Sanjay Reddy,39,4,5,3,2
1188,1188,Rajesh Bhat,40,5,6,4,1
1189,1189,Anita Singh,41,6,7,5,2
1190,1190,Priya Sharma,42,7,1,1,1
1191,1191,Rahul Joshi,43,8,2,2,2
1192,1192,Deepak Reddy,44,1,3,3,1
1193,1193,Aisha Bhat,45,2,4,4,2
1194,1194,Siddharth Singh,46,3,5,5,1
1195,1195,Meena Sharma,47,4,6,1,2
1196,1196,Kavita Joshi,48,5,7,2,1
1197,1197,Sanjay Reddy,49,6,1,3,2
1198,1198,Rajesh Bhat,50,7,2,4,1
1199,1199,Anita Singh,51,8,3,5,2
1200,1200,Priya Sharma,52,1,4,1,1
1201,1201,Rahul Joshi,53,2,5,2,2
1202,1202,Deepak Reddy,54,3,6,3,1
1203,1203,Aisha Bhat,55,4,7,4,2
1204,1204,Siddharth Singh,56,5,1,5,1
1205,1205,Meena Sharma,57,6,2,1,2
1206,1206,Kavita Joshi,58,7,3,2,1
1207,1207,Sanjay Reddy,59,8,4,3,2
1208,1208,Rajesh Bhat,60,1,5,4,1
1209,1209,Anita Singh,61,2,6,5,2
1210,1210,Priya Sharma,62,3,7,1,1
1211,1211,Rahul Joshi,63,4,1,2,2
1212,1212,Deepak Reddy,64,5,2,3,1
1213,1213,Aisha Bhat,65,6,3,4,2
1214,1214,Siddharth Singh,66,7,4,5,1
1215,1215,Meena Sharma,22,8,5,1,2
1216,1216,Kavita Joshi,23,1,6,2,1
1217,1217,Sanjay Reddy,24,2,7,3,2
1218,1218,Rajesh Bhat,25,3,1,4,1
1219,1219,Anita Singh,26,4,2,5,2
1220,1220,Priya Sharma,27,5,3,1,1
1221,1221,Rahul Joshi,28,6,4,2,2
1222,1222,Deepak Reddy,29,7,5,3,1
1223,1223,Aisha Bhat,30,8,6,4,2
1224,1224,Siddharth Singh,31,1,7,5,1
1225,1225,Meena Sharma,32,2,1,1,2
1226,1226,Kavita Joshi,33,3,2,2,1
1227,1227,Sanjay Reddy,34,4,3,3,2
1228,1228,Rajesh Bhat,35,5,4,4,1
1229,1229,Anita Singh,36,6,5,5,2
1230,1230,Priya Sharma,37,7,6,1,1
1231,1231,Rahul Joshi,38,8,7,2,2
1232,1232,Deepak Reddy,39,1,1,3,1
1233,1233,Aisha Bhat,40,2,2,4,2
1234,1234,Siddharth Singh,41,3,3,5,1
1235,1235,Meena Sharma,42,4,4,1,2
1236,1236,Kavita Joshi,43,5,5,2,1
1237,1237,Sanjay Reddy,44,6,6,3,2
1238,1238,Rajesh Bhat,45,7,7,4,1
1239,1239,Anita Singh,46,8,1,5,2
1240,1240,Priya Sharma,47,1,2,1,1
1241,1241,Rahul Joshi,48,2,3,2,2
1242,1242,Deepak Reddy,49,3,4,3,1
1243,1243,Aisha Bhat,50,4,5,4,2
1244,1244,Siddharth Singh,51,5,6,5,1
1245,1245,Meena Sharma,52,6,7,1,2
1246,1246,Kavita Joshi,53,7,1,2,1
1247,1247,Sanjay Reddy,54,8,2,3,2
1248,1248,Rajesh Bhat,55,1,3,4,1
1249,1249,Anita Singh,56,2,4,5,2
1250,1250,Priya Sharma,57,3,5,1,1
1251,1251,Rahul Joshi,58,4,6,2,2
1252,1252,Deepak Reddy,59,5,7,3,1
1253,1253,Aisha Bhat,60,6,1,4,2
1254,1254,Siddharth Singh,61,7,2,5,1
1255,1255,Meena Sharma,62,8,3,1,2
1256,1256,Kavita Joshi,63,1,4,2,1
1257,1257,Sanjay Reddy,64,2,5,3,2
1258,1258,Rajesh Bhat,65,3,6,4,1
1259,1259,Anita Singh,66,4,7,5,2
1260,1260,Priya Sharma,22,5,1,1,1
1261,1261,Rahul Joshi,23,6,2,2,2
1262,1262,Deepak Reddy,24,7,3,3,1
1263,1263,Aisha Bhat,25,8,4,4,2
1264,1264,Siddharth Singh,26,1,5,5,1
1265,1265,Meena Sharma,27,2,6,1,2
1266,1266,Kavita Joshi,28,3,7,2,1
1267,1267,Sanjay Reddy,29,4,1,3,2
1268,1268,Rajesh Bhat,30,5,2,4,1
1269,1269,Anita Singh,31,6,3,5,2
1270,1270,Priya Sharma,32,7,4,1,1
1271,1271,Rahul Joshi,33,8,5,2,2
1272,1272,Deepak Reddy,34,1,6,3,1
1273,1273,Aisha Bhat,35,2,7,4,2
1274,1274,Siddharth Singh,36,3,1,5,1
1275,1275,Meena Sharma,37,4,2,1,2
1276,1276,Kavita Joshi,38,5,3,2,1
1277,1277,Sanjay Reddy,39,6,4,3,2
1278,1278,Rajesh Bhat,40,7,5,4,1
1279,1279,Anita Singh,41,8,6,5,2
1280,1280,Priya Sharma,42,1,7,1,1
1281,1281,Rahul Joshi,43,2,1,2,2
1282,1282,Deepak Reddy,44,3,2,3,1
1283,1283,Aisha Bhat,45,4,3,4,2
1284,1284,Siddharth Singh,46,5,4,5,1
1285,1285,Meena Sharma,47,6,5,1,2
1286,1286,Kavita Joshi,48,7,6,2,1
1287,1287,Sanjay Reddy,49,8,7,3,2
1288,1288,Rajesh Bhat,50,1,1,4,1
1289,1289,Anita Singh,51,2,2,5,2
1290,1290,Priya Sharma,52,3,3,1,1
1291,1291,Rahul Joshi,53,4,4,2,2
1292,1292,Deepak Reddy,54,5,5,3,1
1293,1293,Aisha Bhat,55,6,6,4,2
1294,1294,Siddharth Singh,56,7,7,5,1
1295,1295,Meena Sharma,57,8,1,1,2
1296,1296,Kavita Joshi,58,1,2,2,1
1297,1297,Sanjay Reddy,59,2,3,3,2
1298,1298,Rajesh Bhat,60,3,4,4,1
1299,1299,Anita Singh,61,4,5,5,2
1300,1300,Priya Sharma,62,5,6,1,1
1301,1301,Rahul Joshi,63,6,7,2,2
1302,1302,Deepak Reddy,64,7,1,3,1
1303,1303,Aisha Bhat,65,8,2,4,2
1304,1304,Siddharth Singh,66,1,3,5,1
1305,1305,Meena Sharma,22,2,4,1,2
1306,1306,Kavita Joshi,23,3,5,2,1
1307,1307,Sanjay Reddy,24,4,6,3,2
1308,1308,Rajesh Bhat,25,5,7,4,1
1309,1309,Anita Singh,26,6,1,5,2
1310,1310,Priya Sharma,27,7,2,1,1
1311,1311,Rahul Joshi,28,8,3,2,2
1312,1312,Deepak Reddy,29,1,4,3,1
1313,1313,Aisha Bhat,30,2,5,4,2
1314,1314,Siddharth Singh,31,3,6,5,1
1315,1315,Meena Sharma,32,4,7,1,2
1316,1316,Kavita Joshi,33,5,1,2,1
1317,1317,Sanjay Reddy,34,6,2,3,2
1318,1318,Rajesh Bhat,35,7,3,4,1
1319,1319,Anita Singh,36,8,4,5,2
1320,1320,Priya Sharma,37,1,5,1,1
1321,1321,Rahul Joshi,38,2,6,2,2
1322,1322,Deepak Reddy,39,3,7,3,1
1323,1323,Aisha Bhat,40,4,1,4,2
1324,1324,Siddharth Singh,41,5,2,5,1
1325,1325,Meena Sharma,42,6,3,1,2
1326,1326,Kavita Joshi,43,7,4,2,1
1327,1327,Sanjay Reddy,44,8,5,3,2
1328,1328,Rajesh Bhat,45,1,6,4,1
1329,1329,Anita Singh,46,2,7,5,2
1330,1330,Priya Sharma,47,3,1,1,1
1331,1331,Rahul Joshi,48,4,2,2,2
1332,1332,Deepak Reddy,49,5,3,3,1
1333,1333,Aisha Bhat,50,6,4,4,2
1334,1334,Siddharth Singh,51,7,5,5,1
1335,1335,Meena Sharma,52,8,6,1,2
1336,1336,Kavita Joshi,53,1,7,2,1
1337,1337,Sanjay Reddy,54,2,1,3,2
1338,1338,Rajesh Bhat,55,3,2,4,1
1339,1339,Anita Singh,56,4,3,5,2
1340,1340,Priya Sharma,57,5,4,1,1
1341,1341,Rahul Joshi,58,6,5,2,2
1342,1342,Deepak Reddy,59,7,6,3,1
1343,1343,Aisha Bhat,60,8,7,4,2
1344,1344,Siddharth Singh,61,1,1,5,1
1345,1345,Meena Sharma,62,2,2,1,2
1346,1346,Kavita Joshi,63,3,3,2,1
1347,1347,Sanjay Reddy,64,4,4,3,2
1348,1348,Rajesh Bhat,65,5,5,4,1
1349,1349,Anita Singh,66,6,6,5,2
1350,1350,Priya Sharma,22,7,7,1,1
1351,1351,Rahul Joshi,23,8,1,2,2
1352,1352,Deepak Reddy,24,1,2,3,1
1353,1353,Aisha Bhat,25,2,3,4,2
1354,1354,Siddharth Singh,26,3,4,5,1
1355,1355,Meena Sharma,27,4,5,1,2
1356,1356,Kavita Joshi,28,5,6,2,1
1357,1357,Sanjay Reddy,29,6,7,3,2
1358,1358,Rajesh Bhat,30,7,1,4,1
1359,1359,Anita Singh,31,8,2,5,2
1360,1360,Priya Sharma,32,1,3,1,1
1361,1361,Rahul Joshi,33,2,4,2,2
1362,1362,Deepak Reddy,34,3,5,3,1
1363,1363,Aisha Bhat,35,4,6,4,2
1364,1364,Siddharth Singh,36,5,7,5,1
1365,1365,Meena Sharma,37,6,1,1,2
1366,1366,Kavita Joshi,38,7,2,2,1
1367,1367,Sanjay Reddy,39,8,3,3,2
1368,1368,Rajesh Bhat,40,1,4,4,1
1369,1369,Anita Singh,41,2,5,5,2
1370,1370,Priya Sharma,42,3,6,1,1
1371,1371,Rahul Joshi,43,4,7,2,2
1372,1372,Deepak Reddy,44,5,1,3,1
1373,1373,Aisha Bhat,45,6,2,4,2
1374,1374,Siddharth Singh,46,7,3,5,1
1375,1375,Meena Sharma,47,8,4,1,2
1376,1376,Kavita Joshi,48,1,5,2,1
1377,1377,Sanjay Reddy,49,2,6,3,2
1378,1378,Rajesh Bhat,50,3,7,4,1
1379,1379,Anita Singh,51,4,1,5,2
1380,1380,Priya Sharma,52,5,2,1,1
1381,1381,Rahul Joshi,53,6,3,2,2
1382,1382,Deepak Reddy,54,7,4,3,1
1383,1383,Aisha Bhat,55,8,5,4,2
1384,1384,Siddharth Singh,56,1,6,5,1
1385,1385,Meena Sharma,57,2,7,1,2
1386,1386,Kavita Joshi,58,3,1,2,1
1387,1387,Sanjay Reddy,59,4,2,3,2
1388,1388,Rajesh Bhat,60,5,3,4,1
1389,1389,Anita Singh,61,6,4,5,2
1390,1390,Priya Sharma,62,7,5,1,1
1391,1391,Rahul Joshi,63,8,6,2,2
1392,1392,Deepak Reddy,64,1,7,3,1
1393,1393,Aisha Bhat,65,2,1,4,2
1394,1394,Siddharth Singh,66,3,2,5,1
1395,1395,Meena Sharma,22,4,3,1,2
1396,1396,Kavita Joshi,23,5,4,2,1
1397,1397,Sanjay Reddy,24,6,5,3,2
1398,1398,Rajesh Bhat,25,7,6,4,1
1399,1399,Anita Singh,26,8,7,5,2
1400,1400,Priya Sharma,27,1,1,1,1
1401,1401,Rahul Joshi,28,2,2,2,2
1402,1402,Deepak Reddy,29,3,3,3,1
1403,1403,Aisha Bhat,30,4,4,4,2
1404,1404,Siddharth Singh,31,5,5,5,1
1405,1405,Meena Sharma,32,6,6,1,2
1406,1406,Kavita Joshi,33,7,7,2,1
1407,1407,Sanjay Reddy,34,8,1,3,2
1408,1408,Rajesh Bhat,35,1,2,4,1
1409,1409,Anita Singh,36,2,3,5,2
1410,1410,Priya Sharma,37,3,4,1,1
1411,1411,Rahul Joshi,38,4,5,2,2
1412,1412,Deepak Reddy,39,5,6,3,1
1413,1413,Aisha Bhat,40,6,7,4,2
1414,1414,Siddharth Singh,41,7,1,5,1
1415,1415,Meena Sharma,42,8,2,1,2
1416,1416,Kavita Joshi,43,1,3,2,1
1417,1417,Sanjay Reddy,44,2,4,3,2
1418,1418,Rajesh Bhat,45,3,5,4,1
1419,1419,Anita Singh,46,4,6,5,2
1420,1420,Priya Sharma,47,5,7,1,1
1421,1421,Rahul Joshi,48,6,1,2,2
1422,1422,Deepak Reddy,49,7,2,3,1
1423,1423,Aisha Bhat,50,8,3,4,2
1424,1424,Siddharth Singh,51,1,4,5,1
1425,1425,Meena Sharma,52,2,5,1,2
1426,1426,Kavita Joshi,53,3,6,2,1
1427,1427,Sanjay Reddy,54,4,7,3,2
1428,1428,Rajesh Bhat,55,5,1,4,1
1429,1429,Anita Singh,56,6,2,5,2
1430,1430,Priya Sharma,57,7,3,1,1
1431,1431,Rahul Joshi,58,8,4,2,2
1432,1432,Deepak Reddy,59,1,5,3,1
1433,1433,Aisha Bhat,60,2,6,4,2
1434,1434,Siddharth Singh,61,3,7,5,1
1435,1435,Meena Sharma,62,4,1,1,2
1436,1436,Kavita Joshi,63,5,2,2,1
1437,1437,Sanjay Reddy,64,6,3,3,2
1438,1438,Rajesh Bhat,65,7,4,4,1
1439,1439,Anita Singh,66,8,5,5,2
1440,1440,Priya Sharma,22,1,6,1,1
1441,1441,Rahul Joshi,23,2,7,2,2
1442,1442,Deepak Reddy,24,3,1,3,1
1443,1443,Aisha Bhat,25,4,2,4,2
1444,1444,Siddharth Singh,26,5,3,5,1
1445,1445,Meena Sharma,27,6,4,1,2
1446,1446,Kavita Joshi,28,7,5,2,1
1447,1447,Sanjay Reddy,29,8,6,3,2
1448,1448,Rajesh Bhat,30,1,7,4,1
1449,1449,Anita Singh,31,2,1,5,2
1450,1450,Priya Sharma,32,3,2,1,1
1451,1451,Rahul Joshi,33,4,3,2,2
1452,1452,Deepak Reddy,34,5,4,3,1
1453,1453,Aisha Bhat,35,6,5,4,2
1454,1454,Siddharth Singh,36,7,6,5,1
1455,1455,Meena Sharma,37,8,7,1,2
1456,1456,Kavita Joshi,38,1,1,2,1
1457,1457,Sanjay Reddy,39,2,2,3,2
1458,1458,Rajesh Bhat,40,3,3,4,1
1459,1459,Anita Singh,41,4,4,5,2
1460,1460,Priya Sharma,42,5,5,1,1
1461,1461,Rahul Joshi,43,6,6,2,2
1462,1462,Deepak Reddy,44,7,7,3,1
1463,1463,Aisha Bhat,45,8,1,4,2
1464,1464,Siddharth Singh,46,1,2,5,1
1465,1465,Meena Sharma,47,2,3,1,2
1466,1466,Kavita Joshi,48,3,4,2,1
1467,1467,Sanjay Reddy,49,4,5,3,2
1468,1468,Rajesh Bhat,50,5,6,4,1
1469,1469,Anita Singh,51,6,7,5,2
1470,1470,Priya Sharma,52,7,1,1,1
1471,1471,Rahul Joshi,53,8,2,2,2
1472,1472,Deepak Reddy,54,1,3,3,1
1473,1473,Aisha Bhat,55,2,4,4,2
1474,1474,Siddharth Singh,56,3,5,5,1
1475,1475,Meena Sharma,57,4,6,1,2
1476,1476,Kavita Joshi,58,5,7,2,1
1477,1477,Sanjay Reddy,59,6,1,3,2
1478,1478,Rajesh Bhat,60,7,2,4,1
1479,1479,Anita Singh,61,8,3,5,2
1480,1480,Priya Sharma,62,1,4,1,1
1481,1481,Rahul Joshi,63,2,5,2,2
1482,1482,Deepak Reddy,64,3,6,3,1
1483,1483,Aisha Bhat,65,4,7,4,2
1484,1484,Siddharth Singh,66,5,1,5,1
1485,1485,Meena Sharma,22,6,2,1,2
1486,1486,Kavita Joshi,23,7,3,2,1
1487,1487,Sanjay Reddy,24,8,4,3,2
1488,1488,Rajesh Bhat,25,1,5,4,1
1489,1489,Anita Singh,26,2,6,5,2
1490,1490,Priya Sharma,27,3,7,1,1
1491,1491,Rahul Joshi,28,4,1,2,2
1492,1492,Deepak Reddy,29,5,2,3,1
1493,1493,Aisha Bhat,30,6,3,4,2
1494,1494,Siddharth Singh,31,7,4,5,1
1495,1495,Meena Sharma,32,8,5,1,2
1496,1496,Kavita Joshi,33,1,6,2,1
1497,1497,Sanjay Reddy,34,2,7,3,2
1498,1498,Rajesh Bhat,35,3,1,4,1
1499,1499,Anita Singh,36,4,2,5,2
1500,1500,Priya Sharma,37,5,3,1,1
1501,1501,Rahul Joshi,38,6,4,2,2
1502,1502,Deepak Reddy,39,7,5,3,1
1503,1503,Aisha Bhat,40,8,6,4,2
1504,1504,Siddharth Singh,41,1,7,5,1
1505,1505,Meena Sharma,42,2,1,1,2
1506,1506,Kavita Joshi,43,3,2,2,1
1507,1507,Sanjay Reddy,44,4,3,3,2
1508,1508,Rajesh Bhat,45,5,4,4,1
1509,1509,Anita Singh,46,6,5,5,2
1510,1510,Priya Sharma,47,7,6,1,1
1511,1511,Rahul Joshi,48,8,7,2,2
1512,1512,Deepak Reddy,49,1,1,3,1
1513,1513,Aisha Bhat,50,2,2,4,2
1514,1514,Siddharth Singh,51,3,3,5,1
1515,1515,Meena Sharma,52,4,4,1,2
1516,1516,Kavita Joshi,53,5,5,2,1
1517,1517,Sanjay Reddy,54,6,6,3,2
1518,1518,Rajesh Bhat,55,7,7,4,1
1519,1519,Anita Singh,56,8,1,5,2
1520,1520,Priya Sharma,57,1,2,1,1
1521,1521,Rahul Joshi,58,2,3,2,2
1522,1522,Deepak Reddy,59,3,4,3,1
1523,1523,Aisha Bhat,60,4,5,4,2
1524,1524,Siddharth Singh,61,5,6,5,1
1525,1525,Meena Sharma,62,6,7,1,2
1526,1526,Kavita Joshi,63,7,1,2,1
1527,1527,Sanjay Reddy,64,8,2,3,2
1528,1528,Rajesh Bhat,65,1,3,4,1
1529,1529,Anita Singh,66,2,4,5,2
1530,1530,Priya Sharma,22,3,5,1,1
1531,1531,Rahul Joshi,23,4,6,2,2
1532,1532,Deepak Reddy,24,5,7,3,1
1533,1533,Aisha Bhat,25,6,1,4,2
1534,1534,Siddharth Singh,26,7,2,5,1
1535,1535,Meena Sharma,27,8,3,1,2
1536,1536,Kavita Joshi,28,1,4,2,1
1537,1537,Sanjay Reddy,29,2,5,3,2
1538,1538,Rajesh Bhat,30,3,6,4,1
1539,1539,Anita Singh,31,4,7,5,2
1540,1540,Priya Sharma,32,5,1,1,1
1541,1541,Rahul Joshi,33,6,2,2,2
1542,1542,Deepak Reddy,34,7,3,3,1
1543,1543,Aisha Bhat,35,8,4,4,2
1544,1544,Siddharth Singh,36,1,5,5,1
1545,1545,Meena Sharma,37,2,6,1,2
1546,1546,Kavita Joshi,38,3,7,2,1
1547,1547,Sanjay Reddy,39,4,1,3,2
1548,1548,Rajesh Bhat,40,5,2,4,1
1549,1549,Anita Singh,41,6,3,5,2
1550,1550,Priya Sharma,42,7,4,1,1
1551,1551,Rahul Joshi,43,8,5,2,2
1552,1552,Deepak Reddy,44,1,6,3,1
1553,1553,Aisha Bhat,45,2,7,4,2
1554,1554,Siddharth Singh,46,3,1,5,1
1555,1555,Meena Sharma,47,4,2,1,2
1556,1556,Kavita Joshi,48,5,3,2,1
1557,1557,Sanjay Reddy,49,6,4,3,2
1558,1558,Rajesh Bhat,50,7,5,4,1
1559,1559,Anita Singh,51,8,6,5,2
1560,1560,Priya Sharma,52,1,7,1,1
1561,1561,Rahul Joshi,53,2,1,2,2
1562,1562,Deepak Reddy,54,3,2,3,1
1563,1563,Aisha Bhat,55,4,3,4,2
1564,1564,Siddharth Singh,56,5,4,5,1
1565,1565,Meena Sharma,57,6,5,1,2
1566,1566,Kavita Joshi,58,7,6,2,1
1567,1567,Sanjay Reddy,59,8,7,3,2
1568,1568,Rajesh Bhat,60,1,1,4,1
1569,1569,Anita Singh,61,2,2,5,2
1570,1570,Priya Sharma,62,3,3,1,1
1571,1571,Rahul Joshi,63,4,4,2,2
1572,1572,Deepak Reddy,64,5,5,3,1
1573,1573,Aisha Bhat,65,6,6,4,2
1574,1574,Siddharth Singh,66,7,7,5,1
1575,1575,Meena Sharma,22,8,1,1,2
1576,1576,Kavita Joshi,23,1,2,2,1
1577,1577,Sanjay Reddy,24,2,3,3,2
1578,1578,Rajesh Bhat,25,3,4,4,1
1579,1579,Anita Singh,26,4,5,5,2
1580,1580,Priya Sharma,27,5,6,1,1
1581,1581,Rahul Joshi,28,6,7,2,2
1582,1582,Deepak Reddy,29,7,1,3,1
1583,1583,Aisha Bhat,30,8,2,4,2
1584,1584,Siddharth Singh,31,1,3,5,1
1585,1585,Meena Sharma,32,2,4,1,2
1586,1586,Kavita Joshi,33,3,5,2,1
1587,1587,Sanjay Reddy,34,4,6,3,2
1588,1588,Rajesh Bhat,35,5,7,4,1
1589,1589,Anita Singh,36,6,1,5,2
1590,1590,Priya Sharma,37,7,2,1,1
1591,1591,Rahul Joshi,38,8,3,2,2
1592,1592,Deepak Reddy,39,1,4,3,1
1593,1593,Aisha Bhat,40,2,5,4,2
1594,1594,Siddharth Singh,41,3,6,5,1
1595,1595,Meena Sharma,42,4,7,1,2
1596,1596,Kavita Joshi,43,5,1,2,1
1597,1597,Sanjay Reddy,44,6,2,3,2
1598,1598,Rajesh Bhat,45,7,3,4,1
1599,1599,Anita Singh,46,8,4,5,2
1600,1600,Priya Sharma,47,1,5,1,1
1601,1601,Rahul Joshi,48,2,6,2,2
1602,1602,Deepak Reddy,49,3,7,3,1
1603,1603,Aisha Bhat,50,4,1,4,2
1604,1604,Siddharth Singh,51,5,2,5,1
1605,1605,Meena Sharma,52,6,3,1,2
1606,1606,Kavita Joshi,53,7,4,2,1
1607,1607,Sanjay Reddy,54,8,5,3,2
1608,1608,Rajesh Bhat,55,1,6,4,1
1609,1609,Anita Singh,56,2,7,5,2
1610,1610,Priya Sharma,57,3,1,1,1
1611,1611,Rahul Joshi,58,4,2,2,2
1612,1612,Deepak Reddy,59,5,3,3,1
1613,1613,Aisha Bhat,60,6,4,4,2
1614,1614,Siddharth Singh,61,7,5,5,1
1615,1615,Meena Sharma,62,8,6,1,2
1616,1616,Kavita Joshi,63,1,7,2,1
1617,1617,Sanjay Reddy,64,2,1,3,2
1618,1618,Rajesh Bhat,65,3,2,4,1
1619,1619,Anita Singh,66,4,3,5,2
1620,1620,Priya Sharma,22,5,4,1,1
1621,1621,Rahul Joshi,23,6,5,2,2
1622,1622,Deepak Reddy,24,7,6,3,1
1623,1623,Aisha Bhat,25,8,7,4,2
1624,1624,Siddharth Singh,26,1,1,5,1
1625,1625,Meena Sharma,27,2,2,1,2
1626,1626,Kavita Joshi,28,3,3,2,1
1627,1627,Sanjay Reddy,29,4,4,3,2
1628,1628,Rajesh Bhat,30,5,5,4,1
1629,1629,Anita Singh,31,6,6,5,2
1630,1630,Priya Sharma,32,7,7,1,1
1631,1631,Rahul Joshi,33,8,1,2,2
1632,1632,Deepak Reddy,34,1,2,3,1
1633,1633,Aisha Bhat,35,2,3,4,2
1634,1634,Siddharth Singh,36,3,4,5,1
1635,1635,Meena Sharma,37,4,5,1,2
1636,1636,Kavita Joshi,38,5,6,2,1
1637,1637,Sanjay Reddy,39,6,7,3,2
1638,1638,Rajesh Bhat,40,7,1,4,1
1639,1639,Anita Singh,41,8,2,5,2
1640,1640,Priya Sharma,42,1,3,1,1
1641,1641,Rahul Joshi,43,2,4,2,2
1642,1642,Deepak Reddy,44,3,5,3,1
1643,1643,Aisha Bhat,45,4,6,4,2
1644,1644,Siddharth Singh,46,5,7,5,1
1645,1645,Meena Sharma,47,6,1,1,2
1646,1646,Kavita Joshi,48,7,2,2,1
1647,1647,Sanjay Reddy,49,8,3,3,2
1648,1648,Rajesh Bhat,50,1,4,4,1
1649,1649,Anita Singh,51,2,5,5,2
1650,1650,Priya Sharma,52,3,6,1,1
1651,1651,Rahul Joshi,53,4,7,2,2
1652,1652,Deepak Reddy,54,5,1,3,1
1653,1653,Aisha Bhat,55,6,2,4,2
1654,1654,Siddharth Singh,56,7,3,5,1
1655,1655,Meena Sharma,57,8,4,1,2
1656,1656,Kavita Joshi,58,1,5,2,1
1657,1657,Sanjay Reddy,59,2,6,3,2
1658,1658,Rajesh Bhat,60,3,7,4,1
1659,1659,Anita Singh,61,4,1,5,2
1660,1660,Priya Sharma,62,5,2,1,1
1661,1661,Rahul Joshi,63,6,3,2,2
1662,1662,Deepak Reddy,64,7,4,3,1
1663,1663,Aisha Bhat,65,8,5,4,2
1664,1664,Siddharth Singh,66,1,6,5,1
1665,1665,Meena Sharma,22,2,7,1,2
1666,1666,Kavita Joshi,23,3,1,2,1
1667,1667,Sanjay Reddy,24,4,2,3,2
1668,1668,Rajesh Bhat,25,5,3,4,1
1669,1669,Anita Singh,26,6,4,5,2
1670,1670,Priya Sharma,27,7,5,1,1
1671,1671,Rahul Joshi,28,8,6,2,2
1672,1672,Deepak Reddy,29,1,7,3,1
1673,1673,Aisha Bhat,30,2,1,4,2
1674,1674,Siddharth Singh,31,3,2,5,1
1675,1675,Meena Sharma,32,4,3,1,2
1676,1676,Kavita Joshi,33,5,4,2,1
1677,1677,Sanjay Reddy,34,6,5,3,2
1678,1678,Rajesh Bhat,35,7,6,4,1
1679,1679,Anita Singh,36,8,7,5,2
1680,1680,Priya Sharma,37,1,1,1,1
1681,1681,Rahul Joshi,38,2,2,2,2
1682,1682,Deepak Reddy,39,3,3,3,1
1683,1683,Aisha Bhat,40,4,4,4,2
1684,1684,Siddharth Singh,41,5,5,5,1
1685,1685,Meena Sharma,42,6,6,1,2
1686,1686,Kavita Joshi,43,7,7,2,1
1687,1687,Sanjay Reddy,44,8,1,3,2
1688,1688,Rajesh Bhat,45,1,2,4,1
1689,1689,Anita Singh,46,2,3,5,2
1690,1690,Priya Sharma,47,3,4,1,1
1691,1691,Rahul Joshi,48,4,5,2,2
1692,1692,Deepak Reddy,49,5,6,3,1
1693,1693,Aisha Bhat,50,6,7,4,2
1694,1694,Siddharth Singh,51,7,1,5,1
1695,1695,Meena Sharma,52,8,2,1,2
1696,1696,Kavita Joshi,53,1,3,2,1
1697,1697,Sanjay Reddy,54,2,4,3,2
1698,1698,Rajesh Bhat,55,3,5,4,1
1699,1699,Anita Singh,56,4,6,5,2
1700,1700,Priya Sharma,57,5,7,1,1
1701,1701,Rahul Joshi,58,6,1,2,2
1702,1702,Deepak Reddy,59,7,2,3,1
1703,1703,Aisha Bhat,60,8,3,4,2
1704,1704,Siddharth Singh,61,1,4,5,1
1705,1705,Meena Sharma,62,2,5,1,2
1706,1706,Kavita Joshi,63,3,6,2,1
1707,1707,Sanjay Reddy,64,4,7,3,2
1708,1708,Rajesh Bhat,65,5,1,4,1
1709,1709,Anita Singh,66,6,2,5,2
1710,1710,Priya Sharma,22,7,3,1,1
1711,1711,Rahul Joshi,23,8,4,2,2
1712,1712,Deepak Reddy,24,1,5,3,1
1713,1713,Aisha Bhat,25,2,6,4,2
1714,1714,Siddharth Singh,26,3,7,5,1
1715,1715,Meena Sharma,27,4,1,1,2
1716,1716,Kavita Joshi,28,5,2,2,1
1717,1717,Sanjay Reddy,29,6,3,3,2
1718,1718,Rajesh Bhat,30,7,4,4,1
1719,1719,Anita Singh,31,8,5,5,2
1720,1720,Priya Sharma,32,1,6,1,1
1721,1721,Rahul Joshi,33,2,7,2,2
1722,1722,Deepak Reddy,34,3,1,3,1
1723,1723,Aisha Bhat,35,4,2,4,2
1724,1724,Siddharth Singh,36,5,3,5,1
1725,1725,Meena Sharma,37,6,4,1,2
1726,1726,Kavita Joshi,38,7,5,2,1
1727,1727,Sanjay Reddy,39,8,6,3,2
1728,1728,Rajesh Bhat,40,1,7,4,1
1729,1729,Anita Singh,41,2,1,5,2
1730,1730,Priya Sharma,42,3,2,1,1
1731,1731,Rahul Joshi,43,4,3,2,2
1732,1732,Deepak Reddy,44,5,4,3,1
1733,1733,Aisha Bhat,45,6,5,4,2
1734,1734,Siddharth Singh,46,7,6,5,1
1735,1735,Meena Sharma,47,8,7,1,2
1736,1736,Kavita Joshi,48,1,1,2,1
1737,1737,Sanjay Reddy,49,2,2,3,2
1738,1738,Rajesh Bhat,50,3,3,4,1
1739,1739,Anita Singh,51,4,4,5,2
1740,1740,Priya Sharma,52,5,5,1,1
1741,1741,Rahul Joshi,53,6,6,2,2
1742,1742,Deepak Reddy,54,7,7,3,1
1743,1743,Aisha Bhat,55,8,1,4,2
1744,1744,Siddharth Singh,56,1,2,5,1
1745,1745,Meena Sharma,57,2,3,1,2
1746,1746,Kavita Joshi,58,3,4,2,1
1747,1747,Sanjay Reddy,59,4,5,3,2
1748,1748,Rajesh Bhat,60,5,6,4,1
1749,1749,Anita Singh,61,6,7,5,2
1750,1750,Priya Sharma,62,7,1,1,1
1751,1751,Rahul Joshi,63,8,2,2,2
1752,1752,Deepak Reddy,64,1,3,3,1
1753,1753,Aisha Bhat,65,2,4,4,2
1754,1754,Siddharth Singh,66,3,5,5,1
1755,1755,Meena Sharma,22,4,6,1,2
1756,1756,Kavita Joshi,23,5,7,2,1
1757,1757,Sanjay Reddy,24,6,1,3,2
1758,1758,Rajesh Bhat,25,7,2,4,1
1759,1759,Anita Singh,26,8,3,5,2
1760,1760,Priya Sharma,27,1,4,1,1
1761,1761,Rahul Joshi,28,2,5,2,2
1762,1762,Deepak Reddy,29,3,6,3,1
1763,1763,Aisha Bhat,30,4,7,4,2
1764,1764,Siddharth Singh,31,5,1,5,1
1765,1765,Meena Sharma,32,6,2,1,2
1766,1766,Kavita Joshi,33,7,3,2,1
1767,1767,Sanjay Reddy,34,8,4,3,2
1768,1768,Rajesh Bhat,35,1,5,4,1
1769,1769,Anita Singh,36,2,6,5,2
1770,1770,Priya Sharma,37,3,7,1,1
1771,1771,Rahul Joshi,38,4,1,2,2
1772,1772,Deepak Reddy,39,5,2,3,1
1773,1773,Aisha Bhat,40,6,3,4,2
1774,1774,Siddharth Singh,41,7,4,5,1
1775,1775,Meena Sharma,42,8,5,1,2
1776,1776,Kavita Joshi,43,1,6,2,1
1777,1777,Sanjay Reddy,44,2,7,3,2
1778,1778,Rajesh Bhat,45,3,1,4,1
1779,1779,Anita Singh,46,4,2,5,2
1780,1780,Priya Sharma,47,5,3,1,1
1781,1781,Rahul Joshi,48,6,4,2,2
1782,1782,Deepak Reddy,49,7,5,3,1
1783,1783,Aisha Bhat,50,8,6,4,2
1784,1784,Siddharth Singh,51,1,7,5,1
1785,1785,Meena Sharma,52,2,1,1,2
1786,1786,Kavita Joshi,53,3,2,2,1
1787,1787,Sanjay Reddy,54,4,3,3,2
1788,1788,Rajesh Bhat,55,5,4,4,1
1789,1789,Anita Singh,56,6,5,5,2
1790,1790,Priya Sharma,57,7,6,1,1
1791,1791,Rahul Joshi,58,8,7,2,2
1792,1792,Deepak Reddy,59,1,1,3,1
1793,1793,Aisha Bhat,60,2,2,4,2
1794,1794,Siddharth Singh,61,3,3,5,1
1795,1795,Meena Sharma,62,4,4,1,2
1796,1796,Kavita Joshi,63,5,5,2,1
1797,1797,Sanjay Reddy,64,6,6,3,2
1798,1798,Rajesh Bhat,65,7,7,4,1
1799,1799,Anita Singh,66,8,1,5,2
1800,1800,Priya Sharma,22,1,2,1,1
1801,1801,Rahul Joshi,23,2,3,2,2
1802,1802,Deepak Reddy,24,3,4,3,1
1803,1803,Aisha Bhat,25,4,5,4,2
1804,1804,Siddharth Singh,26,5,6,5,1
1805,1805,Meena Sharma,27,6,7,1,2
1806,1806,Kavita Joshi,28,7,1,2,1
1807,1807,Sanjay Reddy,29,8,2,3,2
1808,1808,Rajesh Bhat,30,1,3,4,1
1809,1809,Anita Singh,31,2,4,5,2
1810,1810,Priya Sharma,32,3,5,1,1
1811,1811,Rahul Joshi,33,4,6,2,2
1812,1812,Deepak Reddy,34,5,7,3,1
1813,1813,Aisha Bhat,35,6,1,4,2
1814,1814,Siddharth Singh,36,7,2,5,1
1815,1815,Meena Sharma,37,8,3,1,2
1816,1816,Kavita Joshi,38,1,4,2,1
1817,1817,Sanjay Reddy,39,2,5,3,2
1818,1818,Rajesh Bhat,40,3,6,4,1
1819,1819,Anita Singh,41,4,7,5,2
1820,1820,Priya Sharma,42,5,1,1,1
1821,1821,Rahul Joshi,43,6,2,2,2
1822,1822,Deepak Reddy,44,7,3,3,1
1823,1823,Aisha Bhat,45,8,4,4,2
1824,1824,Siddharth Singh,46,1,5,5,1
1825,1825,Meena Sharma,47,2,6,1,2
1826,1826,Kavita Joshi,48,3,7,2,1
1827,1827,Sanjay Reddy,49,4,1,3,2
1828,1828,Rajesh Bhat,50,5,2,4,1
1829,1829,Anita Singh,51,6,3,5,2
1830,1830,Priya Sharma,52,7,4,1,1
1831,1831,Rahul Joshi,53,8,5,2,2
1832,1832,Deepak Reddy,54,1,6,3,1
1833,1833,Aisha Bhat,55,2,7,4,2
1834,1834,Siddharth Singh,56,3,1,5,1
1835,1835,Meena Sharma,57,4,2,1,2
1836,1836,Kavita Joshi,58,5,3,2,1
1837,1837,Sanjay Reddy,59,6,4,3,2
1838,1838,Rajesh Bhat,60,7,5,4,1
1839,1839,Anita Singh,61,8,6,5,2
1840,1840,Priya Sharma,62,1,7,1,1
1841,1841,Rahul Joshi,63,2,1,2,2
1842,1842,Deepak Reddy,64,3,2,3,1
1843,1843,Aisha Bhat,65,4,3,4,2
1844,1844,Siddharth Singh,66,5,4,5,1
1845,1845,Meena Sharma,22,6,5,1,2
1846,1846,Kavita Joshi,23,7,6,2,1
1847,1847,Sanjay Reddy,24,8,7,3,2
1848,1848,Rajesh Bhat,25,1,1,4,1
1849,1849,Anita Singh,26,2,2,5,2
1850,1850,Priya Sharma,27,3,3,1,1
1851,1851,Rahul Joshi,28,4,4,2,2
1852,1852,Deepak Reddy,29,5,5,3,1
1853,1853,Aisha Bhat,30,6,6,4,2
1854,1854,Siddharth Singh,31,7,7,5,1
1855,1855,Meena Sharma,32,8,1,1,2
1856,1856,Kavita Joshi,33,1,2,2,1
1857,1857,Sanjay Reddy,34,2,3,3,2
1858,1858,Rajesh Bhat,35,3,4,4,1
1859,1859,Anita Singh,36,4,5,5,2
1860,1860,Priya Sharma,37,5,6,1,1
1861,1861,Rahul Joshi,38,6,7,2,2
1862,1862,Deepak Reddy,39,7,1,3,1
1863,1863,Aisha Bhat,40,8,2,4,2
1864,1864,Siddharth Singh,41,1,3,5,1
1865,1865,Meena Sharma,42,2,4,1,2
1866,1866,Kavita Joshi,43,3,5,2,1
1867,1867,Sanjay Reddy,44,4,6,3,2
1868,1868,Rajesh Bhat,45,5,7,4,1
1869,1869,Anita Singh,46,6,1,5,2
1870,1870,Priya Sharma,47,7,2,1,1
1871,1871,Rahul Joshi,48,8,3,2,2
1872,1872,Deepak Reddy,49,1,4,3,1
1873,1873,Aisha Bhat,50,2,5,4,2
1874,1874,Siddharth Singh,51,3,6,5,1
1875,1875,Meena Sharma,52,4,7,1,2
1876,1876,Kavita Joshi,53,5,1,2,1
1877,1877,Sanjay Reddy,54,6,2,3,2
1878,1878,Rajesh Bhat,55,7,3,4,1
1879,1879,Anita Singh,56,8,4,5,2
1880,1880,Priya Sharma,57,1,5,1,1
1881,1881,Rahul Joshi,58,2,6,2,2
1882,1882,Deepak Reddy,59,3,7,3,1
1883,1883,Aisha Bhat,60,4,1,4,2
1884,1884,Siddharth Singh,61,5,2,5,1
1885,1885,Meena Sharma,62,6,3,1,2
1886,1886,Kavita Joshi,63,7,4,2,1
1887,1887,Sanjay Reddy,64,8,5,3,2
1888,1888,Rajesh Bhat,65,1,6,4,1
1889,1889,Anita Singh,66,2,7,5,2
1890,1890,Priya Sharma,22,3,1,1,1
1891,1891,Rahul Joshi,23,4,2,2,2
1892,1892,Deepak Reddy,24,5,3,3,1
1893,1893,Aisha Bhat,25,6,4,4,2
1894,1894,Siddharth Singh,26,7,5,5,1
1895,1895,Meena Sharma,27,8,6,1,2
1896,1896,Kavita Joshi,28,1,7,2,1
1897,1897,Sanjay Reddy,29,2,1,3,2
1898,1898,Rajesh Bhat,30,3,2,4,1
1899,1899,Anita Singh,31,4,3,5,2
1900,1900,Priya Sharma,32,5,4,1,1
1901,1901,Rahul Joshi,33,6,5,2,2
1902,1902,Deepak Reddy,34,7,6,3,1
1903,1903,Aisha Bhat,35,8,7,4,2
1904,1904,Siddharth Singh,36,1,1,5,1
1905,1905,Meena Sharma,37,2,2,1,2
1906,1906,Kavita Joshi,38,3,3,2,1
1907,1907,Sanjay Reddy,39,4,4,3,2
1908,1908,Rajesh Bhat,40,5,5,4,1
1909,1909,Anita Singh,41,6,6,5,2
1910,1910,Priya Sharma,42,7,7,1,1
1911,1911,Rahul Joshi,43,8,1,2,2
1912,1912,Deepak Reddy,44,1,2,3,1
1913,1913,Aisha Bhat,45,2,3,4,2
1914,1914,Siddharth Singh,46,3,4,5,1
1915,1915,Meena Sharma,47,4,5,1,2
1916,1916,Kavita Joshi,48,5,6,2,1
1917,1917,Sanjay Reddy,49,6,7,3,2
1918,1918,Rajesh Bhat,50,7,1,4,1
1919,1919,Anita Singh,51,8,2,5,2
1920,1920,Priya Sharma,52,1,3,1,1
1921,1921,Rahul Joshi,53,2,4,2,2
1922,1922,Deepak Reddy,54,3,5,3,1
1923,1923,Aisha Bhat,55,4,6,4,2
1924,1924,Siddharth Singh,56,5,7,5,1
1925,1925,Meena Sharma,57,6,1,1,2
1926,1926,Kavita Joshi,58,7,2,2,1
1927,1927,Sanjay Reddy,59,8,3,3,2
1928,1928,Rajesh Bhat,60,1,4,4,1
1929,1929,Anita Singh,61,2,5,5,2
1930,1930,Priya Sharma,62,3,6,1,1
1931,1931,Rahul Joshi,63,4,7,2,2
1932,1932,Deepak Reddy,64,5,1,3,1
1933,1933,Aisha Bhat,65,6,2,4,2
1934,1934,Siddharth Singh,66,7,3,5,1
1935,1935,Meena Sharma,22,8,4,1,2
1936,1936,Kavita Joshi,23,1,5,2,1
1937,1937,Sanjay Reddy,24,2,6,3,2
1938,1938,Rajesh Bhat,25,3,7,4,1
1939,1939,Anita Singh,26,4,1,5,2
1940,1940,Priya Sharma,27,5,2,1,1
1941,1941,Rahul Joshi,28,6,3,2,2
1942,1942,Deepak Reddy,29,7,4,3,1
1943,1943,Aisha Bhat,30,8,5,4,2
1944,1944,Siddharth Singh,31,1,6,5,1
1945,1945,Meena Sharma,32,2,7,1,2
1946,1946,Kavita Joshi,33,3,1,2,1
1947,1947,Sanjay Reddy,34,4,2,3,2
1948,1948,Rajesh Bhat,35,5,3,4,1
1949,1949,Anita Singh,36,6,4,5,2
1950,1950,Priya Sharma,37,7,5,1,1
1951,1951,Rahul Joshi,38,8,6,2,2
1952,1952,Deepak Reddy,39,1,7,3,1
1953,1953,Aisha Bhat,40,2,1,4,2
1954,1954,Siddharth Singh,41,3,2,5,1
1955,1955,Meena Sharma,42,4,3,1,2
1956,1956,Kavita Joshi,43,5,4,2,1
1957,1957,Sanjay Reddy,44,6,5,3,2
1958,1958,Rajesh Bhat,45,7,6,4,1
1959,1959,Anita Singh,46,8,7,5,2
1960,1960,Priya Sharma,47,1,1,1,1
1961,1961,Rahul Joshi,48,2,2,2,2
1962,1962,Deepak Reddy,49,3,3,3,1
1963,1963,Aisha Bhat,50,4,4,4,2
1964,1964,Siddharth Singh,51,5,5,5,1
1965,1965,Meena Sharma,52,6,6,1,2
1966,1966,Kavita Joshi,53,7,7,2,1
1967,1967,Sanjay Reddy,54,8,1,3,2
1968,1968,Rajesh Bhat,55,1,2,4,1
1969,1969,Anita Singh,56,2,3,5,2
1970,1970,Priya Sharma,57,3,4,1,1
1971,1971,Rahul Joshi,58,4,5,2,2
1972,1972,Deepak Reddy,59,5,6,3,1
1973,1973,Aisha Bhat,60,6,7,4,2
1974,1974,Siddharth Singh,61,7,1,5,1
1975,1975,Meena Sharma,62,8,2,1,2
1976,1976,Kavita Joshi,63,1,3,2,1
1977,1977,Sanjay Reddy,64,2,4,3,2
1978,1978,Rajesh Bhat,65,3,5,4,1
1979,1979,Anita Singh,66,4,6,5,2
1980,1980,Priya Sharma,22,5,7,1,1
1981,1981,Rahul Joshi,23,6,1,2,2
1982,1982,Deepak Reddy,24,7,2,3,1
1983,1983,Aisha Bhat,25,8,3,4,2
1984,1984,Siddharth Singh,26,1,4,5,1
1985,1985,Meena Sharma,27,2,5,1,2
1986,1986,Kavita Joshi,28,3,6,2,1
1987,1987,Sanjay Reddy,29,4,7,3,2
1988,1988,Rajesh Bhat,30,5,1,4,1
1989,1989,Anita Singh,31,6,2,5,2
1990,1990,Priya Sharma,32,7,3,1,1
1991,1991,Rahul Joshi,33,8,4,2,2
1992,1992,Deepak Reddy,34,1,5,3,1
1993,1993,Aisha Bhat,35,2,6,4,2
1994,1994,Siddharth Singh,36,3,7,5,1
1995,1995,Meena Sharma,37,4,1,1,2
1996,1996,Kavita Joshi,38,5,2,2,1
1997,1997,Sanjay Reddy,39,6,3,3,2
1998,1998,Rajesh Bhat,40,7,4,4,1
1999,1999,Anita Singh,41,8,5,5,2
2000,2000,Priya Sharma,42,1,6,1,1
2001,2001,Rahul Joshi,43,2,7,2,2
2002,2002,Deepak Reddy,44,3,1,3,1
2003,2003,Aisha Bhat,45,4,2,4,2
2004,2004,Siddharth Singh,46,5,3,5,1
2005,2005,Meena Sharma,47,6,4,1,2
2006,2006,Kavita Joshi,48,7,5,2,1
2007,2007,Sanjay Reddy,49,8,6,3,2
2008,2008,Rajesh Bhat,50,1,7,4,1
2009,2009,Anita Singh,51,2,1,5,2
2010,2010,Priya Sharma,52,3,2,1,1
2011,2011,Rahul Joshi,53,4,3,2,2
2012,2012,Deepak Reddy,54,5,4,3,1
2013,2013,Aisha Bhat,55,6,5,4,2
2014,2014,Siddharth Singh,56,7,6,5,1
2015,2015,Meena Sharma,57,8,7,1,2
2016,2016,Kavita Joshi,58,1,1,2,1
2017,2017,Sanjay Reddy,59,2,2,3,2
2018,2018,Rajesh Bhat,60,3,3,4,1
2019,2019,Anita Singh,61,4,4,5,2
2020,2020,Priya Sharma,62,5,5,1,1
2021,2021,Rahul Joshi,63,6,6,2,2
2022,2022,Deepak Reddy,64,7,7,3,1
2023,2023,Aisha Bhat,65,8,1,4,2
2024,2024,Siddharth Singh,66,1,2,5,1
2025,2025,Meena Sharma,22,2,3,1,2
2026,2026,Kavita Joshi,23,3,4,2,1
2027,2027,Sanjay Reddy,24,4,5,3,2
2028,2028,Rajesh Bhat,25,5,6,4,1
2029,2029,Anita Singh,26,6,7,5,2
2030,2030,Priya Sharma,27,7,1,1,1
2031,2031,Rahul Joshi,28,8,2,2,2
2032,2032,Deepak Reddy,29,1,3,3,1
2033,2033,Aisha Bhat,30,2,4,4,2
2034,2034,Siddharth Singh,31,3,5,5,1
2035,2035,Meena Sharma,32,4,6,1,2
2036,2036,Kavita Joshi,33,5,7,2,1
2037,2037,Sanjay Reddy,34,6,1,3,2
2038,2038,Rajesh Bhat,35,7,2,4,1
2039,2039,Anita Singh,36,8,3,5,2
2040,2040,Priya Sharma,37,1,4,1,1
2041,2041,Rahul Joshi,38,2,5,2,2
2042,2042,Deepak Reddy,39,3,6,3,1
2043,2043,Aisha Bhat,40,4,7,4,2
2044,2044,Siddharth Singh,41,5,1,5,1
2045,2045,Meena Sharma,42,6,2,1,2
2046,2046,Kavita Joshi,43,7,3,2,1
2047,2047,Sanjay Reddy,44,8,4,3,2
2048,2048,Rajesh Bhat,45,1,5,4,1
2049,2049,Anita Singh,46,2,6,5,2
2050,2050,Priya Sharma,47,3,7,1,1
2051,2051,Rahul Joshi,48,4,1,2,2
2052,2052,Deepak Reddy,49,5,2,3,1
2053,2053,Aisha Bhat,50,6,3,4,2
2054,2054,Siddharth Singh,51,7,4,5,1
2055,2055,Meena Sharma,52,8,5,1,2
2056,2056,Kavita Joshi,53,1,6,2,1
2057,2057,Sanjay Reddy,54,2,7,3,2
2058,2058,Rajesh Bhat,55,3,1,4,1
2059,2059,Anita Singh,56,4,2,5,2
2060,2060,Priya Sharma,57,5,3,1,1
2061,2061,Rahul Joshi,58,6,4,2,2
2062,2062,Deepak Reddy,59,7,5,3,1
2063,2063,Aisha Bhat,60,8,6,4,2
2064,2064,Siddharth Singh,61,1,7,5,1
2065,2065,Meena Sharma,62,2,1,1,2
2066,2066,Kavita Joshi,63,3,2,2,1
2067,2067,Sanjay Reddy,64,4,3,3,2
2068,2068,Rajesh Bhat,65,5,4,4,1
2069,2069,Anita Singh,66,6,5,5,2
2070,2070,Priya Sharma,22,7,6,1,1
2071,2071,Rahul Joshi,23,8,7,2,2
2072,2072,Deepak Reddy,24,1,1,3,1
2073,2073,Aisha Bhat,25,2,2,4,2
2074,2074,Siddharth Singh,26,3,3,5,1
2075,2075,Meena Sharma,27,4,4,1,2
2076,2076,Kavita Joshi,28,5,5,2,1
2077,2077,Sanjay Reddy,29,6,6,3,2
2078,2078,Rajesh Bhat,30,7,7,4,1
2079,2079,Anita Singh,31,8,1,5,2
2080,2080,Priya Sharma,32,1,2,1,1
2081,2081,Rahul Joshi,33,2,3,2,2
2082,2082,Deepak Reddy,34,3,4,3,1
2083,2083,Aisha Bhat,35,4,5,4,2
2084,2084,Siddharth Singh,36,5,6,5,1
2085,2085,Meena Sharma,37,6,7,1,2
2086,2086,Kavita Joshi,38,7,1,2,1
2087,2087,Sanjay Reddy,39,8,2,3,2
2088,2088,Rajesh Bhat,40,1,3,4,1
2089,2089,Anita Singh,41,2,4,5,2
2090,2090,Priya Sharma,42,3,5,1,1
2091,2091,Rahul Joshi,43,4,6,2,2
2092,2092,Deepak Reddy,44,5,7,3,1
2093,2093,Aisha Bhat,45,6,1,4,2
2094,2094,Siddharth Singh,46,7,2,5,1
2095,2095,Meena Sharma,47,8,3,1,2
2096,2096,Kavita Joshi,48,1,4,2,1
2097,2097,Sanjay Reddy,49,2,5,3,2
2098,2098,Rajesh Bhat,50,3,6,4,1
2099,2099,Anita Singh,51,4,7,5,2
2100,2100,Priya Sharma,52,5,1,1,1
2101,2101,Rahul Joshi,53,6,2,2,2
2102,2102,Deepak Reddy,54,7,3,3,1
2103,2103,Aisha Bhat,55,8,4,4,2
2104,2104,Siddharth Singh,56,1,5,5,1
2105,2105,Meena Sharma,57,2,6,1,2
2106,2106,Kavita Joshi,58,3,7,2,1
2107,2107,Sanjay Reddy,59,4,1,3,2
2108,2108,Rajesh Bhat,60,5,2,4,1
2109,2109,Anita Singh,61,6,3,5,2
2110,2110,Priya Sharma,62,7,4,1,1
2111,2111,Rahul Joshi,63,8,5,2,2
2112,2112,Deepak Reddy,64,1,6,3,1
2113,2113,Aisha Bhat,65,2,7,4,2
2114,2114,Siddharth Singh,66,3,1,5,1
2115,2115,Meena Sharma,22,4,2,1,2
2116,2116,Kavita Joshi,23,5,3,2,1
2117,2117,Sanjay Reddy,24,6,4,3,2
2118,2118,Rajesh Bhat,25,7,5,4,1
2119,2119,Anita Singh,26,8,6,5,2
2120,2120,Priya Sharma,27,1,7,1,1
2121,2121,Rahul Joshi,28,2,1,2,2
2122,2122,Deepak Reddy,29,3,2,3,1
2123,2123,Aisha Bhat,30,4,3,4,2
2124,2124,Siddharth Singh,31,5,4,5,1
2125,2125,Meena Sharma,32,6,5,1,2
2126,2126,Kavita Joshi,33,7,6,2,1
2127,2127,Sanjay Reddy,34,8,7,3,2
2128,2128,Rajesh Bhat,35,1,1,4,1
2129,2129,Anita Singh,36,2,2,5,2
2130,2130,Priya Sharma,37,3,3,1,1
2131,2131,Rahul Joshi,38,4,4,2,2
2132,2132,Deepak Reddy,39,5,5,3,1
2133,2133,Aisha Bhat,40,6,6,4,2
2134,2134,Siddharth Singh,41,7,7,5,1
2135,2135,Meena Sharma,42,8,1,1,2
2136,2136,Kavita Joshi,43,1,2,2,1
2137,2137,Sanjay Reddy,44,2,3,3,2
2138,2138,Rajesh Bhat,45,3,4,4,1
2139,2139,Anita Singh,46,4,5,5,2
2140,2140,Priya Sharma,47,5,6,1,1
2141,2141,Rahul Joshi,48,6,7,2,2
2142,2142,Deepak Reddy,49,7,1,3,1
2143,2143,Aisha Bhat,50,8,2,4,2
2144,2144,Siddharth Singh,51,1,3,5,1
2145,2145,Meena Sharma,52,2,4,1,2
2146,2146,Kavita Joshi,53,3,5,2,1
2147,2147,Sanjay Reddy,54,4,6,3,2
2148,2148,Rajesh Bhat,55,5,7,4,1
2149,2149,Anita Singh,56,6,1,5,2
2150,2150,Priya Sharma,57,7,2,1,1
2151,2151,Rahul Joshi,58,8,3,2,2
2152,2152,Deepak Reddy,59,1,4,3,1
2153,2153,Aisha Bhat,60,2,5,4,2
2154,2154,Siddharth Singh,61,3,6,5,1
2155,2155,Meena Sharma,62,4,7,1,2
2156,2156,Kavita Joshi,63,5,1,2,1
2157,2157,Sanjay Reddy,64,6,2,3,2
2158,2158,Rajesh Bhat,65,7,3,4,1
2159,2159,Anita Singh,66,8,4,5,2
2160,2160,Priya Sharma,22,1,5,1,1
2161,2161,Rahul Joshi,23,2,6,2,2
2162,2162,Deepak Reddy,24,3,7,3,1
2163,2163,Aisha Bhat,25,4,1,4,2
2164,2164,Siddharth Singh,26,5,2,5,1
2165,2165,Meena Sharma,27,6,3,1,2
2166,2166,Kavita Joshi,28,7,4,2,1
2167,2167,Sanjay Reddy,29,8,5,3,2
2168,2168,Rajesh Bhat,30,1,6,4,1
2169,2169,Anita Singh,31,2,7,5,2
2170,2170,Priya Sharma,32,3,1,1,1
2171,2171,Rahul Joshi,33,4,2,2,2
2172,2172,Deepak Reddy,34,5,3,3,1
2173,2173,Aisha Bhat,35,6,4,4,2
2174,2174,Siddharth Singh,36,7,5,5,1
2175,2175,Meena Sharma,37,8,6,1,2
2176,2176,Kavita Joshi,38,1,7,2,1
2177,2177,Sanjay Reddy,39,2,1,3,2
2178,2178,Rajesh Bhat,40,3,2,4,1
2179,2179,Anita Singh,41,4,3,5,2
2180,2180,Priya Sharma,42,5,4,1,1
2181,2181,Rahul Joshi,43,6,5,2,2
2182,2182,Deepak Reddy,44,7,6,3,1
2183,2183,Aisha Bhat,45,8,7,4,2
2184,2184,Siddharth Singh,46,1,1,5,1
2185,2185,Meena Sharma,47,2,2,1,2
2186,2186,Kavita Joshi,48,3,3,2,1
2187,2187,Sanjay Reddy,49,4,4,3,2
2188,2188,Rajesh Bhat,50,5,5,4,1
2189,2189,Anita Singh,51,6,6,5,2
2190,2190,Priya Sharma,52,7,7,1,1
2191,2191,Rahul Joshi,53,8,1,2,2
2192,2192,Deepak Reddy,54,1,2,3,1
2193,2193,Aisha Bhat,55,2,3,4,2
2194,2194,Siddharth Singh,56,3,4,5,1
2195,2195,Meena Sharma,57,4,5,1,2
2196,2196,Kavita Joshi,58,5,6,2,1
2197,2197,Sanjay Reddy,59,6,7,3,2
2198,2198,Rajesh Bhat,60,7,1,4,1
2199,2199,Anita Singh,61,8,2,5,2
2200,2200,Priya Sharma,62,1,3,1,1
2201,2201,Rahul Joshi,63,2,4,2,2
2202,2202,Deepak Reddy,64,3,5,3,1
2203,2203,Aisha Bhat,65,4,6,4,2
2204,2204,Siddharth Singh,66,5,7,5,1
2205,2205,Meena Sharma,22,6,1,1,2
2206,2206,Kavita Joshi,23,7,2,2,1
2207,2207,Sanjay Reddy,24,8,3,3,2
2208,2208,Rajesh Bhat,25,1,4,4,1
2209,2209,Anita Singh,26,2,5,5,2
2210,2210,Priya Sharma,27,3,6,1,1
2211,2211,Rahul Joshi,28,4,7,2,2
2212,2212,Deepak Reddy,29,5,1,3,1
2213,2213,Aisha Bhat,30,6,2,4,2
2214,2214,Siddharth Singh,31,7,3,5,1
2215,2215,Meena Sharma,32,8,4,1,2
2216,2216,Kavita Joshi,33,1,5,2,1
2217,2217,Sanjay Reddy,34,2,6,3,2
2218,2218,Rajesh Bhat,35,3,7,4,1
2219,2219,Anita Singh,36,4,1,5,2
2220,2220,Priya Sharma,37,5,2,1,1
2221,2221,Rahul Joshi,38,6,3,2,2
2222,2222,Deepak Reddy,39,7,4,3,1
2223,2223,Aisha Bhat,40,8,5,4,2
2224,2224,Siddharth Singh,41,1,6,5,1
2225,2225,Meena Sharma,42,2,7,1,2
2226,2226,Kavita Joshi,43,3,1,2,1
2227,2227,Sanjay Reddy,44,4,2,3,2
2228,2228,Rajesh Bhat,45,5,3,4,1
2229,2229,Anita Singh,46,6,4,5,2
2230,2230,Priya Sharma,47,7,5,1,1
2231,2231,Rahul Joshi,48,8,6,2,2
2232,2232,Deepak Reddy,49,1,7,3,1
2233,2233,Aisha Bhat,50,2,1,4,2
2234,2234,Siddharth Singh,51,3,2,5,1
2235,2235,Meena Sharma,52,4,3,1,2
2236,2236,Kavita Joshi,53,5,4,2,1
2237,2237,Sanjay Reddy,54,6,5,3,2
2238,2238,Rajesh Bhat,55,7,6,4,1
2239,2239,Anita Singh,56,8,7,5,2
2240,2240,Priya Sharma,57,1,1,1,1
2241,2241,Rahul Joshi,58,2,2,2,2
2242,2242,Deepak Reddy,59,3,3,3,1
2243,2243,Aisha Bhat,60,4,4,4,2
2244,2244,Siddharth Singh,61,5,5,5,1
2245,2245,Meena Sharma,62,6,6,1,2
2246,2246,Kavita Joshi,63,7,7,2,1
2247,2247,Sanjay Reddy,64,8,1,3,2
2248,2248,Rajesh Bhat,65,1,2,4,1
2249,2249,Anita Singh,66,2,3,5,2
2250,2250,Priya Sharma,22,3,4,1,1
2251,2251,Rahul Joshi,23,4,5,2,2
2252,2252,Deepak Reddy,24,5,6,3,1
2253,2253,Aisha Bhat,25,6,7,4,2
2254,2254,Siddharth Singh,26,7,1,5,1
2255,2255,Meena Sharma,27,8,2,1,2
2256,2256,Kavita Joshi,28,1,3,2,1
2257,2257,Sanjay Reddy,29,2,4,3,2
2258,2258,Rajesh Bhat,30,3,5,4,1
2259,2259,Anita Singh,31,4,6,5,2
2260,2260,Priya Sharma,32,5,7,1,1
2261,2261,Rahul Joshi,33,6,1,2,2
2262,2262,Deepak Reddy,34,7,2,3,1
2263,2263,Aisha Bhat,35,8,3,4,2
2264,2264,Siddharth Singh,36,1,4,5,1
2265,2265,Meena Sharma,37,2,5,1,2
2266,2266,Kavita Joshi,38,3,6,2,1
2267,2267,Sanjay Reddy,39,4,7,3,2
2268,2268,Rajesh Bhat,40,5,1,4,1
2269,2269,Anita Singh,41,6,2,5,2
2270,2270,Priya Sharma,42,7,3,1,1
2271,2271,Rahul Joshi,43,8,4,2,2
2272,2272,Deepak Reddy,44,1,5,3,1
2273,2273,Aisha Bhat,45,2,6,4,2
2274,2274,Siddharth Singh,46,3,7,5,1
2275,2275,Meena Sharma,47,4,1,1,2
2276,2276,Kavita Joshi,48,5,2,2,1
2277,2277,Sanjay Reddy,49,6,3,3,2
2278,2278,Rajesh Bhat,50,7,4,4,1
2279,2279,Anita Singh,51,8,5,5,2
2280,2280,Priya Sharma,52,1,6,1,1
2281,2281,Rahul Joshi,53,2,7,2,2
2282,2282,Deepak Reddy,54,3,1,3,1
2283,2283,Aisha Bhat,55,4,2,4,2
2284,2284,Siddharth Singh,56,5,3,5,1
2285,2285,Meena Sharma,57,6,4,1,2
2286,2286,Kavita Joshi,58,7,5,2,1
2287,2287,Sanjay Reddy,59,8,6,3,2
2288,2288,Rajesh Bhat,60,1,7,4,1
2289,2289,Anita Singh,61,2,1,5,2
2290,2290,Priya Sharma,62,3,2,1,1
2291,2291,Rahul Joshi,63,4,3,2,2
2292,2292,Deepak Reddy,64,5,4,3,1
2293,2293,Aisha Bhat,65,6,5,4,2
2294,2294,Siddharth Singh,66,7,6,5,1
2295,2295,Meena Sharma,22,8,7,1,2
2296,2296,Kavita Joshi,23,1,1,2,1
2297,2297,Sanjay Reddy,24,2,2,3,2
2298,2298,Rajesh Bhat,25,3,3,4,1
2299,2299,Anita Singh,26,4,4,5,2
2300,2300,Priya Sharma,27,5,5,1,1
2301,2301,Rahul Joshi,28,6,6,2,2
2302,2302,Deepak Reddy,29,7,7,3,1
2303,2303,Aisha Bhat,30,8,1,4,2
2304,2304,Siddharth Singh,31,1,2,5,1
2305,2305,Meena Sharma,32,2,3,1,2
2306,2306,Kavita Joshi,33,3,4,2,1
2307,2307,Sanjay Reddy,34,4,5,3,2
2308,2308,Rajesh Bhat,35,5,6,4,1
2309,2309,Anita Singh,36,6,7,5,2
2310,2310,Priya Sharma,37,7,1,1,1
2311,2311,Rahul Joshi,38,8,2,2,2
2312,2312,Deepak Reddy,39,1,3,3,1
2313,2313,Aisha Bhat,40,2,4,4,2
2314,2314,Siddharth Singh,41,3,5,5,1
2315,2315,Meena Sharma,42,4,6,1,2
2316,2316,Kavita Joshi,43,5,7,2,1
2317,2317,Sanjay Reddy,44,6,1,3,2
2318,2318,Rajesh Bhat,45,7,2,4,1
2319,2319,Anita Singh,46,8,3,5,2
2320,2320,Priya Sharma,47,1,4,1,1
2321,2321,Rahul Joshi,48,2,5,2,2
2322,2322,Deepak Reddy,49,3,6,3,1
2323,2323,Aisha Bhat,50,4,7,4,2
2324,2324,Siddharth Singh,51,5,1,5,1
2325,2325,Meena Sharma,52,6,2,1,2
2326,2326,Kavita Joshi,53,7,3,2,1
2327,2327,Sanjay Reddy,54,8,4,3,2
2328,2328,Rajesh Bhat,55,1,5,4,1
2329,2329,Anita Singh,56,2,6,5,2
2330,2330,Priya Sharma,57,3,7,1,1
2331,2331,Rahul Joshi,58,4,1,2,2
2332,2332,Deepak Reddy,59,5,2,3,1
2333,2333,Aisha Bhat,60,6,3,4,2
2334,2334,Siddharth Singh,61,7,4,5,1
2335,2335,Meena Sharma,62,8,5,1,2
2336,2336,Kavita Joshi,63,1,6,2,1
2337,2337,Sanjay Reddy,64,2,7,3,2
2338,2338,Rajesh Bhat,65,3,1,4,1
2339,2339,Anita Singh,66,4,2,5,2
2340,2340,Priya Sharma,22,5,3,1,1
2341,2341,Rahul Joshi,23,6,4,2,2
2342,2342,Deepak Reddy,24,7,5,3,1
2343,2343,Aisha Bhat,25,8,6,4,2
2344,2344,Siddharth Singh,26,1,7,5,1
2345,2345,Meena Sharma,27,2,1,1,2
2346,2346,Kavita Joshi,28,3,2,2,1
2347,2347,Sanjay Reddy,29,4,3,3,2
2348,2348,Rajesh Bhat,30,5,4,4,1
2349,2349,Anita Singh,31,6,5,5,2
2350,2350,Priya Sharma,32,7,6,1,1
2351,2351,Rahul Joshi,33,8,7,2,2
2352,2352,Deepak Reddy,34,1,1,3,1
2353,2353,Aisha Bhat,35,2,2,4,2
2354,2354,Siddharth Singh,36,3,3,5,1
2355,2355,Meena Sharma,37,4,4,1,2
2356,2356,Kavita Joshi,38,5,5,2,1
2357,2357,Sanjay Reddy,39,6,6,3,2
2358,2358,Rajesh Bhat,40,7,7,4,1
2359,2359,Anita Singh,41,8,1,5,2
2360,2360,Priya Sharma,42,1,2,1,1
2361,2361,Rahul Joshi,43,2,3,2,2
2362,2362,Deepak Reddy,44,3,4,3,1
2363,2363,Aisha Bhat,45,4,5,4,2
2364,2364,Siddharth Singh,46,5,6,5,1
2365,2365,Meena Sharma,47,6,7,1,2
2366,2366,Kavita Joshi,48,7,1,2,1
2367,2367,Sanjay Reddy,49,8,2,3,2
2368,2368,Rajesh Bhat,50,1,3,4,1
2369,2369,Anita Singh,51,2,4,5,2
2370,2370,Priya Sharma,52,3,5,1,1
2371,2371,Rahul Joshi,53,4,6,2,2
2372,2372,Deepak Reddy,54,5,7,3,1
2373,2373,Aisha Bhat,55,6,1,4,2
2374,2374,Siddharth Singh,56,7,2,5,1
2375,2375,Meena Sharma,57,8,3,1,2
2376,2376,Kavita Joshi,58,1,4,2,1
2377,2377,Sanjay Reddy,59,2,5,3,2
2378,2378,Rajesh Bhat,60,3,6,4,1
2379,2379,Anita Singh,61,4,7,5,2
2380,2380,Priya Sharma,62,5,1,1,1
2381,2381,Rahul Joshi,63,6,2,2,2
2382,2382,Deepak Reddy,64,7,3,3,1
2383,2383,Aisha Bhat,65,8,4,4,2
2384,2384,Siddharth Singh,66,1,5,5,1
2385,2385,Meena Sharma,22,2,6,1,2
2386,2386,Kavita Joshi,23,3,7,2,1
2387,2387,Sanjay Reddy,24,4,1,3,2
2388,2388,Rajesh Bhat,25,5,2,4,1
2389,2389,Anita Singh,26,6,3,5,2
2390,2390,Priya Sharma,27,7,4,1,1
2391,2391,Rahul Joshi,28,8,5,2,2
2392,2392,Deepak Reddy,29,1,6,3,1
2393,2393,Aisha Bhat,30,2,7,4,2
2394,2394,Siddharth Singh,31,3,1,5,1
2395,2395,Meena Sharma,32,4,2,1,2
2396,2396,Kavita Joshi,33,5,3,2,1
2397,2397,Sanjay Reddy,34,6,4,3,2
2398,2398,Rajesh Bhat,35,7,5,4,1
2399,2399,Anita Singh,36,8,6,5,2
2400,2400,Priya Sharma,37,1,7,1,1
2401,2401,Rahul Joshi,38,2,1,2,2
2402,2402,Deepak Reddy,39,3,2,3,1
2403,2403,Aisha Bhat,40,4,3,4,2
2404,2404,Siddharth Singh,41,5,4,5,1
2405,2405,Meena Sharma,42,6,5,1,2
2406,2406,Kavita Joshi,43,7,6,2,1
2407,2407,Sanjay Reddy,44,8,7,3,2
2408,2408,Rajesh Bhat,45,1,1,4,1
2409,2409,Anita Singh,46,2,2,5,2
2410,2410,Priya Sharma,47,3,3,1,1
2411,2411,Rahul Joshi,48,4,4,2,2
2412,2412,Deepak Reddy,49,5,5,3,1
2413,2413,Aisha Bhat,50,6,6,4,2
2414,2414,Siddharth Singh,51,7,7,5,1
2415,2415,Meena Sharma,52,8,1,1,2
2416,2416,Kavita Joshi,53,1,2,2,1
2417,2417,Sanjay Reddy,54,2,3,3,2
2418,2418,Rajesh Bhat,55,3,4,4,1
2419,2419,Anita Singh,56,4,5,5,2
2420,2420,Priya Sharma,57,5,6,1,1
2421,2421,Rahul Joshi,58,6,7,2,2
2422,2422,Deepak Reddy,59,7,1,3,1
2423,2423,Aisha Bhat,60,8,2,4,2
2424,2424,Siddharth Singh,61,1,3,5,1
2425,2425,Meena Sharma,62,2,4,1,2
2426,2426,Kavita Joshi,63,3,5,2,1
2427,2427,Sanjay Reddy,64,4,6,3,2
2428,2428,Rajesh Bhat,65,5,7,4,1
2429,2429,Anita Singh,66,6,1,5,2
2430,2430,Priya Sharma,22,7,2,1,1
2431,2431,Rahul Joshi,23,8,3,2,2
2432,2432,Deepak Reddy,24,1,4,3,1
2433,2433,Aisha Bhat,25,2,5,4,2
2434,2434,Siddharth Singh,26,3,6,5,1
2435,2435,Meena Sharma,27,4,7,1,2
2436,2436,Kavita Joshi,28,5,1,2,1
2437,2437,Sanjay Reddy,29,6,2,3,2
2438,2438,Rajesh Bhat,30,7,3,4,1
2439,2439,Anita Singh,31,8,4,5,2
2440,2440,Priya Sharma,32,1,5,1,1
2441,2441,Rahul Joshi,33,2,6,2,2
2442,2442,Deepak Reddy,34,3,7,3,1
2443,2443,Aisha Bhat,35,4,1,4,2
2444,2444,Siddharth Singh,36,5,2,5,1
2445,2445,Meena Sharma,37,6,3,1,2
2446,2446,Kavita Joshi,38,7,4,2,1
2447,2447,Sanjay Reddy,39,8,5,3,2
2448,2448,Rajesh Bhat,40,1,6,4,1
2449,2449,Anita Singh,41,2,7,5,2
2450,2450,Priya Sharma,42,3,1,1,1
2451,2451,Rahul Joshi,43,4,2,2,2
2452,2452,Deepak Reddy,44,5,3,3,1
2453,2453,Aisha Bhat,45,6,4,4,2
2454,2454,Siddharth Singh,46,7,5,5,1
2455,2455,Meena Sharma,47,8,6,1,2
2456,2456,Kavita Joshi,48,1,7,2,1
2457,2457,Sanjay Reddy,49,2,1,3,2
2458,2458,Rajesh Bhat,50,3,2,4,1
2459,2459,Anita Singh,51,4,3,5,2
2460,2460,Priya Sharma,52,5,4,1,1
2461,2461,Rahul Joshi,53,6,5,2,2
2462,2462,Deepak Reddy,54,7,6,3,1
2463,2463,Aisha Bhat,55,8,7,4,2
2464,2464,Siddharth Singh,56,1,1,5,1
2465,2465,Meena Sharma,57,2,2,1,2
2466,2466,Kavita Joshi,58,3,3,2,1
2467,2467,Sanjay Reddy,59,4,4,3,2
2468,2468,Rajesh Bhat,60,5,5,4,1
2469,2469,Anita Singh,61,6,6,5,2
2470,2470,Priya Sharma,62,7,7,1,1
2471,2471,Rahul Joshi,63,8,1,2,2
2472,2472,Deepak Reddy,64,1,2,3,1
2473,2473,Aisha Bhat,65,2,3,4,2
2474,2474,Siddharth Singh,66,3,4,5,1
2475,2475,Meena Sharma,22,4,5,1,2
2476,2476,Kavita Joshi,23,5,6,2,1
2477,2477,Sanjay Reddy,24,6,7,3,2
2478,2478,Rajesh Bhat,25,7,1,4,1
2479,2479,Anita Singh,26,8,2,5,2
2480,2480,Priya Sharma,27,1,3,1,1
2481,2481,Rahul Joshi,28,2,4,2,2
2482,2482,Deepak Reddy,29,3,5,3,1
2483,2483,Aisha Bhat,30,4,6,4,2
2484,2484,Siddharth Singh,31,5,7,5,1
2485,2485,Meena Sharma,32,6,1,1,2
2486,2486,Kavita Joshi,33,7,2,2,1
2487,2487,Sanjay Reddy,34,8,3,3,2
2488,2488,Rajesh Bhat,35,1,4,4,1
2489,2489,Anita Singh,36,2,5,5,2
2490,2490,Priya Sharma,37,3,6,1,1
2491,2491,Rahul Joshi,38,4,7,2,2
2492,2492,Deepak Reddy,39,5,1,3,1
2493,2493,Aisha Bhat,40,6,2,4,2
2494,2494,Siddharth Singh,41,7,3,5,1
2495,2495,Meena Sharma,42,8,4,1,2
2496,2496,Kavita Joshi,43,1,5,2,1
2497,2497,Sanjay Reddy,44,2,6,3,2
2498,2498,Rajesh Bhat,45,3,7,4,1
2499,2499,Anita Singh,46,4,1,5,2
2500,2500,Priya Sharma,47,5,2,1,1
2501,2501,Rahul Joshi,48,6,3,2,2
2502,2502,Deepak Reddy,49,7,4,3,1
2503,2503,Aisha Bhat,50,8,5,4,2
2504,2504,Siddharth Singh,51,1,6,5,1
2505,2505,Meena Sharma,52,2,7,1,2
2506,2506,Kavita Joshi,53,3,1,2,1
2507,2507,Sanjay Reddy,54,4,2,3,2
2508,2508,Rajesh Bhat,55,5,3,4,1
2509,2509,Anita Singh,56,6,4,5,2
2510,2510,Priya Sharma,57,7,5,1,1
2511,2511,Rahul Joshi,58,8,6,2,2
2512,2512,Deepak Reddy,59,1,7,3,1
2513,2513,Aisha Bhat,60,2,1,4,2
2514,2514,Siddharth Singh,61,3,2,5,1
2515,2515,Meena Sharma,62,4,3,1,2
2516,2516,Kavita Joshi,63,5,4,2,1
2517,2517,Sanjay Reddy,64,6,5,3,2
2518,2518,Rajesh Bhat,65,7,6,4,1
2519,2519,Anita Singh,66,8,7,5,2
2520,2520,Priya Sharma,22,1,1,1,1
2521,2521,Rahul Joshi,23,2,2,2,2
2522,2522,Deepak Reddy,24,3,3,3,1
2523,2523,Aisha Bhat,25,4,4,4,2
2524,2524,Siddharth Singh,26,5,5,5,1
2525,2525,Meena Sharma,27,6,6,1,2
2526,2526,Kavita Joshi,28,7,7,2,1
2527,2527,Sanjay Reddy,29,8,1,3,2
2528,2528,Rajesh Bhat,30,1,2,4,1
2529,2529,Anita Singh,31,2,3,5,2
2530,2530,Priya Sharma,32,3,4,1,1
2531,2531,Rahul Joshi,33,4,5,2,2
2532,2532,Deepak Reddy,34,5,6,3,1
2533,2533,Aisha Bhat,35,6,7,4,2
2534,2534,Siddharth Singh,36,7,1,5,1
2535,2535,Meena Sharma,37,8,2,1,2
2536,2536,Kavita Joshi,38,1,3,2,1
2537,2537,Sanjay Reddy,39,2,4,3,2
2538,2538,Rajesh Bhat,40,3,5,4,1
2539,2539,Anita Singh,41,4,6,5,2
2540,2540,Priya Sharma,42,5,7,1,1
2541,2541,Rahul Joshi,43,6,1,2,2
2542,2542,Deepak Reddy,44,7,2,3,1
2543,2543,Aisha Bhat,45,8,3,4,2
2544,2544,Siddharth Singh,46,1,4,5,1
2545,2545,Meena Sharma,47,2,5,1,2
2546,2546,Kavita Joshi,48,3,6,2,1
2547,2547,Sanjay Reddy,49,4,7,3,2
2548,2548,Rajesh Bhat,50,5,1,4,1
2549,2549,Anita Singh,51,6,2,5,2
2550,2550,Priya Sharma,52,7,3,1,1
2551,2551,Rahul Joshi,53,8,4,2,2
2552,2552,Deepak Reddy,54,1,5,3,1
2553,2553,Aisha Bhat,55,2,6,4,2
2554,2554,Siddharth Singh,56,3,7,5,1
2555,2555,Meena Sharma,57,4,1,1,2
2556,2556,Kavita Joshi,58,5,2,2,1
2557,2557,Sanjay Reddy,59,6,3,3,2
2558,2558,Rajesh Bhat,60,7,4,4,1
2559,2559,Anita Singh,61,8,5,5,2
2560,2560,Priya Sharma,62,1,6,1,1
2561,2561,Rahul Joshi,63,2,7,2,2
2562,2562,Deepak Reddy,64,3,1,3,1
2563,2563,Aisha Bhat,65,4,2,4,2
2564,2564,Siddharth Singh,66,5,3,5,1
2565,2565,Meena Sharma,22,6,4,1,2
2566,2566,Kavita Joshi,23,7,5,2,1
2567,2567,Sanjay Reddy,24,8,6,3,2
2568,2568,Rajesh Bhat,25,1,7,4,1
2569,2569,Anita Singh,26,2,1,5,2
2570,2570,Priya Sharma,27,3,2,1,1
2571,2571,Rahul Joshi,28,4,3,2,2
2572,2572,Deepak Reddy,29,5,4,3,1
2573,2573,Aisha Bhat,30,6,5,4,2
2574,2574,Siddharth Singh,31,7,6,5,1
2575,2575,Meena Sharma,32,8,7,1,2
2576,2576,Kavita Joshi,33,1,1,2,1
2577,2577,Sanjay Reddy,34,2,2,3,2
2578,2578,Rajesh Bhat,35,3,3,4,1
2579,2579,Anita Singh,36,4,4,5,2
2580,2580,Priya Sharma,37,5,5,1,1
2581,2581,Rahul Joshi,38,6,6,2,2
2582,2582,Deepak Reddy,39,7,7,3,1
2583,2583,Aisha Bhat,40,8,1,4,2
2584,2584,Siddharth Singh,41,1,2,5,1
2585,2585,Meena Sharma,42,2,3,1,2
2586,2586,Kavita Joshi,43,3,4,2,1
2587,2587,Sanjay Reddy,44,4,5,3,2
2588,2588,Rajesh Bhat,45,5,6,4,1
2589,2589,Anita Singh,46,6,7,5,2
2590,2590,Priya Sharma,47,7,1,1,1
2591,2591,Rahul Joshi,48,8,2,2,2
2592,2592,Deepak Reddy,49,1,3,3,1
2593,2593,Aisha Bhat,50,2,4,4,2
2594,2594,Siddharth Singh,51,3,5,5,1
2595,2595,Meena Sharma,52,4,6,1,2
2596,2596,Kavita Joshi,53,5,7,2,1
2597,2597,Sanjay Reddy,54,6,1,3,2
2598,2598,Rajesh Bhat,55,7,2,4,1
2599,2599,Anita Singh,56,8,3,5,2
2600,2600,Priya Sharma,57,1,4,1,1
2601,2601,Rahul Joshi,58,2,5,2,2
2602,2602,Deepak Reddy,59,3,6,3,1
2603,2603,Aisha Bhat,60,4,7,4,2
2604,2604,Siddharth Singh,61,5,1,5,1
2605,2605,Meena Sharma,62,6,2,1,2
2606,2606,Kavita Joshi,63,7,3,2,1
2607,2607,Sanjay Reddy,64,8,4,3,2
2608,2608,Rajesh Bhat,65,1,5,4,1
2609,2609,Anita Singh,66,2,6,5,2
2610,2610,Priya Sharma,22,3,7,1,1
2611,2611,Rahul Joshi,23,4,1,2,2
2612,2612,Deepak Reddy,24,5,2,3,1
2613,2613,Aisha Bhat,25,6,3,4,2
2614,2614,Siddharth Singh,26,7,4,5,1
2615,2615,Meena Sharma,27,8,5,1,2
2616,2616,Kavita Joshi,28,1,6,2,1
2617,2617,Sanjay Reddy,29,2,7,3,2
2618,2618,Rajesh Bhat,30,3,1,4,1
2619,2619,Anita Singh,31,4,2,5,2
2620,2620,Priya Sharma,32,5,3,1,1
2621,2621,Rahul Joshi,33,6,4,2,2
2622,2622,Deepak Reddy,34,7,5,3,1
2623,2623,Aisha Bhat,35,8,6,4,2
2624,2624,Siddharth Singh,36,1,7,5,1
2625,2625,Meena Sharma,37,2,1,1,2
2626,2626,Kavita Joshi,38,3,2,2,1
2627,2627,Sanjay Reddy,39,4,3,3,2
2628,2628,Rajesh Bhat,40,5,4,4,1
2629,2629,Anita Singh,41,6,5,5,2
2630,2630,Priya Sharma,42,7,6,1,1
2631,2631,Rahul Joshi,43,8,7,2,2
2632,2632,Deepak Reddy,44,1,1,3,1
2633,2633,Aisha Bhat,45,2,2,4,2
2634,2634,Siddharth Singh,46,3,3,5,1
2635,2635,Meena Sharma,47,4,4,1,2
2636,2636,Kavita Joshi,48,5,5,2,1
2637,2637,Sanjay Reddy,49,6,6,3,2
2638,2638,Rajesh Bhat,50,7,7,4,1
2639,2639,Anita Singh,51,8,1,5,2
2640,2640,Priya Sharma,52,1,2,1,1
2641,2641,Rahul Joshi,53,2,3,2,2
2642,2642,Deepak Reddy,54,3,4,3,1
2643,2643,Aisha Bhat,55,4,5,4,2
2644,2644,Siddharth Singh,56,5,6,5,1
2645,2645,Meena Sharma,57,6,7,1,2
2646,2646,Kavita Joshi,58,7,1,2,1
2647,2647,Sanjay Reddy,59,8,2,3,2
2648,2648,Rajesh Bhat,60,1,3,4,1
2649,2649,Anita Singh,61,2,4,5,2
2650,2650,Priya Sharma,62,3,5,1,1
2651,2651,Rahul Joshi,63,4,6,2,2
2652,2652,Deepak Reddy,64,5,7,3,1
2653,2653,Aisha Bhat,65,6,1,4,2
2654,2654,Siddharth Singh,66,7,2,5,1
2655,2655,Meena Sharma,22,8,3,1,2
2656,2656,Kavita Joshi,23,1,4,2,1
2657,2657,Sanjay Reddy,24,2,5,3,2
2658,2658,Rajesh Bhat,25,3,6,4,1
2659,2659,Anita Singh,26,4,7,5,2
2660,2660,Priya Sharma,27,5,1,1,1
2661,2661,Rahul Joshi,28,6,2,2,2
2662,2662,Deepak Reddy,29,7,3,3,1
2663,2663,Aisha Bhat,30,8,4,4,2
2664,2664,Siddharth Singh,31,1,5,5,1
2665,2665,Meena Sharma,32,2,6,1,2
2666,2666,Kavita Joshi,33,3,7,2,1
2667,2667,Sanjay Reddy,34,4,1,3,2
2668,2668,Rajesh Bhat,35,5,2,4,1
2669,2669,Anita Singh,36,6,3,5,2
2670,2670,Priya Sharma,37,7,4,1,1
2671,2671,Rahul Joshi,38,8,5,2,2
2672,2672,Deepak Reddy,39,1,6,3,1
2673,2673,Aisha Bhat,40,2,7,4,2
2674,2674,Siddharth Singh,41,3,1,5,1
2675,2675,Meena Sharma,42,4,2,1,2
2676,2676,Kavita Joshi,43,5,3,2,1
2677,2677,Sanjay Reddy,44,6,4,3,2
2678,2678,Rajesh Bhat,45,7,5,4,1
2679,2679,Anita Singh,46,8,6,5,2
2680,2680,Priya Sharma,47,1,7,1,1
2681,2681,Rahul Joshi,48,2,1,2,2
2682,2682,Deepak Reddy,49,3,2,3,1
2683,2683,Aisha Bhat,50,4,3,4,2
2684,2684,Siddharth Singh,51,5,4,5,1
2685,2685,Meena Sharma,52,6,5,1,2
2686,2686,Kavita Joshi,53,7,6,2,1
2687,2687,Sanjay Reddy,54,8,7,3,2
2688,2688,Rajesh Bhat,55,1,1,4,1
2689,2689,Anita Singh,56,2,2,5,2
2690,2690,Priya Sharma,57,3,3,1,1
2691,2691,Rahul Joshi,58,4,4,2,2
2692,2692,Deepak Reddy,59,5,5,3,1
2693,2693,Aisha Bhat,60,6,6,4,2
2694,2694,Siddharth Singh,61,7,7,5,1
2695,2695,Meena Sharma,62,8,1,1,2
2696,2696,Kavita Joshi,63,1,2,2,1
2697,2697,Sanjay Reddy,64,2,3,3,2
2698,2698,Rajesh Bhat,65,3,4,4,1
2699,2699,Anita Singh,66,4,5,5,2
2700,2700,Priya Sharma,22,5,6,1,1
2701,2701,Rahul Joshi,23,6,7,2,2
2702,2702,Deepak Reddy,24,7,1,3,1
2703,2703,Aisha Bhat,25,8,2,4,2
2704,2704,Siddharth Singh,26,1,3,5,1
2705,2705,Meena Sharma,27,2,4,1,2
2706,2706,Kavita Joshi,28,3,5,2,1
2707,2707,Sanjay Reddy,29,4,6,3,2
2708,2708,Rajesh Bhat,30,5,7,4,1
2709,2709,Anita Singh,31,6,1,5,2
2710,2710,Priya Sharma,32,7,2,1,1
2711,2711,Rahul Joshi,33,8,3,2,2
2712,2712,Deepak Reddy,34,1,4,3,1
2713,2713,Aisha Bhat,35,2,5,4,2
2714,2714,Siddharth Singh,36,3,6,5,1
2715,2715,Meena Sharma,37,4,7,1,2
2716,2716,Kavita Joshi,38,5,1,2,1
2717,2717,Sanjay Reddy,39,6,2,3,2
2718,2718,Rajesh Bhat,40,7,3,4,1
2719,2719,Anita Singh,41,8,4,5,2
2720,2720,Priya Sharma,42,1,5,1,1
2721,2721,Rahul Joshi,43,2,6,2,2
2722,2722,Deepak Reddy,44,3,7,3,1
2723,2723,Aisha Bhat,45,4,1,4,2
2724,2724,Siddharth Singh,46,5,2,5,1
2725,2725,Meena Sharma,47,6,3,1,2
2726,2726,Kavita Joshi,48,7,4,2,1
2727,2727,Sanjay Reddy,49,8,5,3,2
2728,2728,Rajesh Bhat,50,1,6,4,1
2729,2729,Anita Singh,51,2,7,5,2
2730,2730,Priya Sharma,52,3,1,1,1
2731,2731,Rahul Joshi,53,4,2,2,2
2732,2732,Deepak Reddy,54,5,3,3,1
2733,2733,Aisha Bhat,55,6,4,4,2
2734,2734,Siddharth Singh,56,7,5,5,1
2735,2735,Meena Sharma,57,8,6,1,2
2736,2736,Kavita Joshi,58,1,7,2,1
2737,2737,Sanjay Reddy,59,2,1,3,2
2738,2738,Rajesh Bhat,60,3,2,4,1
2739,2739,Anita Singh,61,4,3,5,2
2740,2740,Priya Sharma,62,5,4,1,1
2741,2741,Rahul Joshi,63,6,5,2,2
2742,2742,Deepak Reddy,64,7,6,3,1
2743,2743,Aisha Bhat,65,8,7,4,2
2744,2744,Siddharth Singh,66,1,1,5,1
2745,2745,Meena Sharma,22,2,2,1,2
2746,2746,Kavita Joshi,23,3,3,2,1
2747,2747,Sanjay Reddy,24,4,4,3,2
2748,2748,Rajesh Bhat,25,5,5,4,1
2749,2749,Anita Singh,26,6,6,5,2
2750,2750,Priya Sharma,27,7,7,1,1
2751,2751,Rahul Joshi,28,8,1,2,2
2752,2752,Deepak Reddy,29,1,2,3,1
2753,2753,Aisha Bhat,30,2,3,4,2
2754,2754,Siddharth Singh,31,3,4,5,1
2755,2755,Meena Sharma,32,4,5,1,2
2756,2756,Kavita Joshi,33,5,6,2,1
2757,2757,Sanjay Reddy,34,6,7,3,2
2758,2758,Rajesh Bhat,35,7,1,4,1
2759,2759,Anita Singh,36,8,2,5,2
2760,2760,Priya Sharma,37,1,3,1,1
2761,2761,Rahul Joshi,38,2,4,2,2
2762,2762,Deepak Reddy,39,3,5,3,1
2763,2763,Aisha Bhat,40,4,6,4,2
2764,2764,Siddharth Singh,41,5,7,5,1
2765,2765,Meena Sharma,42,6,1,1,2
2766,2766,Kavita Joshi,43,7,2,2,1
2767,2767,Sanjay Reddy,44,8,3,3,2
2768,2768,Rajesh Bhat,45,1,4,4,1
2769,2769,Anita Singh,46,2,5,5,2
2770,2770,Priya Sharma,47,3,6,1,1
2771,2771,Rahul Joshi,48,4,7,2,2
2772,2772,Deepak Reddy,49,5,1,3,1
2773,2773,Aisha Bhat,50,6,2,4,2
2774,2774,Siddharth Singh,51,7,3,5,1
2775,2775,Meena Sharma,52,8,4,1,2
2776,2776,Kavita Joshi,53,1,5,2,1
2777,2777,Sanjay Reddy,54,2,6,3,2
2778,2778,Rajesh Bhat,55,3,7,4,1
2779,2779,Anita Singh,56,4,1,5,2
2780,2780,Priya Sharma,57,5,2,1,1
2781,2781,Rahul Joshi,58,6,3,2,2
2782,2782,Deepak Reddy,59,7,4,3,1
2783,2783,Aisha Bhat,60,8,5,4,2
2784,2784,Siddharth Singh,61,1,6,5,1
2785,2785,Meena Sharma,62,2,7,1,2
2786,2786,Kavita Joshi,63,3,1,2,1
2787,2787,Sanjay Reddy,64,4,2,3,2
2788,2788,Rajesh Bhat,65,5,3,4,1
2789,2789,Anita Singh,66,6,4,5,2
2790,2790,Priya Sharma,22,7,5,1,1
2791,2791,Rahul Joshi,23,8,6,2,2
2792,2792,Deepak Reddy,24,1,7,3,1
2793,2793,Aisha Bhat,25,2,1,4,2
2794,2794,Siddharth Singh,26,3,2,5,1
2795,2795,Meena Sharma,27,4,3,1,2
2796,2796,Kavita Joshi,28,5,4,2,1
2797,2797,Sanjay Reddy,29,6,5,3,2
2798,2798,Rajesh Bhat,30,7,6,4,1
2799,2799,Anita Singh,31,8,7,5,2
2800,2800,Priya Sharma,32,1,1,1,1
2801,2801,Rahul Joshi,33,2,2,2,2
2802,2802,Deepak Reddy,34,3,3,3,1
2803,2803,Aisha Bhat,35,4,4,4,2
2804,2804,Siddharth Singh,36,5,5,5,1
2805,2805,Meena Sharma,37,6,6,1,2
2806,2806,Kavita Joshi,38,7,7,2,1
2807,2807,Sanjay Reddy,39,8,1,3,2
2808,2808,Rajesh Bhat,40,1,2,4,1
2809,2809,Anita Singh,41,2,3,5,2
2810,2810,Priya Sharma,42,3,4,1,1
2811,2811,Rahul Joshi,43,4,5,2,2
2812,2812,Deepak Reddy,44,5,6,3,1
2813,2813,Aisha Bhat,45,6,7,4,2
2814,2814,Siddharth Singh,46,7,1,5,1
2815,2815,Meena Sharma,47,8,2,1,2
2816,2816,Kavita Joshi,48,1,3,2,1
2817,2817,Sanjay Reddy,49,2,4,3,2
2818,2818,Rajesh Bhat,50,3,5,4,1
2819,2819,Anita Singh,51,4,6,5,2
2820,2820,Priya Sharma,52,5,7,1,1
2821,2821,Rahul Joshi,53,6,1,2,2
2822,2822,Deepak Reddy,54,7,2,3,1
2823,2823,Aisha Bhat,55,8,3,4,2
2824,2824,Siddharth Singh,56,1,4,5,1
2825,2825,Meena Sharma,57,2,5,1,2
2826,2826,Kavita Joshi,58,3,6,2,1
2827,2827,Sanjay Reddy,59,4,7,3,2
2828,2828,Rajesh Bhat,60,5,1,4,1
2829,2829,Anita Singh,61,6,2,5,2
2830,2830,Priya Sharma,62,7,3,1,1
2831,2831,Rahul Joshi,63,8,4,2,2
2832,2832,Deepak Reddy,64,1,5,3,1
2833,2833,Aisha Bhat,65,2,6,4,2
2834,2834,Siddharth Singh,66,3,7,5,1
2835,2835,Meena Sharma,22,4,1,1,2
2836,2836,Kavita Joshi,23,5,2,2,1
2837,2837,Sanjay Reddy,24,6,3,3,2
2838,2838,Rajesh Bhat,25,7,4,4,1
2839,2839,Anita Singh,26,8,5,5,2
2840,2840,Priya Sharma,27,1,6,1,1
2841,2841,Rahul Joshi,28,2,7,2,2
2842,2842,Deepak Reddy,29,3,1,3,1
2843,2843,Aisha Bhat,30,4,2,4,2
2844,2844,Siddharth Singh,31,5,3,5,1
2845,2845,Meena Sharma,32,6,4,1,2
2846,2846,Kavita Joshi,33,7,5,2,1
2847,2847,Sanjay Reddy,34,8,6,3,2
2848,2848,Rajesh Bhat,35,1,7,4,1
2849,2849,Anita Singh,36,2,1,5,2
2850,2850,Priya Sharma,37,3,2,1,1
2851,2851,Rahul Joshi,38,4,3,2,2
2852,2852,Deepak Reddy,39,5,4,3,1
2853,2853,Aisha Bhat,40,6,5,4,2
2854,2854,Siddharth Singh,41,7,6,5,1
2855,2855,Meena Sharma,42,8,7,1,2
2856,2856,Kavita Joshi,43,1,1,2,1
2857,2857,Sanjay Reddy,44,2,2,3,2
2858,2858,Rajesh Bhat,45,3,3,4,1
2859,2859,Anita Singh,46,4,4,5,2
2860,2860,Priya Sharma,47,5,5,1,1
2861,2861,Rahul Joshi,48,6,6,2,2
2862,2862,Deepak Reddy,49,7,7,3,1
2863,2863,Aisha Bhat,50,8,1,4,2
2864,2864,Siddharth Singh,51,1,2,5,1
2865,2865,Meena Sharma,52,2,3,1,2
2866,2866,Kavita Joshi,53,3,4,2,1
2867,2867,Sanjay Reddy,54,4,5,3,2
2868,2868,Rajesh Bhat,55,5,6,4,1
2869,2869,Anita Singh,56,6,7,5,2
2870,2870,Priya Sharma,57,7,1,1,1
2871,2871,Rahul Joshi,58,8,2,2,2
2872,2872,Deepak Reddy,59,1,3,3,1
2873,2873,Aisha Bhat,60,2,4,4,2
2874,2874,Siddharth Singh,61,3,5,5,1
2875,2875,Meena Sharma,62,4,6,1,2
2876,2876,Kavita Joshi,63,5,7,2,1
2877,2877,Sanjay Reddy,64,6,1,3,2
2878,2878,Rajesh Bhat,65,7,2,4,1
2879,2879,Anita Singh,66,8,3,5,2
2880,2880,Priya Sharma,22,1,4,1,1
2881,2881,Rahul Joshi,23,2,5,2,2
2882,2882,Deepak Reddy,24,3,6,3,1
2883,2883,Aisha Bhat,25,4,7,4,2
2884,2884,Siddharth Singh,26,5,1,5,1
2885,2885,Meena Sharma,27,6,2,1,2
2886,2886,Kavita Joshi,28,7,3,2,1
2887,2887,Sanjay Reddy,29,8,4,3,2
2888,2888,Rajesh Bhat,30,1,5,4,1
2889,2889,Anita Singh,31,2,6,5,2
2890,2890,Priya Sharma,32,3,7,1,1
2891,2891,Rahul Joshi,33,4,1,2,2
2892,2892,Deepak Reddy,34,5,2,3,1
2893,2893,Aisha Bhat,35,6,3,4,2
2894,2894,Siddharth Singh,36,7,4,5,1
2895,2895,Meena Sharma,37,8,5,1,2
2896,2896,Kavita Joshi,38,1,6,2,1
2897,2897,Sanjay Reddy,39,2,7,3,2
2898,2898,Rajesh Bhat,40,3,1,4,1
2899,2899,Anita Singh,41,4,2,5,2
2900,2900,Priya Sharma,42,5,3,1,1
2901,2901,Rahul Joshi,43,6,4,2,2
2902,2902,Deepak Reddy,44,7,5,3,1
2903,2903,Aisha Bhat,45,8,6,4,2
2904,2904,Siddharth Singh,46,1,7,5,1
2905,2905,Meena Sharma,47,2,1,1,2
2906,2906,Kavita Joshi,48,3,2,2,1
2907,2907,Sanjay Reddy,49,4,3,3,2
2908,2908,Rajesh Bhat,50,5,4,4,1
2909,2909,Anita Singh,51,6,5,5,2
2910,2910,Priya Sharma,52,7,6,1,1
2911,2911,Rahul Joshi,53,8,7,2,2
2912,2912,Deepak Reddy,54,1,1,3,1
2913,2913,Aisha Bhat,55,2,2,4,2
2914,2914,Siddharth Singh,56,3,3,5,1
2915,2915,Meena Sharma,57,4,4,1,2
2916,2916,Kavita Joshi,58,5,5,2,1
2917,2917,Sanjay Reddy,59,6,6,3,2
2918,2918,Rajesh Bhat,60,7,7,4,1
2919,2919,Anita Singh,61,8,1,5,2
2920,2920,Priya Sharma,62,1,2,1,1
2921,2921,Rahul Joshi,63,2,3,2,2
2922,2922,Deepak Reddy,64,3,4,3,1
2923,2923,Aisha Bhat,65,4,5,4,2
2924,2924,Siddharth Singh,66,5,6,5,1
2925,2925,Meena Sharma,22,6,7,1,2
2926,2926,Kavita Joshi,23,7,1,2,1
2927,2927,Sanjay Reddy,24,8,2,3,2
2928,2928,Rajesh Bhat,25,1,3,4,1
2929,2929,Anita Singh,26,2,4,5,2
2930,2930,Priya Sharma,27,3,5,1,1
2931,2931,Rahul Joshi,28,4,6,2,2
2932,2932,Deepak Reddy,29,5,7,3,1
2933,2933,Aisha Bhat,30,6,1,4,2
2934,2934,Siddharth Singh,31,7,2,5,1
2935,2935,Meena Sharma,32,8,3,1,2
2936,2936,Kavita Joshi,33,1,4,2,1
2937,2937,Sanjay Reddy,34,2,5,3,2
2938,2938,Rajesh Bhat,35,3,6,4,1
2939,2939,Anita Singh,36,4,7,5,2
2940,2940,Priya Sharma,37,5,1,1,1
2941,2941,Rahul Joshi,38,6,2,2,2
2942,2942,Deepak Reddy,39,7,3,3,1
2943,2943,Aisha Bhat,40,8,4,4,2
2944,2944,Siddharth Singh,41,1,5,5,1
2945,2945,Meena Sharma,42,2,6,1,2
2946,2946,Kavita Joshi,43,3,7,2,1
2947,2947,Sanjay Reddy,44,4,1,3,2
2948,2948,Rajesh Bhat,45,5,2,4,1
2949,2949,Anita Singh,46,6,3,5,2
2950,2950,Priya Sharma,47,7,4,1,1
2951,2951,Rahul Joshi,48,8,5,2,2
2952,2952,Deepak Reddy,49,1,6,3,1
2953,2953,Aisha Bhat,50,2,7,4,2
2954,2954,Siddharth Singh,51,3,1,5,1
2955,2955,Meena Sharma,52,4,2,1,2
2956,2956,Kavita Joshi,53,5,3,2,1
2957,2957,Sanjay Reddy,54,6,4,3,2
2958,2958,Rajesh Bhat,55,7,5,4,1
2959,2959,Anita Singh,56,8,6,5,2
2960,2960,Priya Sharma,57,1,7,1,1
2961,2961,Rahul Joshi,58,2,1,2,2
2962,2962,Deepak Reddy,59,3,2,3,1
2963,2963,Aisha Bhat,60,4,3,4,2
2964,2964,Siddharth Singh,61,5,4,5,1
2965,2965,Meena Sharma,62,6,5,1,2
2966,2966,Kavita Joshi,63,7,6,2,1
2967,2967,Sanjay Reddy,64,8,7,3,2
2968,2968,Rajesh Bhat,65,1,1,4,1
2969,2969,Anita Singh,66,2,2,5,2
2970,2970,Priya Sharma,22,3,3,1,1
2971,2971,Rahul Joshi,23,4,4,2,2
2972,2972,Deepak Reddy,24,5,5,3,1
2973,2973,Aisha Bhat,25,6,6,4,2
2974,2974,Siddharth Singh,26,7,7,5,1
2975,2975,Meena Sharma,27,8,1,1,2
2976,2976,Kavita Joshi,28,1,2,2,1
2977,2977,Sanjay Reddy,29,2,3,3,2
2978,2978,Rajesh Bhat,30,3,4,4,1
2979,2979,Anita Singh,31,4,5,5,2
2980,2980,Priya Sharma,32,5,6,1,1
2981,2981,Rahul Joshi,33,6,7,2,2
2982,2982,Deepak Reddy,34,7,1,3,1
2983,2983,Aisha Bhat,35,8,2,4,2
2984,2984,Siddharth Singh,36,1,3,5,1
2985,2985,Meena Sharma,37,2,4,1,2
2986,2986,Kavita Joshi,38,3,5,2,1
2987,2987,Sanjay Reddy,39,4,6,3,2
2988,2988,Rajesh Bhat,40,5,7,4,1
2989,2989,Anita Singh,41,6,1,5,2
2990,2990,Priya Sharma,42,7,2,1,1
2991,2991,Rahul Joshi,43,8,3,2,2
2992,2992,Deepak Reddy,44,1,4,3,1
2993,2993,Aisha Bhat,45,2,5,4,2
2994,2994,Siddharth Singh,46,3,6,5,1
2995,2995,Meena Sharma,47,4,7,1,2
2996,2996,Kavita Joshi,48,5,1,2,1
2997,2997,Sanjay Reddy,49,6,2,3,2
2998,2998,Rajesh Bhat,50,7,3,4,1
2999,2999,Anita Singh,51,8,4,5,2
3000,3000,Priya Sharma,52,1,5,1,1
3001,3001,Rahul Joshi,53,2,6,2,2
3002,3002,Deepak Reddy,54,3,7,3,1
3003,3003,Aisha Bhat,55,4,1,4,2
3004,3004,Siddharth Singh,56,5,2,5,1
3005,3005,Meena Sharma,57,6,3,1,2
3006,3006,Kavita Joshi,58,7,4,2,1
3007,3007,Sanjay Reddy,59,8,5,3,2
3008,3008,Rajesh Bhat,60,1,6,4,1
3009,3009,Anita Singh,61,2,7,5,2
3010,3010,Priya Sharma,62,3,1,1,1
3011,3011,Rahul Joshi,63,4,2,2,2
3012,3012,Deepak Reddy,64,5,3,3,1
3013,3013,Aisha Bhat,65,6,4,4,2
3014,3014,Siddharth Singh,66,7,5,5,1
3015,3015,Meena Sharma,22,8,6,1,2
3016,3016,Kavita Joshi,23,1,7,2,1
3017,3017,Sanjay Reddy,24,2,1,3,2
3018,3018,Rajesh Bhat,25,3,2,4,1
3019,3019,Anita Singh,26,4,3,5,2
3020,3020,Priya Sharma,27,5,4,1,1
3021,3021,Rahul Joshi,28,6,5,2,2
3022,3022,Deepak Reddy,29,7,6,3,1
3023,3023,Aisha Bhat,30,8,7,4,2
3024,3024,Siddharth Singh,31,1,1,5,1
3025,3025,Meena Sharma,32,2,2,1,2
3026,3026,Kavita Joshi,33,3,3,2,1
3027,3027,Sanjay Reddy,34,4,4,3,2
3028,3028,Rajesh Bhat,35,5,5,4,1
3029,3029,Anita Singh,36,6,6,5,2
3030,3030,Priya Sharma,37,7,7,1,1
3031,3031,Rahul Joshi,38,8,1,2,2
3032,3032,Deepak Reddy,39,1,2,3,1
3033,3033,Aisha Bhat,40,2,3,4,2
3034,3034,Siddharth Singh,41,3,4,5,1
3035,3035,Meena Sharma,42,4,5,1,2
3036,3036,Kavita Joshi,43,5,6,2,1
3037,3037,Sanjay Reddy,44,6,7,3,2
3038,3038,Rajesh Bhat,45,7,1,4,1
3039,3039,Anita Singh,46,8,2,5,2
3040,3040,Priya Sharma,47,1,3,1,1
3041,3041,Rahul Joshi,48,2,4,2,2
3042,3042,Deepak Reddy,49,3,5,3,1
3043,3043,Aisha Bhat,50,4,6,4,2
3044,3044,Siddharth Singh,51,5,7,5,1
3045,3045,Meena Sharma,52,6,1,1,2
3046,3046,Kavita Joshi,53,7,2,2,1
3047,3047,Sanjay Reddy,54,8,3,3,2
3048,3048,Rajesh Bhat,55,1,4,4,1
3049,3049,Anita Singh,56,2,5,5,2
3050,3050,Priya Sharma,57,3,6,1,1
3051,3051,Rahul Joshi,58,4,7,2,2
3052,3052,Deepak Reddy,59,5,1,3,1
3053,3053,Aisha Bhat,60,6,2,4,2
3054,3054,Siddharth Singh,61,7,3,5,1
3055,3055,Meena Sharma,62,8,4,1,2
3056,3056,Kavita Joshi,63,1,5,2,1
3057,3057,Sanjay Reddy,64,2,6,3,2
3058,3058,Rajesh Bhat,65,3,7,4,1
3059,3059,Anita Singh,66,4,1,5,2
3060,3060,Priya Sharma,22,5,2,1,1
3061,3061,Rahul Joshi,23,6,3,2,2
3062,3062,Deepak Reddy,24,7,4,3,1
3063,3063,Aisha Bhat,25,8,5,4,2
3064,3064,Siddharth Singh,26,1,6,5,1
3065,3065,Meena Sharma,27,2,7,1,2
3066,3066,Kavita Joshi,28,3,1,2,1
3067,3067,Sanjay Reddy,29,4,2,3,2
3068,3068,Rajesh Bhat,30,5,3,4,1
3069,3069,Anita Singh,31,6,4,5,2
3070,3070,Priya Sharma,32,7,5,1,1
3071,3071,Rahul Joshi,33,8,6,2,2
3072,3072,Deepak Reddy,34,1,7,3,1
3073,3073,Aisha Bhat,35,2,1,4,2
3074,3074,Siddharth Singh,36,3,2,5,1
3075,3075,Meena Sharma,37,4,3,1,2
3076,3076,Kavita Joshi,38,5,4,2,1
3077,3077,Sanjay Reddy,39,6,5,3,2
3078,3078,Rajesh Bhat,40,7,6,4,1
3079,3079,Anita Singh,41,8,7,5,2
3080,3080,Priya Sharma,42,1,1,1,1
3081,3081,Rahul Joshi,43,2,2,2,2
3082,3082,Deepak Reddy,44,3,3,3,1
3083,3083,Aisha Bhat,45,4,4,4,2
3084,3084,Siddharth Singh,46,5,5,5,1
3085,3085,Meena Sharma,47,6,6,1,2
3086,3086,Kavita Joshi,48,7,7,2,1
3087,3087,Sanjay Reddy,49,8,1,3,2
3088,3088,Rajesh Bhat,50,1,2,4,1
3089,3089,Anita Singh,51,2,3,5,2
3090,3090,Priya Sharma,52,3,4,1,1
3091,3091,Rahul Joshi,53,4,5,2,2
3092,3092,Deepak Reddy,54,5,6,3,1
3093,3093,Aisha Bhat,55,6,7,4,2
3094,3094,Siddharth Singh,56,7,1,5,1
3095,3095,Meena Sharma,57,8,2,1,2
3096,3096,Kavita Joshi,58,1,3,2,1
3097,3097,Sanjay Reddy,59,2,4,3,2
3098,3098,Rajesh Bhat,60,3,5,4,1
3099,3099,Anita Singh,61,4,6,5,2
3100,3100,Priya Sharma,62,5,7,1,1
3101,3101,Rahul Joshi,63,6,1,2,2
3102,3102,Deepak Reddy,64,7,2,3,1
3103,3103,Aisha Bhat,65,8,3,4,2
3104,3104,Siddharth Singh,66,1,4,5,1
3105,3105,Meena Sharma,22,2,5,1,2
3106,3106,Kavita Joshi,23,3,6,2,1
3107,3107,Sanjay Reddy,24,4,7,3,2
3108,3108,Rajesh Bhat,25,5,1,4,1
3109,3109,Anita Singh,26,6,2,5,2
3110,3110,Priya Sharma,27,7,3,1,1
3111,3111,Rahul Joshi,28,8,4,2,2
3112,3112,Deepak Reddy,29,1,5,3,1
3113,3113,Aisha Bhat,30,2,6,4,2
3114,3114,Siddharth Singh,31,3,7,5,1
3115,3115,Meena Sharma,32,4,1,1,2
3116,3116,Kavita Joshi,33,5,2,2,1
3117,3117,Sanjay Reddy,34,6,3,3,2
3118,3118,Rajesh Bhat,35,7,4,4,1
3119,3119,Anita Singh,36,8,5,5,2
3120,3120,Priya Sharma,37,1,6,1,1
3121,3121,Rahul Joshi,38,2,7,2,2
3122,3122,Deepak Reddy,39,3,1,3,1
3123,3123,Aisha Bhat,40,4,2,4,2
3124,3124,Siddharth Singh,41,5,3,5,1
3125,3125,Meena Sharma,42,6,4,1,2
3126,3126,Kavita Joshi,43,7,5,2,1
3127,3127,Sanjay Reddy,44,8,6,3,2
3128,3128,Rajesh Bhat,45,1,7,4,1
3129,3129,Anita Singh,46,2,1,5,2
3130,3130,Priya Sharma,47,3,2,1,1
3131,3131,Rahul Joshi,48,4,3,2,2
3132,3132,Deepak Reddy,49,5,4,3,1
3133,3133,Aisha Bhat,50,6,5,4,2
3134,3134,Siddharth Singh,51,7,6,5,1
3135,3135,Meena Sharma,52,8,7,1,2
3136,3136,Kavita Joshi,53,1,1,2,1
3137,3137,Sanjay Reddy,54,2,2,3,2
3138,3138,Rajesh Bhat,55,3,3,4,1
3139,3139,Anita Singh,56,4,4,5,2
3140,3140,Priya Sharma,57,5,5,1,1
3141,3141,Rahul Joshi,58,6,6,2,2
3142,3142,Deepak Reddy,59,7,7,3,1
3143,3143,Aisha Bhat,60,8,1,4,2
3144,3144,Siddharth Singh,61,1,2,5,1
3145,3145,Meena Sharma,62,2,3,1,2
3146,3146,Kavita Joshi,63,3,4,2,1
3147,3147,Sanjay Reddy,64,4,5,3,2
3148,3148,Rajesh Bhat,65,5,6,4,1
3149,3149,Anita Singh,66,6,7,5,2
3150,3150,Priya Sharma,22,7,1,1,1
3151,3151,Rahul Joshi,23,8,2,2,2
3152,3152,Deepak Reddy,24,1,3,3,1
3153,3153,Aisha Bhat,25,2,4,4,2
3154,3154,Siddharth Singh,26,3,5,5,1
3155,3155,Meena Sharma,27,4,6,1,2
3156,3156,Kavita Joshi,28,5,7,2,1
3157,3157,Sanjay Reddy,29,6,1,3,2
3158,3158,Rajesh Bhat,30,7,2,4,1
3159,3159,Anita Singh,31,8,3,5,2
3160,3160,Priya Sharma,32,1,4,1,1
3161,3161,Rahul Joshi,33,2,5,2,2
3162,3162,Deepak Reddy,34,3,6,3,1
3163,3163,Aisha Bhat,35,4,7,4,2
3164,3164,Siddharth Singh,36,5,1,5,1
3165,3165,Meena Sharma,37,6,2,1,2
3166,3166,Kavita Joshi,38,7,3,2,1
3167,3167,Sanjay Reddy,39,8,4,3,2
3168,3168,Rajesh Bhat,40,1,5,4,1
3169,3169,Anita Singh,41,2,6,5,2
3170,3170,Priya Sharma,42,3,7,1,1
3171,3171,Rahul Joshi,43,4,1,2,2
3172,3172,Deepak Reddy,44,5,2,3,1
3173,3173,Aisha Bhat,45,6,3,4,2
3174,3174,Siddharth Singh,46,7,4,5,1
3175,3175,Meena Sharma,47,8,5,1,2
3176,3176,Kavita Joshi,48,1,6,2,1
3177,3177,Sanjay Reddy,49,2,7,3,2
3178,3178,Rajesh Bhat,50,3,1,4,1
3179,3179,Anita Singh,51,4,2,5,2
3180,3180,Priya Sharma,52,5,3,1,1
3181,3181,Rahul Joshi,53,6,4,2,2
3182,3182,Deepak Reddy,54,7,5,3,1
3183,3183,Aisha Bhat,55,8,6,4,2
3184,3184,Siddharth Singh,56,1,7,5,1
3185,3185,Meena Sharma,57,2,1,1,2
3186,3186,Kavita Joshi,58,3,2,2,1
3187,3187,Sanjay Reddy,59,4,3,3,2
3188,3188,Rajesh Bhat,60,5,4,4,1
3189,3189,Anita Singh,61,6,5,5,2
3190,3190,Priya Sharma,62,7,6,1,1
3191,3191,Rahul Joshi,63,8,7,2,2
3192,3192,Deepak Reddy,64,1,1,3,1
3193,3193,Aisha Bhat,65,2,2,4,2
3194,3194,Siddharth Singh,66,3,3,5,1
3195,3195,Meena Sharma,22,4,4,1,2
3196,3196,Kavita Joshi,23,5,5,2,1
3197,3197,Sanjay Reddy,24,6,6,3,2
3198,3198,Rajesh Bhat,25,7,7,4,1
3199,3199,Anita Singh,26,8,1,5,2
3200,3200,Priya Sharma,27,1,2,1,1
3201,3201,Rahul Joshi,28,2,3,2,2
3202,3202,Deepak Reddy,29,3,4,3,1
3203,3203,Aisha Bhat,30,4,5,4,2
3204,3204,Siddharth Singh,31,5,6,5,1
3205,3205,Meena Sharma,32,6,7,1,2
3206,3206,Kavita Joshi,33,7,1,2,1
3207,3207,Sanjay Reddy,34,8,2,3,2
3208,3208,Rajesh Bhat,35,1,3,4,1
3209,3209,Anita Singh,36,2,4,5,2
3210,3210,Priya Sharma,37,3,5,1,1
3211,3211,Rahul Joshi,38,4,6,2,2
3212,3212,Deepak Reddy,39,5,7,3,1
3213,3213,Aisha Bhat,40,6,1,4,2
3214,3214,Siddharth Singh,41,7,2,5,1
3215,3215,Meena Sharma,42,8,3,1,2
3216,3216,Kavita Joshi,43,1,4,2,1
3217,3217,Sanjay Reddy,44,2,5,3,2
3218,3218,Rajesh Bhat,45,3,6,4,1
3219,3219,Anita Singh,46,4,7,5,2
3220,3220,Priya Sharma,47,5,1,1,1
3221,3221,Rahul Joshi,48,6,2,2,2
3222,3222,Deepak Reddy,49,7,3,3,1
3223,3223,Aisha Bhat,50,8,4,4,2
3224,3224,Siddharth Singh,51,1,5,5,1
3225,3225,Meena Sharma,52,2,6,1,2
3226,3226,Kavita Joshi,53,3,7,2,1
3227,3227,Sanjay Reddy,54,4,1,3,2
3228,3228,Rajesh Bhat,55,5,2,4,1
3229,3229,Anita Singh,56,6,3,5,2
3230,3230,Priya Sharma,57,7,4,1,1
3231,3231,Rahul Joshi,58,8,5,2,2
3232,3232,Deepak Reddy,59,1,6,3,1
3233,3233,Aisha Bhat,60,2,7,4,2
3234,3234,Siddharth Singh,61,3,1,5,1
3235,3235,Meena Sharma,62,4,2,1,2
3236,3236,Kavita Joshi,63,5,3,2,1
3237,3237,Sanjay Reddy,64,6,4,3,2
3238,3238,Rajesh Bhat,65,7,5,4,1
3239,3239,Anita Singh,66,8,6,5,2
3240,3240,Priya Sharma,22,1,7,1,1
3241,3241,Rahul Joshi,23,2,1,2,2
3242,3242,Deepak Reddy,24,3,2,3,1
3243,3243,Aisha Bhat,25,4,3,4,2
3244,3244,Siddharth Singh,26,5,4,5,1
3245,3245,Meena Sharma,27,6,5,1,2
3246,3246,Kavita Joshi,28,7,6,2,1
3247,3247,Sanjay Reddy,29,8,7,3,2
3248,3248,Rajesh Bhat,30,1,1,4,1
3249,3249,Anita Singh,31,2,2,5,2
3250,3250,Priya Sharma,32,3,3,1,1
3251,3251,Rahul Joshi,33,4,4,2,2
3252,3252,Deepak Reddy,34,5,5,3,1
3253,3253,Aisha Bhat,35,6,6,4,2
3254,3254,Siddharth Singh,36,7,7,5,1
3255,3255,Meena Sharma,37,8,1,1,2
3256,3256,Kavita Joshi,38,1,2,2,1
3257,3257,Sanjay Reddy,39,2,3,3,2
3258,3258,Rajesh Bhat,40,3,4,4,1
3259,3259,Anita Singh,41,4,5,5,2
3260,3260,Priya Sharma,42,5,6,1,1
3261,3261,Rahul Joshi,43,6,7,2,2
3262,3262,Deepak Reddy,44,7,1,3,1
3263,3263,Aisha Bhat,45,8,2,4,2
3264,3264,Siddharth Singh,46,1,3,5,1
3265,3265,Meena Sharma,47,2,4,1,2
3266,3266,Kavita Joshi,48,3,5,2,1
3267,3267,Sanjay Reddy,49,4,6,3,2
3268,3268,Rajesh Bhat,50,5,7,4,1
3269,3269,Anita Singh,51,6,1,5,2
3270,3270,Priya Sharma,52,7,2,1,1
3271,3271,Rahul Joshi,53,8,3,2,2
3272,3272,Deepak Reddy,54,1,4,3,1
3273,3273,Aisha Bhat,55,2,5,4,2
3274,3274,Siddharth Singh,56,3,6,5,1
3275,3275,Meena Sharma,57,4,7,1,2
3276,3276,Kavita Joshi,58,5,1,2,1
3277,3277,Sanjay Reddy,59,6,2,3,2
3278,3278,Rajesh Bhat,60,7,3,4,1
3279,3279,Anita Singh,61,8,4,5,2
3280,3280,Priya Sharma,62,1,5,1,1
3281,3281,Rahul Joshi,63,2,6,2,2
3282,3282,Deepak Reddy,64,3,7,3,1
3283,3283,Aisha Bhat,65,4,1,4,2
3284,3284,Siddharth Singh,66,5,2,5,1
3285,3285,Meena Sharma,22,6,3,1,2
3286,3286,Kavita Joshi,23,7,4,2,1
3287,3287,Sanjay Reddy,24,8,5,3,2
3288,3288,Rajesh Bhat,25,1,6,4,1
3289,3289,Anita Singh,26,2,7,5,2
3290,3290,Priya Sharma,27,3,1,1,1
3291,3291,Rahul Joshi,28,4,2,2,2
3292,3292,Deepak Reddy,29,5,3,3,1
3293,3293,Aisha Bhat,30,6,4,4,2
3294,3294,Siddharth Singh,31,7,5,5,1
3295,3295,Meena Sharma,32,8,6,1,2
3296,3296,Kavita Joshi,33,1,7,2,1
3297,3297,Sanjay Reddy,34,2,1,3,2
3298,3298,Rajesh Bhat,35,3,2,4,1
3299,3299,Anita Singh,36,4,3,5,2
3300,3300,Priya Sharma,37,5,4,1,1
3301,3301,Rahul Joshi,38,6,5,2,2
3302,3302,Deepak Reddy,39,7,6,3,1
3303,3303,Aisha Bhat,40,8,7,4,2
3304,3304,Siddharth Singh,41,1,1,5,1
3305,3305,Meena Sharma,42,2,2,1,2
3306,3306,Kavita Joshi,43,3,3,2,1
3307,3307,Sanjay Reddy,44,4,4,3,2
3308,3308,Rajesh Bhat,45,5,5,4,1
3309,3309,Anita Singh,46,6,6,5,2
3310,3310,Priya Sharma,47,7,7,1,1
3311,3311,Rahul Joshi,48,8,1,2,2
3312,3312,Deepak Reddy,49,1,2,3,1
3313,3313,Aisha Bhat,50,2,3,4,2
3314,3314,Siddharth Singh,51,3,4,5,1
3315,3315,Meena Sharma,52,4,5,1,2
3316,3316,Kavita Joshi,53,5,6,2,1
3317,3317,Sanjay Reddy,54,6,7,3,2
3318,3318,Rajesh Bhat,55,7,1,4,1
3319,3319,Anita Singh,56,8,2,5,2
3320,3320,Priya Sharma,57,1,3,1,1
3321,3321,Rahul Joshi,58,2,4,2,2
3322,3322,Deepak Reddy,59,3,5,3,1
3323,3323,Aisha Bhat,60,4,6,4,2
3324,3324,Siddharth Singh,61,5,7,5,1
3325,3325,Meena Sharma,62,6,1,1,2
3326,3326,Kavita Joshi,63,7,2,2,1
3327,3327,Sanjay Reddy,64,8,3,3,2
3328,3328,Rajesh Bhat,65,1,4,4,1
3329,3329,Anita Singh,66,2,5,5,2
3330,3330,Priya Sharma,22,3,6,1,1
3331,3331,Rahul Joshi,23,4,7,2,2
3332,3332,Deepak Reddy,24,5,1,3,1
3333,3333,Aisha Bhat,25,6,2,4,2
3334,3334,Siddharth Singh,26,7,3,5,1
3335,3335,Meena Sharma,27,8,4,1,2
3336,3336,Kavita Joshi,28,1,5,2,1
3337,3337,Sanjay Reddy,29,2,6,3,2
3338,3338,Rajesh Bhat,30,3,7,4,1
3339,3339,Anita Singh,31,4,1,5,2
3340,3340,Priya Sharma,32,5,2,1,1
3341,3341,Rahul Joshi,33,6,3,2,2
3342,3342,Deepak Reddy,34,7,4,3,1
3343,3343,Aisha Bhat,35,8,5,4,2
3344,3344,Siddharth Singh,36,1,6,5,1
3345,3345,Meena Sharma,37,2,7,1,2
3346,3346,Kavita Joshi,38,3,1,2,1
3347,3347,Sanjay Reddy,39,4,2,3,2
3348,3348,Rajesh Bhat,40,5,3,4,1
3349,3349,Anita Singh,41,6,4,5,2
3350,3350,Priya Sharma,42,7,5,1,1
3351,3351,Rahul Joshi,43,8,6,2,2
3352,3352,Deepak Reddy,44,1,7,3,1
3353,3353,Aisha Bhat,45,2,1,4,2
3354,3354,Siddharth Singh,46,3,2,5,1
3355,3355,Meena Sharma,47,4,3,1,2
3356,3356,Kavita Joshi,48,5,4,2,1
3357,3357,Sanjay Reddy,49,6,5,3,2
3358,3358,Rajesh Bhat,50,7,6,4,1
3359,3359,Anita Singh,51,8,7,5,2
3360,3360,Priya Sharma,52,1,1,1,1
3361,3361,Rahul Joshi,53,2,2,2,2
3362,3362,Deepak Reddy,54,3,3,3,1
3363,3363,Aisha Bhat,55,4,4,4,2
3364,3364,Siddharth Singh,56,5,5,5,1
3365,3365,Meena Sharma,57,6,6,1,2
3366,3366,Kavita Joshi,58,7,7,2,1
3367,3367,Sanjay Reddy,59,8,1,3,2
3368,3368,Rajesh Bhat,60,1,2,4,1
3369,3369,Anita Singh,61,2,3,5,2
3370,3370,Priya Sharma,62,3,4,1,1
3371,3371,Rahul Joshi,63,4,5,2,2
3372,3372,Deepak Reddy,64,5,6,3,1
3373,3373,Aisha Bhat,65,6,7,4,2
3374,3374,Siddharth Singh,66,7,1,5,1
3375,3375,Meena Sharma,22,8,2,1,2
3376,3376,Kavita Joshi,23,1,3,2,1
3377,3377,Sanjay Reddy,24,2,4,3,2
3378,3378,Rajesh Bhat,25,3,5,4,1
3379,3379,Anita Singh,26,4,6,5,2
3380,3380,Priya Sharma,27,5,7,1,1
3381,3381,Rahul Joshi,28,6,1,2,2
3382,3382,Deepak Reddy,29,7,2,3,1
3383,3383,Aisha Bhat,30,8,3,4,2
3384,3384,Siddharth Singh,31,1,4,5,1
3385,3385,Meena Sharma,32,2,5,1,2
3386,3386,Kavita Joshi,33,3,6,2,1
3387,3387,Sanjay Reddy,34,4,7,3,2
3388,3388,Rajesh Bhat,35,5,1,4,1
3389,3389,Anita Singh,36,6,2,5,2
3390,3390,Priya Sharma,37,7,3,1,1
3391,3391,Rahul Joshi,38,8,4,2,2
3392,3392,Deepak Reddy,39,1,5,3,1
3393,3393,Aisha Bhat,40,2,6,4,2
3394,3394,Siddharth Singh,41,3,7,5,1
3395,3395,Meena Sharma,42,4,1,1,2
3396,3396,Kavita Joshi,43,5,2,2,1
3397,3397,Sanjay Reddy,44,6,3,3,2
3398,3398,Rajesh Bhat,45,7,4,4,1
3399,3399,Anita Singh,46,8,5,5,2
3400,3400,Priya Sharma,47,1,6,1,1
3401,3401,Rahul Joshi,48,2,7,2,2
3402,3402,Deepak Reddy,49,3,1,3,1
3403,3403,Aisha Bhat,50,4,2,4,2
3404,3404,Siddharth Singh,51,5,3,5,1
3405,3405,Meena Sharma,52,6,4,1,2
3406,3406,Kavita Joshi,53,7,5,2,1
3407,3407,Sanjay Reddy,54,8,6,3,2
3408,3408,Rajesh Bhat,55,1,7,4,1
3409,3409,Anita Singh,56,2,1,5,2
3410,3410,Priya Sharma,57,3,2,1,1
3411,3411,Rahul Joshi,58,4,3,2,2
3412,3412,Deepak Reddy,59,5,4,3,1
3413,3413,Aisha Bhat,60,6,5,4,2
3414,3414,Siddharth Singh,61,7,6,5,1
3415,3415,Meena Sharma,62,8,7,1,2
3416,3416,Kavita Joshi,63,1,1,2,1
3417,3417,Sanjay Reddy,64,2,2,3,2
3418,3418,Rajesh Bhat,65,3,3,4,1
3419,3419,Anita Singh,66,4,4,5,2
3420,3420,Priya Sharma,22,5,5,1,1
3421,3421,Rahul Joshi,23,6,6,2,2
3422,3422,Deepak Reddy,24,7,7,3,1
3423,3423,Aisha Bhat,25,8,1,4,2
3424,3424,Siddharth Singh,26,1,2,5,1
3425,3425,Meena Sharma,27,2,3,1,2
3426,3426,Kavita Joshi,28,3,4,2,1
3427,3427,Sanjay Reddy,29,4,5,3,2
3428,3428,Rajesh Bhat,30,5,6,4,1
3429,3429,Anita Singh,31,6,7,5,2
3430,3430,Priya Sharma,32,7,1,1,1
3431,3431,Rahul Joshi,33,8,2,2,2
3432,3432,Deepak Reddy,34,1,3,3,1
3433,3433,Aisha Bhat,35,2,4,4,2
3434,3434,Siddharth Singh,36,3,5,5,1
3435,3435,Meena Sharma,37,4,6,1,2
3436,3436,Kavita Joshi,38,5,7,2,1
3437,3437,Sanjay Reddy,39,6,1,3,2
3438,3438,Rajesh Bhat,40,7,2,4,1
3439,3439,Anita Singh,41,8,3,5,2
3440,3440,Priya Sharma,42,1,4,1,1
3441,3441,Rahul Joshi,43,2,5,2,2
3442,3442,Deepak Reddy,44,3,6,3,1
3443,3443,Aisha Bhat,45,4,7,4,2
3444,3444,Siddharth Singh,46,5,1,5,1
3445,3445,Meena Sharma,47,6,2,1,2
3446,3446,Kavita Joshi,48,7,3,2,1
3447,3447,Sanjay Reddy,49,8,4,3,2
3448,3448,Rajesh Bhat,50,1,5,4,1
3449,3449,Anita Singh,51,2,6,5,2
3450,3450,Priya Sharma,52,3,7,1,1
3451,3451,Rahul Joshi,53,4,1,2,2
3452,3452,Deepak Reddy,54,5,2,3,1
3453,3453,Aisha Bhat,55,6,3,4,2
3454,3454,Siddharth Singh,56,7,4,5,1
3455,3455,Meena Sharma,57,8,5,1,2
3456,3456,Kavita Joshi,58,1,6,2,1
3457,3457,Sanjay Reddy,59,2,7,3,2
3458,3458,Rajesh Bhat,60,3,1,4,1
3459,3459,Anita Singh,61,4,2,5,2
3460,3460,Priya Sharma,62,5,3,1,1
3461,3461,Rahul Joshi,63,6,4,2,2
3462,3462,Deepak Reddy,64,7,5,3,1
3463,3463,Aisha Bhat,65,8,6,4,2
3464,3464,Siddharth Singh,66,1,7,5,1
3465,3465,Meena Sharma,22,2,1,1,2
3466,3466,Kavita Joshi,23,3,2,2,1
3467,3467,Sanjay Reddy,24,4,3,3,2
3468,3468,Rajesh Bhat,25,5,4,4,1
3469,3469,Anita Singh,26,6,5,5,2
3470,3470,Priya Sharma,27,7,6,1,1
3471,3471,Rahul Joshi,28,8,7,2,2
3472,3472,Deepak Reddy,29,1,1,3,1
3473,3473,Aisha Bhat,30,2,2,4,2
3474,3474,Siddharth Singh,31,3,3,5,1
3475,3475,Meena Sharma,32,4,4,1,2
3476,3476,Kavita Joshi,33,5,5,2,1
3477,3477,Sanjay Reddy,34,6,6,3,2
3478,3478,Rajesh Bhat,35,7,7,4,1
3479,3479,Anita Singh,36,8,1,5,2
3480,3480,Priya Sharma,37,1,2,1,1
3481,3481,Rahul Joshi,38,2,3,2,2
3482,3482,Deepak Reddy,39,3,4,3,1
3483,3483,Aisha Bhat,40,4,5,4,2
3484,3484,Siddharth Singh,41,5,6,5,1
3485,3485,Meena Sharma,42,6,7,1,2
3486,3486,Kavita Joshi,43,7,1,2,1
3487,3487,Sanjay Reddy,44,8,2,3,2
3488,3488,Rajesh Bhat,45,1,3,4,1
3489,3489,Anita Singh,46,2,4,5,2
3490,3490,Priya Sharma,47,3,5,1,1
3491,3491,Rahul Joshi,48,4,6,2,2
3492,3492,Deepak Reddy,49,5,7,3,1
3493,3493,Aisha Bhat,50,6,1,4,2
3494,3494,Siddharth Singh,51,7,2,5,1
3495,3495,Meena Sharma,52,8,3,1,2
3496,3496,Kavita Joshi,53,1,4,2,1
3497,3497,Sanjay Reddy,54,2,5,3,2
3498,3498,Rajesh Bhat,55,3,6,4,1
3499,3499,Anita Singh,56,4,7,5,2
3500,3500,Priya Sharma,57,5,1,1,1
3501,3501,Rahul Joshi,58,6,2,2,2
3502,3502,Deepak Reddy,59,7,3,3,1
3503,3503,Aisha Bhat,60,8,4,4,2
3504,3504,Siddharth Singh,61,1,5,5,1
3505,3505,Meena Sharma,62,2,6,1,2
3506,3506,Kavita Joshi,63,3,7,2,1
3507,3507,Sanjay Reddy,64,4,1,3,2
3508,3508,Rajesh Bhat,65,5,2,4,1
3509,3509,Anita Singh,66,6,3,5,2
3510,3510,Priya Sharma,22,7,4,1,1
3511,3511,Rahul Joshi,23,8,5,2,2
3512,3512,Deepak Reddy,24,1,6,3,1
3513,3513,Aisha Bhat,25,2,7,4,2
3514,3514,Siddharth Singh,26,3,1,5,1
3515,3515,Meena Sharma,27,4,2,1,2
3516,3516,Kavita Joshi,28,5,3,2,1
3517,3517,Sanjay Reddy,29,6,4,3,2
3518,3518,Rajesh Bhat,30,7,5,4,1
3519,3519,Anita Singh,31,8,6,5,2
3520,3520,Priya Sharma,32,1,7,1,1
3521,3521,Rahul Joshi,33,2,1,2,2
3522,3522,Deepak Reddy,34,3,2,3,1
3523,3523,Aisha Bhat,35,4,3,4,2
3524,3524,Siddharth Singh,36,5,4,5,1
3525,3525,Meena Sharma,37,6,5,1,2
3526,3526,Kavita Joshi,38,7,6,2,1
3527,3527,Sanjay Reddy,39,8,7,3,2
3528,3528,Rajesh Bhat,40,1,1,4,1
3529,3529,Anita Singh,41,2,2,5,2
3530,3530,Priya Sharma,42,3,3,1,1
3531,3531,Rahul Joshi,43,4,4,2,2
3532,3532,Deepak Reddy,44,5,5,3,1
3533,3533,Aisha Bhat,45,6,6,4,2
3534,3534,Siddharth Singh,46,7,7,5,1
3535,3535,Meena Sharma,47,8,1,1,2
3536,3536,Kavita Joshi,48,1,2,2,1
3537,3537,Sanjay Reddy,49,2,3,3,2
3538,3538,Rajesh Bhat,50,3,4,4,1
3539,3539,Anita Singh,51,4,5,5,2
3540,3540,Priya Sharma,52,5,6,1,1
3541,3541,Rahul Joshi,53,6,7,2,2
3542,3542,Deepak Reddy,54,7,1,3,1
3543,3543,Aisha Bhat,55,8,2,4,2
3544,3544,Siddharth Singh,56,1,3,5,1
3545,3545,Meena Sharma,57,2,4,1,2
3546,3546,Kavita Joshi,58,3,5,2,1
3547,3547,Sanjay Reddy,59,4,6,3,2
3548,3548,Rajesh Bhat,60,5,7,4,1
3549,3549,Anita Singh,61,6,1,5,2
3550,3550,Priya Sharma,62,7,2,1,1
3551,3551,Rahul Joshi,63,8,3,2,2
3552,3552,Deepak Reddy,64,1,4,3,1
3553,3553,Aisha Bhat,65,2,5,4,2
3554,3554,Siddharth Singh,66,3,6,5,1
3555,3555,Meena Sharma,22,4,7,1,2
3556,3556,Kavita Joshi,23,5,1,2,1
3557,3557,Sanjay Reddy,24,6,2,3,2
3558,3558,Rajesh Bhat,25,7,3,4,1
3559,3559,Anita Singh,26,8,4,5,2
3560,3560,Priya Sharma,27,1,5,1,1
3561,3561,Rahul Joshi,28,2,6,2,2
3562,3562,Deepak Reddy,29,3,7,3,1
3563,3563,Aisha Bhat,30,4,1,4,2
3564,3564,Siddharth Singh,31,5,2,5,1
3565,3565,Meena Sharma,32,6,3,1,2
3566,3566,Kavita Joshi,33,7,4,2,1
3567,3567,Sanjay Reddy,34,8,5,3,2
3568,3568,Rajesh Bhat,35,1,6,4,1
3569,3569,Anita Singh,36,2,7,5,2
3570,3570,Priya Sharma,37,3,1,1,1
3571,3571,Rahul Joshi,38,4,2,2,2
3572,3572,Deepak Reddy,39,5,3,3,1
3573,3573,Aisha Bhat,40,6,4,4,2
3574,3574,Siddharth Singh,41,7,5,5,1
3575,3575,Meena Sharma,42,8,6,1,2
3576,3576,Kavita Joshi,43,1,7,2,1
3577,3577,Sanjay Reddy,44,2,1,3,2
3578,3578,Rajesh Bhat,45,3,2,4,1
3579,3579,Anita Singh,46,4,3,5,2
3580,3580,Priya Sharma,47,5,4,1,1
3581,3581,Rahul Joshi,48,6,5,2,2
3582,3582,Deepak Reddy,49,7,6,3,1
3583,3583,Aisha Bhat,50,8,7,4,2
3584,3584,Siddharth Singh,51,1,1,5,1
3585,3585,Meena Sharma,52,2,2,1,2
3586,3586,Kavita Joshi,53,3,3,2,1
3587,3587,Sanjay Reddy,54,4,4,3,2
3588,3588,Rajesh Bhat,55,5,5,4,1
3589,3589,Anita Singh,56,6,6,5,2
3590,3590,Priya Sharma,57,7,7,1,1
3591,3591,Rahul Joshi,58,8,1,2,2
3592,3592,Deepak Reddy,59,1,2,3,1
3593,3593,Aisha Bhat,60,2,3,4,2
3594,3594,Siddharth Singh,61,3,4,5,1
3595,3595,Meena Sharma,62,4,5,1,2
3596,3596,Kavita Joshi,63,5,6,2,1
3597,3597,Sanjay Reddy,64,6,7,3,2
3598,3598,Rajesh Bhat,65,7,1,4,1
3599,3599,Anita Singh,66,8,2,5,2
3600,3600,Priya Sharma,22,1,3,1,1
3601,3601,Rahul Joshi,23,2,4,2,2
3602,3602,Deepak Reddy,24,3,5,3,1
3603,3603,Aisha Bhat,25,4,6,4,2
3604,3604,Siddharth Singh,26,5,7,5,1
3605,3605,Meena Sharma,27,6,1,1,2
3606,3606,Kavita Joshi,28,7,2,2,1
3607,3607,Sanjay Reddy,29,8,3,3,2
3608,3608,Rajesh Bhat,30,1,4,4,1
3609,3609,Anita Singh,31,2,5,5,2
3610,3610,Priya Sharma,32,3,6,1,1
3611,3611,Rahul Joshi,33,4,7,2,2
3612,3612,Deepak Reddy,34,5,1,3,1
3613,3613,Aisha Bhat,35,6,2,4,2
3614,3614,Siddharth Singh,36,7,3,5,1
3615,3615,Meena Sharma,37,8,4,1,2
3616,3616,Kavita Joshi,38,1,5,2,1
3617,3617,Sanjay Reddy,39,2,6,3,2
3618,3618,Rajesh Bhat,40,3,7,4,1
3619,3619,Anita Singh,41,4,1,5,2
3620,3620,Priya Sharma,42,5,2,1,1
3621,3621,Rahul Joshi,43,6,3,2,2
3622,3622,Deepak Reddy,44,7,4,3,1
3623,3623,Aisha Bhat,45,8,5,4,2
3624,3624,Siddharth Singh,46,1,6,5,1
3625,3625,Meena Sharma,47,2,7,1,2
3626,3626,Kavita Joshi,48,3,1,2,1
3627,3627,Sanjay Reddy,49,4,2,3,2
3628,3628,Rajesh Bhat,50,5,3,4,1
3629,3629,Anita Singh,51,6,4,5,2
3630,3630,Priya Sharma,52,7,5,1,1
3631,3631,Rahul Joshi,53,8,6,2,2
3632,3632,Deepak Reddy,54,1,7,3,1
3633,3633,Aisha Bhat,55,2,1,4,2
3634,3634,Siddharth Singh,56,3,2,5,1
3635,3635,Meena Sharma,57,4,3,1,2
3636,3636,Kavita Joshi,58,5,4,2,1
3637,3637,Sanjay Reddy,59,6,5,3,2
3638,3638,Rajesh Bhat,60,7,6,4,1
3639,3639,Anita Singh,61,8,7,5,2
3640,3640,Priya Sharma,62,1,1,1,1
3641,3641,Rahul Joshi,63,2,2,2,2
3642,3642,Deepak Reddy,64,3,3,3,1
3643,3643,Aisha Bhat,65,4,4,4,2
3644,3644,Siddharth Singh,66,5,5,5,1
3645,3645,Meena Sharma,22,6,6,1,2
3646,3646,Kavita Joshi,23,7,7,2,1
3647,3647,Sanjay Reddy,24,8,1,3,2
3648,3648,Rajesh Bhat,25,1,2,4,1
3649,3649,Anita Singh,26,2,3,5,2
3650,3650,Priya Sharma,27,3,4,1,1
3651,3651,Rahul Joshi,28,4,5,2,2
3652,3652,Deepak Reddy,29,5,6,3,1
3653,3653,Aisha Bhat,30,6,7,4,2
3654,3654,Siddharth Singh,31,7,1,5,1
3655,3655,Meena Sharma,32,8,2,1,2
3656,3656,Kavita Joshi,33,1,3,2,1
3657,3657,Sanjay Reddy,34,2,4,3,2
3658,3658,Rajesh Bhat,35,3,5,4,1
3659,3659,Anita Singh,36,4,6,5,2
3660,3660,Priya Sharma,37,5,7,1,1
3661,3661,Rahul Joshi,38,6,1,2,2
3662,3662,Deepak Reddy,39,7,2,3,1
3663,3663,Aisha Bhat,40,8,3,4,2
3664,3664,Siddharth Singh,41,1,4,5,1
3665,3665,Meena Sharma,42,2,5,1,2
3666,3666,Kavita Joshi,43,3,6,2,1
3667,3667,Sanjay Reddy,44,4,7,3,2
3668,3668,Rajesh Bhat,45,5,1,4,1
3669,3669,Anita Singh,46,6,2,5,2
3670,3670,Priya Sharma,47,7,3,1,1
3671,3671,Rahul Joshi,48,8,4,2,2
3672,3672,Deepak Reddy,49,1,5,3,1
3673,3673,Aisha Bhat,50,2,6,4,2
3674,3674,Siddharth Singh,51,3,7,5,1
3675,3675,Meena Sharma,52,4,1,1,2
3676,3676,Kavita Joshi,53,5,2,2,1
3677,3677,Sanjay Reddy,54,6,3,3,2
3678,3678,Rajesh Bhat,55,7,4,4,1
3679,3679,Anita Singh,56,8,5,5,2
3680,3680,Priya Sharma,57,1,6,1,1
3681,3681,Rahul Joshi,58,2,7,2,2
3682,3682,Deepak Reddy,59,3,1,3,1
3683,3683,Aisha Bhat,60,4,2,4,2
3684,3684,Siddharth Singh,61,5,3,5,1
3685,3685,Meena Sharma,62,6,4,1,2
3686,3686,Kavita Joshi,63,7,5,2,1
3687,3687,Sanjay Reddy,64,8,6,3,2
3688,3688,Rajesh Bhat,65,1,7,4,1
3689,3689,Anita Singh,66,2,1,5,2
3690,3690,Priya Sharma,22,3,2,1,1
3691,3691,Rahul Joshi,23,4,3,2,2
3692,3692,Deepak Reddy,24,5,4,3,1
3693,3693,Aisha Bhat,25,6,5,4,2
3694,3694,Siddharth Singh,26,7,6,5,1
3695,3695,Meena Sharma,27,8,7,1,2
3696,3696,Kavita Joshi,28,1,1,2,1
3697,3697,Sanjay Reddy,29,2,2,3,2
3698,3698,Rajesh Bhat,30,3,3,4,1
3699,3699,Anita Singh,31,4,4,5,2
3700,3700,Priya Sharma,32,5,5,1,1
3701,3701,Rahul Joshi,33,6,6,2,2
3702,3702,Deepak Reddy,34,7,7,3,1
3703,3703,Aisha Bhat,35,8,1,4,2
3704,3704,Siddharth Singh,36,1,2,5,1
3705,3705,Meena Sharma,37,2,3,1,2
3706,3706,Kavita Joshi,38,3,4,2,1
3707,3707,Sanjay Reddy,39,4,5,3,2
3708,3708,Rajesh Bhat,40,5,6,4,1
3709,3709,Anita Singh,41,6,7,5,2
3710,3710,Priya Sharma,42,7,1,1,1
3711,3711,Rahul Joshi,43,8,2,2,2
3712,3712,Deepak Reddy,44,1,3,3,1
3713,3713,Aisha Bhat,45,2,4,4,2
3714,3714,Siddharth Singh,46,3,5,5,1
3715,3715,Meena Sharma,47,4,6,1,2
3716,3716,Kavita Joshi,48,5,7,2,1
3717,3717,Sanjay Reddy,49,6,1,3,2
3718,3718,Rajesh Bhat,50,7,2,4,1
3719,3719,Anita Singh,51,8,3,5,2
3720,3720,Priya Sharma,52,1,4,1,1
3721,3721,Rahul Joshi,53,2,5,2,2
3722,3722,Deepak Reddy,54,3,6,3,1
3723,3723,Aisha Bhat,55,4,7,4,2
3724,3724,Siddharth Singh,56,5,1,5,1
3725,3725,Meena Sharma,57,6,2,1,2
3726,3726,Kavita Joshi,58,7,3,2,1
3727,3727,Sanjay Reddy,59,8,4,3,2
3728,3728,Rajesh Bhat,60,1,5,4,1
3729,3729,Anita Singh,61,2,6,5,2
3730,3730,Priya Sharma,62,3,7,1,1
3731,3731,Rahul Joshi,63,4,1,2,2
3732,3732,Deepak Reddy,64,5,2,3,1
3733,3733,Aisha Bhat,65,6,3,4,2
3734,3734,Siddharth Singh,66,7,4,5,1
3735,3735,Meena Sharma,22,8,5,1,2
3736,3736,Kavita Joshi,23,1,6,2,1
3737,3737,Sanjay Reddy,24,2,7,3,2
3738,3738,Rajesh Bhat,25,3,1,4,1
3739,3739,Anita Singh,26,4,2,5,2
3740,3740,Priya Sharma,27,5,3,1,1
3741,3741,Rahul Joshi,28,6,4,2,2
3742,3742,Deepak Reddy,29,7,5,3,1
3743,3743,Aisha Bhat,30,8,6,4,2
3744,3744,Siddharth Singh,31,1,7,5,1
3745,3745,Meena Sharma,32,2,1,1,2
3746,3746,Kavita Joshi,33,3,2,2,1
3747,3747,Sanjay Reddy,34,4,3,3,2
3748,3748,Rajesh Bhat,35,5,4,4,1
3749,3749,Anita Singh,36,6,5,5,2
3750,3750,Priya Sharma,37,7,6,1,1
3751,3751,Rahul Joshi,38,8,7,2,2
3752,3752,Deepak Reddy,39,1,1,3,1
3753,3753,Aisha Bhat,40,2,2,4,2
3754,3754,Siddharth Singh,41,3,3,5,1
3755,3755,Meena Sharma,42,4,4,1,2
3756,3756,Kavita Joshi,43,5,5,2,1
3757,3757,Sanjay Reddy,44,6,6,3,2
3758,3758,Rajesh Bhat,45,7,7,4,1
3759,3759,Anita Singh,46,8,1,5,2
3760,3760,Priya Sharma,47,1,2,1,1
3761,3761,Rahul Joshi,48,2,3,2,2
3762,3762,Deepak Reddy,49,3,4,3,1
3763,3763,Aisha Bhat,50,4,5,4,2
3764,3764,Siddharth Singh,51,5,6,5,1
3765,3765,Meena Sharma,52,6,7,1,2
3766,3766,Kavita Joshi,53,7,1,2,1
3767,3767,Sanjay Reddy,54,8,2,3,2
3768,3768,Rajesh Bhat,55,1,3,4,1
3769,3769,Anita Singh,56,2,4,5,2
3770,3770,Priya Sharma,57,3,5,1,1
3771,3771,Rahul Joshi,58,4,6,2,2
3772,3772,Deepak Reddy,59,5,7,3,1
3773,3773,Aisha Bhat,60,6,1,4,2
3774,3774,Siddharth Singh,61,7,2,5,1
3775,3775,Meena Sharma,62,8,3,1,2
3776,3776,Kavita Joshi,63,1,4,2,1
3777,3777,Sanjay Reddy,64,2,5,3,2
3778,3778,Rajesh Bhat,65,3,6,4,1
3779,3779,Anita Singh,66,4,7,5,2
3780,3780,Priya Sharma,22,5,1,1,1
3781,3781,Rahul Joshi,23,6,2,2,2
3782,3782,Deepak Reddy,24,7,3,3,1
3783,3783,Aisha Bhat,25,8,4,4,2
3784,3784,Siddharth Singh,26,1,5,5,1
3785,3785,Meena Sharma,27,2,6,1,2
3786,3786,Kavita Joshi,28,3,7,2,1
3787,3787,Sanjay Reddy,29,4,1,3,2
3788,3788,Rajesh Bhat,30,5,2,4,1
3789,3789,Anita Singh,31,6,3,5,2
3790,3790,Priya Sharma,32,7,4,1,1
3791,3791,Rahul Joshi,33,8,5,2,2
3792,3792,Deepak Reddy,34,1,6,3,1
3793,3793,Aisha Bhat,35,2,7,4,2
3794,3794,Siddharth Singh,36,3,1,5,1
3795,3795,Meena Sharma,37,4,2,1,2
3796,3796,Kavita Joshi,38,5,3,2,1
3797,3797,Sanjay Reddy,39,6,4,3,2
3798,3798,Rajesh Bhat,40,7,5,4,1
3799,3799,Anita Singh,41,8,6,5,2
3800,3800,Priya Sharma,42,1,7,1,1
3801,3801,Rahul Joshi,43,2,1,2,2
3802,3802,Deepak Reddy,44,3,2,3,1
3803,3803,Aisha Bhat,45,4,3,4,2
3804,3804,Siddharth Singh,46,5,4,5,1
3805,3805,Meena Sharma,47,6,5,1,2
3806,3806,Kavita Joshi,48,7,6,2,1
3807,3807,Sanjay Reddy,49,8,7,3,2
3808,3808,Rajesh Bhat,50,1,1,4,1
3809,3809,Anita Singh,51,2,2,5,2
3810,3810,Priya Sharma,52,3,3,1,1
3811,3811,Rahul Joshi,53,4,4,2,2
3812,3812,Deepak Reddy,54,5,5,3,1
3813,3813,Aisha Bhat,55,6,6,4,2
3814,3814,Siddharth Singh,56,7,7,5,1
3815,3815,Meena Sharma,57,8,1,1,2
3816,3816,Kavita Joshi,58,1,2,2,1
3817,3817,Sanjay Reddy,59,2,3,3,2
3818,3818,Rajesh Bhat,60,3,4,4,1
3819,3819,Anita Singh,61,4,5,5,2
3820,3820,Priya Sharma,62,5,6,1,1
3821,3821,Rahul Joshi,63,6,7,2,2
3822,3822,Deepak Reddy,64,7,1,3,1
3823,3823,Aisha Bhat,65,8,2,4,2
3824,3824,Siddharth Singh,66,1,3,5,1
3825,3825,Meena Sharma,22,2,4,1,2
3826,3826,Kavita Joshi,23,3,5,2,1
3827,3827,Sanjay Reddy,24,4,6,3,2
3828,3828,Rajesh Bhat,25,5,7,4,1
3829,3829,Anita Singh,26,6,1,5,2
3830,3830,Priya Sharma,27,7,2,1,1
3831,3831,Rahul Joshi,28,8,3,2,2
3832,3832,Deepak Reddy,29,1,4,3,1
3833,3833,Aisha Bhat,30,2,5,4,2
3834,3834,Siddharth Singh,31,3,6,5,1
3835,3835,Meena Sharma,32,4,7,1,2
3836,3836,Kavita Joshi,33,5,1,2,1
3837,3837,Sanjay Reddy,34,6,2,3,2
3838,3838,Rajesh Bhat,35,7,3,4,1
3839,3839,Anita Singh,36,8,4,5,2
3840,3840,Priya Sharma,37,1,5,1,1
3841,3841,Rahul Joshi,38,2,6,2,2
3842,3842,Deepak Reddy,39,3,7,3,1
3843,3843,Aisha Bhat,40,4,1,4,2
3844,3844,Siddharth Singh,41,5,2,5,1
3845,3845,Meena Sharma,42,6,3,1,2
3846,3846,Kavita Joshi,43,7,4,2,1
3847,3847,Sanjay Reddy,44,8,5,3,2
3848,3848,Rajesh Bhat,45,1,6,4,1
3849,3849,Anita Singh,46,2,7,5,2
3850,3850,Priya Sharma,47,3,1,1,1
3851,3851,Rahul Joshi,48,4,2,2,2
3852,3852,Deepak Reddy,49,5,3,3,1
3853,3853,Aisha Bhat,50,6,4,4,2
3854,3854,Siddharth Singh,51,7,5,5,1
3855,3855,Meena Sharma,52,8,6,1,2
3856,3856,Kavita Joshi,53,1,7,2,1
3857,3857,Sanjay Reddy,54,2,1,3,2
3858,3858,Rajesh Bhat,55,3,2,4,1
3859,3859,Anita Singh,56,4,3,5,2
3860,3860,Priya Sharma,57,5,4,1,1
3861,3861,Rahul Joshi,58,6,5,2,2
3862,3862,Deepak Reddy,59,7,6,3,1
3863,3863,Aisha Bhat,60,8,7,4,2
3864,3864,Siddharth Singh,61,1,1,5,1
3865,3865,Meena Sharma,62,2,2,1,2
3866,3866,Kavita Joshi,63,3,3,2,1
3867,3867,Sanjay Reddy,64,4,4,3,2
3868,3868,Rajesh Bhat,65,5,5,4,1
3869,3869,Anita Singh,66,6,6,5,2
3870,3870,Priya Sharma,22,7,7,1,1
3871,3871,Rahul Joshi,23,8,1,2,2
3872,3872,Deepak Reddy,24,1,2,3,1
3873,3873,Aisha Bhat,25,2,3,4,2
3874,3874,Siddharth Singh,26,3,4,5,1
3875,3875,Meena Sharma,27,4,5,1,2
3876,3876,Kavita Joshi,28,5,6,2,1
3877,3877,Sanjay Reddy,29,6,7,3,2
3878,3878,Rajesh Bhat,30,7,1,4,1
3879,3879,Anita Singh,31,8,2,5,2
3880,3880,Priya Sharma,32,1,3,1,1
3881,3881,Rahul Joshi,33,2,4,2,2
3882,3882,Deepak Reddy,34,3,5,3,1
3883,3883,Aisha Bhat,35,4,6,4,2
3884,3884,Siddharth Singh,36,5,7,5,1
3885,3885,Meena Sharma,37,6,1,1,2
3886,3886,Kavita Joshi,38,7,2,2,1
3887,3887,Sanjay Reddy,39,8,3,3,2
3888,3888,Rajesh Bhat,40,1,4,4,1
3889,3889,Anita Singh,41,2,5,5,2
3890,3890,Priya Sharma,42,3,6,1,1
3891,3891,Rahul Joshi,43,4,7,2,2
3892,3892,Deepak Reddy,44,5,1,3,1
3893,3893,Aisha Bhat,45,6,2,4,2
3894,3894,Siddharth Singh,46,7,3,5,1
3895,3895,Meena Sharma,47,8,4,1,2
3896,3896,Kavita Joshi,48,1,5,2,1
3897,3897,Sanjay Reddy,49,2,6,3,2
3898,3898,Rajesh Bhat,50,3,7,4,1
3899,3899,Anita Singh,51,4,1,5,2
3900,3900,Priya Sharma,52,5,2,1,1
3901,3901,Rahul Joshi,53,6,3,2,2
3902,3902,Deepak Reddy,54,7,4,3,1
3903,3903,Aisha Bhat,55,8,5,4,2
3904,3904,Siddharth Singh,56,1,6,5,1
3905,3905,Meena Sharma,57,2,7,1,2
3906,3906,Kavita Joshi,58,3,1,2,1
3907,3907,Sanjay Reddy,59,4,2,3,2
3908,3908,Rajesh Bhat,60,5,3,4,1
3909,3909,Anita Singh,61,6,4,5,2
3910,3910,Priya Sharma,62,7,5,1,1
3911,3911,Rahul Joshi,63,8,6,2,2
3912,3912,Deepak Reddy,64,1,7,3,1
3913,3913,Aisha Bhat,65,2,1,4,2
3914,3914,Siddharth Singh,66,3,2,5,1
3915,3915,Meena Sharma,22,4,3,1,2
3916,3916,Kavita Joshi,23,5,4,2,1
3917,3917,Sanjay Reddy,24,6,5,3,2
3918,3918,Rajesh Bhat,25,7,6,4,1
3919,3919,Anita Singh,26,8,7,5,2
3920,3920,Priya Sharma,27,1,1,1,1
3921,3921,Rahul Joshi,28,2,2,2,2
3922,3922,Deepak Reddy,29,3,3,3,1
3923,3923,Aisha Bhat,30,4,4,4,2
3924,3924,Siddharth Singh,31,5,5,5,1
3925,3925,Meena Sharma,32,6,6,1,2
3926,3926,Kavita Joshi,33,7,7,2,1
3927,3927,Sanjay Reddy,34,8,1,3,2
3928,3928,Rajesh Bhat,35,1,2,4,1
3929,3929,Anita Singh,36,2,3,5,2
3930,3930,Priya Sharma,37,3,4,1,1
3931,3931,Rahul Joshi,38,4,5,2,2
3932,3932,Deepak Reddy,39,5,6,3,1
3933,3933,Aisha Bhat,40,6,7,4,2
3934,3934,Siddharth Singh,41,7,1,5,1
3935,3935,Meena Sharma,42,8,2,1,2
3936,3936,Kavita Joshi,43,1,3,2,1
3937,3937,Sanjay Reddy,44,2,4,3,2
3938,3938,Rajesh Bhat,45,3,5,4,1
3939,3939,Anita Singh,46,4,6,5,2
3940,3940,Priya Sharma,47,5,7,1,1
3941,3941,Rahul Joshi,48,6,1,2,2
3942,3942,Deepak Reddy,49,7,2,3,1
3943,3943,Aisha Bhat,50,8,3,4,2
3944,3944,Siddharth Singh,51,1,4,5,1
3945,3945,Meena Sharma,52,2,5,1,2
3946,3946,Kavita Joshi,53,3,6,2,1
3947,3947,Sanjay Reddy,54,4,7,3,2
3948,3948,Rajesh Bhat,55,5,1,4,1
3949,3949,Anita Singh,56,6,2,5,2
3950,3950,Priya Sharma,57,7,3,1,1
3951,3951,Rahul Joshi,58,8,4,2,2
3952,3952,Deepak Reddy,59,1,5,3,1
3953,3953,Aisha Bhat,60,2,6,4,2
3954,3954,Siddharth Singh,61,3,7,5,1
3955,3955,Meena Sharma,62,4,1,1,2
3956,3956,Kavita Joshi,63,5,2,2,1
3957,3957,Sanjay Reddy,64,6,3,3,2
3958,3958,Rajesh Bhat,65,7,4,4,1
3959,3959,Anita Singh,66,8,5,5,2
3960,3960,Priya Sharma,22,1,6,1,1
3961,3961,Rahul Joshi,23,2,7,2,2
3962,3962,Deepak Reddy,24,3,1,3,1
3963,3963,Aisha Bhat,25,4,2,4,2
3964,3964,Siddharth Singh,26,5,3,5,1
3965,3965,Meena Sharma,27,6,4,1,2
3966,3966,Kavita Joshi,28,7,5,2,1
3967,3967,Sanjay Reddy,29,8,6,3,2
3968,3968,Rajesh Bhat,30,1,7,4,1
3969,3969,Anita Singh,31,2,1,5,2
3970,3970,Priya Sharma,32,3,2,1,1
3971,3971,Rahul Joshi,33,4,3,2,2
3972,3972,Deepak Reddy,34,5,4,3,1
3973,3973,Aisha Bhat,35,6,5,4,2
3974,3974,Siddharth Singh,36,7,6,5,1
3975,3975,Meena Sharma,37,8,7,1,2
3976,3976,Kavita Joshi,38,1,1,2,1
3977,3977,Sanjay Reddy,39,2,2,3,2
3978,3978,Rajesh Bhat,40,3,3,4,1
3979,3979,Anita Singh,41,4,4,5,2
3980,3980,Priya Sharma,42,5,5,1,1
3981,3981,Rahul Joshi,43,6,6,2,2
3982,3982,Deepak Reddy,44,7,7,3,1
3983,3983,Aisha Bhat,45,8,1,4,2
3984,3984,Siddharth Singh,46,1,2,5,1
3985,3985,Meena Sharma,47,2,3,1,2
3986,3986,Kavita Joshi,48,3,4,2,1
3987,3987,Sanjay Reddy,49,4,5,3,2
3988,3988,Rajesh Bhat,50,5,6,4,1
3989,3989,Anita Singh,51,6,7,5,2
3990,3990,Priya Sharma,52,7,1,1,1
3991,3991,Rahul Joshi,53,8,2,2,2
3992,3992,Deepak Reddy,54,1,3,3,1
3993,3993,Aisha Bhat,55,2,4,4,2
3994,3994,Siddharth Singh,56,3,5,5,1
3995,3995,Meena Sharma,57,4,6,1,2
3996,3996,Kavita Joshi,58,5,7,2,1
3997,3997,Sanjay Reddy,59,6,1,3,2
