VictimMasterID,CaseMasterID,VictimName,AgeYear,GenderID,VictimPolice
1,1,Siddharth Nair,19,1,False
2,2,Meena Bhat,20,2,False
3,3,Kavita Das,21,1,False
4,4,Sanjay Joshi,22,2,False
5,5,Rajesh Chavan,23,1,False
6,6,Anita Singh,24,2,False
7,7,Priya Verma,25,1,False
8,8,Rahul Reddy,26,2,False
9,9,Deepak Menon,27,1,False
10,10,Aisha Sharma,28,2,False
11,11,Siddharth Nair,29,1,False
12,12,Meena Bhat,30,2,False
13,13,Kavita Das,31,1,False
14,14,Sanjay Joshi,32,2,False
15,15,Rajesh Chavan,33,1,False
16,16,Anita Singh,34,2,False
17,17,Priya Verma,35,1,False
18,18,Rahul Reddy,36,2,False
19,19,Deepak Menon,37,1,False
20,20,Aisha Sharma,38,2,False
21,21,Siddharth Nair,39,1,False
22,22,Meena Bhat,40,2,False
23,23,Kavita Das,41,1,False
24,24,Sanjay Joshi,42,2,False
25,25,Rajesh Chavan,43,1,False
26,26,Anita Singh,44,2,False
27,27,Priya Verma,45,1,False
28,28,Rahul Reddy,46,2,False
29,29,Deepak Menon,47,1,False
30,30,Aisha Sharma,48,2,False
31,31,Siddharth Nair,49,1,False
32,32,Meena Bhat,50,2,False
33,33,Kavita Das,51,1,False
34,34,Sanjay Joshi,52,2,False
35,35,Rajesh Chavan,53,1,False
36,36,Anita Singh,54,2,False
37,37,Priya Verma,55,1,False
38,38,Rahul Reddy,56,2,False
39,39,Deepak Menon,57,1,False
40,40,Aisha Sharma,58,2,False
41,41,Siddharth Nair,59,1,False
42,42,Meena Bhat,60,2,False
43,43,Kavita Das,61,1,False
44,44,Sanjay Joshi,62,2,False
45,45,Rajesh Chavan,63,1,False
46,46,Anita Singh,64,2,False
47,47,Priya Verma,65,1,False
48,48,Rahul Reddy,66,2,False
49,49,Deepak Menon,67,1,False
50,50,Aisha Sharma,18,2,False
51,51,Siddharth Nair,19,1,False
52,52,Meena Bhat,20,2,False
53,53,Kavita Das,21,1,False
54,54,Sanjay Joshi,22,2,False
55,55,Rajesh Chavan,23,1,False
56,56,Anita Singh,24,2,False
57,57,Priya Verma,25,1,False
58,58,Rahul Reddy,26,2,False
59,59,Deepak Menon,27,1,False
60,60,Aisha Sharma,28,2,False
61,61,Siddharth Nair,29,1,False
62,62,Meena Bhat,30,2,False
63,63,Kavita Das,31,1,False
64,64,Sanjay Joshi,32,2,False
65,65,Rajesh Chavan,33,1,False
66,66,Anita Singh,34,2,False
67,67,Priya Verma,35,1,False
68,68,Rahul Reddy,36,2,False
69,69,Deepak Menon,37,1,False
70,70,Aisha Sharma,38,2,False
71,71,Siddharth Nair,39,1,False
72,72,Meena Bhat,40,2,False
73,73,Kavita Das,41,1,False
74,74,Sanjay Joshi,42,2,False
75,75,Rajesh Chavan,43,1,False
76,76,Anita Singh,44,2,False
77,77,Priya Verma,45,1,False
78,78,Rahul Reddy,46,2,False
79,79,Deepak Menon,47,1,False
80,80,Aisha Sharma,48,2,False
81,81,Siddharth Nair,49,1,False
82,82,Meena Bhat,50,2,False
83,83,Kavita Das,51,1,False
84,84,Sanjay Joshi,52,2,False
85,85,Rajesh Chavan,53,1,False
86,86,Anita Singh,54,2,False
87,87,Priya Verma,55,1,False
88,88,Rahul Reddy,56,2,False
89,89,Deepak Menon,57,1,False
90,90,Aisha Sharma,58,2,False
91,91,Siddharth Nair,59,1,False
92,92,Meena Bhat,60,2,False
93,93,Kavita Das,61,1,False
94,94,Sanjay Joshi,62,2,False
95,95,Rajesh Chavan,63,1,False
96,96,Anita Singh,64,2,False
97,97,Priya Verma,65,1,False
98,98,Rahul Reddy,66,2,False
99,99,Deepak Menon,67,1,False
100,100,Aisha Sharma,18,2,False
101,101,Siddharth Nair,19,1,False
102,102,Meena Bhat,20,2,False
103,103,Kavita Das,21,1,False
104,104,Sanjay Joshi,22,2,False
105,105,Rajesh Chavan,23,1,False
106,106,Anita Singh,24,2,False
107,107,Priya Verma,25,1,False
108,108,Rahul Reddy,26,2,False
109,109,Deepak Menon,27,1,False
110,110,Aisha Sharma,28,2,False
111,111,Siddharth Nair,29,1,False
112,112,Meena Bhat,30,2,False
113,113,Kavita Das,31,1,False
114,114,Sanjay Joshi,32,2,False
115,115,Rajesh Chavan,33,1,False
116,116,Anita Singh,34,2,False
117,117,Priya Verma,35,1,False
118,118,Rahul Reddy,36,2,False
119,119,Deepak Menon,37,1,False
120,120,Aisha Sharma,38,2,False
121,121,Siddharth Nair,39,1,False
122,122,Meena Bhat,40,2,False
123,123,Kavita Das,41,1,False
124,124,Sanjay Joshi,42,2,False
125,125,Rajesh Chavan,43,1,False
126,126,Anita Singh,44,2,False
127,127,Priya Verma,45,1,False
128,128,Rahul Reddy,46,2,False
129,129,Deepak Menon,47,1,False
130,130,Aisha Sharma,48,2,False
131,131,Siddharth Nair,49,1,False
132,132,Meena Bhat,50,2,False
133,133,Kavita Das,51,1,False
134,134,Sanjay Joshi,52,2,False
135,135,Rajesh Chavan,53,1,False
136,136,Anita Singh,54,2,False
137,137,Priya Verma,55,1,False
138,138,Rahul Reddy,56,2,False
139,139,Deepak Menon,57,1,False
140,140,Aisha Sharma,58,2,False
141,141,Siddharth Nair,59,1,False
142,142,Meena Bhat,60,2,False
143,143,Kavita Das,61,1,False
144,144,Sanjay Joshi,62,2,False
145,145,Rajesh Chavan,63,1,False
146,146,Anita Singh,64,2,False
147,147,Priya Verma,65,1,False
148,148,Rahul Reddy,66,2,False
149,149,Deepak Menon,67,1,False
150,150,Aisha Sharma,18,2,False
151,151,Siddharth Nair,19,1,False
152,152,Meena Bhat,20,2,False
153,153,Kavita Das,21,1,False
154,154,Sanjay Joshi,22,2,False
155,155,Rajesh Chavan,23,1,False
156,156,Anita Singh,24,2,False
157,157,Priya Verma,25,1,False
158,158,Rahul Reddy,26,2,False
159,159,Deepak Menon,27,1,False
160,160,Aisha Sharma,28,2,False
161,161,Siddharth Nair,29,1,False
162,162,Meena Bhat,30,2,False
163,163,Kavita Das,31,1,False
164,164,Sanjay Joshi,32,2,False
165,165,Rajesh Chavan,33,1,False
166,166,Anita Singh,34,2,False
167,167,Priya Verma,35,1,False
168,168,Rahul Reddy,36,2,False
169,169,Deepak Menon,37,1,False
170,170,Aisha Sharma,38,2,False
171,171,Siddharth Nair,39,1,False
172,172,Meena Bhat,40,2,False
173,173,Kavita Das,41,1,False
174,174,Sanjay Joshi,42,2,False
175,175,Rajesh Chavan,43,1,False
176,176,Anita Singh,44,2,False
177,177,Priya Verma,45,1,False
178,178,Rahul Reddy,46,2,False
179,179,Deepak Menon,47,1,False
180,180,Aisha Sharma,48,2,False
181,181,Siddharth Nair,49,1,False
182,182,Meena Bhat,50,2,False
183,183,Kavita Das,51,1,False
184,184,Sanjay Joshi,52,2,False
185,185,Rajesh Chavan,53,1,False
186,186,Anita Singh,54,2,False
187,187,Priya Verma,55,1,False
188,188,Rahul Reddy,56,2,False
189,189,Deepak Menon,57,1,False
190,190,Aisha Sharma,58,2,False
191,191,Siddharth Nair,59,1,False
192,192,Meena Bhat,60,2,False
193,193,Kavita Das,61,1,False
194,194,Sanjay Joshi,62,2,False
195,195,Rajesh Chavan,63,1,False
196,196,Anita Singh,64,2,False
197,197,Priya Verma,65,1,False
198,198,Rahul Reddy,66,2,False
199,199,Deepak Menon,67,1,False
200,200,Aisha Sharma,18,2,False
201,201,Siddharth Nair,19,1,False
202,202,Meena Bhat,20,2,False
203,203,Kavita Das,21,1,False
204,204,Sanjay Joshi,22,2,False
205,205,Rajesh Chavan,23,1,False
206,206,Anita Singh,24,2,False
207,207,Priya Verma,25,1,False
208,208,Rahul Reddy,26,2,False
209,209,Deepak Menon,27,1,False
210,210,Aisha Sharma,28,2,False
211,211,Siddharth Nair,29,1,False
212,212,Meena Bhat,30,2,False
213,213,Kavita Das,31,1,False
214,214,Sanjay Joshi,32,2,False
215,215,Rajesh Chavan,33,1,False
216,216,Anita Singh,34,2,False
217,217,Priya Verma,35,1,False
218,218,Rahul Reddy,36,2,False
219,219,Deepak Menon,37,1,False
220,220,Aisha Sharma,38,2,False
221,221,Siddharth Nair,39,1,False
222,222,Meena Bhat,40,2,False
223,223,Kavita Das,41,1,False
224,224,Sanjay Joshi,42,2,False
225,225,Rajesh Chavan,43,1,False
226,226,Anita Singh,44,2,False
227,227,Priya Verma,45,1,False
228,228,Rahul Reddy,46,2,False
229,229,Deepak Menon,47,1,False
230,230,Aisha Sharma,48,2,False
231,231,Siddharth Nair,49,1,False
232,232,Meena Bhat,50,2,False
233,233,Kavita Das,51,1,False
234,234,Sanjay Joshi,52,2,False
235,235,Rajesh Chavan,53,1,False
236,236,Anita Singh,54,2,False
237,237,Priya Verma,55,1,False
238,238,Rahul Reddy,56,2,False
239,239,Deepak Menon,57,1,False
240,240,Aisha Sharma,58,2,False
241,241,Siddharth Nair,59,1,False
242,242,Meena Bhat,60,2,False
243,243,Kavita Das,61,1,False
244,244,Sanjay Joshi,62,2,False
245,245,Rajesh Chavan,63,1,False
246,246,Anita Singh,64,2,False
247,247,Priya Verma,65,1,False
248,248,Rahul Reddy,66,2,False
249,249,Deepak Menon,67,1,False
250,250,Aisha Sharma,18,2,False
251,251,Siddharth Nair,19,1,False
252,252,Meena Bhat,20,2,False
253,253,Kavita Das,21,1,False
254,254,Sanjay Joshi,22,2,False
255,255,Rajesh Chavan,23,1,False
256,256,Anita Singh,24,2,False
257,257,Priya Verma,25,1,False
258,258,Rahul Reddy,26,2,False
259,259,Deepak Menon,27,1,False
260,260,Aisha Sharma,28,2,False
261,261,Siddharth Nair,29,1,False
262,262,Meena Bhat,30,2,False
263,263,Kavita Das,31,1,False
264,264,Sanjay Joshi,32,2,False
265,265,Rajesh Chavan,33,1,False
266,266,Anita Singh,34,2,False
267,267,Priya Verma,35,1,False
268,268,Rahul Reddy,36,2,False
269,269,Deepak Menon,37,1,False
270,270,Aisha Sharma,38,2,False
271,271,Siddharth Nair,39,1,False
272,272,Meena Bhat,40,2,False
273,273,Kavita Das,41,1,False
274,274,Sanjay Joshi,42,2,False
275,275,Rajesh Chavan,43,1,False
276,276,Anita Singh,44,2,False
277,277,Priya Verma,45,1,False
278,278,Rahul Reddy,46,2,False
279,279,Deepak Menon,47,1,False
280,280,Aisha Sharma,48,2,False
281,281,Siddharth Nair,49,1,False
282,282,Meena Bhat,50,2,False
283,283,Kavita Das,51,1,False
284,284,Sanjay Joshi,52,2,False
285,285,Rajesh Chavan,53,1,False
286,286,Anita Singh,54,2,False
287,287,Priya Verma,55,1,False
288,288,Rahul Reddy,56,2,False
289,289,Deepak Menon,57,1,False
290,290,Aisha Sharma,58,2,False
291,291,Siddharth Nair,59,1,False
292,292,Meena Bhat,60,2,False
293,293,Kavita Das,61,1,False
294,294,Sanjay Joshi,62,2,False
295,295,Rajesh Chavan,63,1,False
296,296,Anita Singh,64,2,False
297,297,Priya Verma,65,1,False
298,298,Rahul Reddy,66,2,False
299,299,Deepak Menon,67,1,False
300,300,Aisha Sharma,18,2,False
301,301,Siddharth Nair,19,1,False
302,302,Meena Bhat,20,2,False
303,303,Kavita Das,21,1,False
304,304,Sanjay Joshi,22,2,False
305,305,Rajesh Chavan,23,1,False
306,306,Anita Singh,24,2,False
307,307,Priya Verma,25,1,False
308,308,Rahul Reddy,26,2,False
309,309,Deepak Menon,27,1,False
310,310,Aisha Sharma,28,2,False
311,311,Siddharth Nair,29,1,False
312,312,Meena Bhat,30,2,False
313,313,Kavita Das,31,1,False
314,314,Sanjay Joshi,32,2,False
315,315,Rajesh Chavan,33,1,False
316,316,Anita Singh,34,2,False
317,317,Priya Verma,35,1,False
318,318,Rahul Reddy,36,2,False
319,319,Deepak Menon,37,1,False
320,320,Aisha Sharma,38,2,False
321,321,Siddharth Nair,39,1,False
322,322,Meena Bhat,40,2,False
323,323,Kavita Das,41,1,False
324,324,Sanjay Joshi,42,2,False
325,325,Rajesh Chavan,43,1,False
326,326,Anita Singh,44,2,False
327,327,Priya Verma,45,1,False
328,328,Rahul Reddy,46,2,False
329,329,Deepak Menon,47,1,False
330,330,Aisha Sharma,48,2,False
331,331,Siddharth Nair,49,1,False
332,332,Meena Bhat,50,2,False
333,333,Kavita Das,51,1,False
334,334,Sanjay Joshi,52,2,False
335,335,Rajesh Chavan,53,1,False
336,336,Anita Singh,54,2,False
337,337,Priya Verma,55,1,False
338,338,Rahul Reddy,56,2,False
339,339,Deepak Menon,57,1,False
340,340,Aisha Sharma,58,2,False
341,341,Siddharth Nair,59,1,False
342,342,Meena Bhat,60,2,False
343,343,Kavita Das,61,1,False
344,344,Sanjay Joshi,62,2,False
345,345,Rajesh Chavan,63,1,False
346,346,Anita Singh,64,2,False
347,347,Priya Verma,65,1,False
348,348,Rahul Reddy,66,2,False
349,349,Deepak Menon,67,1,False
350,350,Aisha Sharma,18,2,False
351,351,Siddharth Nair,19,1,False
352,352,Meena Bhat,20,2,False
353,353,Kavita Das,21,1,False
354,354,Sanjay Joshi,22,2,False
355,355,Rajesh Chavan,23,1,False
356,356,Anita Singh,24,2,False
357,357,Priya Verma,25,1,False
358,358,Rahul Reddy,26,2,False
359,359,Deepak Menon,27,1,False
360,360,Aisha Sharma,28,2,False
361,361,Siddharth Nair,29,1,False
362,362,Meena Bhat,30,2,False
363,363,Kavita Das,31,1,False
364,364,Sanjay Joshi,32,2,False
365,365,Rajesh Chavan,33,1,False
366,366,Anita Singh,34,2,False
367,367,Priya Verma,35,1,False
368,368,Rahul Reddy,36,2,False
369,369,Deepak Menon,37,1,False
370,370,Aisha Sharma,38,2,False
371,371,Siddharth Nair,39,1,False
372,372,Meena Bhat,40,2,False
373,373,Kavita Das,41,1,False
374,374,Sanjay Joshi,42,2,False
375,375,Rajesh Chavan,43,1,False
376,376,Anita Singh,44,2,False
377,377,Priya Verma,45,1,False
378,378,Rahul Reddy,46,2,False
379,379,Deepak Menon,47,1,False
380,380,Aisha Sharma,48,2,False
381,381,Siddharth Nair,49,1,False
382,382,Meena Bhat,50,2,False
383,383,Kavita Das,51,1,False
384,384,Sanjay Joshi,52,2,False
385,385,Rajesh Chavan,53,1,False
386,386,Anita Singh,54,2,False
387,387,Priya Verma,55,1,False
388,388,Rahul Reddy,56,2,False
389,389,Deepak Menon,57,1,False
390,390,Aisha Sharma,58,2,False
391,391,Siddharth Nair,59,1,False
392,392,Meena Bhat,60,2,False
393,393,Kavita Das,61,1,False
394,394,Sanjay Joshi,62,2,False
395,395,Rajesh Chavan,63,1,False
396,396,Anita Singh,64,2,False
397,397,Priya Verma,65,1,False
398,398,Rahul Reddy,66,2,False
399,399,Deepak Menon,67,1,False
400,400,Aisha Sharma,18,2,False
401,401,Siddharth Nair,19,1,False
402,402,Meena Bhat,20,2,False
403,403,Kavita Das,21,1,False
404,404,Sanjay Joshi,22,2,False
405,405,Rajesh Chavan,23,1,False
406,406,Anita Singh,24,2,False
407,407,Priya Verma,25,1,False
408,408,Rahul Reddy,26,2,False
409,409,Deepak Menon,27,1,False
410,410,Aisha Sharma,28,2,False
411,411,Siddharth Nair,29,1,False
412,412,Meena Bhat,30,2,False
413,413,Kavita Das,31,1,False
414,414,Sanjay Joshi,32,2,False
415,415,Rajesh Chavan,33,1,False
416,416,Anita Singh,34,2,False
417,417,Priya Verma,35,1,False
418,418,Rahul Reddy,36,2,False
419,419,Deepak Menon,37,1,False
420,420,Aisha Sharma,38,2,False
421,421,Siddharth Nair,39,1,False
422,422,Meena Bhat,40,2,False
423,423,Kavita Das,41,1,False
424,424,Sanjay Joshi,42,2,False
425,425,Rajesh Chavan,43,1,False
426,426,Anita Singh,44,2,False
427,427,Priya Verma,45,1,False
428,428,Rahul Reddy,46,2,False
429,429,Deepak Menon,47,1,False
430,430,Aisha Sharma,48,2,False
431,431,Siddharth Nair,49,1,False
432,432,Meena Bhat,50,2,False
433,433,Kavita Das,51,1,False
434,434,Sanjay Joshi,52,2,False
435,435,Rajesh Chavan,53,1,False
436,436,Anita Singh,54,2,False
437,437,Priya Verma,55,1,False
438,438,Rahul Reddy,56,2,False
439,439,Deepak Menon,57,1,False
440,440,Aisha Sharma,58,2,False
441,441,Siddharth Nair,59,1,False
442,442,Meena Bhat,60,2,False
443,443,Kavita Das,61,1,False
444,444,Sanjay Joshi,62,2,False
445,445,Rajesh Chavan,63,1,False
446,446,Anita Singh,64,2,False
447,447,Priya Verma,65,1,False
448,448,Rahul Reddy,66,2,False
449,449,Deepak Menon,67,1,False
450,450,Aisha Sharma,18,2,False
451,451,Siddharth Nair,19,1,False
452,452,Meena Bhat,20,2,False
453,453,Kavita Das,21,1,False
454,454,Sanjay Joshi,22,2,False
455,455,Rajesh Chavan,23,1,False
456,456,Anita Singh,24,2,False
457,457,Priya Verma,25,1,False
458,458,Rahul Reddy,26,2,False
459,459,Deepak Menon,27,1,False
460,460,Aisha Sharma,28,2,False
461,461,Siddharth Nair,29,1,False
462,462,Meena Bhat,30,2,False
463,463,Kavita Das,31,1,False
464,464,Sanjay Joshi,32,2,False
465,465,Rajesh Chavan,33,1,False
466,466,Anita Singh,34,2,False
467,467,Priya Verma,35,1,False
468,468,Rahul Reddy,36,2,False
469,469,Deepak Menon,37,1,False
470,470,Aisha Sharma,38,2,False
471,471,Siddharth Nair,39,1,False
472,472,Meena Bhat,40,2,False
473,473,Kavita Das,41,1,False
474,474,Sanjay Joshi,42,2,False
475,475,Rajesh Chavan,43,1,False
476,476,Anita Singh,44,2,False
477,477,Priya Verma,45,1,False
478,478,Rahul Reddy,46,2,False
479,479,Deepak Menon,47,1,False
480,480,Aisha Sharma,48,2,False
481,481,Siddharth Nair,49,1,False
482,482,Meena Bhat,50,2,False
483,483,Kavita Das,51,1,False
484,484,Sanjay Joshi,52,2,False
485,485,Rajesh Chavan,53,1,False
486,486,Anita Singh,54,2,False
487,487,Priya Verma,55,1,False
488,488,Rahul Reddy,56,2,False
489,489,Deepak Menon,57,1,False
490,490,Aisha Sharma,58,2,False
491,491,Siddharth Nair,59,1,False
492,492,Meena Bhat,60,2,False
493,493,Kavita Das,61,1,False
494,494,Sanjay Joshi,62,2,False
495,495,Rajesh Chavan,63,1,False
496,496,Anita Singh,64,2,False
497,497,Priya Verma,65,1,False
498,498,Rahul Reddy,66,2,False
499,499,Deepak Menon,67,1,False
500,500,Aisha Sharma,18,2,False
501,501,Siddharth Nair,19,1,False
502,502,Meena Bhat,20,2,False
503,503,Kavita Das,21,1,False
504,504,Sanjay Joshi,22,2,False
505,505,Rajesh Chavan,23,1,False
506,506,Anita Singh,24,2,False
507,507,Priya Verma,25,1,False
508,508,Rahul Reddy,26,2,False
509,509,Deepak Menon,27,1,False
510,510,Aisha Sharma,28,2,False
511,511,Siddharth Nair,29,1,False
512,512,Meena Bhat,30,2,False
513,513,Kavita Das,31,1,False
514,514,Sanjay Joshi,32,2,False
515,515,Rajesh Chavan,33,1,False
516,516,Anita Singh,34,2,False
517,517,Priya Verma,35,1,False
518,518,Rahul Reddy,36,2,False
519,519,Deepak Menon,37,1,False
520,520,Aisha Sharma,38,2,False
521,521,Siddharth Nair,39,1,False
522,522,Meena Bhat,40,2,False
523,523,Kavita Das,41,1,False
524,524,Sanjay Joshi,42,2,False
525,525,Rajesh Chavan,43,1,False
526,526,Anita Singh,44,2,False
527,527,Priya Verma,45,1,False
528,528,Rahul Reddy,46,2,False
529,529,Deepak Menon,47,1,False
530,530,Aisha Sharma,48,2,False
531,531,Siddharth Nair,49,1,False
532,532,Meena Bhat,50,2,False
533,533,Kavita Das,51,1,False
534,534,Sanjay Joshi,52,2,False
535,535,Rajesh Chavan,53,1,False
536,536,Anita Singh,54,2,False
537,537,Priya Verma,55,1,False
538,538,Rahul Reddy,56,2,False
539,539,Deepak Menon,57,1,False
540,540,Aisha Sharma,58,2,False
541,541,Siddharth Nair,59,1,False
542,542,Meena Bhat,60,2,False
543,543,Kavita Das,61,1,False
544,544,Sanjay Joshi,62,2,False
545,545,Rajesh Chavan,63,1,False
546,546,Anita Singh,64,2,False
547,547,Priya Verma,65,1,False
548,548,Rahul Reddy,66,2,False
549,549,Deepak Menon,67,1,False
550,550,Aisha Sharma,18,2,False
551,551,Siddharth Nair,19,1,False
552,552,Meena Bhat,20,2,False
553,553,Kavita Das,21,1,False
554,554,Sanjay Joshi,22,2,False
555,555,Rajesh Chavan,23,1,False
556,556,Anita Singh,24,2,False
557,557,Priya Verma,25,1,False
558,558,Rahul Reddy,26,2,False
559,559,Deepak Menon,27,1,False
560,560,Aisha Sharma,28,2,False
561,561,Siddharth Nair,29,1,False
562,562,Meena Bhat,30,2,False
563,563,Kavita Das,31,1,False
564,564,Sanjay Joshi,32,2,False
565,565,Rajesh Chavan,33,1,False
566,566,Anita Singh,34,2,False
567,567,Priya Verma,35,1,False
568,568,Rahul Reddy,36,2,False
569,569,Deepak Menon,37,1,False
570,570,Aisha Sharma,38,2,False
571,571,Siddharth Nair,39,1,False
572,572,Meena Bhat,40,2,False
573,573,Kavita Das,41,1,False
574,574,Sanjay Joshi,42,2,False
575,575,Rajesh Chavan,43,1,False
576,576,Anita Singh,44,2,False
577,577,Priya Verma,45,1,False
578,578,Rahul Reddy,46,2,False
579,579,Deepak Menon,47,1,False
580,580,Aisha Sharma,48,2,False
581,581,Siddharth Nair,49,1,False
582,582,Meena Bhat,50,2,False
583,583,Kavita Das,51,1,False
584,584,Sanjay Joshi,52,2,False
585,585,Rajesh Chavan,53,1,False
586,586,Anita Singh,54,2,False
587,587,Priya Verma,55,1,False
588,588,Rahul Reddy,56,2,False
589,589,Deepak Menon,57,1,False
590,590,Aisha Sharma,58,2,False
591,591,Siddharth Nair,59,1,False
592,592,Meena Bhat,60,2,False
593,593,Kavita Das,61,1,False
594,594,Sanjay Joshi,62,2,False
595,595,Rajesh Chavan,63,1,False
596,596,Anita Singh,64,2,False
597,597,Priya Verma,65,1,False
598,598,Rahul Reddy,66,2,False
599,599,Deepak Menon,67,1,False
600,600,Aisha Sharma,18,2,False
601,601,Siddharth Nair,19,1,False
602,602,Meena Bhat,20,2,False
603,603,Kavita Das,21,1,False
604,604,Sanjay Joshi,22,2,False
605,605,Rajesh Chavan,23,1,False
606,606,Anita Singh,24,2,False
607,607,Priya Verma,25,1,False
608,608,Rahul Reddy,26,2,False
609,609,Deepak Menon,27,1,False
610,610,Aisha Sharma,28,2,False
611,611,Siddharth Nair,29,1,False
612,612,Meena Bhat,30,2,False
613,613,Kavita Das,31,1,False
614,614,Sanjay Joshi,32,2,False
615,615,Rajesh Chavan,33,1,False
616,616,Anita Singh,34,2,False
617,617,Priya Verma,35,1,False
618,618,Rahul Reddy,36,2,False
619,619,Deepak Menon,37,1,False
620,620,Aisha Sharma,38,2,False
621,621,Siddharth Nair,39,1,False
622,622,Meena Bhat,40,2,False
623,623,Kavita Das,41,1,False
624,624,Sanjay Joshi,42,2,False
625,625,Rajesh Chavan,43,1,False
626,626,Anita Singh,44,2,False
627,627,Priya Verma,45,1,False
628,628,Rahul Reddy,46,2,False
629,629,Deepak Menon,47,1,False
630,630,Aisha Sharma,48,2,False
631,631,Siddharth Nair,49,1,False
632,632,Meena Bhat,50,2,False
633,633,Kavita Das,51,1,False
634,634,Sanjay Joshi,52,2,False
635,635,Rajesh Chavan,53,1,False
636,636,Anita Singh,54,2,False
637,637,Priya Verma,55,1,False
638,638,Rahul Reddy,56,2,False
639,639,Deepak Menon,57,1,False
640,640,Aisha Sharma,58,2,False
641,641,Siddharth Nair,59,1,False
642,642,Meena Bhat,60,2,False
643,643,Kavita Das,61,1,False
644,644,Sanjay Joshi,62,2,False
645,645,Rajesh Chavan,63,1,False
646,646,Anita Singh,64,2,False
647,647,Priya Verma,65,1,False
648,648,Rahul Reddy,66,2,False
649,649,Deepak Menon,67,1,False
650,650,Aisha Sharma,18,2,False
651,651,Siddharth Nair,19,1,False
652,652,Meena Bhat,20,2,False
653,653,Kavita Das,21,1,False
654,654,Sanjay Joshi,22,2,False
655,655,Rajesh Chavan,23,1,False
656,656,Anita Singh,24,2,False
657,657,Priya Verma,25,1,False
658,658,Rahul Reddy,26,2,False
659,659,Deepak Menon,27,1,False
660,660,Aisha Sharma,28,2,False
661,661,Siddharth Nair,29,1,False
662,662,Meena Bhat,30,2,False
663,663,Kavita Das,31,1,False
664,664,Sanjay Joshi,32,2,False
665,665,Rajesh Chavan,33,1,False
666,666,Anita Singh,34,2,False
667,667,Priya Verma,35,1,False
668,668,Rahul Reddy,36,2,False
669,669,Deepak Menon,37,1,False
670,670,Aisha Sharma,38,2,False
671,671,Siddharth Nair,39,1,False
672,672,Meena Bhat,40,2,False
673,673,Kavita Das,41,1,False
674,674,Sanjay Joshi,42,2,False
675,675,Rajesh Chavan,43,1,False
676,676,Anita Singh,44,2,False
677,677,Priya Verma,45,1,False
678,678,Rahul Reddy,46,2,False
679,679,Deepak Menon,47,1,False
680,680,Aisha Sharma,48,2,False
681,681,Siddharth Nair,49,1,False
682,682,Meena Bhat,50,2,False
683,683,Kavita Das,51,1,False
684,684,Sanjay Joshi,52,2,False
685,685,Rajesh Chavan,53,1,False
686,686,Anita Singh,54,2,False
687,687,Priya Verma,55,1,False
688,688,Rahul Reddy,56,2,False
689,689,Deepak Menon,57,1,False
690,690,Aisha Sharma,58,2,False
691,691,Siddharth Nair,59,1,False
692,692,Meena Bhat,60,2,False
693,693,Kavita Das,61,1,False
694,694,Sanjay Joshi,62,2,False
695,695,Rajesh Chavan,63,1,False
696,696,Anita Singh,64,2,False
697,697,Priya Verma,65,1,False
698,698,Rahul Reddy,66,2,False
699,699,Deepak Menon,67,1,False
700,700,Aisha Sharma,18,2,False
701,701,Siddharth Nair,19,1,False
702,702,Meena Bhat,20,2,False
703,703,Kavita Das,21,1,False
704,704,Sanjay Joshi,22,2,False
705,705,Rajesh Chavan,23,1,False
706,706,Anita Singh,24,2,False
707,707,Priya Verma,25,1,False
708,708,Rahul Reddy,26,2,False
709,709,Deepak Menon,27,1,False
710,710,Aisha Sharma,28,2,False
711,711,Siddharth Nair,29,1,False
712,712,Meena Bhat,30,2,False
713,713,Kavita Das,31,1,False
714,714,Sanjay Joshi,32,2,False
715,715,Rajesh Chavan,33,1,False
716,716,Anita Singh,34,2,False
717,717,Priya Verma,35,1,False
718,718,Rahul Reddy,36,2,False
719,719,Deepak Menon,37,1,False
720,720,Aisha Sharma,38,2,False
721,721,Siddharth Nair,39,1,False
722,722,Meena Bhat,40,2,False
723,723,Kavita Das,41,1,False
724,724,Sanjay Joshi,42,2,False
725,725,Rajesh Chavan,43,1,False
726,726,Anita Singh,44,2,False
727,727,Priya Verma,45,1,False
728,728,Rahul Reddy,46,2,False
729,729,Deepak Menon,47,1,False
730,730,Aisha Sharma,48,2,False
731,731,Siddharth Nair,49,1,False
732,732,Meena Bhat,50,2,False
733,733,Kavita Das,51,1,False
734,734,Sanjay Joshi,52,2,False
735,735,Rajesh Chavan,53,1,False
736,736,Anita Singh,54,2,False
737,737,Priya Verma,55,1,False
738,738,Rahul Reddy,56,2,False
739,739,Deepak Menon,57,1,False
740,740,Aisha Sharma,58,2,False
741,741,Siddharth Nair,59,1,False
742,742,Meena Bhat,60,2,False
743,743,Kavita Das,61,1,False
744,744,Sanjay Joshi,62,2,False
745,745,Rajesh Chavan,63,1,False
746,746,Anita Singh,64,2,False
747,747,Priya Verma,65,1,False
748,748,Rahul Reddy,66,2,False
749,749,Deepak Menon,67,1,False
750,750,Aisha Sharma,18,2,False
751,751,Siddharth Nair,19,1,False
752,752,Meena Bhat,20,2,False
753,753,Kavita Das,21,1,False
754,754,Sanjay Joshi,22,2,False
755,755,Rajesh Chavan,23,1,False
756,756,Anita Singh,24,2,False
757,757,Priya Verma,25,1,False
758,758,Rahul Reddy,26,2,False
759,759,Deepak Menon,27,1,False
760,760,Aisha Sharma,28,2,False
761,761,Siddharth Nair,29,1,False
762,762,Meena Bhat,30,2,False
763,763,Kavita Das,31,1,False
764,764,Sanjay Joshi,32,2,False
765,765,Rajesh Chavan,33,1,False
766,766,Anita Singh,34,2,False
767,767,Priya Verma,35,1,False
768,768,Rahul Reddy,36,2,False
769,769,Deepak Menon,37,1,False
770,770,Aisha Sharma,38,2,False
771,771,Siddharth Nair,39,1,False
772,772,Meena Bhat,40,2,False
773,773,Kavita Das,41,1,False
774,774,Sanjay Joshi,42,2,False
775,775,Rajesh Chavan,43,1,False
776,776,Anita Singh,44,2,False
777,777,Priya Verma,45,1,False
778,778,Rahul Reddy,46,2,False
779,779,Deepak Menon,47,1,False
780,780,Aisha Sharma,48,2,False
781,781,Siddharth Nair,49,1,False
782,782,Meena Bhat,50,2,False
783,783,Kavita Das,51,1,False
784,784,Sanjay Joshi,52,2,False
785,785,Rajesh Chavan,53,1,False
786,786,Anita Singh,54,2,False
787,787,Priya Verma,55,1,False
788,788,Rahul Reddy,56,2,False
789,789,Deepak Menon,57,1,False
790,790,Aisha Sharma,58,2,False
791,791,Siddharth Nair,59,1,False
792,792,Meena Bhat,60,2,False
793,793,Kavita Das,61,1,False
794,794,Sanjay Joshi,62,2,False
795,795,Rajesh Chavan,63,1,False
796,796,Anita Singh,64,2,False
797,797,Priya Verma,65,1,False
798,798,Rahul Reddy,66,2,False
799,799,Deepak Menon,67,1,False
800,800,Aisha Sharma,18,2,False
801,801,Siddharth Nair,19,1,False
802,802,Meena Bhat,20,2,False
803,803,Kavita Das,21,1,False
804,804,Sanjay Joshi,22,2,False
805,805,Rajesh Chavan,23,1,False
806,806,Anita Singh,24,2,False
807,807,Priya Verma,25,1,False
808,808,Rahul Reddy,26,2,False
809,809,Deepak Menon,27,1,False
810,810,Aisha Sharma,28,2,False
811,811,Siddharth Nair,29,1,False
812,812,Meena Bhat,30,2,False
813,813,Kavita Das,31,1,False
814,814,Sanjay Joshi,32,2,False
815,815,Rajesh Chavan,33,1,False
816,816,Anita Singh,34,2,False
817,817,Priya Verma,35,1,False
818,818,Rahul Reddy,36,2,False
819,819,Deepak Menon,37,1,False
820,820,Aisha Sharma,38,2,False
821,821,Siddharth Nair,39,1,False
822,822,Meena Bhat,40,2,False
823,823,Kavita Das,41,1,False
824,824,Sanjay Joshi,42,2,False
825,825,Rajesh Chavan,43,1,False
826,826,Anita Singh,44,2,False
827,827,Priya Verma,45,1,False
828,828,Rahul Reddy,46,2,False
829,829,Deepak Menon,47,1,False
830,830,Aisha Sharma,48,2,False
831,831,Siddharth Nair,49,1,False
832,832,Meena Bhat,50,2,False
833,833,Kavita Das,51,1,False
834,834,Sanjay Joshi,52,2,False
835,835,Rajesh Chavan,53,1,False
836,836,Anita Singh,54,2,False
837,837,Priya Verma,55,1,False
838,838,Rahul Reddy,56,2,False
839,839,Deepak Menon,57,1,False
840,840,Aisha Sharma,58,2,False
841,841,Siddharth Nair,59,1,False
842,842,Meena Bhat,60,2,False
843,843,Kavita Das,61,1,False
844,844,Sanjay Joshi,62,2,False
845,845,Rajesh Chavan,63,1,False
846,846,Anita Singh,64,2,False
847,847,Priya Verma,65,1,False
848,848,Rahul Reddy,66,2,False
849,849,Deepak Menon,67,1,False
850,850,Aisha Sharma,18,2,False
851,851,Siddharth Nair,19,1,False
852,852,Meena Bhat,20,2,False
853,853,Kavita Das,21,1,False
854,854,Sanjay Joshi,22,2,False
855,855,Rajesh Chavan,23,1,False
856,856,Anita Singh,24,2,False
857,857,Priya Verma,25,1,False
858,858,Rahul Reddy,26,2,False
859,859,Deepak Menon,27,1,False
860,860,Aisha Sharma,28,2,False
861,861,Siddharth Nair,29,1,False
862,862,Meena Bhat,30,2,False
863,863,Kavita Das,31,1,False
864,864,Sanjay Joshi,32,2,False
865,865,Rajesh Chavan,33,1,False
866,866,Anita Singh,34,2,False
867,867,Priya Verma,35,1,False
868,868,Rahul Reddy,36,2,False
869,869,Deepak Menon,37,1,False
870,870,Aisha Sharma,38,2,False
871,871,Siddharth Nair,39,1,False
872,872,Meena Bhat,40,2,False
873,873,Kavita Das,41,1,False
874,874,Sanjay Joshi,42,2,False
875,875,Rajesh Chavan,43,1,False
876,876,Anita Singh,44,2,False
877,877,Priya Verma,45,1,False
878,878,Rahul Reddy,46,2,False
879,879,Deepak Menon,47,1,False
880,880,Aisha Sharma,48,2,False
881,881,Siddharth Nair,49,1,False
882,882,Meena Bhat,50,2,False
883,883,Kavita Das,51,1,False
884,884,Sanjay Joshi,52,2,False
885,885,Rajesh Chavan,53,1,False
886,886,Anita Singh,54,2,False
887,887,Priya Verma,55,1,False
888,888,Rahul Reddy,56,2,False
889,889,Deepak Menon,57,1,False
890,890,Aisha Sharma,58,2,False
891,891,Siddharth Nair,59,1,False
892,892,Meena Bhat,60,2,False
893,893,Kavita Das,61,1,False
894,894,Sanjay Joshi,62,2,False
895,895,Rajesh Chavan,63,1,False
896,896,Anita Singh,64,2,False
897,897,Priya Verma,65,1,False
898,898,Rahul Reddy,66,2,False
899,899,Deepak Menon,67,1,False
900,900,Aisha Sharma,18,2,False
901,901,Siddharth Nair,19,1,False
902,902,Meena Bhat,20,2,False
903,903,Kavita Das,21,1,False
904,904,Sanjay Joshi,22,2,False
905,905,Rajesh Chavan,23,1,False
906,906,Anita Singh,24,2,False
907,907,Priya Verma,25,1,False
908,908,Rahul Reddy,26,2,False
909,909,Deepak Menon,27,1,False
910,910,Aisha Sharma,28,2,False
911,911,Siddharth Nair,29,1,False
912,912,Meena Bhat,30,2,False
913,913,Kavita Das,31,1,False
914,914,Sanjay Joshi,32,2,False
915,915,Rajesh Chavan,33,1,False
916,916,Anita Singh,34,2,False
917,917,Priya Verma,35,1,False
918,918,Rahul Reddy,36,2,False
919,919,Deepak Menon,37,1,False
920,920,Aisha Sharma,38,2,False
921,921,Siddharth Nair,39,1,False
922,922,Meena Bhat,40,2,False
923,923,Kavita Das,41,1,False
924,924,Sanjay Joshi,42,2,False
925,925,Rajesh Chavan,43,1,False
926,926,Anita Singh,44,2,False
927,927,Priya Verma,45,1,False
928,928,Rahul Reddy,46,2,False
929,929,Deepak Menon,47,1,False
930,930,Aisha Sharma,48,2,False
931,931,Siddharth Nair,49,1,False
932,932,Meena Bhat,50,2,False
933,933,Kavita Das,51,1,False
934,934,Sanjay Joshi,52,2,False
935,935,Rajesh Chavan,53,1,False
936,936,Anita Singh,54,2,False
937,937,Priya Verma,55,1,False
938,938,Rahul Reddy,56,2,False
939,939,Deepak Menon,57,1,False
940,940,Aisha Sharma,58,2,False
941,941,Siddharth Nair,59,1,False
942,942,Meena Bhat,60,2,False
943,943,Kavita Das,61,1,False
944,944,Sanjay Joshi,62,2,False
945,945,Rajesh Chavan,63,1,False
946,946,Anita Singh,64,2,False
947,947,Priya Verma,65,1,False
948,948,Rahul Reddy,66,2,False
949,949,Deepak Menon,67,1,False
950,950,Aisha Sharma,18,2,False
951,951,Siddharth Nair,19,1,False
952,952,Meena Bhat,20,2,False
953,953,Kavita Das,21,1,False
954,954,Sanjay Joshi,22,2,False
955,955,Rajesh Chavan,23,1,False
956,956,Anita Singh,24,2,False
957,957,Priya Verma,25,1,False
958,958,Rahul Reddy,26,2,False
959,959,Deepak Menon,27,1,False
960,960,Aisha Sharma,28,2,False
961,961,Siddharth Nair,29,1,False
962,962,Meena Bhat,30,2,False
963,963,Kavita Das,31,1,False
964,964,Sanjay Joshi,32,2,False
965,965,Rajesh Chavan,33,1,False
966,966,Anita Singh,34,2,False
967,967,Priya Verma,35,1,False
968,968,Rahul Reddy,36,2,False
969,969,Deepak Menon,37,1,False
970,970,Aisha Sharma,38,2,False
971,971,Siddharth Nair,39,1,False
972,972,Meena Bhat,40,2,False
973,973,Kavita Das,41,1,False
974,974,Sanjay Joshi,42,2,False
975,975,Rajesh Chavan,43,1,False
976,976,Anita Singh,44,2,False
977,977,Priya Verma,45,1,False
978,978,Rahul Reddy,46,2,False
979,979,Deepak Menon,47,1,False
980,980,Aisha Sharma,48,2,False
981,981,Siddharth Nair,49,1,False
982,982,Meena Bhat,50,2,False
983,983,Kavita Das,51,1,False
984,984,Sanjay Joshi,52,2,False
985,985,Rajesh Chavan,53,1,False
986,986,Anita Singh,54,2,False
987,987,Priya Verma,55,1,False
988,988,Rahul Reddy,56,2,False
989,989,Deepak Menon,57,1,False
990,990,Aisha Sharma,58,2,False
991,991,Siddharth Nair,59,1,False
992,992,Meena Bhat,60,2,False
993,993,Kavita Das,61,1,False
994,994,Sanjay Joshi,62,2,False
995,995,Rajesh Chavan,63,1,False
996,996,Anita Singh,64,2,False
997,997,Priya Verma,65,1,False
998,998,Rahul Reddy,66,2,False
999,999,Deepak Menon,67,1,False
1000,1000,Aisha Sharma,18,2,False
1001,1001,Siddharth Nair,19,1,False
1002,1002,Meena Bhat,20,2,False
1003,1003,Kavita Das,21,1,False
1004,1004,Sanjay Joshi,22,2,False
1005,1005,Rajesh Chavan,23,1,False
1006,1006,Anita Singh,24,2,False
1007,1007,Priya Verma,25,1,False
1008,1008,Rahul Reddy,26,2,False
1009,1009,Deepak Menon,27,1,False
1010,1010,Aisha Sharma,28,2,False
1011,1011,Siddharth Nair,29,1,False
1012,1012,Meena Bhat,30,2,False
1013,1013,Kavita Das,31,1,False
1014,1014,Sanjay Joshi,32,2,False
1015,1015,Rajesh Chavan,33,1,False
1016,1016,Anita Singh,34,2,False
1017,1017,Priya Verma,35,1,False
1018,1018,Rahul Reddy,36,2,False
1019,1019,Deepak Menon,37,1,False
1020,1020,Aisha Sharma,38,2,False
1021,1021,Siddharth Nair,39,1,False
1022,1022,Meena Bhat,40,2,False
1023,1023,Kavita Das,41,1,False
1024,1024,Sanjay Joshi,42,2,False
1025,1025,Rajesh Chavan,43,1,False
1026,1026,Anita Singh,44,2,False
1027,1027,Priya Verma,45,1,False
1028,1028,Rahul Reddy,46,2,False
1029,1029,Deepak Menon,47,1,False
1030,1030,Aisha Sharma,48,2,False
1031,1031,Siddharth Nair,49,1,False
1032,1032,Meena Bhat,50,2,False
1033,1033,Kavita Das,51,1,False
1034,1034,Sanjay Joshi,52,2,False
1035,1035,Rajesh Chavan,53,1,False
1036,1036,Anita Singh,54,2,False
1037,1037,Priya Verma,55,1,False
1038,1038,Rahul Reddy,56,2,False
1039,1039,Deepak Menon,57,1,False
1040,1040,Aisha Sharma,58,2,False
1041,1041,Siddharth Nair,59,1,False
1042,1042,Meena Bhat,60,2,False
1043,1043,Kavita Das,61,1,False
1044,1044,Sanjay Joshi,62,2,False
1045,1045,Rajesh Chavan,63,1,False
1046,1046,Anita Singh,64,2,False
1047,1047,Priya Verma,65,1,False
1048,1048,Rahul Reddy,66,2,False
1049,1049,Deepak Menon,67,1,False
1050,1050,Aisha Sharma,18,2,False
1051,1051,Siddharth Nair,19,1,False
1052,1052,Meena Bhat,20,2,False
1053,1053,Kavita Das,21,1,False
1054,1054,Sanjay Joshi,22,2,False
1055,1055,Rajesh Chavan,23,1,False
1056,1056,Anita Singh,24,2,False
1057,1057,Priya Verma,25,1,False
1058,1058,Rahul Reddy,26,2,False
1059,1059,Deepak Menon,27,1,False
1060,1060,Aisha Sharma,28,2,False
1061,1061,Siddharth Nair,29,1,False
1062,1062,Meena Bhat,30,2,False
1063,1063,Kavita Das,31,1,False
1064,1064,Sanjay Joshi,32,2,False
1065,1065,Rajesh Chavan,33,1,False
1066,1066,Anita Singh,34,2,False
1067,1067,Priya Verma,35,1,False
1068,1068,Rahul Reddy,36,2,False
1069,1069,Deepak Menon,37,1,False
1070,1070,Aisha Sharma,38,2,False
1071,1071,Siddharth Nair,39,1,False
1072,1072,Meena Bhat,40,2,False
1073,1073,Kavita Das,41,1,False
1074,1074,Sanjay Joshi,42,2,False
1075,1075,Rajesh Chavan,43,1,False
1076,1076,Anita Singh,44,2,False
1077,1077,Priya Verma,45,1,False
1078,1078,Rahul Reddy,46,2,False
1079,1079,Deepak Menon,47,1,False
1080,1080,Aisha Sharma,48,2,False
1081,1081,Siddharth Nair,49,1,False
1082,1082,Meena Bhat,50,2,False
1083,1083,Kavita Das,51,1,False
1084,1084,Sanjay Joshi,52,2,False
1085,1085,Rajesh Chavan,53,1,False
1086,1086,Anita Singh,54,2,False
1087,1087,Priya Verma,55,1,False
1088,1088,Rahul Reddy,56,2,False
1089,1089,Deepak Menon,57,1,False
1090,1090,Aisha Sharma,58,2,False
1091,1091,Siddharth Nair,59,1,False
1092,1092,Meena Bhat,60,2,False
1093,1093,Kavita Das,61,1,False
1094,1094,Sanjay Joshi,62,2,False
1095,1095,Rajesh Chavan,63,1,False
1096,1096,Anita Singh,64,2,False
1097,1097,Priya Verma,65,1,False
1098,1098,Rahul Reddy,66,2,False
1099,1099,Deepak Menon,67,1,False
1100,1100,Aisha Sharma,18,2,False
1101,1101,Siddharth Nair,19,1,False
1102,1102,Meena Bhat,20,2,False
1103,1103,Kavita Das,21,1,False
1104,1104,Sanjay Joshi,22,2,False
1105,1105,Rajesh Chavan,23,1,False
1106,1106,Anita Singh,24,2,False
1107,1107,Priya Verma,25,1,False
1108,1108,Rahul Reddy,26,2,False
1109,1109,Deepak Menon,27,1,False
1110,1110,Aisha Sharma,28,2,False
1111,1111,Siddharth Nair,29,1,False
1112,1112,Meena Bhat,30,2,False
1113,1113,Kavita Das,31,1,False
1114,1114,Sanjay Joshi,32,2,False
1115,1115,Rajesh Chavan,33,1,False
1116,1116,Anita Singh,34,2,False
1117,1117,Priya Verma,35,1,False
1118,1118,Rahul Reddy,36,2,False
1119,1119,Deepak Menon,37,1,False
1120,1120,Aisha Sharma,38,2,False
1121,1121,Siddharth Nair,39,1,False
1122,1122,Meena Bhat,40,2,False
1123,1123,Kavita Das,41,1,False
1124,1124,Sanjay Joshi,42,2,False
1125,1125,Rajesh Chavan,43,1,False
1126,1126,Anita Singh,44,2,False
1127,1127,Priya Verma,45,1,False
1128,1128,Rahul Reddy,46,2,False
1129,1129,Deepak Menon,47,1,False
1130,1130,Aisha Sharma,48,2,False
1131,1131,Siddharth Nair,49,1,False
1132,1132,Meena Bhat,50,2,False
1133,1133,Kavita Das,51,1,False
1134,1134,Sanjay Joshi,52,2,False
1135,1135,Rajesh Chavan,53,1,False
1136,1136,Anita Singh,54,2,False
1137,1137,Priya Verma,55,1,False
1138,1138,Rahul Reddy,56,2,False
1139,1139,Deepak Menon,57,1,False
1140,1140,Aisha Sharma,58,2,False
1141,1141,Siddharth Nair,59,1,False
1142,1142,Meena Bhat,60,2,False
1143,1143,Kavita Das,61,1,False
1144,1144,Sanjay Joshi,62,2,False
1145,1145,Rajesh Chavan,63,1,False
1146,1146,Anita Singh,64,2,False
1147,1147,Priya Verma,65,1,False
1148,1148,Rahul Reddy,66,2,False
1149,1149,Deepak Menon,67,1,False
1150,1150,Aisha Sharma,18,2,False
1151,1151,Siddharth Nair,19,1,False
1152,1152,Meena Bhat,20,2,False
1153,1153,Kavita Das,21,1,False
1154,1154,Sanjay Joshi,22,2,False
1155,1155,Rajesh Chavan,23,1,False
1156,1156,Anita Singh,24,2,False
1157,1157,Priya Verma,25,1,False
1158,1158,Rahul Reddy,26,2,False
1159,1159,Deepak Menon,27,1,False
1160,1160,Aisha Sharma,28,2,False
1161,1161,Siddharth Nair,29,1,False
1162,1162,Meena Bhat,30,2,False
1163,1163,Kavita Das,31,1,False
1164,1164,Sanjay Joshi,32,2,False
1165,1165,Rajesh Chavan,33,1,False
1166,1166,Anita Singh,34,2,False
1167,1167,Priya Verma,35,1,False
1168,1168,Rahul Reddy,36,2,False
1169,1169,Deepak Menon,37,1,False
1170,1170,Aisha Sharma,38,2,False
1171,1171,Siddharth Nair,39,1,False
1172,1172,Meena Bhat,40,2,False
1173,1173,Kavita Das,41,1,False
1174,1174,Sanjay Joshi,42,2,False
1175,1175,Rajesh Chavan,43,1,False
1176,1176,Anita Singh,44,2,False
1177,1177,Priya Verma,45,1,False
1178,1178,Rahul Reddy,46,2,False
1179,1179,Deepak Menon,47,1,False
1180,1180,Aisha Sharma,48,2,False
1181,1181,Siddharth Nair,49,1,False
1182,1182,Meena Bhat,50,2,False
1183,1183,Kavita Das,51,1,False
1184,1184,Sanjay Joshi,52,2,False
1185,1185,Rajesh Chavan,53,1,False
1186,1186,Anita Singh,54,2,False
1187,1187,Priya Verma,55,1,False
1188,1188,Rahul Reddy,56,2,False
1189,1189,Deepak Menon,57,1,False
1190,1190,Aisha Sharma,58,2,False
1191,1191,Siddharth Nair,59,1,False
1192,1192,Meena Bhat,60,2,False
1193,1193,Kavita Das,61,1,False
1194,1194,Sanjay Joshi,62,2,False
1195,1195,Rajesh Chavan,63,1,False
1196,1196,Anita Singh,64,2,False
1197,1197,Priya Verma,65,1,False
1198,1198,Rahul Reddy,66,2,False
1199,1199,Deepak Menon,67,1,False
1200,1200,Aisha Sharma,18,2,False
1201,1201,Siddharth Nair,19,1,False
1202,1202,Meena Bhat,20,2,False
1203,1203,Kavita Das,21,1,False
1204,1204,Sanjay Joshi,22,2,False
1205,1205,Rajesh Chavan,23,1,False
1206,1206,Anita Singh,24,2,False
1207,1207,Priya Verma,25,1,False
1208,1208,Rahul Reddy,26,2,False
1209,1209,Deepak Menon,27,1,False
1210,1210,Aisha Sharma,28,2,False
1211,1211,Siddharth Nair,29,1,False
1212,1212,Meena Bhat,30,2,False
1213,1213,Kavita Das,31,1,False
1214,1214,Sanjay Joshi,32,2,False
1215,1215,Rajesh Chavan,33,1,False
1216,1216,Anita Singh,34,2,False
1217,1217,Priya Verma,35,1,False
1218,1218,Rahul Reddy,36,2,False
1219,1219,Deepak Menon,37,1,False
1220,1220,Aisha Sharma,38,2,False
1221,1221,Siddharth Nair,39,1,False
1222,1222,Meena Bhat,40,2,False
1223,1223,Kavita Das,41,1,False
1224,1224,Sanjay Joshi,42,2,False
1225,1225,Rajesh Chavan,43,1,False
1226,1226,Anita Singh,44,2,False
1227,1227,Priya Verma,45,1,False
1228,1228,Rahul Reddy,46,2,False
1229,1229,Deepak Menon,47,1,False
1230,1230,Aisha Sharma,48,2,False
1231,1231,Siddharth Nair,49,1,False
1232,1232,Meena Bhat,50,2,False
1233,1233,Kavita Das,51,1,False
1234,1234,Sanjay Joshi,52,2,False
1235,1235,Rajesh Chavan,53,1,False
1236,1236,Anita Singh,54,2,False
1237,1237,Priya Verma,55,1,False
1238,1238,Rahul Reddy,56,2,False
1239,1239,Deepak Menon,57,1,False
1240,1240,Aisha Sharma,58,2,False
1241,1241,Siddharth Nair,59,1,False
1242,1242,Meena Bhat,60,2,False
1243,1243,Kavita Das,61,1,False
1244,1244,Sanjay Joshi,62,2,False
1245,1245,Rajesh Chavan,63,1,False
1246,1246,Anita Singh,64,2,False
1247,1247,Priya Verma,65,1,False
1248,1248,Rahul Reddy,66,2,False
1249,1249,Deepak Menon,67,1,False
1250,1250,Aisha Sharma,18,2,False
1251,1251,Siddharth Nair,19,1,False
1252,1252,Meena Bhat,20,2,False
1253,1253,Kavita Das,21,1,False
1254,1254,Sanjay Joshi,22,2,False
1255,1255,Rajesh Chavan,23,1,False
1256,1256,Anita Singh,24,2,False
1257,1257,Priya Verma,25,1,False
1258,1258,Rahul Reddy,26,2,False
1259,1259,Deepak Menon,27,1,False
1260,1260,Aisha Sharma,28,2,False
1261,1261,Siddharth Nair,29,1,False
1262,1262,Meena Bhat,30,2,False
1263,1263,Kavita Das,31,1,False
1264,1264,Sanjay Joshi,32,2,False
1265,1265,Rajesh Chavan,33,1,False
1266,1266,Anita Singh,34,2,False
1267,1267,Priya Verma,35,1,False
1268,1268,Rahul Reddy,36,2,False
1269,1269,Deepak Menon,37,1,False
1270,1270,Aisha Sharma,38,2,False
1271,1271,Siddharth Nair,39,1,False
1272,1272,Meena Bhat,40,2,False
1273,1273,Kavita Das,41,1,False
1274,1274,Sanjay Joshi,42,2,False
1275,1275,Rajesh Chavan,43,1,False
1276,1276,Anita Singh,44,2,False
1277,1277,Priya Verma,45,1,False
1278,1278,Rahul Reddy,46,2,False
1279,1279,Deepak Menon,47,1,False
1280,1280,Aisha Sharma,48,2,False
1281,1281,Siddharth Nair,49,1,False
1282,1282,Meena Bhat,50,2,False
1283,1283,Kavita Das,51,1,False
1284,1284,Sanjay Joshi,52,2,False
1285,1285,Rajesh Chavan,53,1,False
1286,1286,Anita Singh,54,2,False
1287,1287,Priya Verma,55,1,False
1288,1288,Rahul Reddy,56,2,False
1289,1289,Deepak Menon,57,1,False
1290,1290,Aisha Sharma,58,2,False
1291,1291,Siddharth Nair,59,1,False
1292,1292,Meena Bhat,60,2,False
1293,1293,Kavita Das,61,1,False
1294,1294,Sanjay Joshi,62,2,False
1295,1295,Rajesh Chavan,63,1,False
1296,1296,Anita Singh,64,2,False
1297,1297,Priya Verma,65,1,False
1298,1298,Rahul Reddy,66,2,False
1299,1299,Deepak Menon,67,1,False
1300,1300,Aisha Sharma,18,2,False
1301,1301,Siddharth Nair,19,1,False
1302,1302,Meena Bhat,20,2,False
1303,1303,Kavita Das,21,1,False
1304,1304,Sanjay Joshi,22,2,False
1305,1305,Rajesh Chavan,23,1,False
1306,1306,Anita Singh,24,2,False
1307,1307,Priya Verma,25,1,False
1308,1308,Rahul Reddy,26,2,False
1309,1309,Deepak Menon,27,1,False
1310,1310,Aisha Sharma,28,2,False
1311,1311,Siddharth Nair,29,1,False
1312,1312,Meena Bhat,30,2,False
1313,1313,Kavita Das,31,1,False
1314,1314,Sanjay Joshi,32,2,False
1315,1315,Rajesh Chavan,33,1,False
1316,1316,Anita Singh,34,2,False
1317,1317,Priya Verma,35,1,False
1318,1318,Rahul Reddy,36,2,False
1319,1319,Deepak Menon,37,1,False
1320,1320,Aisha Sharma,38,2,False
1321,1321,Siddharth Nair,39,1,False
1322,1322,Meena Bhat,40,2,False
1323,1323,Kavita Das,41,1,False
1324,1324,Sanjay Joshi,42,2,False
1325,1325,Rajesh Chavan,43,1,False
1326,1326,Anita Singh,44,2,False
1327,1327,Priya Verma,45,1,False
1328,1328,Rahul Reddy,46,2,False
1329,1329,Deepak Menon,47,1,False
1330,1330,Aisha Sharma,48,2,False
1331,1331,Siddharth Nair,49,1,False
1332,1332,Meena Bhat,50,2,False
1333,1333,Kavita Das,51,1,False
1334,1334,Sanjay Joshi,52,2,False
1335,1335,Rajesh Chavan,53,1,False
1336,1336,Anita Singh,54,2,False
1337,1337,Priya Verma,55,1,False
1338,1338,Rahul Reddy,56,2,False
1339,1339,Deepak Menon,57,1,False
1340,1340,Aisha Sharma,58,2,False
1341,1341,Siddharth Nair,59,1,False
1342,1342,Meena Bhat,60,2,False
1343,1343,Kavita Das,61,1,False
1344,1344,Sanjay Joshi,62,2,False
1345,1345,Rajesh Chavan,63,1,False
1346,1346,Anita Singh,64,2,False
1347,1347,Priya Verma,65,1,False
1348,1348,Rahul Reddy,66,2,False
1349,1349,Deepak Menon,67,1,False
1350,1350,Aisha Sharma,18,2,False
1351,1351,Siddharth Nair,19,1,False
1352,1352,Meena Bhat,20,2,False
1353,1353,Kavita Das,21,1,False
1354,1354,Sanjay Joshi,22,2,False
1355,1355,Rajesh Chavan,23,1,False
1356,1356,Anita Singh,24,2,False
1357,1357,Priya Verma,25,1,False
1358,1358,Rahul Reddy,26,2,False
1359,1359,Deepak Menon,27,1,False
1360,1360,Aisha Sharma,28,2,False
1361,1361,Siddharth Nair,29,1,False
1362,1362,Meena Bhat,30,2,False
1363,1363,Kavita Das,31,1,False
1364,1364,Sanjay Joshi,32,2,False
1365,1365,Rajesh Chavan,33,1,False
1366,1366,Anita Singh,34,2,False
1367,1367,Priya Verma,35,1,False
1368,1368,Rahul Reddy,36,2,False
1369,1369,Deepak Menon,37,1,False
1370,1370,Aisha Sharma,38,2,False
1371,1371,Siddharth Nair,39,1,False
1372,1372,Meena Bhat,40,2,False
1373,1373,Kavita Das,41,1,False
1374,1374,Sanjay Joshi,42,2,False
1375,1375,Rajesh Chavan,43,1,False
1376,1376,Anita Singh,44,2,False
1377,1377,Priya Verma,45,1,False
1378,1378,Rahul Reddy,46,2,False
1379,1379,Deepak Menon,47,1,False
1380,1380,Aisha Sharma,48,2,False
1381,1381,Siddharth Nair,49,1,False
1382,1382,Meena Bhat,50,2,False
1383,1383,Kavita Das,51,1,False
1384,1384,Sanjay Joshi,52,2,False
1385,1385,Rajesh Chavan,53,1,False
1386,1386,Anita Singh,54,2,False
1387,1387,Priya Verma,55,1,False
1388,1388,Rahul Reddy,56,2,False
1389,1389,Deepak Menon,57,1,False
1390,1390,Aisha Sharma,58,2,False
1391,1391,Siddharth Nair,59,1,False
1392,1392,Meena Bhat,60,2,False
1393,1393,Kavita Das,61,1,False
1394,1394,Sanjay Joshi,62,2,False
1395,1395,Rajesh Chavan,63,1,False
1396,1396,Anita Singh,64,2,False
1397,1397,Priya Verma,65,1,False
1398,1398,Rahul Reddy,66,2,False
1399,1399,Deepak Menon,67,1,False
1400,1400,Aisha Sharma,18,2,False
1401,1401,Siddharth Nair,19,1,False
1402,1402,Meena Bhat,20,2,False
1403,1403,Kavita Das,21,1,False
1404,1404,Sanjay Joshi,22,2,False
1405,1405,Rajesh Chavan,23,1,False
1406,1406,Anita Singh,24,2,False
1407,1407,Priya Verma,25,1,False
1408,1408,Rahul Reddy,26,2,False
1409,1409,Deepak Menon,27,1,False
1410,1410,Aisha Sharma,28,2,False
1411,1411,Siddharth Nair,29,1,False
1412,1412,Meena Bhat,30,2,False
1413,1413,Kavita Das,31,1,False
1414,1414,Sanjay Joshi,32,2,False
1415,1415,Rajesh Chavan,33,1,False
1416,1416,Anita Singh,34,2,False
1417,1417,Priya Verma,35,1,False
1418,1418,Rahul Reddy,36,2,False
1419,1419,Deepak Menon,37,1,False
1420,1420,Aisha Sharma,38,2,False
1421,1421,Siddharth Nair,39,1,False
1422,1422,Meena Bhat,40,2,False
1423,1423,Kavita Das,41,1,False
1424,1424,Sanjay Joshi,42,2,False
1425,1425,Rajesh Chavan,43,1,False
1426,1426,Anita Singh,44,2,False
1427,1427,Priya Verma,45,1,False
1428,1428,Rahul Reddy,46,2,False
1429,1429,Deepak Menon,47,1,False
1430,1430,Aisha Sharma,48,2,False
1431,1431,Siddharth Nair,49,1,False
1432,1432,Meena Bhat,50,2,False
1433,1433,Kavita Das,51,1,False
1434,1434,Sanjay Joshi,52,2,False
1435,1435,Rajesh Chavan,53,1,False
1436,1436,Anita Singh,54,2,False
1437,1437,Priya Verma,55,1,False
1438,1438,Rahul Reddy,56,2,False
1439,1439,Deepak Menon,57,1,False
1440,1440,Aisha Sharma,58,2,False
1441,1441,Siddharth Nair,59,1,False
1442,1442,Meena Bhat,60,2,False
1443,1443,Kavita Das,61,1,False
1444,1444,Sanjay Joshi,62,2,False
1445,1445,Rajesh Chavan,63,1,False
1446,1446,Anita Singh,64,2,False
1447,1447,Priya Verma,65,1,False
1448,1448,Rahul Reddy,66,2,False
1449,1449,Deepak Menon,67,1,False
1450,1450,Aisha Sharma,18,2,False
1451,1451,Siddharth Nair,19,1,False
1452,1452,Meena Bhat,20,2,False
1453,1453,Kavita Das,21,1,False
1454,1454,Sanjay Joshi,22,2,False
1455,1455,Rajesh Chavan,23,1,False
1456,1456,Anita Singh,24,2,False
1457,1457,Priya Verma,25,1,False
1458,1458,Rahul Reddy,26,2,False
1459,1459,Deepak Menon,27,1,False
1460,1460,Aisha Sharma,28,2,False
1461,1461,Siddharth Nair,29,1,False
1462,1462,Meena Bhat,30,2,False
1463,1463,Kavita Das,31,1,False
1464,1464,Sanjay Joshi,32,2,False
1465,1465,Rajesh Chavan,33,1,False
1466,1466,Anita Singh,34,2,False
1467,1467,Priya Verma,35,1,False
1468,1468,Rahul Reddy,36,2,False
1469,1469,Deepak Menon,37,1,False
1470,1470,Aisha Sharma,38,2,False
1471,1471,Siddharth Nair,39,1,False
1472,1472,Meena Bhat,40,2,False
1473,1473,Kavita Das,41,1,False
1474,1474,Sanjay Joshi,42,2,False
1475,1475,Rajesh Chavan,43,1,False
1476,1476,Anita Singh,44,2,False
1477,1477,Priya Verma,45,1,False
1478,1478,Rahul Reddy,46,2,False
1479,1479,Deepak Menon,47,1,False
1480,1480,Aisha Sharma,48,2,False
1481,1481,Siddharth Nair,49,1,False
1482,1482,Meena Bhat,50,2,False
1483,1483,Kavita Das,51,1,False
1484,1484,Sanjay Joshi,52,2,False
1485,1485,Rajesh Chavan,53,1,False
1486,1486,Anita Singh,54,2,False
1487,1487,Priya Verma,55,1,False
1488,1488,Rahul Reddy,56,2,False
1489,1489,Deepak Menon,57,1,False
1490,1490,Aisha Sharma,58,2,False
1491,1491,Siddharth Nair,59,1,False
1492,1492,Meena Bhat,60,2,False
1493,1493,Kavita Das,61,1,False
1494,1494,Sanjay Joshi,62,2,False
1495,1495,Rajesh Chavan,63,1,False
1496,1496,Anita Singh,64,2,False
1497,1497,Priya Verma,65,1,False
1498,1498,Rahul Reddy,66,2,False
1499,1499,Deepak Menon,67,1,False
1500,1500,Aisha Sharma,18,2,False
1501,1501,Siddharth Nair,19,1,False
1502,1502,Meena Bhat,20,2,False
1503,1503,Kavita Das,21,1,False
1504,1504,Sanjay Joshi,22,2,False
1505,1505,Rajesh Chavan,23,1,False
1506,1506,Anita Singh,24,2,False
1507,1507,Priya Verma,25,1,False
1508,1508,Rahul Reddy,26,2,False
1509,1509,Deepak Menon,27,1,False
1510,1510,Aisha Sharma,28,2,False
1511,1511,Siddharth Nair,29,1,False
1512,1512,Meena Bhat,30,2,False
1513,1513,Kavita Das,31,1,False
1514,1514,Sanjay Joshi,32,2,False
1515,1515,Rajesh Chavan,33,1,False
1516,1516,Anita Singh,34,2,False
1517,1517,Priya Verma,35,1,False
1518,1518,Rahul Reddy,36,2,False
1519,1519,Deepak Menon,37,1,False
1520,1520,Aisha Sharma,38,2,False
1521,1521,Siddharth Nair,39,1,False
1522,1522,Meena Bhat,40,2,False
1523,1523,Kavita Das,41,1,False
1524,1524,Sanjay Joshi,42,2,False
1525,1525,Rajesh Chavan,43,1,False
1526,1526,Anita Singh,44,2,False
1527,1527,Priya Verma,45,1,False
1528,1528,Rahul Reddy,46,2,False
1529,1529,Deepak Menon,47,1,False
1530,1530,Aisha Sharma,48,2,False
1531,1531,Siddharth Nair,49,1,False
1532,1532,Meena Bhat,50,2,False
1533,1533,Kavita Das,51,1,False
1534,1534,Sanjay Joshi,52,2,False
1535,1535,Rajesh Chavan,53,1,False
1536,1536,Anita Singh,54,2,False
1537,1537,Priya Verma,55,1,False
1538,1538,Rahul Reddy,56,2,False
1539,1539,Deepak Menon,57,1,False
1540,1540,Aisha Sharma,58,2,False
1541,1541,Siddharth Nair,59,1,False
1542,1542,Meena Bhat,60,2,False
1543,1543,Kavita Das,61,1,False
1544,1544,Sanjay Joshi,62,2,False
1545,1545,Rajesh Chavan,63,1,False
1546,1546,Anita Singh,64,2,False
1547,1547,Priya Verma,65,1,False
1548,1548,Rahul Reddy,66,2,False
1549,1549,Deepak Menon,67,1,False
1550,1550,Aisha Sharma,18,2,False
1551,1551,Siddharth Nair,19,1,False
1552,1552,Meena Bhat,20,2,False
1553,1553,Kavita Das,21,1,False
1554,1554,Sanjay Joshi,22,2,False
1555,1555,Rajesh Chavan,23,1,False
1556,1556,Anita Singh,24,2,False
1557,1557,Priya Verma,25,1,False
1558,1558,Rahul Reddy,26,2,False
1559,1559,Deepak Menon,27,1,False
1560,1560,Aisha Sharma,28,2,False
1561,1561,Siddharth Nair,29,1,False
1562,1562,Meena Bhat,30,2,False
1563,1563,Kavita Das,31,1,False
1564,1564,Sanjay Joshi,32,2,False
1565,1565,Rajesh Chavan,33,1,False
1566,1566,Anita Singh,34,2,False
1567,1567,Priya Verma,35,1,False
1568,1568,Rahul Reddy,36,2,False
1569,1569,Deepak Menon,37,1,False
1570,1570,Aisha Sharma,38,2,False
1571,1571,Siddharth Nair,39,1,False
1572,1572,Meena Bhat,40,2,False
1573,1573,Kavita Das,41,1,False
1574,1574,Sanjay Joshi,42,2,False
1575,1575,Rajesh Chavan,43,1,False
1576,1576,Anita Singh,44,2,False
1577,1577,Priya Verma,45,1,False
1578,1578,Rahul Reddy,46,2,False
1579,1579,Deepak Menon,47,1,False
1580,1580,Aisha Sharma,48,2,False
1581,1581,Siddharth Nair,49,1,False
1582,1582,Meena Bhat,50,2,False
1583,1583,Kavita Das,51,1,False
1584,1584,Sanjay Joshi,52,2,False
1585,1585,Rajesh Chavan,53,1,False
1586,1586,Anita Singh,54,2,False
1587,1587,Priya Verma,55,1,False
1588,1588,Rahul Reddy,56,2,False
1589,1589,Deepak Menon,57,1,False
1590,1590,Aisha Sharma,58,2,False
1591,1591,Siddharth Nair,59,1,False
1592,1592,Meena Bhat,60,2,False
1593,1593,Kavita Das,61,1,False
1594,1594,Sanjay Joshi,62,2,False
1595,1595,Rajesh Chavan,63,1,False
1596,1596,Anita Singh,64,2,False
1597,1597,Priya Verma,65,1,False
1598,1598,Rahul Reddy,66,2,False
1599,1599,Deepak Menon,67,1,False
1600,1600,Aisha Sharma,18,2,False
1601,1601,Siddharth Nair,19,1,False
1602,1602,Meena Bhat,20,2,False
1603,1603,Kavita Das,21,1,False
1604,1604,Sanjay Joshi,22,2,False
1605,1605,Rajesh Chavan,23,1,False
1606,1606,Anita Singh,24,2,False
1607,1607,Priya Verma,25,1,False
1608,1608,Rahul Reddy,26,2,False
1609,1609,Deepak Menon,27,1,False
1610,1610,Aisha Sharma,28,2,False
1611,1611,Siddharth Nair,29,1,False
1612,1612,Meena Bhat,30,2,False
1613,1613,Kavita Das,31,1,False
1614,1614,Sanjay Joshi,32,2,False
1615,1615,Rajesh Chavan,33,1,False
1616,1616,Anita Singh,34,2,False
1617,1617,Priya Verma,35,1,False
1618,1618,Rahul Reddy,36,2,False
1619,1619,Deepak Menon,37,1,False
1620,1620,Aisha Sharma,38,2,False
1621,1621,Siddharth Nair,39,1,False
1622,1622,Meena Bhat,40,2,False
1623,1623,Kavita Das,41,1,False
1624,1624,Sanjay Joshi,42,2,False
1625,1625,Rajesh Chavan,43,1,False
1626,1626,Anita Singh,44,2,False
1627,1627,Priya Verma,45,1,False
1628,1628,Rahul Reddy,46,2,False
1629,1629,Deepak Menon,47,1,False
1630,1630,Aisha Sharma,48,2,False
1631,1631,Siddharth Nair,49,1,False
1632,1632,Meena Bhat,50,2,False
1633,1633,Kavita Das,51,1,False
1634,1634,Sanjay Joshi,52,2,False
1635,1635,Rajesh Chavan,53,1,False
1636,1636,Anita Singh,54,2,False
1637,1637,Priya Verma,55,1,False
1638,1638,Rahul Reddy,56,2,False
1639,1639,Deepak Menon,57,1,False
1640,1640,Aisha Sharma,58,2,False
1641,1641,Siddharth Nair,59,1,False
1642,1642,Meena Bhat,60,2,False
1643,1643,Kavita Das,61,1,False
1644,1644,Sanjay Joshi,62,2,False
1645,1645,Rajesh Chavan,63,1,False
1646,1646,Anita Singh,64,2,False
1647,1647,Priya Verma,65,1,False
1648,1648,Rahul Reddy,66,2,False
1649,1649,Deepak Menon,67,1,False
1650,1650,Aisha Sharma,18,2,False
1651,1651,Siddharth Nair,19,1,False
1652,1652,Meena Bhat,20,2,False
1653,1653,Kavita Das,21,1,False
1654,1654,Sanjay Joshi,22,2,False
1655,1655,Rajesh Chavan,23,1,False
1656,1656,Anita Singh,24,2,False
1657,1657,Priya Verma,25,1,False
1658,1658,Rahul Reddy,26,2,False
1659,1659,Deepak Menon,27,1,False
1660,1660,Aisha Sharma,28,2,False
1661,1661,Siddharth Nair,29,1,False
1662,1662,Meena Bhat,30,2,False
1663,1663,Kavita Das,31,1,False
1664,1664,Sanjay Joshi,32,2,False
1665,1665,Rajesh Chavan,33,1,False
1666,1666,Anita Singh,34,2,False
1667,1667,Priya Verma,35,1,False
1668,1668,Rahul Reddy,36,2,False
1669,1669,Deepak Menon,37,1,False
1670,1670,Aisha Sharma,38,2,False
1671,1671,Siddharth Nair,39,1,False
1672,1672,Meena Bhat,40,2,False
1673,1673,Kavita Das,41,1,False
1674,1674,Sanjay Joshi,42,2,False
1675,1675,Rajesh Chavan,43,1,False
1676,1676,Anita Singh,44,2,False
1677,1677,Priya Verma,45,1,False
1678,1678,Rahul Reddy,46,2,False
1679,1679,Deepak Menon,47,1,False
1680,1680,Aisha Sharma,48,2,False
1681,1681,Siddharth Nair,49,1,False
1682,1682,Meena Bhat,50,2,False
1683,1683,Kavita Das,51,1,False
1684,1684,Sanjay Joshi,52,2,False
1685,1685,Rajesh Chavan,53,1,False
1686,1686,Anita Singh,54,2,False
1687,1687,Priya Verma,55,1,False
1688,1688,Rahul Reddy,56,2,False
1689,1689,Deepak Menon,57,1,False
1690,1690,Aisha Sharma,58,2,False
1691,1691,Siddharth Nair,59,1,False
1692,1692,Meena Bhat,60,2,False
1693,1693,Kavita Das,61,1,False
1694,1694,Sanjay Joshi,62,2,False
1695,1695,Rajesh Chavan,63,1,False
1696,1696,Anita Singh,64,2,False
1697,1697,Priya Verma,65,1,False
1698,1698,Rahul Reddy,66,2,False
1699,1699,Deepak Menon,67,1,False
1700,1700,Aisha Sharma,18,2,False
1701,1701,Siddharth Nair,19,1,False
1702,1702,Meena Bhat,20,2,False
1703,1703,Kavita Das,21,1,False
1704,1704,Sanjay Joshi,22,2,False
1705,1705,Rajesh Chavan,23,1,False
1706,1706,Anita Singh,24,2,False
1707,1707,Priya Verma,25,1,False
1708,1708,Rahul Reddy,26,2,False
1709,1709,Deepak Menon,27,1,False
1710,1710,Aisha Sharma,28,2,False
1711,1711,Siddharth Nair,29,1,False
1712,1712,Meena Bhat,30,2,False
1713,1713,Kavita Das,31,1,False
1714,1714,Sanjay Joshi,32,2,False
1715,1715,Rajesh Chavan,33,1,False
1716,1716,Anita Singh,34,2,False
1717,1717,Priya Verma,35,1,False
1718,1718,Rahul Reddy,36,2,False
1719,1719,Deepak Menon,37,1,False
1720,1720,Aisha Sharma,38,2,False
1721,1721,Siddharth Nair,39,1,False
1722,1722,Meena Bhat,40,2,False
1723,1723,Kavita Das,41,1,False
1724,1724,Sanjay Joshi,42,2,False
1725,1725,Rajesh Chavan,43,1,False
1726,1726,Anita Singh,44,2,False
1727,1727,Priya Verma,45,1,False
1728,1728,Rahul Reddy,46,2,False
1729,1729,Deepak Menon,47,1,False
1730,1730,Aisha Sharma,48,2,False
1731,1731,Siddharth Nair,49,1,False
1732,1732,Meena Bhat,50,2,False
1733,1733,Kavita Das,51,1,False
1734,1734,Sanjay Joshi,52,2,False
1735,1735,Rajesh Chavan,53,1,False
1736,1736,Anita Singh,54,2,False
1737,1737,Priya Verma,55,1,False
1738,1738,Rahul Reddy,56,2,False
1739,1739,Deepak Menon,57,1,False
1740,1740,Aisha Sharma,58,2,False
1741,1741,Siddharth Nair,59,1,False
1742,1742,Meena Bhat,60,2,False
1743,1743,Kavita Das,61,1,False
1744,1744,Sanjay Joshi,62,2,False
1745,1745,Rajesh Chavan,63,1,False
1746,1746,Anita Singh,64,2,False
1747,1747,Priya Verma,65,1,False
1748,1748,Rahul Reddy,66,2,False
1749,1749,Deepak Menon,67,1,False
1750,1750,Aisha Sharma,18,2,False
1751,1751,Siddharth Nair,19,1,False
1752,1752,Meena Bhat,20,2,False
1753,1753,Kavita Das,21,1,False
1754,1754,Sanjay Joshi,22,2,False
1755,1755,Rajesh Chavan,23,1,False
1756,1756,Anita Singh,24,2,False
1757,1757,Priya Verma,25,1,False
1758,1758,Rahul Reddy,26,2,False
1759,1759,Deepak Menon,27,1,False
1760,1760,Aisha Sharma,28,2,False
1761,1761,Siddharth Nair,29,1,False
1762,1762,Meena Bhat,30,2,False
1763,1763,Kavita Das,31,1,False
1764,1764,Sanjay Joshi,32,2,False
1765,1765,Rajesh Chavan,33,1,False
1766,1766,Anita Singh,34,2,False
1767,1767,Priya Verma,35,1,False
1768,1768,Rahul Reddy,36,2,False
1769,1769,Deepak Menon,37,1,False
1770,1770,Aisha Sharma,38,2,False
1771,1771,Siddharth Nair,39,1,False
1772,1772,Meena Bhat,40,2,False
1773,1773,Kavita Das,41,1,False
1774,1774,Sanjay Joshi,42,2,False
1775,1775,Rajesh Chavan,43,1,False
1776,1776,Anita Singh,44,2,False
1777,1777,Priya Verma,45,1,False
1778,1778,Rahul Reddy,46,2,False
1779,1779,Deepak Menon,47,1,False
1780,1780,Aisha Sharma,48,2,False
1781,1781,Siddharth Nair,49,1,False
1782,1782,Meena Bhat,50,2,False
1783,1783,Kavita Das,51,1,False
1784,1784,Sanjay Joshi,52,2,False
1785,1785,Rajesh Chavan,53,1,False
1786,1786,Anita Singh,54,2,False
1787,1787,Priya Verma,55,1,False
1788,1788,Rahul Reddy,56,2,False
1789,1789,Deepak Menon,57,1,False
1790,1790,Aisha Sharma,58,2,False
1791,1791,Siddharth Nair,59,1,False
1792,1792,Meena Bhat,60,2,False
1793,1793,Kavita Das,61,1,False
1794,1794,Sanjay Joshi,62,2,False
1795,1795,Rajesh Chavan,63,1,False
1796,1796,Anita Singh,64,2,False
1797,1797,Priya Verma,65,1,False
1798,1798,Rahul Reddy,66,2,False
1799,1799,Deepak Menon,67,1,False
1800,1800,Aisha Sharma,18,2,False
1801,1801,Siddharth Nair,19,1,False
1802,1802,Meena Bhat,20,2,False
1803,1803,Kavita Das,21,1,False
1804,1804,Sanjay Joshi,22,2,False
1805,1805,Rajesh Chavan,23,1,False
1806,1806,Anita Singh,24,2,False
1807,1807,Priya Verma,25,1,False
1808,1808,Rahul Reddy,26,2,False
1809,1809,Deepak Menon,27,1,False
1810,1810,Aisha Sharma,28,2,False
1811,1811,Siddharth Nair,29,1,False
1812,1812,Meena Bhat,30,2,False
1813,1813,Kavita Das,31,1,False
1814,1814,Sanjay Joshi,32,2,False
1815,1815,Rajesh Chavan,33,1,False
1816,1816,Anita Singh,34,2,False
1817,1817,Priya Verma,35,1,False
1818,1818,Rahul Reddy,36,2,False
1819,1819,Deepak Menon,37,1,False
1820,1820,Aisha Sharma,38,2,False
1821,1821,Siddharth Nair,39,1,False
1822,1822,Meena Bhat,40,2,False
1823,1823,Kavita Das,41,1,False
1824,1824,Sanjay Joshi,42,2,False
1825,1825,Rajesh Chavan,43,1,False
1826,1826,Anita Singh,44,2,False
1827,1827,Priya Verma,45,1,False
1828,1828,Rahul Reddy,46,2,False
1829,1829,Deepak Menon,47,1,False
1830,1830,Aisha Sharma,48,2,False
1831,1831,Siddharth Nair,49,1,False
1832,1832,Meena Bhat,50,2,False
1833,1833,Kavita Das,51,1,False
1834,1834,Sanjay Joshi,52,2,False
1835,1835,Rajesh Chavan,53,1,False
1836,1836,Anita Singh,54,2,False
1837,1837,Priya Verma,55,1,False
1838,1838,Rahul Reddy,56,2,False
1839,1839,Deepak Menon,57,1,False
1840,1840,Aisha Sharma,58,2,False
1841,1841,Siddharth Nair,59,1,False
1842,1842,Meena Bhat,60,2,False
1843,1843,Kavita Das,61,1,False
1844,1844,Sanjay Joshi,62,2,False
1845,1845,Rajesh Chavan,63,1,False
1846,1846,Anita Singh,64,2,False
1847,1847,Priya Verma,65,1,False
1848,1848,Rahul Reddy,66,2,False
1849,1849,Deepak Menon,67,1,False
1850,1850,Aisha Sharma,18,2,False
1851,1851,Siddharth Nair,19,1,False
1852,1852,Meena Bhat,20,2,False
1853,1853,Kavita Das,21,1,False
1854,1854,Sanjay Joshi,22,2,False
1855,1855,Rajesh Chavan,23,1,False
1856,1856,Anita Singh,24,2,False
1857,1857,Priya Verma,25,1,False
1858,1858,Rahul Reddy,26,2,False
1859,1859,Deepak Menon,27,1,False
1860,1860,Aisha Sharma,28,2,False
1861,1861,Siddharth Nair,29,1,False
1862,1862,Meena Bhat,30,2,False
1863,1863,Kavita Das,31,1,False
1864,1864,Sanjay Joshi,32,2,False
1865,1865,Rajesh Chavan,33,1,False
1866,1866,Anita Singh,34,2,False
1867,1867,Priya Verma,35,1,False
1868,1868,Rahul Reddy,36,2,False
1869,1869,Deepak Menon,37,1,False
1870,1870,Aisha Sharma,38,2,False
1871,1871,Siddharth Nair,39,1,False
1872,1872,Meena Bhat,40,2,False
1873,1873,Kavita Das,41,1,False
1874,1874,Sanjay Joshi,42,2,False
1875,1875,Rajesh Chavan,43,1,False
1876,1876,Anita Singh,44,2,False
1877,1877,Priya Verma,45,1,False
1878,1878,Rahul Reddy,46,2,False
1879,1879,Deepak Menon,47,1,False
1880,1880,Aisha Sharma,48,2,False
1881,1881,Siddharth Nair,49,1,False
1882,1882,Meena Bhat,50,2,False
1883,1883,Kavita Das,51,1,False
1884,1884,Sanjay Joshi,52,2,False
1885,1885,Rajesh Chavan,53,1,False
1886,1886,Anita Singh,54,2,False
1887,1887,Priya Verma,55,1,False
1888,1888,Rahul Reddy,56,2,False
1889,1889,Deepak Menon,57,1,False
1890,1890,Aisha Sharma,58,2,False
1891,1891,Siddharth Nair,59,1,False
1892,1892,Meena Bhat,60,2,False
1893,1893,Kavita Das,61,1,False
1894,1894,Sanjay Joshi,62,2,False
1895,1895,Rajesh Chavan,63,1,False
1896,1896,Anita Singh,64,2,False
1897,1897,Priya Verma,65,1,False
1898,1898,Rahul Reddy,66,2,False
1899,1899,Deepak Menon,67,1,False
1900,1900,Aisha Sharma,18,2,False
1901,1901,Siddharth Nair,19,1,False
1902,1902,Meena Bhat,20,2,False
1903,1903,Kavita Das,21,1,False
1904,1904,Sanjay Joshi,22,2,False
1905,1905,Rajesh Chavan,23,1,False
1906,1906,Anita Singh,24,2,False
1907,1907,Priya Verma,25,1,False
1908,1908,Rahul Reddy,26,2,False
1909,1909,Deepak Menon,27,1,False
1910,1910,Aisha Sharma,28,2,False
1911,1911,Siddharth Nair,29,1,False
1912,1912,Meena Bhat,30,2,False
1913,1913,Kavita Das,31,1,False
1914,1914,Sanjay Joshi,32,2,False
1915,1915,Rajesh Chavan,33,1,False
1916,1916,Anita Singh,34,2,False
1917,1917,Priya Verma,35,1,False
1918,1918,Rahul Reddy,36,2,False
1919,1919,Deepak Menon,37,1,False
1920,1920,Aisha Sharma,38,2,False
1921,1921,Siddharth Nair,39,1,False
1922,1922,Meena Bhat,40,2,False
1923,1923,Kavita Das,41,1,False
1924,1924,Sanjay Joshi,42,2,False
1925,1925,Rajesh Chavan,43,1,False
1926,1926,Anita Singh,44,2,False
1927,1927,Priya Verma,45,1,False
1928,1928,Rahul Reddy,46,2,False
1929,1929,Deepak Menon,47,1,False
1930,1930,Aisha Sharma,48,2,False
1931,1931,Siddharth Nair,49,1,False
1932,1932,Meena Bhat,50,2,False
1933,1933,Kavita Das,51,1,False
1934,1934,Sanjay Joshi,52,2,False
1935,1935,Rajesh Chavan,53,1,False
1936,1936,Anita Singh,54,2,False
1937,1937,Priya Verma,55,1,False
1938,1938,Rahul Reddy,56,2,False
1939,1939,Deepak Menon,57,1,False
1940,1940,Aisha Sharma,58,2,False
1941,1941,Siddharth Nair,59,1,False
1942,1942,Meena Bhat,60,2,False
1943,1943,Kavita Das,61,1,False
1944,1944,Sanjay Joshi,62,2,False
1945,1945,Rajesh Chavan,63,1,False
1946,1946,Anita Singh,64,2,False
1947,1947,Priya Verma,65,1,False
1948,1948,Rahul Reddy,66,2,False
1949,1949,Deepak Menon,67,1,False
1950,1950,Aisha Sharma,18,2,False
1951,1951,Siddharth Nair,19,1,False
1952,1952,Meena Bhat,20,2,False
1953,1953,Kavita Das,21,1,False
1954,1954,Sanjay Joshi,22,2,False
1955,1955,Rajesh Chavan,23,1,False
1956,1956,Anita Singh,24,2,False
1957,1957,Priya Verma,25,1,False
1958,1958,Rahul Reddy,26,2,False
1959,1959,Deepak Menon,27,1,False
1960,1960,Aisha Sharma,28,2,False
1961,1961,Siddharth Nair,29,1,False
1962,1962,Meena Bhat,30,2,False
1963,1963,Kavita Das,31,1,False
1964,1964,Sanjay Joshi,32,2,False
1965,1965,Rajesh Chavan,33,1,False
1966,1966,Anita Singh,34,2,False
1967,1967,Priya Verma,35,1,False
1968,1968,Rahul Reddy,36,2,False
1969,1969,Deepak Menon,37,1,False
1970,1970,Aisha Sharma,38,2,False
1971,1971,Siddharth Nair,39,1,False
1972,1972,Meena Bhat,40,2,False
1973,1973,Kavita Das,41,1,False
1974,1974,Sanjay Joshi,42,2,False
1975,1975,Rajesh Chavan,43,1,False
1976,1976,Anita Singh,44,2,False
1977,1977,Priya Verma,45,1,False
1978,1978,Rahul Reddy,46,2,False
1979,1979,Deepak Menon,47,1,False
1980,1980,Aisha Sharma,48,2,False
1981,1981,Siddharth Nair,49,1,False
1982,1982,Meena Bhat,50,2,False
1983,1983,Kavita Das,51,1,False
1984,1984,Sanjay Joshi,52,2,False
1985,1985,Rajesh Chavan,53,1,False
1986,1986,Anita Singh,54,2,False
1987,1987,Priya Verma,55,1,False
1988,1988,Rahul Reddy,56,2,False
1989,1989,Deepak Menon,57,1,False
1990,1990,Aisha Sharma,58,2,False
1991,1991,Siddharth Nair,59,1,False
1992,1992,Meena Bhat,60,2,False
1993,1993,Kavita Das,61,1,False
1994,1994,Sanjay Joshi,62,2,False
1995,1995,Rajesh Chavan,63,1,False
1996,1996,Anita Singh,64,2,False
1997,1997,Priya Verma,65,1,False
1998,1998,Rahul Reddy,66,2,False
1999,1999,Deepak Menon,67,1,False
2000,2000,Aisha Sharma,18,2,False
2001,2001,Siddharth Nair,19,1,False
2002,2002,Meena Bhat,20,2,False
2003,2003,Kavita Das,21,1,False
2004,2004,Sanjay Joshi,22,2,False
2005,2005,Rajesh Chavan,23,1,False
2006,2006,Anita Singh,24,2,False
2007,2007,Priya Verma,25,1,False
2008,2008,Rahul Reddy,26,2,False
2009,2009,Deepak Menon,27,1,False
2010,2010,Aisha Sharma,28,2,False
2011,2011,Siddharth Nair,29,1,False
2012,2012,Meena Bhat,30,2,False
2013,2013,Kavita Das,31,1,False
2014,2014,Sanjay Joshi,32,2,False
2015,2015,Rajesh Chavan,33,1,False
2016,2016,Anita Singh,34,2,False
2017,2017,Priya Verma,35,1,False
2018,2018,Rahul Reddy,36,2,False
2019,2019,Deepak Menon,37,1,False
2020,2020,Aisha Sharma,38,2,False
2021,2021,Siddharth Nair,39,1,False
2022,2022,Meena Bhat,40,2,False
2023,2023,Kavita Das,41,1,False
2024,2024,Sanjay Joshi,42,2,False
2025,2025,Rajesh Chavan,43,1,False
2026,2026,Anita Singh,44,2,False
2027,2027,Priya Verma,45,1,False
2028,2028,Rahul Reddy,46,2,False
2029,2029,Deepak Menon,47,1,False
2030,2030,Aisha Sharma,48,2,False
2031,2031,Siddharth Nair,49,1,False
2032,2032,Meena Bhat,50,2,False
2033,2033,Kavita Das,51,1,False
2034,2034,Sanjay Joshi,52,2,False
2035,2035,Rajesh Chavan,53,1,False
2036,2036,Anita Singh,54,2,False
2037,2037,Priya Verma,55,1,False
2038,2038,Rahul Reddy,56,2,False
2039,2039,Deepak Menon,57,1,False
2040,2040,Aisha Sharma,58,2,False
2041,2041,Siddharth Nair,59,1,False
2042,2042,Meena Bhat,60,2,False
2043,2043,Kavita Das,61,1,False
2044,2044,Sanjay Joshi,62,2,False
2045,2045,Rajesh Chavan,63,1,False
2046,2046,Anita Singh,64,2,False
2047,2047,Priya Verma,65,1,False
2048,2048,Rahul Reddy,66,2,False
2049,2049,Deepak Menon,67,1,False
2050,2050,Aisha Sharma,18,2,False
2051,2051,Siddharth Nair,19,1,False
2052,2052,Meena Bhat,20,2,False
2053,2053,Kavita Das,21,1,False
2054,2054,Sanjay Joshi,22,2,False
2055,2055,Rajesh Chavan,23,1,False
2056,2056,Anita Singh,24,2,False
2057,2057,Priya Verma,25,1,False
2058,2058,Rahul Reddy,26,2,False
2059,2059,Deepak Menon,27,1,False
2060,2060,Aisha Sharma,28,2,False
2061,2061,Siddharth Nair,29,1,False
2062,2062,Meena Bhat,30,2,False
2063,2063,Kavita Das,31,1,False
2064,2064,Sanjay Joshi,32,2,False
2065,2065,Rajesh Chavan,33,1,False
2066,2066,Anita Singh,34,2,False
2067,2067,Priya Verma,35,1,False
2068,2068,Rahul Reddy,36,2,False
2069,2069,Deepak Menon,37,1,False
2070,2070,Aisha Sharma,38,2,False
2071,2071,Siddharth Nair,39,1,False
2072,2072,Meena Bhat,40,2,False
2073,2073,Kavita Das,41,1,False
2074,2074,Sanjay Joshi,42,2,False
2075,2075,Rajesh Chavan,43,1,False
2076,2076,Anita Singh,44,2,False
2077,2077,Priya Verma,45,1,False
2078,2078,Rahul Reddy,46,2,False
2079,2079,Deepak Menon,47,1,False
2080,2080,Aisha Sharma,48,2,False
2081,2081,Siddharth Nair,49,1,False
2082,2082,Meena Bhat,50,2,False
2083,2083,Kavita Das,51,1,False
2084,2084,Sanjay Joshi,52,2,False
2085,2085,Rajesh Chavan,53,1,False
2086,2086,Anita Singh,54,2,False
2087,2087,Priya Verma,55,1,False
2088,2088,Rahul Reddy,56,2,False
2089,2089,Deepak Menon,57,1,False
2090,2090,Aisha Sharma,58,2,False
2091,2091,Siddharth Nair,59,1,False
2092,2092,Meena Bhat,60,2,False
2093,2093,Kavita Das,61,1,False
2094,2094,Sanjay Joshi,62,2,False
2095,2095,Rajesh Chavan,63,1,False
2096,2096,Anita Singh,64,2,False
2097,2097,Priya Verma,65,1,False
2098,2098,Rahul Reddy,66,2,False
2099,2099,Deepak Menon,67,1,False
2100,2100,Aisha Sharma,18,2,False
2101,2101,Siddharth Nair,19,1,False
2102,2102,Meena Bhat,20,2,False
2103,2103,Kavita Das,21,1,False
2104,2104,Sanjay Joshi,22,2,False
2105,2105,Rajesh Chavan,23,1,False
2106,2106,Anita Singh,24,2,False
2107,2107,Priya Verma,25,1,False
2108,2108,Rahul Reddy,26,2,False
2109,2109,Deepak Menon,27,1,False
2110,2110,Aisha Sharma,28,2,False
2111,2111,Siddharth Nair,29,1,False
2112,2112,Meena Bhat,30,2,False
2113,2113,Kavita Das,31,1,False
2114,2114,Sanjay Joshi,32,2,False
2115,2115,Rajesh Chavan,33,1,False
2116,2116,Anita Singh,34,2,False
2117,2117,Priya Verma,35,1,False
2118,2118,Rahul Reddy,36,2,False
2119,2119,Deepak Menon,37,1,False
2120,2120,Aisha Sharma,38,2,False
2121,2121,Siddharth Nair,39,1,False
2122,2122,Meena Bhat,40,2,False
2123,2123,Kavita Das,41,1,False
2124,2124,Sanjay Joshi,42,2,False
2125,2125,Rajesh Chavan,43,1,False
2126,2126,Anita Singh,44,2,False
2127,2127,Priya Verma,45,1,False
2128,2128,Rahul Reddy,46,2,False
2129,2129,Deepak Menon,47,1,False
2130,2130,Aisha Sharma,48,2,False
2131,2131,Siddharth Nair,49,1,False
2132,2132,Meena Bhat,50,2,False
2133,2133,Kavita Das,51,1,False
2134,2134,Sanjay Joshi,52,2,False
2135,2135,Rajesh Chavan,53,1,False
2136,2136,Anita Singh,54,2,False
2137,2137,Priya Verma,55,1,False
2138,2138,Rahul Reddy,56,2,False
2139,2139,Deepak Menon,57,1,False
2140,2140,Aisha Sharma,58,2,False
2141,2141,Siddharth Nair,59,1,False
2142,2142,Meena Bhat,60,2,False
2143,2143,Kavita Das,61,1,False
2144,2144,Sanjay Joshi,62,2,False
2145,2145,Rajesh Chavan,63,1,False
2146,2146,Anita Singh,64,2,False
2147,2147,Priya Verma,65,1,False
2148,2148,Rahul Reddy,66,2,False
2149,2149,Deepak Menon,67,1,False
2150,2150,Aisha Sharma,18,2,False
2151,2151,Siddharth Nair,19,1,False
2152,2152,Meena Bhat,20,2,False
2153,2153,Kavita Das,21,1,False
2154,2154,Sanjay Joshi,22,2,False
2155,2155,Rajesh Chavan,23,1,False
2156,2156,Anita Singh,24,2,False
2157,2157,Priya Verma,25,1,False
2158,2158,Rahul Reddy,26,2,False
2159,2159,Deepak Menon,27,1,False
2160,2160,Aisha Sharma,28,2,False
2161,2161,Siddharth Nair,29,1,False
2162,2162,Meena Bhat,30,2,False
2163,2163,Kavita Das,31,1,False
2164,2164,Sanjay Joshi,32,2,False
2165,2165,Rajesh Chavan,33,1,False
2166,2166,Anita Singh,34,2,False
2167,2167,Priya Verma,35,1,False
2168,2168,Rahul Reddy,36,2,False
2169,2169,Deepak Menon,37,1,False
2170,2170,Aisha Sharma,38,2,False
2171,2171,Siddharth Nair,39,1,False
2172,2172,Meena Bhat,40,2,False
2173,2173,Kavita Das,41,1,False
2174,2174,Sanjay Joshi,42,2,False
2175,2175,Rajesh Chavan,43,1,False
2176,2176,Anita Singh,44,2,False
2177,2177,Priya Verma,45,1,False
2178,2178,Rahul Reddy,46,2,False
2179,2179,Deepak Menon,47,1,False
2180,2180,Aisha Sharma,48,2,False
2181,2181,Siddharth Nair,49,1,False
2182,2182,Meena Bhat,50,2,False
2183,2183,Kavita Das,51,1,False
2184,2184,Sanjay Joshi,52,2,False
2185,2185,Rajesh Chavan,53,1,False
2186,2186,Anita Singh,54,2,False
2187,2187,Priya Verma,55,1,False
2188,2188,Rahul Reddy,56,2,False
2189,2189,Deepak Menon,57,1,False
2190,2190,Aisha Sharma,58,2,False
2191,2191,Siddharth Nair,59,1,False
2192,2192,Meena Bhat,60,2,False
2193,2193,Kavita Das,61,1,False
2194,2194,Sanjay Joshi,62,2,False
2195,2195,Rajesh Chavan,63,1,False
2196,2196,Anita Singh,64,2,False
2197,2197,Priya Verma,65,1,False
2198,2198,Rahul Reddy,66,2,False
2199,2199,Deepak Menon,67,1,False
2200,2200,Aisha Sharma,18,2,False
2201,2201,Siddharth Nair,19,1,False
2202,2202,Meena Bhat,20,2,False
2203,2203,Kavita Das,21,1,False
2204,2204,Sanjay Joshi,22,2,False
2205,2205,Rajesh Chavan,23,1,False
2206,2206,Anita Singh,24,2,False
2207,2207,Priya Verma,25,1,False
2208,2208,Rahul Reddy,26,2,False
2209,2209,Deepak Menon,27,1,False
2210,2210,Aisha Sharma,28,2,False
2211,2211,Siddharth Nair,29,1,False
2212,2212,Meena Bhat,30,2,False
2213,2213,Kavita Das,31,1,False
2214,2214,Sanjay Joshi,32,2,False
2215,2215,Rajesh Chavan,33,1,False
2216,2216,Anita Singh,34,2,False
2217,2217,Priya Verma,35,1,False
2218,2218,Rahul Reddy,36,2,False
2219,2219,Deepak Menon,37,1,False
2220,2220,Aisha Sharma,38,2,False
2221,2221,Siddharth Nair,39,1,False
2222,2222,Meena Bhat,40,2,False
2223,2223,Kavita Das,41,1,False
2224,2224,Sanjay Joshi,42,2,False
2225,2225,Rajesh Chavan,43,1,False
2226,2226,Anita Singh,44,2,False
2227,2227,Priya Verma,45,1,False
2228,2228,Rahul Reddy,46,2,False
2229,2229,Deepak Menon,47,1,False
2230,2230,Aisha Sharma,48,2,False
2231,2231,Siddharth Nair,49,1,False
2232,2232,Meena Bhat,50,2,False
2233,2233,Kavita Das,51,1,False
2234,2234,Sanjay Joshi,52,2,False
2235,2235,Rajesh Chavan,53,1,False
2236,2236,Anita Singh,54,2,False
2237,2237,Priya Verma,55,1,False
2238,2238,Rahul Reddy,56,2,False
2239,2239,Deepak Menon,57,1,False
2240,2240,Aisha Sharma,58,2,False
2241,2241,Siddharth Nair,59,1,False
2242,2242,Meena Bhat,60,2,False
2243,2243,Kavita Das,61,1,False
2244,2244,Sanjay Joshi,62,2,False
2245,2245,Rajesh Chavan,63,1,False
2246,2246,Anita Singh,64,2,False
2247,2247,Priya Verma,65,1,False
2248,2248,Rahul Reddy,66,2,False
2249,2249,Deepak Menon,67,1,False
2250,2250,Aisha Sharma,18,2,False
2251,2251,Siddharth Nair,19,1,False
2252,2252,Meena Bhat,20,2,False
2253,2253,Kavita Das,21,1,False
2254,2254,Sanjay Joshi,22,2,False
2255,2255,Rajesh Chavan,23,1,False
2256,2256,Anita Singh,24,2,False
2257,2257,Priya Verma,25,1,False
2258,2258,Rahul Reddy,26,2,False
2259,2259,Deepak Menon,27,1,False
2260,2260,Aisha Sharma,28,2,False
2261,2261,Siddharth Nair,29,1,False
2262,2262,Meena Bhat,30,2,False
2263,2263,Kavita Das,31,1,False
2264,2264,Sanjay Joshi,32,2,False
2265,2265,Rajesh Chavan,33,1,False
2266,2266,Anita Singh,34,2,False
2267,2267,Priya Verma,35,1,False
2268,2268,Rahul Reddy,36,2,False
2269,2269,Deepak Menon,37,1,False
2270,2270,Aisha Sharma,38,2,False
2271,2271,Siddharth Nair,39,1,False
2272,2272,Meena Bhat,40,2,False
2273,2273,Kavita Das,41,1,False
2274,2274,Sanjay Joshi,42,2,False
2275,2275,Rajesh Chavan,43,1,False
2276,2276,Anita Singh,44,2,False
2277,2277,Priya Verma,45,1,False
2278,2278,Rahul Reddy,46,2,False
2279,2279,Deepak Menon,47,1,False
2280,2280,Aisha Sharma,48,2,False
2281,2281,Siddharth Nair,49,1,False
2282,2282,Meena Bhat,50,2,False
2283,2283,Kavita Das,51,1,False
2284,2284,Sanjay Joshi,52,2,False
2285,2285,Rajesh Chavan,53,1,False
2286,2286,Anita Singh,54,2,False
2287,2287,Priya Verma,55,1,False
2288,2288,Rahul Reddy,56,2,False
2289,2289,Deepak Menon,57,1,False
2290,2290,Aisha Sharma,58,2,False
2291,2291,Siddharth Nair,59,1,False
2292,2292,Meena Bhat,60,2,False
2293,2293,Kavita Das,61,1,False
2294,2294,Sanjay Joshi,62,2,False
2295,2295,Rajesh Chavan,63,1,False
2296,2296,Anita Singh,64,2,False
2297,2297,Priya Verma,65,1,False
2298,2298,Rahul Reddy,66,2,False
2299,2299,Deepak Menon,67,1,False
2300,2300,Aisha Sharma,18,2,False
2301,2301,Siddharth Nair,19,1,False
2302,2302,Meena Bhat,20,2,False
2303,2303,Kavita Das,21,1,False
2304,2304,Sanjay Joshi,22,2,False
2305,2305,Rajesh Chavan,23,1,False
2306,2306,Anita Singh,24,2,False
2307,2307,Priya Verma,25,1,False
2308,2308,Rahul Reddy,26,2,False
2309,2309,Deepak Menon,27,1,False
2310,2310,Aisha Sharma,28,2,False
2311,2311,Siddharth Nair,29,1,False
2312,2312,Meena Bhat,30,2,False
2313,2313,Kavita Das,31,1,False
2314,2314,Sanjay Joshi,32,2,False
2315,2315,Rajesh Chavan,33,1,False
2316,2316,Anita Singh,34,2,False
2317,2317,Priya Verma,35,1,False
2318,2318,Rahul Reddy,36,2,False
2319,2319,Deepak Menon,37,1,False
2320,2320,Aisha Sharma,38,2,False
2321,2321,Siddharth Nair,39,1,False
2322,2322,Meena Bhat,40,2,False
2323,2323,Kavita Das,41,1,False
2324,2324,Sanjay Joshi,42,2,False
2325,2325,Rajesh Chavan,43,1,False
2326,2326,Anita Singh,44,2,False
2327,2327,Priya Verma,45,1,False
2328,2328,Rahul Reddy,46,2,False
2329,2329,Deepak Menon,47,1,False
2330,2330,Aisha Sharma,48,2,False
2331,2331,Siddharth Nair,49,1,False
2332,2332,Meena Bhat,50,2,False
2333,2333,Kavita Das,51,1,False
2334,2334,Sanjay Joshi,52,2,False
2335,2335,Rajesh Chavan,53,1,False
2336,2336,Anita Singh,54,2,False
2337,2337,Priya Verma,55,1,False
2338,2338,Rahul Reddy,56,2,False
2339,2339,Deepak Menon,57,1,False
2340,2340,Aisha Sharma,58,2,False
2341,2341,Siddharth Nair,59,1,False
2342,2342,Meena Bhat,60,2,False
2343,2343,Kavita Das,61,1,False
2344,2344,Sanjay Joshi,62,2,False
2345,2345,Rajesh Chavan,63,1,False
2346,2346,Anita Singh,64,2,False
2347,2347,Priya Verma,65,1,False
2348,2348,Rahul Reddy,66,2,False
2349,2349,Deepak Menon,67,1,False
2350,2350,Aisha Sharma,18,2,False
2351,2351,Siddharth Nair,19,1,False
2352,2352,Meena Bhat,20,2,False
2353,2353,Kavita Das,21,1,False
2354,2354,Sanjay Joshi,22,2,False
2355,2355,Rajesh Chavan,23,1,False
2356,2356,Anita Singh,24,2,False
2357,2357,Priya Verma,25,1,False
2358,2358,Rahul Reddy,26,2,False
2359,2359,Deepak Menon,27,1,False
2360,2360,Aisha Sharma,28,2,False
2361,2361,Siddharth Nair,29,1,False
2362,2362,Meena Bhat,30,2,False
2363,2363,Kavita Das,31,1,False
2364,2364,Sanjay Joshi,32,2,False
2365,2365,Rajesh Chavan,33,1,False
2366,2366,Anita Singh,34,2,False
2367,2367,Priya Verma,35,1,False
2368,2368,Rahul Reddy,36,2,False
2369,2369,Deepak Menon,37,1,False
2370,2370,Aisha Sharma,38,2,False
2371,2371,Siddharth Nair,39,1,False
2372,2372,Meena Bhat,40,2,False
2373,2373,Kavita Das,41,1,False
2374,2374,Sanjay Joshi,42,2,False
2375,2375,Rajesh Chavan,43,1,False
2376,2376,Anita Singh,44,2,False
2377,2377,Priya Verma,45,1,False
2378,2378,Rahul Reddy,46,2,False
2379,2379,Deepak Menon,47,1,False
2380,2380,Aisha Sharma,48,2,False
2381,2381,Siddharth Nair,49,1,False
2382,2382,Meena Bhat,50,2,False
2383,2383,Kavita Das,51,1,False
2384,2384,Sanjay Joshi,52,2,False
2385,2385,Rajesh Chavan,53,1,False
2386,2386,Anita Singh,54,2,False
2387,2387,Priya Verma,55,1,False
2388,2388,Rahul Reddy,56,2,False
2389,2389,Deepak Menon,57,1,False
2390,2390,Aisha Sharma,58,2,False
2391,2391,Siddharth Nair,59,1,False
2392,2392,Meena Bhat,60,2,False
2393,2393,Kavita Das,61,1,False
2394,2394,Sanjay Joshi,62,2,False
2395,2395,Rajesh Chavan,63,1,False
2396,2396,Anita Singh,64,2,False
2397,2397,Priya Verma,65,1,False
2398,2398,Rahul Reddy,66,2,False
2399,2399,Deepak Menon,67,1,False
2400,2400,Aisha Sharma,18,2,False
2401,2401,Siddharth Nair,19,1,False
2402,2402,Meena Bhat,20,2,False
2403,2403,Kavita Das,21,1,False
2404,2404,Sanjay Joshi,22,2,False
2405,2405,Rajesh Chavan,23,1,False
2406,2406,Anita Singh,24,2,False
2407,2407,Priya Verma,25,1,False
2408,2408,Rahul Reddy,26,2,False
2409,2409,Deepak Menon,27,1,False
2410,2410,Aisha Sharma,28,2,False
2411,2411,Siddharth Nair,29,1,False
2412,2412,Meena Bhat,30,2,False
2413,2413,Kavita Das,31,1,False
2414,2414,Sanjay Joshi,32,2,False
2415,2415,Rajesh Chavan,33,1,False
2416,2416,Anita Singh,34,2,False
2417,2417,Priya Verma,35,1,False
2418,2418,Rahul Reddy,36,2,False
2419,2419,Deepak Menon,37,1,False
2420,2420,Aisha Sharma,38,2,False
2421,2421,Siddharth Nair,39,1,False
2422,2422,Meena Bhat,40,2,False
2423,2423,Kavita Das,41,1,False
2424,2424,Sanjay Joshi,42,2,False
2425,2425,Rajesh Chavan,43,1,False
2426,2426,Anita Singh,44,2,False
2427,2427,Priya Verma,45,1,False
2428,2428,Rahul Reddy,46,2,False
2429,2429,Deepak Menon,47,1,False
2430,2430,Aisha Sharma,48,2,False
2431,2431,Siddharth Nair,49,1,False
2432,2432,Meena Bhat,50,2,False
2433,2433,Kavita Das,51,1,False
2434,2434,Sanjay Joshi,52,2,False
2435,2435,Rajesh Chavan,53,1,False
2436,2436,Anita Singh,54,2,False
2437,2437,Priya Verma,55,1,False
2438,2438,Rahul Reddy,56,2,False
2439,2439,Deepak Menon,57,1,False
2440,2440,Aisha Sharma,58,2,False
2441,2441,Siddharth Nair,59,1,False
2442,2442,Meena Bhat,60,2,False
2443,2443,Kavita Das,61,1,False
2444,2444,Sanjay Joshi,62,2,False
2445,2445,Rajesh Chavan,63,1,False
2446,2446,Anita Singh,64,2,False
2447,2447,Priya Verma,65,1,False
2448,2448,Rahul Reddy,66,2,False
2449,2449,Deepak Menon,67,1,False
2450,2450,Aisha Sharma,18,2,False
2451,2451,Siddharth Nair,19,1,False
2452,2452,Meena Bhat,20,2,False
2453,2453,Kavita Das,21,1,False
2454,2454,Sanjay Joshi,22,2,False
2455,2455,Rajesh Chavan,23,1,False
2456,2456,Anita Singh,24,2,False
2457,2457,Priya Verma,25,1,False
2458,2458,Rahul Reddy,26,2,False
2459,2459,Deepak Menon,27,1,False
2460,2460,Aisha Sharma,28,2,False
2461,2461,Siddharth Nair,29,1,False
2462,2462,Meena Bhat,30,2,False
2463,2463,Kavita Das,31,1,False
2464,2464,Sanjay Joshi,32,2,False
2465,2465,Rajesh Chavan,33,1,False
2466,2466,Anita Singh,34,2,False
2467,2467,Priya Verma,35,1,False
2468,2468,Rahul Reddy,36,2,False
2469,2469,Deepak Menon,37,1,False
2470,2470,Aisha Sharma,38,2,False
2471,2471,Siddharth Nair,39,1,False
2472,2472,Meena Bhat,40,2,False
2473,2473,Kavita Das,41,1,False
2474,2474,Sanjay Joshi,42,2,False
2475,2475,Rajesh Chavan,43,1,False
2476,2476,Anita Singh,44,2,False
2477,2477,Priya Verma,45,1,False
2478,2478,Rahul Reddy,46,2,False
2479,2479,Deepak Menon,47,1,False
2480,2480,Aisha Sharma,48,2,False
2481,2481,Siddharth Nair,49,1,False
2482,2482,Meena Bhat,50,2,False
2483,2483,Kavita Das,51,1,False
2484,2484,Sanjay Joshi,52,2,False
2485,2485,Rajesh Chavan,53,1,False
2486,2486,Anita Singh,54,2,False
2487,2487,Priya Verma,55,1,False
2488,2488,Rahul Reddy,56,2,False
2489,2489,Deepak Menon,57,1,False
2490,2490,Aisha Sharma,58,2,False
2491,2491,Siddharth Nair,59,1,False
2492,2492,Meena Bhat,60,2,False
2493,2493,Kavita Das,61,1,False
2494,2494,Sanjay Joshi,62,2,False
2495,2495,Rajesh Chavan,63,1,False
2496,2496,Anita Singh,64,2,False
2497,2497,Priya Verma,65,1,False
2498,2498,Rahul Reddy,66,2,False
2499,2499,Deepak Menon,67,1,False
2500,2500,Aisha Sharma,18,2,False
2501,2501,Siddharth Nair,19,1,False
2502,2502,Meena Bhat,20,2,False
2503,2503,Kavita Das,21,1,False
2504,2504,Sanjay Joshi,22,2,False
2505,2505,Rajesh Chavan,23,1,False
2506,2506,Anita Singh,24,2,False
2507,2507,Priya Verma,25,1,False
2508,2508,Rahul Reddy,26,2,False
2509,2509,Deepak Menon,27,1,False
2510,2510,Aisha Sharma,28,2,False
2511,2511,Siddharth Nair,29,1,False
2512,2512,Meena Bhat,30,2,False
2513,2513,Kavita Das,31,1,False
2514,2514,Sanjay Joshi,32,2,False
2515,2515,Rajesh Chavan,33,1,False
2516,2516,Anita Singh,34,2,False
2517,2517,Priya Verma,35,1,False
2518,2518,Rahul Reddy,36,2,False
2519,2519,Deepak Menon,37,1,False
2520,2520,Aisha Sharma,38,2,False
2521,2521,Siddharth Nair,39,1,False
2522,2522,Meena Bhat,40,2,False
2523,2523,Kavita Das,41,1,False
2524,2524,Sanjay Joshi,42,2,False
2525,2525,Rajesh Chavan,43,1,False
2526,2526,Anita Singh,44,2,False
2527,2527,Priya Verma,45,1,False
2528,2528,Rahul Reddy,46,2,False
2529,2529,Deepak Menon,47,1,False
2530,2530,Aisha Sharma,48,2,False
2531,2531,Siddharth Nair,49,1,False
2532,2532,Meena Bhat,50,2,False
2533,2533,Kavita Das,51,1,False
2534,2534,Sanjay Joshi,52,2,False
2535,2535,Rajesh Chavan,53,1,False
2536,2536,Anita Singh,54,2,False
2537,2537,Priya Verma,55,1,False
2538,2538,Rahul Reddy,56,2,False
2539,2539,Deepak Menon,57,1,False
2540,2540,Aisha Sharma,58,2,False
2541,2541,Siddharth Nair,59,1,False
2542,2542,Meena Bhat,60,2,False
2543,2543,Kavita Das,61,1,False
2544,2544,Sanjay Joshi,62,2,False
2545,2545,Rajesh Chavan,63,1,False
2546,2546,Anita Singh,64,2,False
2547,2547,Priya Verma,65,1,False
2548,2548,Rahul Reddy,66,2,False
2549,2549,Deepak Menon,67,1,False
2550,2550,Aisha Sharma,18,2,False
2551,2551,Siddharth Nair,19,1,False
2552,2552,Meena Bhat,20,2,False
2553,2553,Kavita Das,21,1,False
2554,2554,Sanjay Joshi,22,2,False
2555,2555,Rajesh Chavan,23,1,False
2556,2556,Anita Singh,24,2,False
2557,2557,Priya Verma,25,1,False
2558,2558,Rahul Reddy,26,2,False
2559,2559,Deepak Menon,27,1,False
2560,2560,Aisha Sharma,28,2,False
2561,2561,Siddharth Nair,29,1,False
2562,2562,Meena Bhat,30,2,False
2563,2563,Kavita Das,31,1,False
2564,2564,Sanjay Joshi,32,2,False
2565,2565,Rajesh Chavan,33,1,False
2566,2566,Anita Singh,34,2,False
2567,2567,Priya Verma,35,1,False
2568,2568,Rahul Reddy,36,2,False
2569,2569,Deepak Menon,37,1,False
2570,2570,Aisha Sharma,38,2,False
2571,2571,Siddharth Nair,39,1,False
2572,2572,Meena Bhat,40,2,False
2573,2573,Kavita Das,41,1,False
2574,2574,Sanjay Joshi,42,2,False
2575,2575,Rajesh Chavan,43,1,False
2576,2576,Anita Singh,44,2,False
2577,2577,Priya Verma,45,1,False
2578,2578,Rahul Reddy,46,2,False
2579,2579,Deepak Menon,47,1,False
2580,2580,Aisha Sharma,48,2,False
2581,2581,Siddharth Nair,49,1,False
2582,2582,Meena Bhat,50,2,False
2583,2583,Kavita Das,51,1,False
2584,2584,Sanjay Joshi,52,2,False
2585,2585,Rajesh Chavan,53,1,False
2586,2586,Anita Singh,54,2,False
2587,2587,Priya Verma,55,1,False
2588,2588,Rahul Reddy,56,2,False
2589,2589,Deepak Menon,57,1,False
2590,2590,Aisha Sharma,58,2,False
2591,2591,Siddharth Nair,59,1,False
2592,2592,Meena Bhat,60,2,False
2593,2593,Kavita Das,61,1,False
2594,2594,Sanjay Joshi,62,2,False
2595,2595,Rajesh Chavan,63,1,False
2596,2596,Anita Singh,64,2,False
2597,2597,Priya Verma,65,1,False
2598,2598,Rahul Reddy,66,2,False
2599,2599,Deepak Menon,67,1,False
2600,2600,Aisha Sharma,18,2,False
2601,2601,Siddharth Nair,19,1,False
2602,2602,Meena Bhat,20,2,False
2603,2603,Kavita Das,21,1,False
2604,2604,Sanjay Joshi,22,2,False
2605,2605,Rajesh Chavan,23,1,False
2606,2606,Anita Singh,24,2,False
2607,2607,Priya Verma,25,1,False
2608,2608,Rahul Reddy,26,2,False
2609,2609,Deepak Menon,27,1,False
2610,2610,Aisha Sharma,28,2,False
2611,2611,Siddharth Nair,29,1,False
2612,2612,Meena Bhat,30,2,False
2613,2613,Kavita Das,31,1,False
2614,2614,Sanjay Joshi,32,2,False
2615,2615,Rajesh Chavan,33,1,False
2616,2616,Anita Singh,34,2,False
2617,2617,Priya Verma,35,1,False
2618,2618,Rahul Reddy,36,2,False
2619,2619,Deepak Menon,37,1,False
2620,2620,Aisha Sharma,38,2,False
2621,2621,Siddharth Nair,39,1,False
2622,2622,Meena Bhat,40,2,False
2623,2623,Kavita Das,41,1,False
2624,2624,Sanjay Joshi,42,2,False
2625,2625,Rajesh Chavan,43,1,False
2626,2626,Anita Singh,44,2,False
2627,2627,Priya Verma,45,1,False
2628,2628,Rahul Reddy,46,2,False
2629,2629,Deepak Menon,47,1,False
2630,2630,Aisha Sharma,48,2,False
2631,2631,Siddharth Nair,49,1,False
2632,2632,Meena Bhat,50,2,False
2633,2633,Kavita Das,51,1,False
2634,2634,Sanjay Joshi,52,2,False
2635,2635,Rajesh Chavan,53,1,False
2636,2636,Anita Singh,54,2,False
2637,2637,Priya Verma,55,1,False
2638,2638,Rahul Reddy,56,2,False
2639,2639,Deepak Menon,57,1,False
2640,2640,Aisha Sharma,58,2,False
2641,2641,Siddharth Nair,59,1,False
2642,2642,Meena Bhat,60,2,False
2643,2643,Kavita Das,61,1,False
2644,2644,Sanjay Joshi,62,2,False
2645,2645,Rajesh Chavan,63,1,False
2646,2646,Anita Singh,64,2,False
2647,2647,Priya Verma,65,1,False
2648,2648,Rahul Reddy,66,2,False
2649,2649,Deepak Menon,67,1,False
2650,2650,Aisha Sharma,18,2,False
2651,2651,Siddharth Nair,19,1,False
2652,2652,Meena Bhat,20,2,False
2653,2653,Kavita Das,21,1,False
2654,2654,Sanjay Joshi,22,2,False
2655,2655,Rajesh Chavan,23,1,False
2656,2656,Anita Singh,24,2,False
2657,2657,Priya Verma,25,1,False
2658,2658,Rahul Reddy,26,2,False
2659,2659,Deepak Menon,27,1,False
2660,2660,Aisha Sharma,28,2,False
2661,2661,Siddharth Nair,29,1,False
2662,2662,Meena Bhat,30,2,False
2663,2663,Kavita Das,31,1,False
2664,2664,Sanjay Joshi,32,2,False
2665,2665,Rajesh Chavan,33,1,False
2666,2666,Anita Singh,34,2,False
2667,2667,Priya Verma,35,1,False
2668,2668,Rahul Reddy,36,2,False
2669,2669,Deepak Menon,37,1,False
2670,2670,Aisha Sharma,38,2,False
2671,2671,Siddharth Nair,39,1,False
2672,2672,Meena Bhat,40,2,False
2673,2673,Kavita Das,41,1,False
2674,2674,Sanjay Joshi,42,2,False
2675,2675,Rajesh Chavan,43,1,False
2676,2676,Anita Singh,44,2,False
2677,2677,Priya Verma,45,1,False
2678,2678,Rahul Reddy,46,2,False
2679,2679,Deepak Menon,47,1,False
2680,2680,Aisha Sharma,48,2,False
2681,2681,Siddharth Nair,49,1,False
2682,2682,Meena Bhat,50,2,False
2683,2683,Kavita Das,51,1,False
2684,2684,Sanjay Joshi,52,2,False
2685,2685,Rajesh Chavan,53,1,False
2686,2686,Anita Singh,54,2,False
2687,2687,Priya Verma,55,1,False
2688,2688,Rahul Reddy,56,2,False
2689,2689,Deepak Menon,57,1,False
2690,2690,Aisha Sharma,58,2,False
2691,2691,Siddharth Nair,59,1,False
2692,2692,Meena Bhat,60,2,False
2693,2693,Kavita Das,61,1,False
2694,2694,Sanjay Joshi,62,2,False
2695,2695,Rajesh Chavan,63,1,False
2696,2696,Anita Singh,64,2,False
2697,2697,Priya Verma,65,1,False
2698,2698,Rahul Reddy,66,2,False
2699,2699,Deepak Menon,67,1,False
2700,2700,Aisha Sharma,18,2,False
2701,2701,Siddharth Nair,19,1,False
2702,2702,Meena Bhat,20,2,False
2703,2703,Kavita Das,21,1,False
2704,2704,Sanjay Joshi,22,2,False
2705,2705,Rajesh Chavan,23,1,False
2706,2706,Anita Singh,24,2,False
2707,2707,Priya Verma,25,1,False
2708,2708,Rahul Reddy,26,2,False
2709,2709,Deepak Menon,27,1,False
2710,2710,Aisha Sharma,28,2,False
2711,2711,Siddharth Nair,29,1,False
2712,2712,Meena Bhat,30,2,False
2713,2713,Kavita Das,31,1,False
2714,2714,Sanjay Joshi,32,2,False
2715,2715,Rajesh Chavan,33,1,False
2716,2716,Anita Singh,34,2,False
2717,2717,Priya Verma,35,1,False
2718,2718,Rahul Reddy,36,2,False
2719,2719,Deepak Menon,37,1,False
2720,2720,Aisha Sharma,38,2,False
2721,2721,Siddharth Nair,39,1,False
2722,2722,Meena Bhat,40,2,False
2723,2723,Kavita Das,41,1,False
2724,2724,Sanjay Joshi,42,2,False
2725,2725,Rajesh Chavan,43,1,False
2726,2726,Anita Singh,44,2,False
2727,2727,Priya Verma,45,1,False
2728,2728,Rahul Reddy,46,2,False
2729,2729,Deepak Menon,47,1,False
2730,2730,Aisha Sharma,48,2,False
2731,2731,Siddharth Nair,49,1,False
2732,2732,Meena Bhat,50,2,False
2733,2733,Kavita Das,51,1,False
2734,2734,Sanjay Joshi,52,2,False
2735,2735,Rajesh Chavan,53,1,False
2736,2736,Anita Singh,54,2,False
2737,2737,Priya Verma,55,1,False
2738,2738,Rahul Reddy,56,2,False
2739,2739,Deepak Menon,57,1,False
2740,2740,Aisha Sharma,58,2,False
2741,2741,Siddharth Nair,59,1,False
2742,2742,Meena Bhat,60,2,False
2743,2743,Kavita Das,61,1,False
2744,2744,Sanjay Joshi,62,2,False
2745,2745,Rajesh Chavan,63,1,False
2746,2746,Anita Singh,64,2,False
2747,2747,Priya Verma,65,1,False
2748,2748,Rahul Reddy,66,2,False
2749,2749,Deepak Menon,67,1,False
2750,2750,Aisha Sharma,18,2,False
2751,2751,Siddharth Nair,19,1,False
2752,2752,Meena Bhat,20,2,False
2753,2753,Kavita Das,21,1,False
2754,2754,Sanjay Joshi,22,2,False
2755,2755,Rajesh Chavan,23,1,False
2756,2756,Anita Singh,24,2,False
2757,2757,Priya Verma,25,1,False
2758,2758,Rahul Reddy,26,2,False
2759,2759,Deepak Menon,27,1,False
2760,2760,Aisha Sharma,28,2,False
2761,2761,Siddharth Nair,29,1,False
2762,2762,Meena Bhat,30,2,False
2763,2763,Kavita Das,31,1,False
2764,2764,Sanjay Joshi,32,2,False
2765,2765,Rajesh Chavan,33,1,False
2766,2766,Anita Singh,34,2,False
2767,2767,Priya Verma,35,1,False
2768,2768,Rahul Reddy,36,2,False
2769,2769,Deepak Menon,37,1,False
2770,2770,Aisha Sharma,38,2,False
2771,2771,Siddharth Nair,39,1,False
2772,2772,Meena Bhat,40,2,False
2773,2773,Kavita Das,41,1,False
2774,2774,Sanjay Joshi,42,2,False
2775,2775,Rajesh Chavan,43,1,False
2776,2776,Anita Singh,44,2,False
2777,2777,Priya Verma,45,1,False
2778,2778,Rahul Reddy,46,2,False
2779,2779,Deepak Menon,47,1,False
2780,2780,Aisha Sharma,48,2,False
2781,2781,Siddharth Nair,49,1,False
2782,2782,Meena Bhat,50,2,False
2783,2783,Kavita Das,51,1,False
2784,2784,Sanjay Joshi,52,2,False
2785,2785,Rajesh Chavan,53,1,False
2786,2786,Anita Singh,54,2,False
2787,2787,Priya Verma,55,1,False
2788,2788,Rahul Reddy,56,2,False
2789,2789,Deepak Menon,57,1,False
2790,2790,Aisha Sharma,58,2,False
2791,2791,Siddharth Nair,59,1,False
2792,2792,Meena Bhat,60,2,False
2793,2793,Kavita Das,61,1,False
2794,2794,Sanjay Joshi,62,2,False
2795,2795,Rajesh Chavan,63,1,False
2796,2796,Anita Singh,64,2,False
2797,2797,Priya Verma,65,1,False
2798,2798,Rahul Reddy,66,2,False
2799,2799,Deepak Menon,67,1,False
2800,2800,Aisha Sharma,18,2,False
2801,2801,Siddharth Nair,19,1,False
2802,2802,Meena Bhat,20,2,False
2803,2803,Kavita Das,21,1,False
2804,2804,Sanjay Joshi,22,2,False
2805,2805,Rajesh Chavan,23,1,False
2806,2806,Anita Singh,24,2,False
2807,2807,Priya Verma,25,1,False
2808,2808,Rahul Reddy,26,2,False
2809,2809,Deepak Menon,27,1,False
2810,2810,Aisha Sharma,28,2,False
2811,2811,Siddharth Nair,29,1,False
2812,2812,Meena Bhat,30,2,False
2813,2813,Kavita Das,31,1,False
2814,2814,Sanjay Joshi,32,2,False
2815,2815,Rajesh Chavan,33,1,False
2816,2816,Anita Singh,34,2,False
2817,2817,Priya Verma,35,1,False
2818,2818,Rahul Reddy,36,2,False
2819,2819,Deepak Menon,37,1,False
2820,2820,Aisha Sharma,38,2,False
2821,2821,Siddharth Nair,39,1,False
2822,2822,Meena Bhat,40,2,False
2823,2823,Kavita Das,41,1,False
2824,2824,Sanjay Joshi,42,2,False
2825,2825,Rajesh Chavan,43,1,False
2826,2826,Anita Singh,44,2,False
2827,2827,Priya Verma,45,1,False
2828,2828,Rahul Reddy,46,2,False
2829,2829,Deepak Menon,47,1,False
2830,2830,Aisha Sharma,48,2,False
2831,2831,Siddharth Nair,49,1,False
2832,2832,Meena Bhat,50,2,False
2833,2833,Kavita Das,51,1,False
2834,2834,Sanjay Joshi,52,2,False
2835,2835,Rajesh Chavan,53,1,False
2836,2836,Anita Singh,54,2,False
2837,2837,Priya Verma,55,1,False
2838,2838,Rahul Reddy,56,2,False
2839,2839,Deepak Menon,57,1,False
2840,2840,Aisha Sharma,58,2,False
2841,2841,Siddharth Nair,59,1,False
2842,2842,Meena Bhat,60,2,False
2843,2843,Kavita Das,61,1,False
2844,2844,Sanjay Joshi,62,2,False
2845,2845,Rajesh Chavan,63,1,False
2846,2846,Anita Singh,64,2,False
2847,2847,Priya Verma,65,1,False
2848,2848,Rahul Reddy,66,2,False
2849,2849,Deepak Menon,67,1,False
2850,2850,Aisha Sharma,18,2,False
2851,2851,Siddharth Nair,19,1,False
2852,2852,Meena Bhat,20,2,False
2853,2853,Kavita Das,21,1,False
2854,2854,Sanjay Joshi,22,2,False
2855,2855,Rajesh Chavan,23,1,False
2856,2856,Anita Singh,24,2,False
2857,2857,Priya Verma,25,1,False
2858,2858,Rahul Reddy,26,2,False
2859,2859,Deepak Menon,27,1,False
2860,2860,Aisha Sharma,28,2,False
2861,2861,Siddharth Nair,29,1,False
2862,2862,Meena Bhat,30,2,False
2863,2863,Kavita Das,31,1,False
2864,2864,Sanjay Joshi,32,2,False
2865,2865,Rajesh Chavan,33,1,False
2866,2866,Anita Singh,34,2,False
2867,2867,Priya Verma,35,1,False
2868,2868,Rahul Reddy,36,2,False
2869,2869,Deepak Menon,37,1,False
2870,2870,Aisha Sharma,38,2,False
2871,2871,Siddharth Nair,39,1,False
2872,2872,Meena Bhat,40,2,False
2873,2873,Kavita Das,41,1,False
2874,2874,Sanjay Joshi,42,2,False
2875,2875,Rajesh Chavan,43,1,False
2876,2876,Anita Singh,44,2,False
2877,2877,Priya Verma,45,1,False
2878,2878,Rahul Reddy,46,2,False
2879,2879,Deepak Menon,47,1,False
2880,2880,Aisha Sharma,48,2,False
2881,2881,Siddharth Nair,49,1,False
2882,2882,Meena Bhat,50,2,False
2883,2883,Kavita Das,51,1,False
2884,2884,Sanjay Joshi,52,2,False
2885,2885,Rajesh Chavan,53,1,False
2886,2886,Anita Singh,54,2,False
2887,2887,Priya Verma,55,1,False
2888,2888,Rahul Reddy,56,2,False
2889,2889,Deepak Menon,57,1,False
2890,2890,Aisha Sharma,58,2,False
2891,2891,Siddharth Nair,59,1,False
2892,2892,Meena Bhat,60,2,False
2893,2893,Kavita Das,61,1,False
2894,2894,Sanjay Joshi,62,2,False
2895,2895,Rajesh Chavan,63,1,False
2896,2896,Anita Singh,64,2,False
2897,2897,Priya Verma,65,1,False
2898,2898,Rahul Reddy,66,2,False
2899,2899,Deepak Menon,67,1,False
2900,2900,Aisha Sharma,18,2,False
2901,2901,Siddharth Nair,19,1,False
2902,2902,Meena Bhat,20,2,False
2903,2903,Kavita Das,21,1,False
2904,2904,Sanjay Joshi,22,2,False
2905,2905,Rajesh Chavan,23,1,False
2906,2906,Anita Singh,24,2,False
2907,2907,Priya Verma,25,1,False
2908,2908,Rahul Reddy,26,2,False
2909,2909,Deepak Menon,27,1,False
2910,2910,Aisha Sharma,28,2,False
2911,2911,Siddharth Nair,29,1,False
2912,2912,Meena Bhat,30,2,False
2913,2913,Kavita Das,31,1,False
2914,2914,Sanjay Joshi,32,2,False
2915,2915,Rajesh Chavan,33,1,False
2916,2916,Anita Singh,34,2,False
2917,2917,Priya Verma,35,1,False
2918,2918,Rahul Reddy,36,2,False
2919,2919,Deepak Menon,37,1,False
2920,2920,Aisha Sharma,38,2,False
2921,2921,Siddharth Nair,39,1,False
2922,2922,Meena Bhat,40,2,False
2923,2923,Kavita Das,41,1,False
2924,2924,Sanjay Joshi,42,2,False
2925,2925,Rajesh Chavan,43,1,False
2926,2926,Anita Singh,44,2,False
2927,2927,Priya Verma,45,1,False
2928,2928,Rahul Reddy,46,2,False
2929,2929,Deepak Menon,47,1,False
2930,2930,Aisha Sharma,48,2,False
2931,2931,Siddharth Nair,49,1,False
2932,2932,Meena Bhat,50,2,False
2933,2933,Kavita Das,51,1,False
2934,2934,Sanjay Joshi,52,2,False
2935,2935,Rajesh Chavan,53,1,False
2936,2936,Anita Singh,54,2,False
2937,2937,Priya Verma,55,1,False
2938,2938,Rahul Reddy,56,2,False
2939,2939,Deepak Menon,57,1,False
2940,2940,Aisha Sharma,58,2,False
2941,2941,Siddharth Nair,59,1,False
2942,2942,Meena Bhat,60,2,False
2943,2943,Kavita Das,61,1,False
2944,2944,Sanjay Joshi,62,2,False
2945,2945,Rajesh Chavan,63,1,False
2946,2946,Anita Singh,64,2,False
2947,2947,Priya Verma,65,1,False
2948,2948,Rahul Reddy,66,2,False
2949,2949,Deepak Menon,67,1,False
2950,2950,Aisha Sharma,18,2,False
2951,2951,Siddharth Nair,19,1,False
2952,2952,Meena Bhat,20,2,False
2953,2953,Kavita Das,21,1,False
2954,2954,Sanjay Joshi,22,2,False
2955,2955,Rajesh Chavan,23,1,False
2956,2956,Anita Singh,24,2,False
2957,2957,Priya Verma,25,1,False
2958,2958,Rahul Reddy,26,2,False
2959,2959,Deepak Menon,27,1,False
2960,2960,Aisha Sharma,28,2,False
2961,2961,Siddharth Nair,29,1,False
2962,2962,Meena Bhat,30,2,False
2963,2963,Kavita Das,31,1,False
2964,2964,Sanjay Joshi,32,2,False
2965,2965,Rajesh Chavan,33,1,False
2966,2966,Anita Singh,34,2,False
2967,2967,Priya Verma,35,1,False
2968,2968,Rahul Reddy,36,2,False
2969,2969,Deepak Menon,37,1,False
2970,2970,Aisha Sharma,38,2,False
2971,2971,Siddharth Nair,39,1,False
2972,2972,Meena Bhat,40,2,False
2973,2973,Kavita Das,41,1,False
2974,2974,Sanjay Joshi,42,2,False
2975,2975,Rajesh Chavan,43,1,False
2976,2976,Anita Singh,44,2,False
2977,2977,Priya Verma,45,1,False
2978,2978,Rahul Reddy,46,2,False
2979,2979,Deepak Menon,47,1,False
2980,2980,Aisha Sharma,48,2,False
2981,2981,Siddharth Nair,49,1,False
2982,2982,Meena Bhat,50,2,False
2983,2983,Kavita Das,51,1,False
2984,2984,Sanjay Joshi,52,2,False
2985,2985,Rajesh Chavan,53,1,False
2986,2986,Anita Singh,54,2,False
2987,2987,Priya Verma,55,1,False
2988,2988,Rahul Reddy,56,2,False
2989,2989,Deepak Menon,57,1,False
2990,2990,Aisha Sharma,58,2,False
2991,2991,Siddharth Nair,59,1,False
2992,2992,Meena Bhat,60,2,False
2993,2993,Kavita Das,61,1,False
2994,2994,Sanjay Joshi,62,2,False
2995,2995,Rajesh Chavan,63,1,False
2996,2996,Anita Singh,64,2,False
2997,2997,Priya Verma,65,1,False
2998,2998,Rahul Reddy,66,2,False
2999,2999,Deepak Menon,67,1,False
3000,3000,Aisha Sharma,18,2,False
3001,3001,Siddharth Nair,19,1,False
3002,3002,Meena Bhat,20,2,False
3003,3003,Kavita Das,21,1,False
3004,3004,Sanjay Joshi,22,2,False
3005,3005,Rajesh Chavan,23,1,False
3006,3006,Anita Singh,24,2,False
3007,3007,Priya Verma,25,1,False
3008,3008,Rahul Reddy,26,2,False
3009,3009,Deepak Menon,27,1,False
3010,3010,Aisha Sharma,28,2,False
3011,3011,Siddharth Nair,29,1,False
3012,3012,Meena Bhat,30,2,False
3013,3013,Kavita Das,31,1,False
3014,3014,Sanjay Joshi,32,2,False
3015,3015,Rajesh Chavan,33,1,False
3016,3016,Anita Singh,34,2,False
3017,3017,Priya Verma,35,1,False
3018,3018,Rahul Reddy,36,2,False
3019,3019,Deepak Menon,37,1,False
3020,3020,Aisha Sharma,38,2,False
3021,3021,Siddharth Nair,39,1,False
3022,3022,Meena Bhat,40,2,False
3023,3023,Kavita Das,41,1,False
3024,3024,Sanjay Joshi,42,2,False
3025,3025,Rajesh Chavan,43,1,False
3026,3026,Anita Singh,44,2,False
3027,3027,Priya Verma,45,1,False
3028,3028,Rahul Reddy,46,2,False
3029,3029,Deepak Menon,47,1,False
3030,3030,Aisha Sharma,48,2,False
3031,3031,Siddharth Nair,49,1,False
3032,3032,Meena Bhat,50,2,False
3033,3033,Kavita Das,51,1,False
3034,3034,Sanjay Joshi,52,2,False
3035,3035,Rajesh Chavan,53,1,False
3036,3036,Anita Singh,54,2,False
3037,3037,Priya Verma,55,1,False
3038,3038,Rahul Reddy,56,2,False
3039,3039,Deepak Menon,57,1,False
3040,3040,Aisha Sharma,58,2,False
3041,3041,Siddharth Nair,59,1,False
3042,3042,Meena Bhat,60,2,False
3043,3043,Kavita Das,61,1,False
3044,3044,Sanjay Joshi,62,2,False
3045,3045,Rajesh Chavan,63,1,False
3046,3046,Anita Singh,64,2,False
3047,3047,Priya Verma,65,1,False
3048,3048,Rahul Reddy,66,2,False
3049,3049,Deepak Menon,67,1,False
3050,3050,Aisha Sharma,18,2,False
3051,3051,Siddharth Nair,19,1,False
3052,3052,Meena Bhat,20,2,False
3053,3053,Kavita Das,21,1,False
3054,3054,Sanjay Joshi,22,2,False
3055,3055,Rajesh Chavan,23,1,False
3056,3056,Anita Singh,24,2,False
3057,3057,Priya Verma,25,1,False
3058,3058,Rahul Reddy,26,2,False
3059,3059,Deepak Menon,27,1,False
3060,3060,Aisha Sharma,28,2,False
3061,3061,Siddharth Nair,29,1,False
3062,3062,Meena Bhat,30,2,False
3063,3063,Kavita Das,31,1,False
3064,3064,Sanjay Joshi,32,2,False
3065,3065,Rajesh Chavan,33,1,False
3066,3066,Anita Singh,34,2,False
3067,3067,Priya Verma,35,1,False
3068,3068,Rahul Reddy,36,2,False
3069,3069,Deepak Menon,37,1,False
3070,3070,Aisha Sharma,38,2,False
3071,3071,Siddharth Nair,39,1,False
3072,3072,Meena Bhat,40,2,False
3073,3073,Kavita Das,41,1,False
3074,3074,Sanjay Joshi,42,2,False
3075,3075,Rajesh Chavan,43,1,False
3076,3076,Anita Singh,44,2,False
3077,3077,Priya Verma,45,1,False
3078,3078,Rahul Reddy,46,2,False
3079,3079,Deepak Menon,47,1,False
3080,3080,Aisha Sharma,48,2,False
3081,3081,Siddharth Nair,49,1,False
3082,3082,Meena Bhat,50,2,False
3083,3083,Kavita Das,51,1,False
3084,3084,Sanjay Joshi,52,2,False
3085,3085,Rajesh Chavan,53,1,False
3086,3086,Anita Singh,54,2,False
3087,3087,Priya Verma,55,1,False
3088,3088,Rahul Reddy,56,2,False
3089,3089,Deepak Menon,57,1,False
3090,3090,Aisha Sharma,58,2,False
3091,3091,Siddharth Nair,59,1,False
3092,3092,Meena Bhat,60,2,False
3093,3093,Kavita Das,61,1,False
3094,3094,Sanjay Joshi,62,2,False
3095,3095,Rajesh Chavan,63,1,False
3096,3096,Anita Singh,64,2,False
3097,3097,Priya Verma,65,1,False
3098,3098,Rahul Reddy,66,2,False
3099,3099,Deepak Menon,67,1,False
3100,3100,Aisha Sharma,18,2,False
3101,3101,Siddharth Nair,19,1,False
3102,3102,Meena Bhat,20,2,False
3103,3103,Kavita Das,21,1,False
3104,3104,Sanjay Joshi,22,2,False
3105,3105,Rajesh Chavan,23,1,False
3106,3106,Anita Singh,24,2,False
3107,3107,Priya Verma,25,1,False
3108,3108,Rahul Reddy,26,2,False
3109,3109,Deepak Menon,27,1,False
3110,3110,Aisha Sharma,28,2,False
3111,3111,Siddharth Nair,29,1,False
3112,3112,Meena Bhat,30,2,False
3113,3113,Kavita Das,31,1,False
3114,3114,Sanjay Joshi,32,2,False
3115,3115,Rajesh Chavan,33,1,False
3116,3116,Anita Singh,34,2,False
3117,3117,Priya Verma,35,1,False
3118,3118,Rahul Reddy,36,2,False
3119,3119,Deepak Menon,37,1,False
3120,3120,Aisha Sharma,38,2,False
3121,3121,Siddharth Nair,39,1,False
3122,3122,Meena Bhat,40,2,False
3123,3123,Kavita Das,41,1,False
3124,3124,Sanjay Joshi,42,2,False
3125,3125,Rajesh Chavan,43,1,False
3126,3126,Anita Singh,44,2,False
3127,3127,Priya Verma,45,1,False
3128,3128,Rahul Reddy,46,2,False
3129,3129,Deepak Menon,47,1,False
3130,3130,Aisha Sharma,48,2,False
3131,3131,Siddharth Nair,49,1,False
3132,3132,Meena Bhat,50,2,False
3133,3133,Kavita Das,51,1,False
3134,3134,Sanjay Joshi,52,2,False
3135,3135,Rajesh Chavan,53,1,False
3136,3136,Anita Singh,54,2,False
3137,3137,Priya Verma,55,1,False
3138,3138,Rahul Reddy,56,2,False
3139,3139,Deepak Menon,57,1,False
3140,3140,Aisha Sharma,58,2,False
3141,3141,Siddharth Nair,59,1,False
3142,3142,Meena Bhat,60,2,False
3143,3143,Kavita Das,61,1,False
3144,3144,Sanjay Joshi,62,2,False
3145,3145,Rajesh Chavan,63,1,False
3146,3146,Anita Singh,64,2,False
3147,3147,Priya Verma,65,1,False
3148,3148,Rahul Reddy,66,2,False
3149,3149,Deepak Menon,67,1,False
3150,3150,Aisha Sharma,18,2,False
3151,3151,Siddharth Nair,19,1,False
3152,3152,Meena Bhat,20,2,False
3153,3153,Kavita Das,21,1,False
3154,3154,Sanjay Joshi,22,2,False
3155,3155,Rajesh Chavan,23,1,False
3156,3156,Anita Singh,24,2,False
3157,3157,Priya Verma,25,1,False
3158,3158,Rahul Reddy,26,2,False
3159,3159,Deepak Menon,27,1,False
3160,3160,Aisha Sharma,28,2,False
3161,3161,Siddharth Nair,29,1,False
3162,3162,Meena Bhat,30,2,False
3163,3163,Kavita Das,31,1,False
3164,3164,Sanjay Joshi,32,2,False
3165,3165,Rajesh Chavan,33,1,False
3166,3166,Anita Singh,34,2,False
3167,3167,Priya Verma,35,1,False
3168,3168,Rahul Reddy,36,2,False
3169,3169,Deepak Menon,37,1,False
3170,3170,Aisha Sharma,38,2,False
3171,3171,Siddharth Nair,39,1,False
3172,3172,Meena Bhat,40,2,False
3173,3173,Kavita Das,41,1,False
3174,3174,Sanjay Joshi,42,2,False
3175,3175,Rajesh Chavan,43,1,False
3176,3176,Anita Singh,44,2,False
3177,3177,Priya Verma,45,1,False
3178,3178,Rahul Reddy,46,2,False
3179,3179,Deepak Menon,47,1,False
3180,3180,Aisha Sharma,48,2,False
3181,3181,Siddharth Nair,49,1,False
3182,3182,Meena Bhat,50,2,False
3183,3183,Kavita Das,51,1,False
3184,3184,Sanjay Joshi,52,2,False
3185,3185,Rajesh Chavan,53,1,False
3186,3186,Anita Singh,54,2,False
3187,3187,Priya Verma,55,1,False
3188,3188,Rahul Reddy,56,2,False
3189,3189,Deepak Menon,57,1,False
3190,3190,Aisha Sharma,58,2,False
3191,3191,Siddharth Nair,59,1,False
3192,3192,Meena Bhat,60,2,False
3193,3193,Kavita Das,61,1,False
3194,3194,Sanjay Joshi,62,2,False
3195,3195,Rajesh Chavan,63,1,False
3196,3196,Anita Singh,64,2,False
3197,3197,Priya Verma,65,1,False
3198,3198,Rahul Reddy,66,2,False
3199,3199,Deepak Menon,67,1,False
3200,3200,Aisha Sharma,18,2,False
3201,3201,Siddharth Nair,19,1,False
3202,3202,Meena Bhat,20,2,False
3203,3203,Kavita Das,21,1,False
3204,3204,Sanjay Joshi,22,2,False
3205,3205,Rajesh Chavan,23,1,False
3206,3206,Anita Singh,24,2,False
3207,3207,Priya Verma,25,1,False
3208,3208,Rahul Reddy,26,2,False
3209,3209,Deepak Menon,27,1,False
3210,3210,Aisha Sharma,28,2,False
3211,3211,Siddharth Nair,29,1,False
3212,3212,Meena Bhat,30,2,False
3213,3213,Kavita Das,31,1,False
3214,3214,Sanjay Joshi,32,2,False
3215,3215,Rajesh Chavan,33,1,False
3216,3216,Anita Singh,34,2,False
3217,3217,Priya Verma,35,1,False
3218,3218,Rahul Reddy,36,2,False
3219,3219,Deepak Menon,37,1,False
3220,3220,Aisha Sharma,38,2,False
3221,3221,Siddharth Nair,39,1,False
3222,3222,Meena Bhat,40,2,False
3223,3223,Kavita Das,41,1,False
3224,3224,Sanjay Joshi,42,2,False
3225,3225,Rajesh Chavan,43,1,False
3226,3226,Anita Singh,44,2,False
3227,3227,Priya Verma,45,1,False
3228,3228,Rahul Reddy,46,2,False
3229,3229,Deepak Menon,47,1,False
3230,3230,Aisha Sharma,48,2,False
3231,3231,Siddharth Nair,49,1,False
3232,3232,Meena Bhat,50,2,False
3233,3233,Kavita Das,51,1,False
3234,3234,Sanjay Joshi,52,2,False
3235,3235,Rajesh Chavan,53,1,False
3236,3236,Anita Singh,54,2,False
3237,3237,Priya Verma,55,1,False
3238,3238,Rahul Reddy,56,2,False
3239,3239,Deepak Menon,57,1,False
3240,3240,Aisha Sharma,58,2,False
3241,3241,Siddharth Nair,59,1,False
3242,3242,Meena Bhat,60,2,False
3243,3243,Kavita Das,61,1,False
3244,3244,Sanjay Joshi,62,2,False
3245,3245,Rajesh Chavan,63,1,False
3246,3246,Anita Singh,64,2,False
3247,3247,Priya Verma,65,1,False
3248,3248,Rahul Reddy,66,2,False
3249,3249,Deepak Menon,67,1,False
3250,3250,Aisha Sharma,18,2,False
3251,3251,Siddharth Nair,19,1,False
3252,3252,Meena Bhat,20,2,False
3253,3253,Kavita Das,21,1,False
3254,3254,Sanjay Joshi,22,2,False
3255,3255,Rajesh Chavan,23,1,False
3256,3256,Anita Singh,24,2,False
3257,3257,Priya Verma,25,1,False
3258,3258,Rahul Reddy,26,2,False
3259,3259,Deepak Menon,27,1,False
3260,3260,Aisha Sharma,28,2,False
3261,3261,Siddharth Nair,29,1,False
3262,3262,Meena Bhat,30,2,False
3263,3263,Kavita Das,31,1,False
3264,3264,Sanjay Joshi,32,2,False
3265,3265,Rajesh Chavan,33,1,False
3266,3266,Anita Singh,34,2,False
3267,3267,Priya Verma,35,1,False
3268,3268,Rahul Reddy,36,2,False
3269,3269,Deepak Menon,37,1,False
3270,3270,Aisha Sharma,38,2,False
3271,3271,Siddharth Nair,39,1,False
3272,3272,Meena Bhat,40,2,False
3273,3273,Kavita Das,41,1,False
3274,3274,Sanjay Joshi,42,2,False
3275,3275,Rajesh Chavan,43,1,False
3276,3276,Anita Singh,44,2,False
3277,3277,Priya Verma,45,1,False
3278,3278,Rahul Reddy,46,2,False
3279,3279,Deepak Menon,47,1,False
3280,3280,Aisha Sharma,48,2,False
3281,3281,Siddharth Nair,49,1,False
3282,3282,Meena Bhat,50,2,False
3283,3283,Kavita Das,51,1,False
3284,3284,Sanjay Joshi,52,2,False
3285,3285,Rajesh Chavan,53,1,False
3286,3286,Anita Singh,54,2,False
3287,3287,Priya Verma,55,1,False
3288,3288,Rahul Reddy,56,2,False
3289,3289,Deepak Menon,57,1,False
3290,3290,Aisha Sharma,58,2,False
3291,3291,Siddharth Nair,59,1,False
3292,3292,Meena Bhat,60,2,False
3293,3293,Kavita Das,61,1,False
3294,3294,Sanjay Joshi,62,2,False
3295,3295,Rajesh Chavan,63,1,False
3296,3296,Anita Singh,64,2,False
3297,3297,Priya Verma,65,1,False
3298,3298,Rahul Reddy,66,2,False
3299,3299,Deepak Menon,67,1,False
3300,3300,Aisha Sharma,18,2,False
3301,3301,Siddharth Nair,19,1,False
3302,3302,Meena Bhat,20,2,False
3303,3303,Kavita Das,21,1,False
3304,3304,Sanjay Joshi,22,2,False
3305,3305,Rajesh Chavan,23,1,False
3306,3306,Anita Singh,24,2,False
3307,3307,Priya Verma,25,1,False
3308,3308,Rahul Reddy,26,2,False
3309,3309,Deepak Menon,27,1,False
3310,3310,Aisha Sharma,28,2,False
3311,3311,Siddharth Nair,29,1,False
3312,3312,Meena Bhat,30,2,False
3313,3313,Kavita Das,31,1,False
3314,3314,Sanjay Joshi,32,2,False
3315,3315,Rajesh Chavan,33,1,False
3316,3316,Anita Singh,34,2,False
3317,3317,Priya Verma,35,1,False
3318,3318,Rahul Reddy,36,2,False
3319,3319,Deepak Menon,37,1,False
3320,3320,Aisha Sharma,38,2,False
3321,3321,Siddharth Nair,39,1,False
3322,3322,Meena Bhat,40,2,False
3323,3323,Kavita Das,41,1,False
3324,3324,Sanjay Joshi,42,2,False
3325,3325,Rajesh Chavan,43,1,False
3326,3326,Anita Singh,44,2,False
3327,3327,Priya Verma,45,1,False
3328,3328,Rahul Reddy,46,2,False
3329,3329,Deepak Menon,47,1,False
3330,3330,Aisha Sharma,48,2,False
3331,3331,Siddharth Nair,49,1,False
3332,3332,Meena Bhat,50,2,False
3333,3333,Kavita Das,51,1,False
3334,3334,Sanjay Joshi,52,2,False
3335,3335,Rajesh Chavan,53,1,False
3336,3336,Anita Singh,54,2,False
3337,3337,Priya Verma,55,1,False
3338,3338,Rahul Reddy,56,2,False
3339,3339,Deepak Menon,57,1,False
3340,3340,Aisha Sharma,58,2,False
3341,3341,Siddharth Nair,59,1,False
3342,3342,Meena Bhat,60,2,False
3343,3343,Kavita Das,61,1,False
3344,3344,Sanjay Joshi,62,2,False
3345,3345,Rajesh Chavan,63,1,False
3346,3346,Anita Singh,64,2,False
3347,3347,Priya Verma,65,1,False
3348,3348,Rahul Reddy,66,2,False
3349,3349,Deepak Menon,67,1,False
3350,3350,Aisha Sharma,18,2,False
3351,3351,Siddharth Nair,19,1,False
3352,3352,Meena Bhat,20,2,False
3353,3353,Kavita Das,21,1,False
3354,3354,Sanjay Joshi,22,2,False
3355,3355,Rajesh Chavan,23,1,False
3356,3356,Anita Singh,24,2,False
3357,3357,Priya Verma,25,1,False
3358,3358,Rahul Reddy,26,2,False
3359,3359,Deepak Menon,27,1,False
3360,3360,Aisha Sharma,28,2,False
3361,3361,Siddharth Nair,29,1,False
3362,3362,Meena Bhat,30,2,False
3363,3363,Kavita Das,31,1,False
3364,3364,Sanjay Joshi,32,2,False
3365,3365,Rajesh Chavan,33,1,False
3366,3366,Anita Singh,34,2,False
3367,3367,Priya Verma,35,1,False
3368,3368,Rahul Reddy,36,2,False
3369,3369,Deepak Menon,37,1,False
3370,3370,Aisha Sharma,38,2,False
3371,3371,Siddharth Nair,39,1,False
3372,3372,Meena Bhat,40,2,False
3373,3373,Kavita Das,41,1,False
3374,3374,Sanjay Joshi,42,2,False
3375,3375,Rajesh Chavan,43,1,False
3376,3376,Anita Singh,44,2,False
3377,3377,Priya Verma,45,1,False
3378,3378,Rahul Reddy,46,2,False
3379,3379,Deepak Menon,47,1,False
3380,3380,Aisha Sharma,48,2,False
3381,3381,Siddharth Nair,49,1,False
3382,3382,Meena Bhat,50,2,False
3383,3383,Kavita Das,51,1,False
3384,3384,Sanjay Joshi,52,2,False
3385,3385,Rajesh Chavan,53,1,False
3386,3386,Anita Singh,54,2,False
3387,3387,Priya Verma,55,1,False
3388,3388,Rahul Reddy,56,2,False
3389,3389,Deepak Menon,57,1,False
3390,3390,Aisha Sharma,58,2,False
3391,3391,Siddharth Nair,59,1,False
3392,3392,Meena Bhat,60,2,False
3393,3393,Kavita Das,61,1,False
3394,3394,Sanjay Joshi,62,2,False
3395,3395,Rajesh Chavan,63,1,False
3396,3396,Anita Singh,64,2,False
3397,3397,Priya Verma,65,1,False
3398,3398,Rahul Reddy,66,2,False
3399,3399,Deepak Menon,67,1,False
3400,3400,Aisha Sharma,18,2,False
3401,3401,Siddharth Nair,19,1,False
3402,3402,Meena Bhat,20,2,False
3403,3403,Kavita Das,21,1,False
3404,3404,Sanjay Joshi,22,2,False
3405,3405,Rajesh Chavan,23,1,False
3406,3406,Anita Singh,24,2,False
3407,3407,Priya Verma,25,1,False
3408,3408,Rahul Reddy,26,2,False
3409,3409,Deepak Menon,27,1,False
3410,3410,Aisha Sharma,28,2,False
3411,3411,Siddharth Nair,29,1,False
3412,3412,Meena Bhat,30,2,False
3413,3413,Kavita Das,31,1,False
3414,3414,Sanjay Joshi,32,2,False
3415,3415,Rajesh Chavan,33,1,False
3416,3416,Anita Singh,34,2,False
3417,3417,Priya Verma,35,1,False
3418,3418,Rahul Reddy,36,2,False
3419,3419,Deepak Menon,37,1,False
3420,3420,Aisha Sharma,38,2,False
3421,3421,Siddharth Nair,39,1,False
3422,3422,Meena Bhat,40,2,False
3423,3423,Kavita Das,41,1,False
3424,3424,Sanjay Joshi,42,2,False
3425,3425,Rajesh Chavan,43,1,False
3426,3426,Anita Singh,44,2,False
3427,3427,Priya Verma,45,1,False
3428,3428,Rahul Reddy,46,2,False
3429,3429,Deepak Menon,47,1,False
3430,3430,Aisha Sharma,48,2,False
3431,3431,Siddharth Nair,49,1,False
3432,3432,Meena Bhat,50,2,False
3433,3433,Kavita Das,51,1,False
3434,3434,Sanjay Joshi,52,2,False
3435,3435,Rajesh Chavan,53,1,False
3436,3436,Anita Singh,54,2,False
3437,3437,Priya Verma,55,1,False
3438,3438,Rahul Reddy,56,2,False
3439,3439,Deepak Menon,57,1,False
3440,3440,Aisha Sharma,58,2,False
3441,3441,Siddharth Nair,59,1,False
3442,3442,Meena Bhat,60,2,False
3443,3443,Kavita Das,61,1,False
3444,3444,Sanjay Joshi,62,2,False
3445,3445,Rajesh Chavan,63,1,False
3446,3446,Anita Singh,64,2,False
3447,3447,Priya Verma,65,1,False
3448,3448,Rahul Reddy,66,2,False
3449,3449,Deepak Menon,67,1,False
3450,3450,Aisha Sharma,18,2,False
3451,3451,Siddharth Nair,19,1,False
3452,3452,Meena Bhat,20,2,False
3453,3453,Kavita Das,21,1,False
3454,3454,Sanjay Joshi,22,2,False
3455,3455,Rajesh Chavan,23,1,False
3456,3456,Anita Singh,24,2,False
3457,3457,Priya Verma,25,1,False
3458,3458,Rahul Reddy,26,2,False
3459,3459,Deepak Menon,27,1,False
3460,3460,Aisha Sharma,28,2,False
3461,3461,Siddharth Nair,29,1,False
3462,3462,Meena Bhat,30,2,False
3463,3463,Kavita Das,31,1,False
3464,3464,Sanjay Joshi,32,2,False
3465,3465,Rajesh Chavan,33,1,False
3466,3466,Anita Singh,34,2,False
3467,3467,Priya Verma,35,1,False
3468,3468,Rahul Reddy,36,2,False
3469,3469,Deepak Menon,37,1,False
3470,3470,Aisha Sharma,38,2,False
3471,3471,Siddharth Nair,39,1,False
3472,3472,Meena Bhat,40,2,False
3473,3473,Kavita Das,41,1,False
3474,3474,Sanjay Joshi,42,2,False
3475,3475,Rajesh Chavan,43,1,False
3476,3476,Anita Singh,44,2,False
3477,3477,Priya Verma,45,1,False
3478,3478,Rahul Reddy,46,2,False
3479,3479,Deepak Menon,47,1,False
3480,3480,Aisha Sharma,48,2,False
3481,3481,Siddharth Nair,49,1,False
3482,3482,Meena Bhat,50,2,False
3483,3483,Kavita Das,51,1,False
3484,3484,Sanjay Joshi,52,2,False
3485,3485,Rajesh Chavan,53,1,False
3486,3486,Anita Singh,54,2,False
3487,3487,Priya Verma,55,1,False
3488,3488,Rahul Reddy,56,2,False
3489,3489,Deepak Menon,57,1,False
3490,3490,Aisha Sharma,58,2,False
3491,3491,Siddharth Nair,59,1,False
3492,3492,Meena Bhat,60,2,False
3493,3493,Kavita Das,61,1,False
3494,3494,Sanjay Joshi,62,2,False
3495,3495,Rajesh Chavan,63,1,False
3496,3496,Anita Singh,64,2,False
3497,3497,Priya Verma,65,1,False
3498,3498,Rahul Reddy,66,2,False
3499,3499,Deepak Menon,67,1,False
3500,3500,Aisha Sharma,18,2,False
3501,3501,Siddharth Nair,19,1,False
3502,3502,Meena Bhat,20,2,False
3503,3503,Kavita Das,21,1,False
3504,3504,Sanjay Joshi,22,2,False
3505,3505,Rajesh Chavan,23,1,False
3506,3506,Anita Singh,24,2,False
3507,3507,Priya Verma,25,1,False
3508,3508,Rahul Reddy,26,2,False
3509,3509,Deepak Menon,27,1,False
3510,3510,Aisha Sharma,28,2,False
3511,3511,Siddharth Nair,29,1,False
3512,3512,Meena Bhat,30,2,False
3513,3513,Kavita Das,31,1,False
3514,3514,Sanjay Joshi,32,2,False
3515,3515,Rajesh Chavan,33,1,False
3516,3516,Anita Singh,34,2,False
3517,3517,Priya Verma,35,1,False
3518,3518,Rahul Reddy,36,2,False
3519,3519,Deepak Menon,37,1,False
3520,3520,Aisha Sharma,38,2,False
3521,3521,Siddharth Nair,39,1,False
3522,3522,Meena Bhat,40,2,False
3523,3523,Kavita Das,41,1,False
3524,3524,Sanjay Joshi,42,2,False
3525,3525,Rajesh Chavan,43,1,False
3526,3526,Anita Singh,44,2,False
3527,3527,Priya Verma,45,1,False
3528,3528,Rahul Reddy,46,2,False
3529,3529,Deepak Menon,47,1,False
3530,3530,Aisha Sharma,48,2,False
3531,3531,Siddharth Nair,49,1,False
3532,3532,Meena Bhat,50,2,False
3533,3533,Kavita Das,51,1,False
3534,3534,Sanjay Joshi,52,2,False
3535,3535,Rajesh Chavan,53,1,False
3536,3536,Anita Singh,54,2,False
3537,3537,Priya Verma,55,1,False
3538,3538,Rahul Reddy,56,2,False
3539,3539,Deepak Menon,57,1,False
3540,3540,Aisha Sharma,58,2,False
3541,3541,Siddharth Nair,59,1,False
3542,3542,Meena Bhat,60,2,False
3543,3543,Kavita Das,61,1,False
3544,3544,Sanjay Joshi,62,2,False
3545,3545,Rajesh Chavan,63,1,False
3546,3546,Anita Singh,64,2,False
3547,3547,Priya Verma,65,1,False
3548,3548,Rahul Reddy,66,2,False
3549,3549,Deepak Menon,67,1,False
3550,3550,Aisha Sharma,18,2,False
3551,3551,Siddharth Nair,19,1,False
3552,3552,Meena Bhat,20,2,False
3553,3553,Kavita Das,21,1,False
3554,3554,Sanjay Joshi,22,2,False
3555,3555,Rajesh Chavan,23,1,False
3556,3556,Anita Singh,24,2,False
3557,3557,Priya Verma,25,1,False
3558,3558,Rahul Reddy,26,2,False
3559,3559,Deepak Menon,27,1,False
3560,3560,Aisha Sharma,28,2,False
3561,3561,Siddharth Nair,29,1,False
3562,3562,Meena Bhat,30,2,False
3563,3563,Kavita Das,31,1,False
3564,3564,Sanjay Joshi,32,2,False
3565,3565,Rajesh Chavan,33,1,False
3566,3566,Anita Singh,34,2,False
3567,3567,Priya Verma,35,1,False
3568,3568,Rahul Reddy,36,2,False
3569,3569,Deepak Menon,37,1,False
3570,3570,Aisha Sharma,38,2,False
3571,3571,Siddharth Nair,39,1,False
3572,3572,Meena Bhat,40,2,False
3573,3573,Kavita Das,41,1,False
3574,3574,Sanjay Joshi,42,2,False
3575,3575,Rajesh Chavan,43,1,False
3576,3576,Anita Singh,44,2,False
3577,3577,Priya Verma,45,1,False
3578,3578,Rahul Reddy,46,2,False
3579,3579,Deepak Menon,47,1,False
3580,3580,Aisha Sharma,48,2,False
3581,3581,Siddharth Nair,49,1,False
3582,3582,Meena Bhat,50,2,False
3583,3583,Kavita Das,51,1,False
3584,3584,Sanjay Joshi,52,2,False
3585,3585,Rajesh Chavan,53,1,False
3586,3586,Anita Singh,54,2,False
3587,3587,Priya Verma,55,1,False
3588,3588,Rahul Reddy,56,2,False
3589,3589,Deepak Menon,57,1,False
3590,3590,Aisha Sharma,58,2,False
3591,3591,Siddharth Nair,59,1,False
3592,3592,Meena Bhat,60,2,False
3593,3593,Kavita Das,61,1,False
3594,3594,Sanjay Joshi,62,2,False
3595,3595,Rajesh Chavan,63,1,False
3596,3596,Anita Singh,64,2,False
3597,3597,Priya Verma,65,1,False
3598,3598,Rahul Reddy,66,2,False
3599,3599,Deepak Menon,67,1,False
3600,3600,Aisha Sharma,18,2,False
3601,3601,Siddharth Nair,19,1,False
3602,3602,Meena Bhat,20,2,False
3603,3603,Kavita Das,21,1,False
3604,3604,Sanjay Joshi,22,2,False
3605,3605,Rajesh Chavan,23,1,False
3606,3606,Anita Singh,24,2,False
3607,3607,Priya Verma,25,1,False
3608,3608,Rahul Reddy,26,2,False
3609,3609,Deepak Menon,27,1,False
3610,3610,Aisha Sharma,28,2,False
3611,3611,Siddharth Nair,29,1,False
3612,3612,Meena Bhat,30,2,False
3613,3613,Kavita Das,31,1,False
3614,3614,Sanjay Joshi,32,2,False
3615,3615,Rajesh Chavan,33,1,False
3616,3616,Anita Singh,34,2,False
3617,3617,Priya Verma,35,1,False
3618,3618,Rahul Reddy,36,2,False
3619,3619,Deepak Menon,37,1,False
3620,3620,Aisha Sharma,38,2,False
3621,3621,Siddharth Nair,39,1,False
3622,3622,Meena Bhat,40,2,False
3623,3623,Kavita Das,41,1,False
3624,3624,Sanjay Joshi,42,2,False
3625,3625,Rajesh Chavan,43,1,False
3626,3626,Anita Singh,44,2,False
3627,3627,Priya Verma,45,1,False
3628,3628,Rahul Reddy,46,2,False
3629,3629,Deepak Menon,47,1,False
3630,3630,Aisha Sharma,48,2,False
3631,3631,Siddharth Nair,49,1,False
3632,3632,Meena Bhat,50,2,False
3633,3633,Kavita Das,51,1,False
3634,3634,Sanjay Joshi,52,2,False
3635,3635,Rajesh Chavan,53,1,False
3636,3636,Anita Singh,54,2,False
3637,3637,Priya Verma,55,1,False
3638,3638,Rahul Reddy,56,2,False
3639,3639,Deepak Menon,57,1,False
3640,3640,Aisha Sharma,58,2,False
3641,3641,Siddharth Nair,59,1,False
3642,3642,Meena Bhat,60,2,False
3643,3643,Kavita Das,61,1,False
3644,3644,Sanjay Joshi,62,2,False
3645,3645,Rajesh Chavan,63,1,False
3646,3646,Anita Singh,64,2,False
3647,3647,Priya Verma,65,1,False
3648,3648,Rahul Reddy,66,2,False
3649,3649,Deepak Menon,67,1,False
3650,3650,Aisha Sharma,18,2,False
3651,3651,Siddharth Nair,19,1,False
3652,3652,Meena Bhat,20,2,False
3653,3653,Kavita Das,21,1,False
3654,3654,Sanjay Joshi,22,2,False
3655,3655,Rajesh Chavan,23,1,False
3656,3656,Anita Singh,24,2,False
3657,3657,Priya Verma,25,1,False
3658,3658,Rahul Reddy,26,2,False
3659,3659,Deepak Menon,27,1,False
3660,3660,Aisha Sharma,28,2,False
3661,3661,Siddharth Nair,29,1,False
3662,3662,Meena Bhat,30,2,False
3663,3663,Kavita Das,31,1,False
3664,3664,Sanjay Joshi,32,2,False
3665,3665,Rajesh Chavan,33,1,False
3666,3666,Anita Singh,34,2,False
3667,3667,Priya Verma,35,1,False
3668,3668,Rahul Reddy,36,2,False
3669,3669,Deepak Menon,37,1,False
3670,3670,Aisha Sharma,38,2,False
3671,3671,Siddharth Nair,39,1,False
3672,3672,Meena Bhat,40,2,False
3673,3673,Kavita Das,41,1,False
3674,3674,Sanjay Joshi,42,2,False
3675,3675,Rajesh Chavan,43,1,False
3676,3676,Anita Singh,44,2,False
3677,3677,Priya Verma,45,1,False
3678,3678,Rahul Reddy,46,2,False
3679,3679,Deepak Menon,47,1,False
3680,3680,Aisha Sharma,48,2,False
3681,3681,Siddharth Nair,49,1,False
3682,3682,Meena Bhat,50,2,False
3683,3683,Kavita Das,51,1,False
3684,3684,Sanjay Joshi,52,2,False
3685,3685,Rajesh Chavan,53,1,False
3686,3686,Anita Singh,54,2,False
3687,3687,Priya Verma,55,1,False
3688,3688,Rahul Reddy,56,2,False
3689,3689,Deepak Menon,57,1,False
3690,3690,Aisha Sharma,58,2,False
3691,3691,Siddharth Nair,59,1,False
3692,3692,Meena Bhat,60,2,False
3693,3693,Kavita Das,61,1,False
3694,3694,Sanjay Joshi,62,2,False
3695,3695,Rajesh Chavan,63,1,False
3696,3696,Anita Singh,64,2,False
3697,3697,Priya Verma,65,1,False
3698,3698,Rahul Reddy,66,2,False
3699,3699,Deepak Menon,67,1,False
3700,3700,Aisha Sharma,18,2,False
3701,3701,Siddharth Nair,19,1,False
3702,3702,Meena Bhat,20,2,False
3703,3703,Kavita Das,21,1,False
3704,3704,Sanjay Joshi,22,2,False
3705,3705,Rajesh Chavan,23,1,False
3706,3706,Anita Singh,24,2,False
3707,3707,Priya Verma,25,1,False
3708,3708,Rahul Reddy,26,2,False
3709,3709,Deepak Menon,27,1,False
3710,3710,Aisha Sharma,28,2,False
3711,3711,Siddharth Nair,29,1,False
3712,3712,Meena Bhat,30,2,False
3713,3713,Kavita Das,31,1,False
3714,3714,Sanjay Joshi,32,2,False
3715,3715,Rajesh Chavan,33,1,False
3716,3716,Anita Singh,34,2,False
3717,3717,Priya Verma,35,1,False
3718,3718,Rahul Reddy,36,2,False
3719,3719,Deepak Menon,37,1,False
3720,3720,Aisha Sharma,38,2,False
3721,3721,Siddharth Nair,39,1,False
3722,3722,Meena Bhat,40,2,False
3723,3723,Kavita Das,41,1,False
3724,3724,Sanjay Joshi,42,2,False
3725,3725,Rajesh Chavan,43,1,False
3726,3726,Anita Singh,44,2,False
3727,3727,Priya Verma,45,1,False
3728,3728,Rahul Reddy,46,2,False
3729,3729,Deepak Menon,47,1,False
3730,3730,Aisha Sharma,48,2,False
3731,3731,Siddharth Nair,49,1,False
3732,3732,Meena Bhat,50,2,False
3733,3733,Kavita Das,51,1,False
3734,3734,Sanjay Joshi,52,2,False
3735,3735,Rajesh Chavan,53,1,False
3736,3736,Anita Singh,54,2,False
3737,3737,Priya Verma,55,1,False
3738,3738,Rahul Reddy,56,2,False
3739,3739,Deepak Menon,57,1,False
3740,3740,Aisha Sharma,58,2,False
3741,3741,Siddharth Nair,59,1,False
3742,3742,Meena Bhat,60,2,False
3743,3743,Kavita Das,61,1,False
3744,3744,Sanjay Joshi,62,2,False
3745,3745,Rajesh Chavan,63,1,False
3746,3746,Anita Singh,64,2,False
3747,3747,Priya Verma,65,1,False
3748,3748,Rahul Reddy,66,2,False
3749,3749,Deepak Menon,67,1,False
3750,3750,Aisha Sharma,18,2,False
3751,3751,Siddharth Nair,19,1,False
3752,3752,Meena Bhat,20,2,False
3753,3753,Kavita Das,21,1,False
3754,3754,Sanjay Joshi,22,2,False
3755,3755,Rajesh Chavan,23,1,False
3756,3756,Anita Singh,24,2,False
3757,3757,Priya Verma,25,1,False
3758,3758,Rahul Reddy,26,2,False
3759,3759,Deepak Menon,27,1,False
3760,3760,Aisha Sharma,28,2,False
3761,3761,Siddharth Nair,29,1,False
3762,3762,Meena Bhat,30,2,False
3763,3763,Kavita Das,31,1,False
3764,3764,Sanjay Joshi,32,2,False
3765,3765,Rajesh Chavan,33,1,False
3766,3766,Anita Singh,34,2,False
3767,3767,Priya Verma,35,1,False
3768,3768,Rahul Reddy,36,2,False
3769,3769,Deepak Menon,37,1,False
3770,3770,Aisha Sharma,38,2,False
3771,3771,Siddharth Nair,39,1,False
3772,3772,Meena Bhat,40,2,False
3773,3773,Kavita Das,41,1,False
3774,3774,Sanjay Joshi,42,2,False
3775,3775,Rajesh Chavan,43,1,False
3776,3776,Anita Singh,44,2,False
3777,3777,Priya Verma,45,1,False
3778,3778,Rahul Reddy,46,2,False
3779,3779,Deepak Menon,47,1,False
3780,3780,Aisha Sharma,48,2,False
3781,3781,Siddharth Nair,49,1,False
3782,3782,Meena Bhat,50,2,False
3783,3783,Kavita Das,51,1,False
3784,3784,Sanjay Joshi,52,2,False
3785,3785,Rajesh Chavan,53,1,False
3786,3786,Anita Singh,54,2,False
3787,3787,Priya Verma,55,1,False
3788,3788,Rahul Reddy,56,2,False
3789,3789,Deepak Menon,57,1,False
3790,3790,Aisha Sharma,58,2,False
3791,3791,Siddharth Nair,59,1,False
3792,3792,Meena Bhat,60,2,False
3793,3793,Kavita Das,61,1,False
3794,3794,Sanjay Joshi,62,2,False
3795,3795,Rajesh Chavan,63,1,False
3796,3796,Anita Singh,64,2,False
3797,3797,Priya Verma,65,1,False
3798,3798,Rahul Reddy,66,2,False
3799,3799,Deepak Menon,67,1,False
3800,3800,Aisha Sharma,18,2,False
3801,3801,Siddharth Nair,19,1,False
3802,3802,Meena Bhat,20,2,False
3803,3803,Kavita Das,21,1,False
3804,3804,Sanjay Joshi,22,2,False
3805,3805,Rajesh Chavan,23,1,False
3806,3806,Anita Singh,24,2,False
3807,3807,Priya Verma,25,1,False
3808,3808,Rahul Reddy,26,2,False
3809,3809,Deepak Menon,27,1,False
3810,3810,Aisha Sharma,28,2,False
3811,3811,Siddharth Nair,29,1,False
3812,3812,Meena Bhat,30,2,False
3813,3813,Kavita Das,31,1,False
3814,3814,Sanjay Joshi,32,2,False
3815,3815,Rajesh Chavan,33,1,False
3816,3816,Anita Singh,34,2,False
3817,3817,Priya Verma,35,1,False
3818,3818,Rahul Reddy,36,2,False
3819,3819,Deepak Menon,37,1,False
3820,3820,Aisha Sharma,38,2,False
3821,3821,Siddharth Nair,39,1,False
3822,3822,Meena Bhat,40,2,False
3823,3823,Kavita Das,41,1,False
3824,3824,Sanjay Joshi,42,2,False
3825,3825,Rajesh Chavan,43,1,False
3826,3826,Anita Singh,44,2,False
3827,3827,Priya Verma,45,1,False
3828,3828,Rahul Reddy,46,2,False
3829,3829,Deepak Menon,47,1,False
3830,3830,Aisha Sharma,48,2,False
3831,3831,Siddharth Nair,49,1,False
3832,3832,Meena Bhat,50,2,False
3833,3833,Kavita Das,51,1,False
3834,3834,Sanjay Joshi,52,2,False
3835,3835,Rajesh Chavan,53,1,False
3836,3836,Anita Singh,54,2,False
3837,3837,Priya Verma,55,1,False
3838,3838,Rahul Reddy,56,2,False
3839,3839,Deepak Menon,57,1,False
3840,3840,Aisha Sharma,58,2,False
3841,3841,Siddharth Nair,59,1,False
3842,3842,Meena Bhat,60,2,False
3843,3843,Kavita Das,61,1,False
3844,3844,Sanjay Joshi,62,2,False
3845,3845,Rajesh Chavan,63,1,False
3846,3846,Anita Singh,64,2,False
3847,3847,Priya Verma,65,1,False
3848,3848,Rahul Reddy,66,2,False
3849,3849,Deepak Menon,67,1,False
3850,3850,Aisha Sharma,18,2,False
3851,3851,Siddharth Nair,19,1,False
3852,3852,Meena Bhat,20,2,False
3853,3853,Kavita Das,21,1,False
3854,3854,Sanjay Joshi,22,2,False
3855,3855,Rajesh Chavan,23,1,False
3856,3856,Anita Singh,24,2,False
3857,3857,Priya Verma,25,1,False
3858,3858,Rahul Reddy,26,2,False
3859,3859,Deepak Menon,27,1,False
3860,3860,Aisha Sharma,28,2,False
3861,3861,Siddharth Nair,29,1,False
3862,3862,Meena Bhat,30,2,False
3863,3863,Kavita Das,31,1,False
3864,3864,Sanjay Joshi,32,2,False
3865,3865,Rajesh Chavan,33,1,False
3866,3866,Anita Singh,34,2,False
3867,3867,Priya Verma,35,1,False
3868,3868,Rahul Reddy,36,2,False
3869,3869,Deepak Menon,37,1,False
3870,3870,Aisha Sharma,38,2,False
3871,3871,Siddharth Nair,39,1,False
3872,3872,Meena Bhat,40,2,False
3873,3873,Kavita Das,41,1,False
3874,3874,Sanjay Joshi,42,2,False
3875,3875,Rajesh Chavan,43,1,False
3876,3876,Anita Singh,44,2,False
3877,3877,Priya Verma,45,1,False
3878,3878,Rahul Reddy,46,2,False
3879,3879,Deepak Menon,47,1,False
3880,3880,Aisha Sharma,48,2,False
3881,3881,Siddharth Nair,49,1,False
3882,3882,Meena Bhat,50,2,False
3883,3883,Kavita Das,51,1,False
3884,3884,Sanjay Joshi,52,2,False
3885,3885,Rajesh Chavan,53,1,False
3886,3886,Anita Singh,54,2,False
3887,3887,Priya Verma,55,1,False
3888,3888,Rahul Reddy,56,2,False
3889,3889,Deepak Menon,57,1,False
3890,3890,Aisha Sharma,58,2,False
3891,3891,Siddharth Nair,59,1,False
3892,3892,Meena Bhat,60,2,False
3893,3893,Kavita Das,61,1,False
3894,3894,Sanjay Joshi,62,2,False
3895,3895,Rajesh Chavan,63,1,False
3896,3896,Anita Singh,64,2,False
3897,3897,Priya Verma,65,1,False
3898,3898,Rahul Reddy,66,2,False
3899,3899,Deepak Menon,67,1,False
3900,3900,Aisha Sharma,18,2,False
3901,3901,Siddharth Nair,19,1,False
3902,3902,Meena Bhat,20,2,False
3903,3903,Kavita Das,21,1,False
3904,3904,Sanjay Joshi,22,2,False
3905,3905,Rajesh Chavan,23,1,False
3906,3906,Anita Singh,24,2,False
3907,3907,Priya Verma,25,1,False
3908,3908,Rahul Reddy,26,2,False
3909,3909,Deepak Menon,27,1,False
3910,3910,Aisha Sharma,28,2,False
3911,3911,Siddharth Nair,29,1,False
3912,3912,Meena Bhat,30,2,False
3913,3913,Kavita Das,31,1,False
3914,3914,Sanjay Joshi,32,2,False
3915,3915,Rajesh Chavan,33,1,False
3916,3916,Anita Singh,34,2,False
3917,3917,Priya Verma,35,1,False
3918,3918,Rahul Reddy,36,2,False
3919,3919,Deepak Menon,37,1,False
3920,3920,Aisha Sharma,38,2,False
3921,3921,Siddharth Nair,39,1,False
3922,3922,Meena Bhat,40,2,False
3923,3923,Kavita Das,41,1,False
3924,3924,Sanjay Joshi,42,2,False
3925,3925,Rajesh Chavan,43,1,False
3926,3926,Anita Singh,44,2,False
3927,3927,Priya Verma,45,1,False
3928,3928,Rahul Reddy,46,2,False
3929,3929,Deepak Menon,47,1,False
3930,3930,Aisha Sharma,48,2,False
3931,3931,Siddharth Nair,49,1,False
3932,3932,Meena Bhat,50,2,False
3933,3933,Kavita Das,51,1,False
3934,3934,Sanjay Joshi,52,2,False
3935,3935,Rajesh Chavan,53,1,False
3936,3936,Anita Singh,54,2,False
3937,3937,Priya Verma,55,1,False
3938,3938,Rahul Reddy,56,2,False
3939,3939,Deepak Menon,57,1,False
3940,3940,Aisha Sharma,58,2,False
3941,3941,Siddharth Nair,59,1,False
3942,3942,Meena Bhat,60,2,False
3943,3943,Kavita Das,61,1,False
3944,3944,Sanjay Joshi,62,2,False
3945,3945,Rajesh Chavan,63,1,False
3946,3946,Anita Singh,64,2,False
3947,3947,Priya Verma,65,1,False
3948,3948,Rahul Reddy,66,2,False
3949,3949,Deepak Menon,67,1,False
3950,3950,Aisha Sharma,18,2,False
3951,3951,Siddharth Nair,19,1,False
3952,3952,Meena Bhat,20,2,False
3953,3953,Kavita Das,21,1,False
3954,3954,Sanjay Joshi,22,2,False
3955,3955,Rajesh Chavan,23,1,False
3956,3956,Anita Singh,24,2,False
3957,3957,Priya Verma,25,1,False
3958,3958,Rahul Reddy,26,2,False
3959,3959,Deepak Menon,27,1,False
3960,3960,Aisha Sharma,28,2,False
3961,3961,Siddharth Nair,29,1,False
3962,3962,Meena Bhat,30,2,False
3963,3963,Kavita Das,31,1,False
3964,3964,Sanjay Joshi,32,2,False
3965,3965,Rajesh Chavan,33,1,False
3966,3966,Anita Singh,34,2,False
3967,3967,Priya Verma,35,1,False
3968,3968,Rahul Reddy,36,2,False
3969,3969,Deepak Menon,37,1,False
3970,3970,Aisha Sharma,38,2,False
3971,3971,Siddharth Nair,39,1,False
3972,3972,Meena Bhat,40,2,False
3973,3973,Kavita Das,41,1,False
3974,3974,Sanjay Joshi,42,2,False
3975,3975,Rajesh Chavan,43,1,False
3976,3976,Anita Singh,44,2,False
3977,3977,Priya Verma,45,1,False
3978,3978,Rahul Reddy,46,2,False
3979,3979,Deepak Menon,47,1,False
3980,3980,Aisha Sharma,48,2,False
3981,3981,Siddharth Nair,49,1,False
3982,3982,Meena Bhat,50,2,False
3983,3983,Kavita Das,51,1,False
3984,3984,Sanjay Joshi,52,2,False
3985,3985,Rajesh Chavan,53,1,False
3986,3986,Anita Singh,54,2,False
3987,3987,Priya Verma,55,1,False
3988,3988,Rahul Reddy,56,2,False
3989,3989,Deepak Menon,57,1,False
3990,3990,Aisha Sharma,58,2,False
3991,3991,Siddharth Nair,59,1,False
3992,3992,Meena Bhat,60,2,False
3993,3993,Kavita Das,61,1,False
3994,3994,Sanjay Joshi,62,2,False
3995,3995,Rajesh Chavan,63,1,False
3996,3996,Anita Singh,64,2,False
3997,3997,Priya Verma,65,1,False
