CSID,CaseMasterID,csdate,cstype,PolicePersonID
1,1,2025-02-23 11:30:00,A,2
2,2,2025-10-25 11:30:00,A,1
3,3,2025-06-19 11:30:00,A,2
4,4,2025-06-29 11:30:00,A,1
5,5,2025-05-21 11:30:00,C,2
6,6,2025-05-11 11:30:00,C,1
7,7,2025-05-02 11:30:00,A,2
8,8,2025-10-06 11:30:00,A,1
9,9,2025-10-21 11:30:00,B,2
10,10,2025-03-31 11:30:00,A,1
11,11,2025-02-04 11:30:00,C,2
12,12,2026-01-13 11:30:00,A,1
13,13,2025-05-25 11:30:00,A,2
14,14,2025-07-03 11:30:00,A,1
15,15,2025-11-18 11:30:00,B,2
16,16,2025-12-03 11:30:00,C,1
17,17,2025-08-19 11:30:00,C,2
18,18,2025-07-25 11:30:00,C,1
19,19,2025-12-01 11:30:00,A,2
20,20,2025-04-23 11:30:00,C,1
21,21,2025-03-13 11:30:00,A,2
22,22,2025-12-28 11:30:00,C,1
23,23,2025-06-01 11:30:00,A,2
24,24,2025-11-23 11:30:00,B,1
25,25,2025-03-09 11:30:00,B,2
26,26,2025-10-19 11:30:00,C,1
27,27,2026-02-03 11:30:00,B,2
28,28,2025-08-16 11:30:00,C,1
29,29,2025-05-30 11:30:00,C,2
30,30,2025-05-03 11:30:00,A,1
31,31,2025-06-26 11:30:00,A,2
32,32,2025-05-18 11:30:00,A,1
33,33,2025-12-19 11:30:00,A,2
34,34,2026-01-04 11:30:00,A,1
35,35,2025-08-01 11:30:00,C,2
36,36,2025-09-11 11:30:00,A,1
37,37,2026-01-06 11:30:00,A,2
38,38,2025-08-15 11:30:00,A,1
39,39,2025-10-05 11:30:00,A,2
40,40,2025-03-18 11:30:00,C,1
41,41,2025-08-09 11:30:00,A,2
42,42,2025-09-17 11:30:00,B,1
43,43,2025-08-19 11:30:00,A,2
44,44,2025-04-24 11:30:00,A,1
45,45,2025-06-02 11:30:00,B,2
46,46,2025-04-13 11:30:00,C,1
47,47,2025-10-08 11:30:00,A,2
48,48,2025-12-19 11:30:00,A,1
49,49,2025-03-07 11:30:00,A,2
50,50,2025-08-23 11:30:00,C,1
51,51,2025-03-19 11:30:00,A,2
52,52,2026-02-12 11:30:00,A,1
53,53,2025-10-03 11:30:00,A,2
54,54,2025-08-17 11:30:00,A,1
55,55,2025-07-06 11:30:00,B,2
56,56,2025-10-11 11:30:00,C,1
57,57,2025-08-26 11:30:00,B,2
58,58,2025-10-15 11:30:00,C,1
59,59,2025-03-22 11:30:00,A,2
60,60,2025-06-22 11:30:00,A,1
61,61,2025-10-27 11:30:00,C,2
62,62,2025-03-05 11:30:00,A,1
63,63,2025-09-27 11:30:00,B,2
64,64,2025-02-22 11:30:00,A,1
65,65,2025-05-09 11:30:00,A,2
66,66,2025-02-06 11:30:00,B,1
67,67,2025-08-02 11:30:00,C,2
68,68,2025-10-17 11:30:00,C,1
69,69,2025-04-12 11:30:00,C,2
70,70,2025-03-14 11:30:00,C,1
71,71,2025-05-08 11:30:00,A,2
72,72,2025-03-08 11:30:00,B,1
73,73,2025-09-16 11:30:00,A,2
74,74,2025-12-11 11:30:00,A,1
75,75,2025-10-03 11:30:00,A,2
76,76,2025-07-15 11:30:00,C,1
77,77,2026-01-11 11:30:00,C,2
78,78,2025-07-31 11:30:00,A,1
79,79,2025-02-25 11:30:00,C,2
80,80,2026-01-20 11:30:00,A,1
81,81,2025-06-11 11:30:00,B,2
82,82,2025-07-15 11:30:00,A,1
83,83,2025-02-16 11:30:00,A,2
84,84,2026-01-27 11:30:00,A,1
85,85,2025-05-23 11:30:00,B,2
86,86,2025-12-20 11:30:00,A,1
87,87,2025-05-16 11:30:00,A,2
88,88,2025-04-01 11:30:00,A,1
89,89,2025-11-08 11:30:00,C,2
90,90,2025-10-07 11:30:00,A,1
91,91,2025-06-22 11:30:00,A,2
92,92,2025-08-27 11:30:00,C,1
93,93,2025-05-21 11:30:00,A,2
94,94,2025-11-04 11:30:00,C,1
95,95,2025-03-13 11:30:00,C,2
96,96,2025-12-27 11:30:00,B,1
97,97,2025-05-01 11:30:00,C,2
98,98,2025-12-24 11:30:00,C,1
99,99,2026-02-08 11:30:00,A,2
100,100,2026-01-06 11:30:00,C,1
101,101,2025-10-25 11:30:00,A,2
102,102,2025-07-07 11:30:00,B,1
103,103,2025-05-14 11:30:00,C,2
104,104,2025-11-10 11:30:00,C,1
105,105,2025-09-27 11:30:00,B,2
106,106,2025-04-09 11:30:00,A,1
107,107,2025-08-28 11:30:00,A,2
108,108,2025-05-19 11:30:00,C,1
109,109,2025-05-11 11:30:00,C,2
110,110,2025-07-10 11:30:00,C,1
111,111,2025-09-24 11:30:00,A,2
112,112,2025-09-21 11:30:00,A,1
113,113,2025-12-12 11:30:00,A,2
114,114,2025-05-03 11:30:00,A,1
115,115,2025-05-29 11:30:00,A,2
116,116,2025-04-11 11:30:00,C,1
117,117,2026-01-31 11:30:00,C,2
118,118,2025-12-01 11:30:00,C,1
119,119,2026-02-13 11:30:00,C,2
120,120,2025-09-25 11:30:00,A,1
121,121,2025-10-23 11:30:00,C,2
122,122,2025-04-09 11:30:00,C,1
123,123,2025-03-24 11:30:00,B,2
124,124,2025-10-30 11:30:00,C,1
125,125,2025-09-29 11:30:00,C,2
126,126,2025-09-05 11:30:00,A,3
127,127,2025-09-10 11:30:00,C,4
128,128,2025-09-20 11:30:00,C,3
129,129,2025-10-01 11:30:00,C,4
130,130,2025-10-12 11:30:00,C,3
131,131,2025-07-27 11:30:00,A,4
132,132,2025-01-30 11:30:00,A,3
133,133,2025-02-19 11:30:00,C,4
134,134,2025-11-03 11:30:00,A,3
135,135,2025-08-17 11:30:00,B,4
136,136,2025-06-24 11:30:00,C,3
137,137,2026-01-10 11:30:00,C,4
138,138,2026-01-10 11:30:00,A,3
139,139,2025-08-06 11:30:00,A,4
140,140,2025-07-21 11:30:00,C,3
141,141,2025-11-13 11:30:00,B,4
142,142,2025-04-27 11:30:00,A,3
143,143,2025-04-28 11:30:00,A,4
144,144,2025-06-17 11:30:00,A,3
145,145,2025-03-01 11:30:00,C,4
146,146,2026-01-02 11:30:00,A,3
147,147,2025-11-01 11:30:00,C,4
148,148,2025-05-12 11:30:00,C,3
149,149,2025-09-06 11:30:00,A,4
150,150,2025-09-17 11:30:00,A,3
151,151,2025-07-27 11:30:00,A,4
152,152,2025-06-07 11:30:00,C,3
153,153,2025-08-22 11:30:00,B,4
154,154,2025-08-11 11:30:00,A,3
155,155,2025-10-19 11:30:00,B,4
156,156,2025-02-21 11:30:00,C,3
157,157,2025-04-10 11:30:00,A,4
158,158,2025-08-18 11:30:00,C,3
159,159,2025-12-30 11:30:00,B,4
160,160,2025-05-05 11:30:00,C,3
161,161,2025-05-12 11:30:00,C,4
162,162,2025-08-13 11:30:00,A,3
163,163,2025-05-15 11:30:00,C,4
164,164,2026-01-14 11:30:00,A,3
165,165,2025-06-12 11:30:00,B,4
166,166,2025-04-10 11:30:00,A,3
167,167,2026-02-14 11:30:00,C,4
168,168,2026-01-09 11:30:00,B,3
169,169,2026-01-08 11:30:00,A,4
170,170,2025-08-09 11:30:00,C,3
171,171,2025-06-01 11:30:00,B,4
172,172,2025-07-18 11:30:00,C,3
173,173,2025-09-19 11:30:00,A,4
174,174,2025-06-18 11:30:00,A,3
175,175,2025-09-21 11:30:00,C,4
176,176,2025-06-16 11:30:00,C,3
177,177,2026-02-11 11:30:00,C,4
178,178,2025-07-27 11:30:00,A,3
179,179,2026-03-12 11:30:00,C,4
180,180,2025-07-21 11:30:00,B,3
181,181,2025-06-04 11:30:00,C,4
182,182,2026-01-22 11:30:00,A,3
183,183,2025-08-27 11:30:00,A,4
184,184,2025-07-16 11:30:00,C,3
185,185,2025-02-09 11:30:00,B,4
186,186,2025-11-18 11:30:00,B,3
187,187,2025-03-13 11:30:00,A,4
188,188,2025-12-22 11:30:00,A,3
189,189,2025-11-12 11:30:00,A,4
190,190,2025-09-02 11:30:00,A,3
191,191,2025-12-26 11:30:00,A,4
192,192,2025-04-21 11:30:00,A,3
193,193,2025-06-24 11:30:00,A,4
194,194,2025-08-10 11:30:00,A,3
195,195,2025-02-18 11:30:00,B,4
196,196,2025-03-13 11:30:00,A,3
197,197,2025-07-24 11:30:00,C,4
198,198,2025-07-04 11:30:00,A,3
199,199,2025-03-07 11:30:00,C,4
200,200,2025-03-04 11:30:00,A,3
201,201,2025-05-30 11:30:00,A,4
202,202,2025-05-27 11:30:00,C,3
203,203,2025-05-23 11:30:00,A,4
204,204,2026-01-23 11:30:00,B,3
205,205,2026-01-15 11:30:00,B,4
206,206,2026-01-06 11:30:00,C,3
207,207,2025-08-04 11:30:00,B,4
208,208,2025-06-17 11:30:00,C,3
209,209,2025-08-14 11:30:00,C,4
210,210,2025-04-09 11:30:00,B,3
211,211,2025-05-07 11:30:00,C,4
212,212,2025-07-15 11:30:00,C,3
213,213,2025-02-25 11:30:00,A,4
214,214,2026-01-01 11:30:00,A,3
215,215,2025-07-14 11:30:00,A,4
216,216,2025-11-26 11:30:00,B,3
217,217,2025-12-06 11:30:00,C,4
218,218,2025-08-01 11:30:00,C,3
219,219,2026-01-03 11:30:00,C,4
220,220,2025-07-20 11:30:00,C,3
221,221,2025-04-14 11:30:00,C,4
222,222,2025-09-26 11:30:00,A,3
223,223,2025-10-28 11:30:00,C,4
224,224,2025-10-28 11:30:00,A,3
225,225,2025-06-10 11:30:00,B,4
226,226,2025-03-20 11:30:00,C,3
227,227,2025-10-28 11:30:00,C,4
228,228,2025-09-03 11:30:00,C,3
229,229,2025-04-30 11:30:00,C,4
230,230,2025-12-16 11:30:00,A,3
231,231,2025-04-11 11:30:00,A,4
232,232,2026-02-22 11:30:00,C,3
233,233,2026-02-03 11:30:00,A,4
234,234,2025-12-21 11:30:00,A,3
235,235,2025-06-11 11:30:00,A,4
236,236,2025-03-21 11:30:00,A,3
237,237,2025-11-13 11:30:00,B,4
238,238,2026-01-10 11:30:00,C,3
239,239,2025-07-19 11:30:00,C,4
240,240,2025-05-07 11:30:00,A,3
241,241,2025-08-29 11:30:00,A,4
242,242,2026-02-06 11:30:00,A,3
243,243,2025-07-26 11:30:00,A,4
244,244,2025-12-29 11:30:00,C,3
245,245,2025-06-09 11:30:00,A,4
246,246,2025-05-10 11:30:00,C,3
247,247,2025-11-29 11:30:00,A,4
248,248,2025-11-11 11:30:00,C,3
249,249,2025-06-26 11:30:00,B,4
250,250,2025-05-23 11:30:00,A,3
251,251,2025-03-12 11:30:00,C,4
252,252,2025-05-23 11:30:00,B,3
253,253,2025-03-22 11:30:00,A,4
254,254,2025-08-26 11:30:00,A,3
255,255,2025-10-23 11:30:00,B,4
256,256,2025-08-12 11:30:00,C,3
257,257,2025-12-02 11:30:00,A,4
258,258,2025-09-03 11:30:00,A,3
259,259,2025-11-11 11:30:00,C,4
260,260,2025-02-21 11:30:00,A,3
261,261,2025-04-01 11:30:00,A,4
262,262,2025-08-26 11:30:00,A,3
263,263,2025-05-05 11:30:00,C,4
264,264,2025-04-23 11:30:00,B,3
265,265,2025-03-05 11:30:00,C,4
266,266,2025-09-27 11:30:00,C,3
267,267,2025-06-24 11:30:00,C,4
268,268,2025-12-30 11:30:00,C,3
269,269,2025-04-09 11:30:00,A,4
270,270,2025-04-08 11:30:00,A,3
271,271,2025-03-30 11:30:00,A,4
272,272,2026-02-10 11:30:00,A,3
273,273,2025-10-16 11:30:00,B,4
274,274,2026-02-13 11:30:00,A,3
275,275,2025-04-26 11:30:00,A,4
276,276,2025-03-29 11:30:00,C,3
277,277,2025-09-05 11:30:00,C,4
278,278,2026-02-13 11:30:00,C,3
279,279,2025-09-13 11:30:00,B,4
280,280,2025-07-22 11:30:00,C,3
281,281,2025-08-28 11:30:00,C,4
282,282,2025-12-15 11:30:00,B,3
283,283,2025-03-09 11:30:00,A,4
284,284,2025-08-01 11:30:00,C,3
285,285,2026-01-01 11:30:00,A,4
286,286,2025-07-15 11:30:00,A,3
287,287,2025-07-14 11:30:00,A,4
288,288,2025-03-03 11:30:00,C,3
289,289,2026-02-10 11:30:00,C,4
290,290,2025-06-02 11:30:00,A,3
291,291,2025-11-12 11:30:00,A,4
292,292,2025-08-18 11:30:00,A,3
293,293,2025-06-26 11:30:00,C,4
294,294,2025-03-07 11:30:00,A,3
295,295,2025-11-10 11:30:00,A,4
296,296,2025-07-25 11:30:00,A,3
297,297,2025-09-11 11:30:00,C,4
298,298,2025-06-19 11:30:00,A,3
299,299,2026-02-03 11:30:00,C,4
300,300,2025-10-22 11:30:00,B,3
301,301,2025-07-29 11:30:00,A,4
302,302,2025-11-06 11:30:00,A,3
303,303,2026-02-27 11:30:00,A,4
304,304,2025-09-10 11:30:00,C,3
305,305,2025-06-10 11:30:00,C,4
306,306,2025-02-12 11:30:00,A,3
307,307,2025-10-24 11:30:00,A,4
308,308,2025-03-13 11:30:00,A,3
309,309,2025-05-30 11:30:00,B,4
310,310,2025-04-14 11:30:00,A,3
311,311,2025-06-25 11:30:00,C,4
312,312,2025-03-19 11:30:00,A,3
313,313,2025-01-28 11:30:00,C,4
314,314,2025-10-02 11:30:00,C,3
315,315,2025-12-23 11:30:00,A,4
316,316,2025-08-06 11:30:00,A,3
317,317,2025-10-04 11:30:00,C,4
318,318,2025-05-29 11:30:00,A,3
319,319,2025-12-26 11:30:00,A,4
320,320,2025-06-15 11:30:00,A,3
321,321,2025-09-16 11:30:00,B,4
322,322,2025-06-08 11:30:00,A,3
323,323,2025-04-28 11:30:00,A,4
324,324,2025-06-18 11:30:00,A,3
325,325,2025-05-09 11:30:00,B,4
326,326,2025-09-09 11:30:00,A,3
327,327,2025-07-15 11:30:00,B,4
328,328,2025-09-26 11:30:00,C,3
329,329,2025-07-20 11:30:00,C,4
330,330,2025-05-30 11:30:00,B,3
331,331,2025-07-07 11:30:00,C,4
332,332,2025-11-12 11:30:00,A,3
333,333,2026-01-19 11:30:00,A,4
334,334,2026-01-04 11:30:00,A,3
335,335,2025-05-12 11:30:00,A,4
336,336,2025-03-07 11:30:00,A,3
337,337,2025-12-03 11:30:00,A,4
338,338,2025-12-14 11:30:00,C,3
339,339,2025-05-18 11:30:00,B,4
340,340,2025-05-13 11:30:00,A,3
341,341,2025-03-17 11:30:00,A,6
342,342,2025-07-24 11:30:00,A,5
343,343,2025-04-09 11:30:00,C,6
344,344,2026-02-14 11:30:00,C,5
345,345,2026-02-21 11:30:00,A,6
346,346,2025-03-29 11:30:00,C,5
347,347,2025-12-31 11:30:00,C,6
348,348,2025-08-24 11:30:00,B,5
349,349,2025-04-20 11:30:00,C,6
350,350,2025-08-22 11:30:00,C,5
351,351,2026-02-20 11:30:00,A,6
352,352,2025-11-07 11:30:00,A,5
353,353,2026-02-08 11:30:00,C,6
354,354,2026-01-05 11:30:00,B,5
355,355,2025-10-13 11:30:00,C,6
356,356,2025-10-08 11:30:00,C,5
357,357,2025-12-30 11:30:00,A,6
358,358,2025-08-03 11:30:00,C,5
359,359,2025-04-25 11:30:00,A,6
360,360,2025-11-08 11:30:00,A,5
361,361,2025-11-25 11:30:00,A,6
362,362,2025-08-29 11:30:00,A,5
363,363,2025-11-11 11:30:00,B,6
364,364,2025-06-11 11:30:00,C,5
365,365,2025-08-20 11:30:00,A,6
366,366,2025-10-11 11:30:00,B,5
367,367,2025-07-10 11:30:00,A,6
368,368,2025-05-03 11:30:00,C,5
369,369,2025-05-22 11:30:00,B,6
370,370,2025-02-10 11:30:00,A,5
371,371,2025-03-04 11:30:00,A,6
372,372,2025-03-10 11:30:00,B,5
373,373,2025-03-11 11:30:00,A,6
374,374,2025-11-21 11:30:00,C,5
375,375,2025-04-03 11:30:00,B,6
376,376,2025-08-10 11:30:00,C,5
377,377,2025-06-18 11:30:00,C,6
378,378,2026-01-08 11:30:00,B,5
379,379,2025-02-23 11:30:00,A,6
380,380,2025-12-25 11:30:00,C,5
381,381,2025-09-14 11:30:00,B,6
382,382,2025-05-22 11:30:00,A,5
383,383,2025-04-08 11:30:00,A,6
384,384,2025-03-01 11:30:00,A,5
385,385,2025-11-03 11:30:00,B,6
386,386,2025-04-10 11:30:00,C,5
387,387,2025-10-01 11:30:00,B,6
388,388,2025-08-25 11:30:00,C,5
389,389,2025-04-02 11:30:00,C,6
390,390,2025-12-24 11:30:00,A,5
391,391,2025-06-21 11:30:00,C,6
392,392,2025-05-31 11:30:00,A,5
393,393,2025-07-13 11:30:00,A,6
394,394,2025-12-07 11:30:00,A,5
395,395,2026-01-21 11:30:00,C,6
396,396,2025-10-20 11:30:00,C,5
397,397,2025-04-05 11:30:00,A,6
398,398,2025-05-11 11:30:00,C,5
399,399,2025-05-14 11:30:00,A,6
400,400,2025-05-29 11:30:00,A,5
401,401,2025-08-22 11:30:00,A,6
402,402,2025-05-19 11:30:00,B,5
403,403,2025-04-03 11:30:00,A,6
404,404,2025-03-15 11:30:00,A,5
405,405,2025-10-04 11:30:00,B,6
406,406,2025-09-24 11:30:00,C,5
407,407,2026-01-10 11:30:00,C,6
408,408,2026-01-23 11:30:00,B,5
409,409,2026-02-10 11:30:00,A,6
410,410,2025-12-13 11:30:00,A,5
411,411,2025-12-08 11:30:00,A,6
412,412,2025-04-02 11:30:00,A,5
413,413,2025-10-15 11:30:00,C,6
414,414,2025-08-21 11:30:00,A,5
415,415,2026-02-20 11:30:00,B,6
416,416,2025-03-29 11:30:00,A,5
417,417,2025-07-27 11:30:00,A,6
418,418,2025-08-25 11:30:00,C,5
419,419,2025-08-22 11:30:00,C,6
420,420,2026-01-22 11:30:00,A,5
421,421,2025-11-29 11:30:00,C,6
422,422,2026-02-28 11:30:00,A,5
423,423,2026-01-27 11:30:00,A,6
424,424,2025-03-27 11:30:00,A,5
425,425,2025-12-30 11:30:00,A,6
426,426,2025-10-18 11:30:00,B,5
427,427,2025-02-14 11:30:00,C,6
428,428,2025-12-05 11:30:00,C,5
429,429,2025-05-14 11:30:00,B,6
430,430,2025-04-17 11:30:00,A,5
431,431,2025-08-31 11:30:00,A,6
432,432,2025-12-30 11:30:00,A,5
433,433,2025-02-18 11:30:00,A,6
434,434,2025-04-27 11:30:00,C,5
435,435,2025-07-09 11:30:00,B,6
436,436,2025-05-17 11:30:00,A,5
437,437,2025-05-26 11:30:00,C,6
438,438,2025-10-27 11:30:00,A,5
439,439,2025-11-02 11:30:00,A,6
440,440,2026-01-02 11:30:00,C,5
441,441,2025-12-14 11:30:00,B,6
442,442,2025-05-13 11:30:00,A,5
443,443,2026-01-17 11:30:00,A,6
444,444,2026-01-21 11:30:00,A,5
445,445,2025-02-11 11:30:00,C,6
446,446,2025-12-31 11:30:00,C,5
447,447,2026-01-30 11:30:00,C,6
448,448,2025-02-26 11:30:00,A,5
449,449,2025-12-09 11:30:00,A,6
450,450,2025-05-10 11:30:00,A,5
451,451,2025-10-06 11:30:00,C,6
452,452,2025-08-02 11:30:00,A,5
453,453,2025-04-11 11:30:00,B,6
454,454,2025-09-06 11:30:00,C,5
455,455,2025-03-01 11:30:00,B,6
456,456,2025-08-11 11:30:00,C,5
457,457,2025-10-27 11:30:00,C,6
458,458,2026-01-31 11:30:00,C,5
459,459,2025-05-03 11:30:00,C,6
460,460,2025-03-18 11:30:00,C,5
461,461,2026-01-19 11:30:00,A,6
462,462,2026-02-09 11:30:00,A,5
463,463,2025-03-22 11:30:00,A,6
464,464,2026-01-22 11:30:00,C,5
465,465,2025-07-25 11:30:00,B,6
466,466,2025-09-17 11:30:00,A,5
467,467,2025-06-05 11:30:00,A,6
468,468,2026-01-03 11:30:00,C,5
469,469,2025-06-18 11:30:00,C,6
470,470,2025-03-02 11:30:00,C,5
471,471,2025-10-02 11:30:00,A,6
472,472,2025-06-07 11:30:00,C,5
473,473,2025-12-10 11:30:00,C,6
474,474,2026-01-08 11:30:00,A,5
475,475,2025-08-28 11:30:00,B,6
476,476,2025-05-15 11:30:00,C,5
477,477,2025-05-10 11:30:00,A,6
478,478,2026-01-04 11:30:00,C,5
479,479,2025-05-17 11:30:00,A,6
480,480,2025-11-05 11:30:00,B,5
481,481,2025-03-14 11:30:00,A,6
482,482,2025-11-13 11:30:00,A,5
483,483,2025-05-07 11:30:00,B,6
484,484,2026-01-21 11:30:00,A,5
485,485,2026-02-07 11:30:00,C,6
486,486,2026-01-14 11:30:00,A,5
487,487,2025-03-31 11:30:00,C,6
488,488,2025-12-15 11:30:00,A,5
489,489,2025-10-03 11:30:00,A,6
490,490,2025-05-10 11:30:00,A,5
491,491,2025-10-21 11:30:00,C,6
492,492,2025-08-19 11:30:00,A,5
493,493,2025-06-24 11:30:00,A,6
494,494,2025-12-10 11:30:00,A,5
495,495,2025-06-07 11:30:00,B,6
496,496,2025-11-19 11:30:00,C,5
497,497,2025-06-13 11:30:00,C,6
498,498,2025-08-11 11:30:00,C,5
499,499,2025-11-21 11:30:00,A,6
500,500,2025-04-18 11:30:00,A,5
501,501,2025-05-23 11:30:00,A,6
502,502,2025-09-03 11:30:00,A,5
503,503,2025-03-25 11:30:00,A,6
504,504,2026-01-09 11:30:00,A,5
505,505,2025-12-15 11:30:00,B,6
506,506,2025-07-07 11:30:00,C,5
507,507,2026-01-22 11:30:00,C,6
508,508,2025-05-02 11:30:00,C,5
509,509,2025-09-25 11:30:00,C,6
510,510,2025-12-23 11:30:00,B,5
511,511,2026-01-11 11:30:00,C,6
512,512,2025-02-16 11:30:00,A,5
513,513,2025-11-13 11:30:00,A,6
514,514,2025-07-20 11:30:00,A,5
515,515,2025-11-01 11:30:00,B,6
516,516,2025-11-10 11:30:00,A,5
517,517,2025-07-09 11:30:00,C,6
518,518,2025-03-10 11:30:00,A,5
519,519,2025-09-09 11:30:00,C,6
520,520,2025-08-01 11:30:00,C,5
521,521,2025-10-08 11:30:00,A,6
522,522,2025-11-18 11:30:00,A,5
523,523,2025-07-25 11:30:00,A,6
524,524,2025-04-01 11:30:00,A,5
525,525,2025-08-17 11:30:00,B,6
526,526,2025-07-13 11:30:00,A,5
527,527,2025-03-29 11:30:00,C,6
528,528,2025-07-21 11:30:00,B,5
529,529,2026-01-31 11:30:00,C,6
530,530,2025-11-20 11:30:00,A,5
531,531,2025-09-17 11:30:00,A,6
532,532,2025-09-29 11:30:00,A,5
533,533,2025-10-18 11:30:00,A,6
534,534,2025-06-21 11:30:00,B,5
535,535,2025-09-11 11:30:00,B,6
536,536,2025-12-22 11:30:00,C,5
537,537,2026-01-26 11:30:00,B,6
538,538,2025-10-03 11:30:00,A,5
539,539,2025-07-17 11:30:00,A,6
540,540,2026-02-11 11:30:00,B,5
541,541,2025-08-24 11:30:00,A,6
542,542,2026-03-03 11:30:00,C,5
543,543,2025-03-20 11:30:00,B,6
544,544,2025-11-04 11:30:00,A,5
545,545,2025-12-04 11:30:00,A,6
546,546,2026-01-27 11:30:00,B,5
547,547,2025-12-25 11:30:00,C,6
548,548,2025-08-05 11:30:00,C,5
549,549,2025-07-30 11:30:00,B,6
550,550,2025-08-06 11:30:00,C,5
551,551,2025-12-04 11:30:00,A,6
552,552,2025-10-07 11:30:00,A,5
553,553,2025-03-11 11:30:00,C,6
554,554,2025-07-13 11:30:00,A,5
555,555,2025-12-14 11:30:00,A,6
556,556,2025-07-24 11:30:00,C,5
557,557,2025-06-04 11:30:00,C,6
558,558,2025-04-30 11:30:00,A,5
559,559,2025-11-05 11:30:00,C,6
560,560,2025-10-19 11:30:00,C,5
561,561,2025-02-05 11:30:00,B,6
562,562,2025-03-05 11:30:00,A,5
563,563,2025-02-07 11:30:00,A,6
564,564,2025-02-13 11:30:00,B,5
565,565,2025-12-09 11:30:00,A,6
566,566,2025-05-05 11:30:00,C,5
567,567,2025-05-13 11:30:00,B,6
568,568,2025-06-05 11:30:00,C,5
569,569,2025-10-12 11:30:00,C,6
570,570,2025-03-03 11:30:00,B,5
571,571,2025-11-03 11:30:00,C,6
572,572,2025-03-18 11:30:00,A,5
573,573,2025-10-01 11:30:00,B,6
574,574,2025-03-06 11:30:00,A,5
575,575,2026-02-02 11:30:00,C,6
576,576,2026-01-30 11:30:00,A,5
577,577,2026-01-30 11:30:00,C,6
578,578,2026-01-20 11:30:00,A,5
579,579,2025-09-26 11:30:00,A,6
580,580,2025-08-16 11:30:00,A,5
581,581,2025-11-02 11:30:00,A,6
582,582,2025-04-21 11:30:00,A,5
583,583,2025-05-20 11:30:00,A,6
584,584,2025-11-22 11:30:00,C,5
585,585,2025-08-11 11:30:00,A,6
586,586,2025-06-13 11:30:00,A,5
587,587,2025-05-15 11:30:00,C,6
588,588,2025-10-04 11:30:00,B,5
589,589,2025-08-31 11:30:00,C,6
590,590,2026-01-09 11:30:00,A,5
591,591,2025-06-03 11:30:00,B,6
592,592,2025-09-29 11:30:00,A,5
593,593,2026-02-10 11:30:00,A,6
594,594,2025-12-22 11:30:00,A,5
595,595,2025-08-06 11:30:00,C,6
596,596,2025-04-30 11:30:00,C,5
597,597,2025-07-04 11:30:00,A,6
598,598,2025-10-19 11:30:00,A,5
599,599,2025-12-20 11:30:00,A,6
600,600,2025-10-29 11:30:00,A,5
601,601,2025-08-15 11:30:00,A,6
602,602,2025-10-01 11:30:00,A,5
603,603,2025-09-29 11:30:00,A,6
604,604,2026-01-28 11:30:00,A,5
605,605,2026-03-07 11:30:00,C,6
606,606,2025-06-20 11:30:00,B,5
607,607,2025-08-05 11:30:00,C,6
608,608,2025-11-28 11:30:00,C,5
609,609,2025-07-02 11:30:00,A,6
610,610,2025-11-02 11:30:00,A,5
611,611,2025-09-25 11:30:00,A,6
612,612,2025-08-21 11:30:00,B,5
613,613,2025-04-14 11:30:00,A,6
614,614,2025-04-12 11:30:00,A,5
615,615,2025-02-28 11:30:00,B,6
616,616,2025-01-30 11:30:00,A,5
617,617,2025-10-19 11:30:00,A,6
618,618,2025-03-26 11:30:00,C,5
619,619,2025-04-13 11:30:00,A,6
620,620,2025-05-27 11:30:00,C,5
621,621,2025-08-06 11:30:00,A,6
622,622,2025-06-11 11:30:00,A,5
623,623,2025-02-14 11:30:00,A,6
624,624,2026-01-02 11:30:00,A,5
625,625,2025-02-13 11:30:00,C,6
626,626,2025-02-23 11:30:00,A,5
627,627,2025-02-19 11:30:00,A,6
628,628,2025-05-03 11:30:00,A,5
629,629,2025-11-05 11:30:00,C,6
630,630,2026-01-20 11:30:00,B,5
631,631,2025-12-21 11:30:00,A,6
632,632,2026-01-25 11:30:00,C,5
633,633,2025-07-07 11:30:00,A,6
634,634,2025-06-19 11:30:00,C,5
635,635,2025-03-08 11:30:00,C,6
636,636,2025-10-30 11:30:00,B,5
637,637,2025-11-12 11:30:00,A,6
638,638,2025-10-24 11:30:00,C,5
639,639,2025-07-05 11:30:00,A,6
640,640,2025-11-10 11:30:00,A,5
641,641,2025-04-15 11:30:00,A,6
642,642,2025-08-13 11:30:00,A,5
643,643,2025-11-24 11:30:00,A,6
644,644,2025-12-03 11:30:00,A,5
645,645,2026-02-05 11:30:00,A,6
646,646,2026-02-12 11:30:00,C,5
647,647,2025-10-21 11:30:00,C,6
648,648,2026-01-21 11:30:00,A,5
649,649,2025-08-19 11:30:00,C,6
650,650,2025-10-19 11:30:00,C,5
651,651,2025-07-24 11:30:00,A,6
652,652,2025-08-21 11:30:00,A,5
653,653,2025-12-20 11:30:00,C,6
654,654,2025-09-12 11:30:00,B,5
655,655,2025-06-08 11:30:00,A,6
656,656,2025-10-28 11:30:00,A,5
657,657,2025-08-22 11:30:00,C,6
658,658,2025-08-29 11:30:00,A,5
659,659,2025-10-29 11:30:00,C,6
660,660,2026-01-28 11:30:00,A,5
661,661,2025-04-29 11:30:00,A,6
662,662,2025-11-18 11:30:00,C,5
663,663,2025-05-26 11:30:00,B,6
664,664,2025-04-06 11:30:00,C,5
665,665,2025-12-03 11:30:00,C,6
666,666,2025-08-29 11:30:00,C,5
667,667,2025-04-17 11:30:00,C,6
668,668,2025-12-06 11:30:00,C,5
669,669,2026-01-25 11:30:00,C,6
670,670,2025-04-05 11:30:00,A,5
671,671,2025-05-20 11:30:00,A,6
672,672,2025-06-18 11:30:00,A,5
673,673,2025-11-11 11:30:00,C,6
674,674,2025-08-10 11:30:00,A,5
675,675,2025-08-05 11:30:00,B,6
676,676,2025-07-23 11:30:00,A,5
677,677,2025-11-27 11:30:00,C,6
678,678,2025-03-29 11:30:00,A,5
679,679,2025-12-29 11:30:00,C,6
680,680,2025-12-29 11:30:00,C,5
681,681,2025-06-08 11:30:00,B,6
682,682,2026-01-11 11:30:00,A,5
683,683,2025-11-17 11:30:00,A,6
684,684,2025-11-07 11:30:00,A,5
685,685,2025-01-31 11:30:00,C,6
686,686,2025-11-22 11:30:00,A,5
687,687,2025-03-18 11:30:00,C,6
688,688,2025-07-27 11:30:00,C,5
689,689,2025-02-04 11:30:00,C,6
690,690,2025-11-08 11:30:00,A,5
691,691,2025-03-23 11:30:00,A,6
692,692,2025-09-11 11:30:00,A,5
693,693,2025-09-11 11:30:00,A,6
694,694,2025-02-13 11:30:00,C,5
695,695,2025-07-02 11:30:00,B,6
696,696,2026-02-03 11:30:00,B,5
697,697,2025-12-22 11:30:00,C,6
698,698,2025-11-12 11:30:00,C,5
699,699,2026-01-18 11:30:00,A,6
700,700,2025-07-24 11:30:00,A,5
701,701,2025-11-28 11:30:00,A,6
702,702,2025-11-15 11:30:00,B,5
703,703,2025-06-28 11:30:00,C,6
704,704,2025-10-08 11:30:00,A,5
705,705,2025-06-10 11:30:00,B,6
706,706,2025-08-16 11:30:00,C,5
707,707,2025-11-26 11:30:00,C,6
708,708,2025-04-14 11:30:00,B,5
709,709,2025-11-01 11:30:00,A,6
710,710,2025-03-31 11:30:00,A,5
711,711,2025-04-26 11:30:00,A,6
712,712,2025-04-02 11:30:00,C,5
713,713,2025-05-09 11:30:00,A,6
714,714,2025-12-16 11:30:00,B,5
715,715,2025-08-24 11:30:00,C,6
716,716,2026-01-19 11:30:00,C,5
717,717,2025-03-25 11:30:00,A,6
718,718,2026-03-01 11:30:00,C,5
719,719,2025-05-09 11:30:00,C,6
720,720,2025-11-17 11:30:00,A,5
721,721,2026-03-03 11:30:00,C,6
722,722,2025-12-04 11:30:00,A,5
723,723,2025-05-17 11:30:00,B,6
724,724,2025-09-12 11:30:00,A,5
725,725,2025-06-22 11:30:00,A,6
726,726,2025-08-19 11:30:00,C,5
727,727,2025-09-07 11:30:00,A,6
728,728,2025-10-19 11:30:00,C,5
729,729,2026-01-30 11:30:00,A,6
730,730,2025-12-22 11:30:00,A,5
731,731,2025-05-01 11:30:00,C,6
732,732,2025-06-30 11:30:00,B,5
733,733,2026-01-15 11:30:00,A,6
734,734,2025-06-18 11:30:00,C,5
735,735,2025-08-19 11:30:00,B,6
736,736,2025-04-15 11:30:00,A,5
737,737,2025-07-06 11:30:00,A,6
738,738,2025-07-11 11:30:00,A,5
739,739,2025-08-22 11:30:00,A,6
740,740,2025-04-22 11:30:00,A,5
741,741,2025-12-18 11:30:00,A,6
742,742,2025-07-13 11:30:00,A,5
743,743,2025-09-12 11:30:00,A,6
744,744,2025-10-18 11:30:00,A,5
745,745,2025-07-17 11:30:00,C,6
746,746,2025-10-31 11:30:00,A,5
747,747,2025-07-17 11:30:00,C,6
748,748,2025-08-29 11:30:00,C,5
749,749,2025-04-05 11:30:00,A,6
750,750,2025-08-28 11:30:00,A,5
751,751,2026-01-11 11:30:00,C,6
752,752,2025-10-21 11:30:00,A,5
753,753,2025-12-28 11:30:00,B,6
754,754,2025-06-11 11:30:00,A,5
755,755,2025-02-08 11:30:00,C,6
756,756,2025-08-31 11:30:00,B,5
757,757,2026-01-14 11:30:00,C,6
758,758,2025-12-25 11:30:00,A,5
759,759,2026-02-07 11:30:00,B,6
760,760,2025-05-18 11:30:00,A,5
761,761,2025-02-15 11:30:00,C,6
762,762,2025-07-01 11:30:00,B,5
763,763,2025-06-22 11:30:00,A,6
764,764,2025-03-13 11:30:00,A,5
765,765,2025-08-16 11:30:00,B,6
766,766,2025-05-16 11:30:00,C,5
767,767,2025-07-24 11:30:00,C,6
768,768,2025-09-23 11:30:00,C,5
769,769,2025-10-04 11:30:00,C,6
770,770,2025-10-09 11:30:00,A,5
771,771,2025-11-10 11:30:00,B,6
772,772,2025-09-18 11:30:00,A,5
773,773,2025-08-21 11:30:00,A,6
774,774,2025-03-31 11:30:00,A,5
775,775,2025-05-05 11:30:00,B,6
776,776,2025-12-28 11:30:00,C,5
777,777,2025-11-04 11:30:00,B,6
778,778,2025-12-12 11:30:00,C,5
779,779,2025-10-10 11:30:00,C,6
780,780,2025-06-28 11:30:00,A,5
781,781,2026-03-03 11:30:00,C,6
782,782,2025-11-20 11:30:00,A,5
783,783,2025-10-25 11:30:00,A,6
784,784,2026-02-25 11:30:00,A,5
785,785,2025-09-06 11:30:00,B,6
786,786,2026-03-01 11:30:00,B,5
787,787,2025-04-04 11:30:00,C,6
788,788,2025-05-26 11:30:00,C,5
789,789,2025-11-25 11:30:00,C,6
790,790,2025-06-29 11:30:00,C,5
791,791,2025-07-19 11:30:00,C,6
792,792,2025-05-26 11:30:00,A,5
793,793,2025-12-11 11:30:00,A,6
794,794,2025-12-02 11:30:00,A,5
795,795,2025-02-01 11:30:00,A,6
796,796,2025-09-29 11:30:00,C,5
797,797,2025-03-26 11:30:00,C,6
798,798,2025-10-13 11:30:00,A,5
799,799,2025-04-21 11:30:00,A,6
800,800,2025-12-12 11:30:00,A,5
801,801,2025-11-01 11:30:00,B,6
802,802,2025-05-02 11:30:00,C,5
803,803,2025-06-05 11:30:00,A,6
804,804,2025-04-01 11:30:00,B,5
805,805,2025-12-20 11:30:00,B,6
806,806,2025-11-23 11:30:00,A,5
807,807,2025-05-10 11:30:00,C,6
808,808,2025-12-12 11:30:00,C,5
809,809,2025-08-30 11:30:00,C,6
810,810,2026-01-26 11:30:00,A,5
811,811,2025-06-21 11:30:00,C,6
812,812,2025-10-27 11:30:00,C,5
813,813,2025-09-29 11:30:00,A,6
814,814,2025-05-09 11:30:00,A,5
815,815,2025-11-02 11:30:00,C,6
816,816,2026-01-19 11:30:00,C,5
817,817,2026-01-13 11:30:00,C,6
818,818,2025-10-05 11:30:00,C,5
819,819,2025-08-06 11:30:00,A,6
820,820,2025-11-19 11:30:00,A,5
821,821,2025-02-14 11:30:00,C,6
822,822,2025-07-27 11:30:00,A,5
823,823,2025-05-03 11:30:00,A,6
824,824,2025-12-24 11:30:00,A,5
825,825,2025-09-29 11:30:00,B,6
826,826,2025-12-17 11:30:00,C,5
827,827,2025-05-20 11:30:00,A,6
828,828,2026-01-24 11:30:00,A,5
829,829,2025-06-14 11:30:00,A,6
830,830,2025-04-29 11:30:00,C,5
831,831,2026-02-09 11:30:00,B,6
832,832,2025-04-19 11:30:00,A,5
833,833,2025-05-30 11:30:00,A,6
834,834,2025-07-04 11:30:00,B,5
835,835,2025-09-18 11:30:00,B,6
836,836,2026-02-10 11:30:00,C,5
837,837,2025-12-23 11:30:00,C,6
838,838,2025-11-16 11:30:00,A,5
839,839,2025-05-23 11:30:00,C,6
840,840,2025-07-01 11:30:00,B,5
841,841,2025-04-12 11:30:00,A,6
842,842,2025-11-13 11:30:00,A,5
843,843,2026-02-10 11:30:00,A,6
844,844,2026-02-18 11:30:00,A,5
845,845,2025-09-13 11:30:00,C,6
846,846,2025-05-04 11:30:00,C,5
847,847,2025-11-12 11:30:00,C,6
848,848,2025-05-12 11:30:00,A,5
849,849,2025-06-09 11:30:00,C,6
850,850,2025-05-19 11:30:00,A,5
851,851,2025-03-20 11:30:00,A,6
852,852,2025-08-01 11:30:00,B,5
853,853,2025-03-25 11:30:00,A,6
854,854,2025-07-20 11:30:00,A,5
855,855,2025-12-07 11:30:00,B,6
856,856,2025-04-24 11:30:00,C,5
857,857,2025-04-21 11:30:00,C,6
858,858,2025-02-09 11:30:00,C,5
859,859,2026-01-04 11:30:00,A,6
860,860,2025-06-07 11:30:00,A,5
861,861,2025-12-28 11:30:00,A,6
862,862,2025-04-29 11:30:00,A,5
863,863,2025-02-09 11:30:00,A,6
864,864,2025-05-20 11:30:00,A,5
865,865,2025-08-03 11:30:00,C,6
866,866,2026-01-05 11:30:00,A,5
867,867,2025-06-06 11:30:00,A,6
868,868,2025-09-03 11:30:00,C,5
869,869,2025-04-19 11:30:00,C,6
870,870,2025-08-26 11:30:00,B,5
871,871,2025-02-02 11:30:00,C,6
872,872,2025-07-05 11:30:00,C,5
873,873,2026-01-18 11:30:00,A,6
874,874,2025-02-11 11:30:00,A,5
875,875,2025-08-22 11:30:00,B,6
876,876,2025-08-06 11:30:00,B,5
877,877,2025-05-07 11:30:00,C,6
878,878,2025-07-15 11:30:00,C,5
879,879,2025-11-03 11:30:00,C,6
880,880,2025-03-11 11:30:00,A,5
881,881,2025-09-26 11:30:00,C,6
882,882,2026-01-17 11:30:00,B,5
883,883,2025-04-21 11:30:00,A,6
884,884,2025-10-16 11:30:00,C,5
885,885,2025-12-25 11:30:00,B,6
886,886,2025-04-07 11:30:00,A,5
887,887,2025-12-07 11:30:00,C,6
888,888,2025-08-19 11:30:00,C,5
889,889,2026-01-09 11:30:00,C,6
890,890,2025-09-18 11:30:00,A,5
891,891,2025-03-04 11:30:00,A,6
892,892,2026-02-01 11:30:00,A,5
893,893,2026-01-23 11:30:00,C,6
894,894,2026-02-18 11:30:00,B,5
895,895,2025-07-04 11:30:00,B,6
896,896,2025-07-13 11:30:00,C,5
897,897,2025-05-25 11:30:00,C,6
898,898,2025-05-29 11:30:00,A,5
899,899,2025-09-18 11:30:00,C,6
900,900,2025-07-02 11:30:00,B,5
901,901,2025-03-04 11:30:00,A,6
902,902,2025-04-30 11:30:00,A,5
903,903,2025-07-10 11:30:00,A,6
904,904,2025-03-29 11:30:00,A,5
905,905,2025-06-25 11:30:00,A,6
906,906,2025-12-31 11:30:00,C,5
907,907,2025-07-16 11:30:00,C,6
908,908,2025-06-03 11:30:00,C,5
909,909,2025-08-30 11:30:00,B,6
910,910,2026-01-04 11:30:00,A,5
911,911,2025-07-09 11:30:00,C,6
912,912,2025-11-10 11:30:00,A,5
913,913,2025-05-03 11:30:00,A,6
914,914,2025-08-22 11:30:00,A,5
915,915,2025-12-21 11:30:00,A,6
916,916,2025-12-07 11:30:00,C,5
917,917,2025-03-22 11:30:00,C,6
918,918,2025-12-29 11:30:00,B,5
919,919,2025-04-22 11:30:00,C,6
920,920,2025-07-07 11:30:00,A,5
921,921,2025-05-28 11:30:00,B,6
922,922,2026-01-01 11:30:00,A,5
923,923,2025-10-02 11:30:00,A,6
924,924,2025-05-03 11:30:00,A,5
925,925,2025-03-17 11:30:00,B,6
926,926,2025-04-16 11:30:00,A,5
927,927,2026-01-13 11:30:00,C,6
928,928,2025-04-19 11:30:00,A,5
929,929,2025-11-20 11:30:00,C,6
930,930,2025-04-19 11:30:00,B,5
931,931,2026-01-11 11:30:00,C,6
932,932,2025-02-20 11:30:00,A,5
933,933,2025-06-10 11:30:00,A,6
934,934,2025-08-17 11:30:00,A,5
935,935,2025-10-09 11:30:00,A,6
936,936,2025-04-05 11:30:00,B,5
937,937,2025-10-08 11:30:00,C,6
938,938,2025-10-17 11:30:00,A,5
939,939,2025-05-18 11:30:00,B,6
940,940,2025-11-30 11:30:00,C,5
941,941,2025-11-17 11:30:00,A,6
942,942,2025-02-24 11:30:00,A,5
943,943,2025-08-14 11:30:00,A,6
944,944,2025-06-03 11:30:00,C,5
945,945,2025-05-08 11:30:00,B,6
946,946,2025-04-27 11:30:00,A,5
947,947,2025-06-16 11:30:00,C,6
948,948,2025-04-27 11:30:00,A,5
949,949,2025-04-15 11:30:00,C,6
950,950,2025-10-24 11:30:00,A,5
951,951,2025-11-10 11:30:00,A,6
952,952,2025-11-11 11:30:00,A,5
953,953,2025-07-06 11:30:00,C,6
954,954,2026-01-15 11:30:00,A,5
955,955,2025-03-27 11:30:00,B,6
956,956,2025-12-15 11:30:00,C,5
957,957,2025-05-16 11:30:00,C,6
958,958,2025-04-21 11:30:00,A,5
959,959,2026-01-31 11:30:00,C,6
960,960,2025-07-15 11:30:00,A,5
961,961,2025-11-09 11:30:00,A,6
962,962,2026-01-21 11:30:00,A,5
963,963,2025-06-06 11:30:00,A,6
964,964,2025-11-13 11:30:00,C,5
965,965,2025-04-11 11:30:00,B,6
966,966,2025-12-14 11:30:00,C,5
967,967,2025-07-29 11:30:00,A,6
968,968,2025-09-26 11:30:00,C,5
969,969,2026-02-18 11:30:00,C,6
970,970,2025-06-08 11:30:00,A,5
971,971,2025-05-25 11:30:00,C,6
972,972,2025-07-21 11:30:00,B,5
973,973,2026-01-24 11:30:00,A,6
974,974,2025-09-12 11:30:00,C,5
975,975,2026-02-10 11:30:00,B,6
976,976,2025-12-08 11:30:00,A,5
977,977,2025-09-07 11:30:00,C,6
978,978,2025-04-02 11:30:00,B,5
979,979,2025-12-28 11:30:00,A,6
980,980,2025-05-01 11:30:00,A,5
981,981,2025-09-18 11:30:00,A,6
982,982,2025-06-01 11:30:00,A,5
983,983,2025-06-22 11:30:00,A,6
984,984,2025-06-08 11:30:00,B,5
985,985,2025-05-02 11:30:00,C,6
986,986,2025-07-12 11:30:00,C,5
987,987,2025-02-26 11:30:00,B,6
988,988,2025-08-24 11:30:00,C,5
989,989,2025-11-28 11:30:00,A,6
990,990,2025-12-26 11:30:00,A,5
991,991,2025-03-09 11:30:00,C,6
992,992,2025-11-28 11:30:00,A,5
993,993,2026-01-08 11:30:00,A,6
994,994,2026-01-23 11:30:00,A,5
995,995,2025-03-01 11:30:00,A,6
996,996,2026-01-15 11:30:00,C,5
997,997,2025-03-24 11:30:00,C,6
998,998,2025-05-22 11:30:00,A,5
999,999,2025-04-21 11:30:00,B,6
1000,1000,2025-03-11 11:30:00,A,5
1001,1001,2025-06-05 11:30:00,A,6
1002,1002,2025-10-08 11:30:00,A,5
1003,1003,2025-10-07 11:30:00,A,6
1004,1004,2025-11-29 11:30:00,A,5
1005,1005,2025-07-21 11:30:00,B,6
1006,1006,2025-12-25 11:30:00,A,5
1007,1007,2025-10-19 11:30:00,C,6
1008,1008,2025-12-31 11:30:00,B,5
1009,1009,2026-01-02 11:30:00,C,6
1010,1010,2025-12-05 11:30:00,A,5
1011,1011,2025-06-17 11:30:00,A,6
1012,1012,2025-09-22 11:30:00,C,5
1013,1013,2025-06-06 11:30:00,A,6
1014,1014,2025-04-04 11:30:00,A,5
1015,1015,2025-08-08 11:30:00,B,6
1016,1016,2025-03-05 11:30:00,A,5
1017,1017,2025-09-05 11:30:00,A,6
1018,1018,2025-05-04 11:30:00,C,5
1019,1019,2025-09-11 11:30:00,C,6
1020,1020,2025-12-27 11:30:00,A,5
1021,1021,2025-03-18 11:30:00,A,6
1022,1022,2025-09-26 11:30:00,A,5
1023,1023,2025-04-21 11:30:00,B,6
1024,1024,2025-09-28 11:30:00,A,5
1025,1025,2025-05-15 11:30:00,C,6
1026,1026,2026-02-16 11:30:00,A,5
1027,1027,2026-01-06 11:30:00,C,6
1028,1028,2025-09-30 11:30:00,C,5
1029,1029,2025-03-10 11:30:00,B,6
1030,1030,2025-06-20 11:30:00,A,5
1031,1031,2025-08-18 11:30:00,A,6
1032,1032,2025-05-21 11:30:00,A,5
1033,1033,2025-11-08 11:30:00,A,6
1034,1034,2025-06-11 11:30:00,C,5
1035,1035,2026-03-04 11:30:00,B,6
1036,1036,2025-09-06 11:30:00,C,5
1037,1037,2025-11-30 11:30:00,C,6
1038,1038,2025-02-25 11:30:00,B,5
1039,1039,2025-10-09 11:30:00,C,6
1040,1040,2025-08-02 11:30:00,A,5
1041,1041,2025-08-20 11:30:00,A,6
1042,1042,2025-01-25 11:30:00,A,5
1043,1043,2025-07-20 11:30:00,A,6
1044,1044,2025-03-10 11:30:00,A,5
1045,1045,2025-10-28 11:30:00,A,6
1046,1046,2025-11-17 11:30:00,A,5
1047,1047,2025-03-19 11:30:00,C,6
1048,1048,2025-03-18 11:30:00,A,5
1049,1049,2025-06-24 11:30:00,A,6
1050,1050,2026-01-19 11:30:00,A,5
1051,1051,2025-02-06 11:30:00,A,6
1052,1052,2025-07-22 11:30:00,A,5
1053,1053,2025-10-26 11:30:00,A,6
1054,1054,2025-10-08 11:30:00,C,5
1055,1055,2025-08-12 11:30:00,A,6
1056,1056,2025-02-28 11:30:00,B,5
1057,1057,2026-01-12 11:30:00,A,6
1058,1058,2025-06-07 11:30:00,C,5
1059,1059,2025-09-18 11:30:00,A,6
1060,1060,2025-02-11 11:30:00,C,5
1061,1061,2025-08-14 11:30:00,A,6
1062,1062,2026-01-31 11:30:00,A,5
1063,1063,2025-03-07 11:30:00,A,6
1064,1064,2026-02-07 11:30:00,A,5
1065,1065,2025-11-04 11:30:00,A,6
1066,1066,2025-08-02 11:30:00,C,5
1067,1067,2025-09-22 11:30:00,C,6
1068,1068,2025-09-10 11:30:00,A,5
1069,1069,2025-04-12 11:30:00,A,6
1070,1070,2025-12-14 11:30:00,C,5
1071,1071,2026-02-02 11:30:00,B,6
1072,1072,2025-08-08 11:30:00,A,5
1073,1073,2025-09-12 11:30:00,A,6
1074,1074,2025-08-29 11:30:00,A,5
1075,1075,2025-10-17 11:30:00,B,6
1076,1076,2025-09-11 11:30:00,C,5
1077,1077,2025-12-04 11:30:00,A,6
1078,1078,2025-03-01 11:30:00,C,5
1079,1079,2025-12-14 11:30:00,C,6
1080,1080,2025-05-23 11:30:00,A,5
1081,1081,2025-07-24 11:30:00,C,6
1082,1082,2025-11-06 11:30:00,C,5
1083,1083,2025-11-02 11:30:00,B,6
1084,1084,2025-06-10 11:30:00,C,5
1085,1085,2025-06-22 11:30:00,B,6
1086,1086,2025-04-14 11:30:00,A,5
1087,1087,2025-07-22 11:30:00,A,6
1088,1088,2025-06-26 11:30:00,A,5
1089,1089,2026-01-25 11:30:00,A,6
1090,1090,2025-06-09 11:30:00,A,5
1091,1091,2025-11-14 11:30:00,A,6
1092,1092,2026-02-11 11:30:00,A,5
1093,1093,2025-12-01 11:30:00,A,6
1094,1094,2026-02-16 11:30:00,A,5
1095,1095,2025-03-23 11:30:00,A,6
1096,1096,2025-09-22 11:30:00,A,5
1097,1097,2025-07-20 11:30:00,A,6
1098,1098,2025-03-09 11:30:00,C,5
1099,1099,2025-04-21 11:30:00,A,6
1100,1100,2025-09-19 11:30:00,A,5
1101,1101,2025-06-23 11:30:00,A,6
1102,1102,2025-10-05 11:30:00,A,5
1103,1103,2025-04-24 11:30:00,A,6
1104,1104,2025-05-09 11:30:00,A,5
1105,1105,2025-02-11 11:30:00,A,6
1106,1106,2025-02-24 11:30:00,A,5
1107,1107,2025-02-26 11:30:00,A,6
1108,1108,2026-01-02 11:30:00,C,5
1109,1109,2025-04-30 11:30:00,A,6
1110,1110,2025-06-12 11:30:00,A,5
1111,1111,2025-01-30 11:30:00,A,6
1112,1112,2025-02-27 11:30:00,C,5
1113,1113,2025-04-03 11:30:00,A,6
1114,1114,2025-09-11 11:30:00,A,5
1115,1115,2025-03-01 11:30:00,B,6
1116,1116,2025-07-20 11:30:00,C,5
1117,1117,2025-06-06 11:30:00,C,6
1118,1118,2025-11-11 11:30:00,A,5
1119,1119,2025-07-11 11:30:00,C,6
1120,1120,2025-07-31 11:30:00,C,5
1121,1121,2025-08-27 11:30:00,A,6
1122,1122,2026-01-01 11:30:00,A,5
1123,1123,2025-10-16 11:30:00,C,6
1124,1124,2026-01-20 11:30:00,A,5
1125,1125,2025-02-15 11:30:00,A,6
1126,1126,2025-07-21 11:30:00,C,5
1127,1127,2026-01-24 11:30:00,C,6
1128,1128,2025-12-19 11:30:00,B,5
1129,1129,2025-10-07 11:30:00,C,6
1130,1130,2026-01-19 11:30:00,A,5
1131,1131,2025-08-23 11:30:00,A,6
1132,1132,2026-01-23 11:30:00,A,5
1133,1133,2025-09-27 11:30:00,A,6
1134,1134,2025-09-07 11:30:00,A,5
1135,1135,2025-12-23 11:30:00,B,6
1136,1136,2025-06-01 11:30:00,C,5
1137,1137,2025-05-21 11:30:00,A,6
1138,1138,2025-06-22 11:30:00,C,5
1139,1139,2025-11-16 11:30:00,C,6
1140,1140,2025-04-15 11:30:00,A,5
1141,1141,2025-05-13 11:30:00,C,6
1142,1142,2025-08-07 11:30:00,A,5
1143,1143,2025-08-02 11:30:00,B,6
1144,1144,2025-09-09 11:30:00,C,5
1145,1145,2025-03-09 11:30:00,B,6
1146,1146,2025-09-12 11:30:00,C,5
1147,1147,2025-06-16 11:30:00,C,6
1148,1148,2025-03-21 11:30:00,C,5
1149,1149,2025-08-06 11:30:00,C,6
1150,1150,2025-10-09 11:30:00,A,5
1151,1151,2025-06-18 11:30:00,A,6
1152,1152,2025-11-10 11:30:00,A,5
1153,1153,2026-01-16 11:30:00,C,6
1154,1154,2025-06-13 11:30:00,A,5
1155,1155,2025-08-02 11:30:00,A,6
1156,1156,2025-05-15 11:30:00,C,5
1157,1157,2025-04-10 11:30:00,A,6
1158,1158,2025-05-13 11:30:00,A,5
1159,1159,2025-08-15 11:30:00,C,6
1160,1160,2025-06-26 11:30:00,A,5
1161,1161,2026-01-12 11:30:00,B,6
1162,1162,2025-07-02 11:30:00,A,5
1163,1163,2025-07-03 11:30:00,A,6
1164,1164,2025-12-30 11:30:00,B,5
1165,1165,2025-06-19 11:30:00,A,6
1166,1166,2025-07-16 11:30:00,A,5
1167,1167,2025-09-17 11:30:00,A,6
1168,1168,2025-10-21 11:30:00,A,5
1169,1169,2025-09-12 11:30:00,C,6
1170,1170,2025-12-22 11:30:00,A,5
1171,1171,2025-07-05 11:30:00,A,6
1172,1172,2025-02-24 11:30:00,A,5
1173,1173,2025-10-27 11:30:00,A,6
1174,1174,2025-04-25 11:30:00,C,5
1175,1175,2025-10-07 11:30:00,A,6
1176,1176,2025-07-13 11:30:00,B,5
1177,1177,2025-10-01 11:30:00,A,6
1178,1178,2025-12-13 11:30:00,C,5
1179,1179,2025-03-04 11:30:00,B,6
1180,1180,2026-01-14 11:30:00,A,5
1181,1181,2025-07-23 11:30:00,A,6
1182,1182,2025-11-06 11:30:00,B,5
1183,1183,2025-11-14 11:30:00,C,6
1184,1184,2025-05-29 11:30:00,C,5
1185,1185,2025-04-13 11:30:00,B,6
1186,1186,2025-10-16 11:30:00,C,5
1187,1187,2025-08-06 11:30:00,C,6
1188,1188,2025-09-14 11:30:00,B,5
1189,1189,2025-06-05 11:30:00,A,6
1190,1190,2025-10-13 11:30:00,A,5
1191,1191,2025-05-15 11:30:00,A,6
1192,1192,2026-01-01 11:30:00,C,5
1193,1193,2025-08-07 11:30:00,C,6
1194,1194,2025-08-08 11:30:00,A,5
1195,1195,2025-10-17 11:30:00,C,6
1196,1196,2025-08-13 11:30:00,C,5
1197,1197,2026-01-11 11:30:00,C,6
1198,1198,2025-10-25 11:30:00,C,5
1199,1199,2026-01-30 11:30:00,C,6
1200,1200,2025-06-10 11:30:00,A,5
1201,1201,2025-04-01 11:30:00,A,6
1202,1202,2025-12-19 11:30:00,A,5
1203,1203,2026-02-23 11:30:00,A,6
1204,1204,2025-09-08 11:30:00,A,5
1205,1205,2025-12-27 11:30:00,C,6
1206,1206,2026-02-24 11:30:00,B,5
1207,1207,2025-11-01 11:30:00,A,6
1208,1208,2025-10-18 11:30:00,A,5
1209,1209,2026-02-10 11:30:00,B,6
1210,1210,2025-12-25 11:30:00,A,5
1211,1211,2025-10-06 11:30:00,C,6
1212,1212,2026-02-05 11:30:00,B,5
1213,1213,2025-06-13 11:30:00,A,6
1214,1214,2026-02-07 11:30:00,C,5
1215,1215,2025-04-24 11:30:00,B,6
1216,1216,2025-04-20 11:30:00,C,5
1217,1217,2025-04-22 11:30:00,A,6
1218,1218,2025-12-19 11:30:00,B,5
1219,1219,2026-01-12 11:30:00,A,6
1220,1220,2025-12-26 11:30:00,A,5
1221,1221,2025-02-07 11:30:00,A,6
1222,1222,2025-07-21 11:30:00,C,5
1223,1223,2025-11-21 11:30:00,C,6
1224,1224,2025-03-29 11:30:00,A,5
1225,1225,2025-02-19 11:30:00,B,6
1226,1226,2025-04-01 11:30:00,A,5
1227,1227,2025-12-15 11:30:00,B,6
1228,1228,2025-09-07 11:30:00,C,5
1229,1229,2025-02-07 11:30:00,A,6
1230,1230,2025-02-22 11:30:00,B,5
1231,1231,2026-01-22 11:30:00,A,6
1232,1232,2025-07-06 11:30:00,C,5
1233,1233,2025-10-22 11:30:00,B,6
1234,1234,2025-07-01 11:30:00,C,5
1235,1235,2025-06-21 11:30:00,B,6
1236,1236,2025-05-28 11:30:00,A,5
1237,1237,2025-09-11 11:30:00,A,6
1238,1238,2025-09-12 11:30:00,A,5
1239,1239,2025-07-05 11:30:00,C,6
1240,1240,2025-07-05 11:30:00,C,5
1241,1241,2025-09-18 11:30:00,C,6
1242,1242,2025-10-25 11:30:00,B,5
1243,1243,2025-06-30 11:30:00,A,6
1244,1244,2025-05-11 11:30:00,C,5
1245,1245,2025-05-13 11:30:00,B,6
1246,1246,2025-07-20 11:30:00,C,5
1247,1247,2025-02-19 11:30:00,A,6
1248,1248,2025-04-21 11:30:00,A,5
1249,1249,2025-09-19 11:30:00,C,6
1250,1250,2025-12-19 11:30:00,C,5
1251,1251,2025-03-08 11:30:00,B,6
1252,1252,2025-05-28 11:30:00,C,5
1253,1253,2025-07-12 11:30:00,A,6
1254,1254,2025-06-16 11:30:00,A,5
1255,1255,2025-04-27 11:30:00,C,6
1256,1256,2025-08-26 11:30:00,C,7
1257,1257,2025-05-11 11:30:00,C,8
1258,1258,2025-08-16 11:30:00,C,7
1259,1259,2025-04-18 11:30:00,C,8
1260,1260,2025-09-16 11:30:00,A,7
1261,1261,2026-01-09 11:30:00,C,8
1262,1262,2025-07-31 11:30:00,A,7
1263,1263,2025-06-24 11:30:00,A,8
1264,1264,2026-02-04 11:30:00,C,7
1265,1265,2025-07-14 11:30:00,C,8
1266,1266,2026-02-22 11:30:00,A,7
1267,1267,2025-11-29 11:30:00,A,8
1268,1268,2025-06-15 11:30:00,C,7
1269,1269,2025-04-11 11:30:00,B,8
1270,1270,2025-12-18 11:30:00,A,7
1271,1271,2025-09-16 11:30:00,C,8
1272,1272,2025-03-21 11:30:00,B,7
1273,1273,2025-03-13 11:30:00,C,8
1274,1274,2026-03-05 11:30:00,C,7
1275,1275,2026-01-25 11:30:00,A,8
1276,1276,2025-09-30 11:30:00,C,7
1277,1277,2025-10-14 11:30:00,C,8
1278,1278,2025-03-16 11:30:00,C,7
1279,1279,2025-03-30 11:30:00,A,8
1280,1280,2026-01-18 11:30:00,C,7
1281,1281,2025-03-21 11:30:00,B,8
1282,1282,2025-02-25 11:30:00,A,7
1283,1283,2025-05-08 11:30:00,A,8
1284,1284,2025-12-05 11:30:00,B,7
1285,1285,2025-07-21 11:30:00,C,8
1286,1286,2025-05-08 11:30:00,C,7
1287,1287,2025-06-07 11:30:00,C,8
1288,1288,2025-04-03 11:30:00,C,7
1289,1289,2025-07-30 11:30:00,A,8
1290,1290,2025-02-27 11:30:00,B,7
1291,1291,2025-08-02 11:30:00,A,8
1292,1292,2025-07-07 11:30:00,A,7
1293,1293,2025-06-08 11:30:00,A,8
1294,1294,2025-03-09 11:30:00,A,7
1295,1295,2025-06-02 11:30:00,B,8
1296,1296,2026-01-09 11:30:00,B,7
1297,1297,2025-11-05 11:30:00,C,8
1298,1298,2025-03-09 11:30:00,A,7
1299,1299,2025-10-08 11:30:00,C,8
1300,1300,2025-05-02 11:30:00,A,7
1301,1301,2025-04-10 11:30:00,A,8
1302,1302,2025-08-15 11:30:00,A,7
1303,1303,2025-03-24 11:30:00,C,8
1304,1304,2025-03-23 11:30:00,A,7
1305,1305,2025-10-21 11:30:00,B,8
1306,1306,2025-09-29 11:30:00,C,7
1307,1307,2025-10-26 11:30:00,C,8
1308,1308,2025-02-21 11:30:00,C,7
1309,1309,2025-02-20 11:30:00,A,8
1310,1310,2025-12-22 11:30:00,C,7
1311,1311,2025-05-04 11:30:00,A,8
1312,1312,2025-10-15 11:30:00,A,7
1313,1313,2026-01-05 11:30:00,C,8
1314,1314,2025-06-20 11:30:00,A,7
1315,1315,2025-03-29 11:30:00,A,8
1316,1316,2025-12-01 11:30:00,C,7
1317,1317,2025-12-09 11:30:00,A,8
1318,1318,2025-09-06 11:30:00,A,7
1319,1319,2026-01-21 11:30:00,A,8
1320,1320,2025-12-10 11:30:00,B,7
1321,1321,2025-09-05 11:30:00,A,8
1322,1322,2025-06-10 11:30:00,C,7
1323,1323,2025-08-25 11:30:00,A,8
1324,1324,2026-01-24 11:30:00,A,7
1325,1325,2025-12-06 11:30:00,C,8
1326,1326,2025-04-17 11:30:00,C,7
1327,1327,2026-01-24 11:30:00,C,8
1328,1328,2025-06-05 11:30:00,C,7
1329,1329,2025-08-29 11:30:00,B,8
1330,1330,2026-01-10 11:30:00,A,7
1331,1331,2025-10-10 11:30:00,A,8
1332,1332,2025-03-28 11:30:00,A,7
1333,1333,2025-12-05 11:30:00,A,8
1334,1334,2025-11-08 11:30:00,A,7
1335,1335,2026-01-09 11:30:00,A,8
1336,1336,2025-04-28 11:30:00,C,7
1337,1337,2025-12-02 11:30:00,C,8
1338,1338,2025-08-20 11:30:00,C,7
1339,1339,2025-12-17 11:30:00,C,8
1340,1340,2025-08-19 11:30:00,A,7
1341,1341,2026-03-06 11:30:00,B,8
1342,1342,2025-07-05 11:30:00,A,7
1343,1343,2025-09-23 11:30:00,C,8
1344,1344,2025-06-12 11:30:00,A,7
1345,1345,2025-08-04 11:30:00,C,8
1346,1346,2025-06-15 11:30:00,A,7
1347,1347,2025-05-25 11:30:00,B,8
1348,1348,2025-11-16 11:30:00,C,7
1349,1349,2025-08-10 11:30:00,C,8
1350,1350,2025-05-09 11:30:00,B,7
1351,1351,2025-11-02 11:30:00,A,8
1352,1352,2025-02-28 11:30:00,A,7
1353,1353,2025-12-24 11:30:00,A,8
1354,1354,2025-10-29 11:30:00,A,7
1355,1355,2025-09-29 11:30:00,B,8
1356,1356,2025-06-27 11:30:00,C,7
1357,1357,2025-05-29 11:30:00,C,8
1358,1358,2025-02-08 11:30:00,C,7
1359,1359,2025-09-28 11:30:00,B,8
1360,1360,2025-08-11 11:30:00,A,7
1361,1361,2025-12-09 11:30:00,A,8
1362,1362,2025-11-28 11:30:00,A,7
1363,1363,2025-07-12 11:30:00,A,8
1364,1364,2026-01-26 11:30:00,A,7
1365,1365,2025-03-27 11:30:00,B,8
1366,1366,2025-10-19 11:30:00,C,7
1367,1367,2025-06-18 11:30:00,C,8
1368,1368,2025-03-19 11:30:00,B,7
1369,1369,2025-12-17 11:30:00,A,8
1370,1370,2025-10-09 11:30:00,C,7
1371,1371,2025-06-11 11:30:00,A,8
1372,1372,2025-04-16 11:30:00,A,7
1373,1373,2025-09-15 11:30:00,A,8
1374,1374,2025-07-21 11:30:00,B,7
1375,1375,2025-10-01 11:30:00,B,8
1376,1376,2025-09-21 11:30:00,C,7
1377,1377,2026-02-10 11:30:00,A,8
1378,1378,2025-05-27 11:30:00,C,7
1379,1379,2025-06-01 11:30:00,C,8
1380,1380,2025-10-16 11:30:00,A,7
1381,1381,2025-09-13 11:30:00,A,8
1382,1382,2025-04-19 11:30:00,A,7
1383,1383,2025-05-20 11:30:00,A,8
1384,1384,2025-12-03 11:30:00,A,7
1385,1385,2025-08-02 11:30:00,A,8
1386,1386,2025-09-23 11:30:00,C,7
1387,1387,2025-11-29 11:30:00,C,8
1388,1388,2025-10-18 11:30:00,C,7
1389,1389,2025-03-31 11:30:00,B,8
1390,1390,2025-06-28 11:30:00,A,7
1391,1391,2026-02-26 11:30:00,C,8
1392,1392,2026-01-19 11:30:00,B,7
1393,1393,2025-09-10 11:30:00,A,8
1394,1394,2025-09-04 11:30:00,A,7
1395,1395,2025-08-11 11:30:00,B,8
1396,1396,2025-08-09 11:30:00,A,7
1397,1397,2026-02-15 11:30:00,C,8
1398,1398,2025-09-25 11:30:00,C,7
1399,1399,2025-09-23 11:30:00,A,8
1400,1400,2025-08-03 11:30:00,A,7
1401,1401,2026-01-20 11:30:00,B,8
1402,1402,2025-04-05 11:30:00,C,7
1403,1403,2025-03-05 11:30:00,A,8
1404,1404,2025-10-29 11:30:00,A,7
1405,1405,2025-05-20 11:30:00,A,8
1406,1406,2025-04-08 11:30:00,A,7
1407,1407,2025-11-03 11:30:00,C,8
1408,1408,2025-05-08 11:30:00,A,7
1409,1409,2025-03-15 11:30:00,C,8
1410,1410,2025-06-16 11:30:00,B,7
1411,1411,2025-11-08 11:30:00,A,8
1412,1412,2025-06-16 11:30:00,C,7
1413,1413,2025-07-07 11:30:00,A,8
1414,1414,2025-12-01 11:30:00,C,7
1415,1415,2025-12-12 11:30:00,A,8
1416,1416,2025-12-26 11:30:00,C,7
1417,1417,2025-06-19 11:30:00,A,8
1418,1418,2025-07-28 11:30:00,C,7
1419,1419,2025-07-06 11:30:00,A,8
1420,1420,2025-08-19 11:30:00,A,7
1421,1421,2025-06-27 11:30:00,C,8
1422,1422,2025-09-19 11:30:00,B,7
1423,1423,2025-12-06 11:30:00,A,8
1424,1424,2025-05-08 11:30:00,A,7
1425,1425,2025-11-25 11:30:00,B,8
1426,1426,2025-04-13 11:30:00,C,7
1427,1427,2025-05-19 11:30:00,C,8
1428,1428,2025-12-08 11:30:00,B,7
1429,1429,2025-11-21 11:30:00,A,8
1430,1430,2025-11-12 11:30:00,A,7
1431,1431,2025-05-18 11:30:00,A,8
1432,1432,2026-01-18 11:30:00,C,7
1433,1433,2025-10-10 11:30:00,C,8
1434,1434,2025-12-11 11:30:00,A,7
1435,1435,2025-04-11 11:30:00,B,8
1436,1436,2025-11-27 11:30:00,C,7
1437,1437,2025-09-05 11:30:00,C,8
1438,1438,2025-08-10 11:30:00,A,7
1439,1439,2026-01-13 11:30:00,C,8
1440,1440,2025-10-20 11:30:00,B,7
1441,1441,2025-05-16 11:30:00,C,8
1442,1442,2025-06-14 11:30:00,C,7
1443,1443,2025-06-01 11:30:00,A,8
1444,1444,2025-04-08 11:30:00,A,7
1445,1445,2025-05-12 11:30:00,B,8
1446,1446,2025-03-03 11:30:00,B,7
1447,1447,2025-03-14 11:30:00,A,8
1448,1448,2025-12-09 11:30:00,C,7
1449,1449,2025-12-15 11:30:00,B,8
1450,1450,2025-07-28 11:30:00,A,7
1451,1451,2025-07-21 11:30:00,C,8
1452,1452,2025-05-14 11:30:00,B,7
1453,1453,2025-07-29 11:30:00,A,8
1454,1454,2025-05-29 11:30:00,A,7
1455,1455,2025-10-11 11:30:00,B,8
1456,1456,2025-05-27 11:30:00,C,7
1457,1457,2025-07-25 11:30:00,A,8
1458,1458,2025-09-25 11:30:00,C,7
1459,1459,2025-06-18 11:30:00,C,8
1460,1460,2025-04-19 11:30:00,A,7
1461,1461,2025-08-10 11:30:00,A,8
1462,1462,2026-01-08 11:30:00,A,7
1463,1463,2025-04-10 11:30:00,A,8
1464,1464,2025-10-10 11:30:00,A,7
1465,1465,2025-04-07 11:30:00,B,8
1466,1466,2025-08-20 11:30:00,A,7
1467,1467,2025-11-09 11:30:00,B,8
1468,1468,2025-05-22 11:30:00,C,7
1469,1469,2025-08-04 11:30:00,C,8
1470,1470,2025-08-03 11:30:00,A,7
1471,1471,2025-09-10 11:30:00,A,8
1472,1472,2025-09-27 11:30:00,A,7
1473,1473,2025-02-10 11:30:00,A,8
1474,1474,2025-11-09 11:30:00,C,7
1475,1475,2025-06-19 11:30:00,A,8
1476,1476,2025-02-09 11:30:00,B,7
1477,1477,2025-10-05 11:30:00,C,8
1478,1478,2025-01-30 11:30:00,C,7
1479,1479,2025-05-05 11:30:00,C,8
1480,1480,2025-08-02 11:30:00,A,7
1481,1481,2025-10-20 11:30:00,A,8
1482,1482,2025-07-24 11:30:00,A,7
1483,1483,2025-08-24 11:30:00,A,8
1484,1484,2025-03-01 11:30:00,A,7
1485,1485,2025-12-17 11:30:00,B,8
1486,1486,2025-11-18 11:30:00,C,7
1487,1487,2025-03-03 11:30:00,A,8
1488,1488,2025-08-04 11:30:00,B,7
1489,1489,2025-12-13 11:30:00,C,8
1490,1490,2025-12-16 11:30:00,C,7
1491,1491,2026-01-11 11:30:00,A,8
1492,1492,2025-09-06 11:30:00,C,7
1493,1493,2025-10-02 11:30:00,A,8
1494,1494,2025-10-20 11:30:00,B,7
1495,1495,2026-02-04 11:30:00,C,8
1496,1496,2025-12-05 11:30:00,C,7
1497,1497,2025-06-01 11:30:00,B,8
1498,1498,2026-02-03 11:30:00,A,7
1499,1499,2025-09-26 11:30:00,A,8
1500,1500,2026-01-03 11:30:00,A,7
1501,1501,2025-09-13 11:30:00,C,8
1502,1502,2025-03-12 11:30:00,A,7
1503,1503,2025-07-06 11:30:00,A,8
1504,1504,2025-11-15 11:30:00,C,7
1505,1505,2025-12-25 11:30:00,B,8
1506,1506,2025-08-21 11:30:00,C,7
1507,1507,2025-04-09 11:30:00,A,8
1508,1508,2025-03-30 11:30:00,C,7
1509,1509,2025-12-07 11:30:00,B,8
1510,1510,2025-04-20 11:30:00,A,7
1511,1511,2026-03-01 11:30:00,C,8
1512,1512,2026-03-03 11:30:00,A,7
1513,1513,2025-07-14 11:30:00,A,8
1514,1514,2026-02-03 11:30:00,C,7
1515,1515,2025-03-12 11:30:00,B,8
1516,1516,2026-01-12 11:30:00,C,7
1517,1517,2025-10-12 11:30:00,C,8
1518,1518,2025-03-16 11:30:00,A,7
1519,1519,2025-07-28 11:30:00,A,8
1520,1520,2026-02-19 11:30:00,A,7
1521,1521,2025-04-02 11:30:00,A,8
1522,1522,2025-07-16 11:30:00,C,7
1523,1523,2025-09-25 11:30:00,A,8
1524,1524,2025-12-21 11:30:00,A,7
1525,1525,2025-02-04 11:30:00,A,8
1526,1526,2025-05-31 11:30:00,C,7
1527,1527,2025-10-27 11:30:00,C,8
1528,1528,2025-01-21 11:30:00,A,7
1529,1529,2025-12-22 11:30:00,C,8
1530,1530,2025-11-11 11:30:00,B,7
1531,1531,2025-11-25 11:30:00,A,8
1532,1532,2025-09-01 11:30:00,A,7
1533,1533,2025-02-26 11:30:00,A,8
1534,1534,2025-09-18 11:30:00,C,7
1535,1535,2025-05-23 11:30:00,B,8
1536,1536,2025-08-12 11:30:00,B,7
1537,1537,2025-04-25 11:30:00,C,8
1538,1538,2025-12-17 11:30:00,C,7
1539,1539,2025-05-04 11:30:00,B,8
1540,1540,2025-09-26 11:30:00,C,7
1541,1541,2025-09-16 11:30:00,A,8
1542,1542,2025-08-18 11:30:00,A,7
1543,1543,2025-04-08 11:30:00,C,8
1544,1544,2025-09-15 11:30:00,A,7
1545,1545,2025-07-08 11:30:00,B,8
1546,1546,2025-10-25 11:30:00,C,7
1547,1547,2025-11-19 11:30:00,C,8
1548,1548,2025-10-22 11:30:00,A,7
1549,1549,2025-12-18 11:30:00,A,8
1550,1550,2026-01-04 11:30:00,A,7
1551,1551,2025-10-05 11:30:00,A,8
1552,1552,2025-12-01 11:30:00,C,7
1553,1553,2025-07-27 11:30:00,A,8
1554,1554,2026-01-24 11:30:00,B,7
1555,1555,2025-05-20 11:30:00,A,8
1556,1556,2025-04-08 11:30:00,A,7
1557,1557,2025-09-22 11:30:00,A,8
1558,1558,2025-10-27 11:30:00,C,7
1559,1559,2025-04-26 11:30:00,C,8
1560,1560,2026-02-05 11:30:00,B,7
1561,1561,2025-10-06 11:30:00,A,8
1562,1562,2025-02-27 11:30:00,A,7
1563,1563,2025-05-28 11:30:00,A,8
1564,1564,2026-02-11 11:30:00,C,7
1565,1565,2025-11-24 11:30:00,B,8
1566,1566,2026-02-13 11:30:00,B,7
1567,1567,2025-08-21 11:30:00,C,8
1568,1568,2025-07-13 11:30:00,A,7
1569,1569,2025-09-12 11:30:00,A,8
1570,1570,2025-08-01 11:30:00,A,7
1571,1571,2025-11-13 11:30:00,A,8
1572,1572,2026-01-11 11:30:00,B,7
1573,1573,2025-06-23 11:30:00,A,8
1574,1574,2025-08-01 11:30:00,C,7
1575,1575,2025-05-04 11:30:00,B,8
1576,1576,2025-12-25 11:30:00,C,7
1577,1577,2025-12-10 11:30:00,C,8
1578,1578,2025-07-11 11:30:00,B,7
1579,1579,2025-11-12 11:30:00,A,8
1580,1580,2025-12-19 11:30:00,A,7
1581,1581,2026-01-31 11:30:00,A,8
1582,1582,2026-01-05 11:30:00,A,7
1583,1583,2025-03-28 11:30:00,A,8
1584,1584,2025-06-08 11:30:00,B,7
1585,1585,2025-04-27 11:30:00,C,8
1586,1586,2025-06-18 11:30:00,C,9
1587,1587,2025-10-05 11:30:00,A,10
1588,1588,2025-02-27 11:30:00,A,9
1589,1589,2025-08-28 11:30:00,C,10
1590,1590,2025-12-19 11:30:00,A,9
1591,1591,2025-04-04 11:30:00,A,10
1592,1592,2025-03-18 11:30:00,A,9
1593,1593,2025-02-05 11:30:00,B,10
1594,1594,2025-03-08 11:30:00,C,9
1595,1595,2025-02-01 11:30:00,B,10
1596,1596,2025-09-23 11:30:00,B,9
1597,1597,2025-10-18 11:30:00,C,10
1598,1598,2025-10-23 11:30:00,C,9
1599,1599,2025-07-03 11:30:00,C,10
1600,1600,2026-01-11 11:30:00,C,9
1601,1601,2025-07-27 11:30:00,A,10
1602,1602,2025-03-27 11:30:00,B,9
1603,1603,2025-08-08 11:30:00,A,10
1604,1604,2025-06-30 11:30:00,C,9
1605,1605,2025-11-14 11:30:00,B,10
1606,1606,2025-03-10 11:30:00,C,9
1607,1607,2026-01-17 11:30:00,C,10
1608,1608,2025-02-12 11:30:00,A,9
1609,1609,2025-10-25 11:30:00,C,10
1610,1610,2025-05-03 11:30:00,C,9
1611,1611,2025-05-13 11:30:00,B,10
1612,1612,2025-05-15 11:30:00,A,9
1613,1613,2025-07-19 11:30:00,A,10
1614,1614,2025-04-16 11:30:00,B,9
1615,1615,2025-10-23 11:30:00,B,10
1616,1616,2025-03-23 11:30:00,C,9
1617,1617,2025-03-07 11:30:00,C,10
1618,1618,2025-02-23 11:30:00,C,9
1619,1619,2025-09-12 11:30:00,C,10
1620,1620,2025-06-15 11:30:00,B,9
1621,1621,2025-09-17 11:30:00,C,10
1622,1622,2026-01-08 11:30:00,A,9
1623,1623,2026-01-15 11:30:00,A,10
1624,1624,2025-08-15 11:30:00,C,9
1625,1625,2025-11-13 11:30:00,C,10
1626,1626,2025-08-15 11:30:00,B,9
1627,1627,2025-09-21 11:30:00,A,10
1628,1628,2025-06-13 11:30:00,C,9
1629,1629,2025-11-24 11:30:00,C,10
1630,1630,2025-09-19 11:30:00,A,9
1631,1631,2025-06-18 11:30:00,A,10
1632,1632,2025-10-22 11:30:00,A,9
1633,1633,2025-07-12 11:30:00,C,10
1634,1634,2025-09-18 11:30:00,A,9
1635,1635,2026-01-21 11:30:00,A,10
1636,1636,2025-09-06 11:30:00,C,9
1637,1637,2026-01-08 11:30:00,A,10
1638,1638,2026-02-08 11:30:00,B,9
1639,1639,2025-08-13 11:30:00,A,10
1640,1640,2026-02-17 11:30:00,C,9
1641,1641,2025-04-17 11:30:00,A,10
1642,1642,2025-11-23 11:30:00,A,9
1643,1643,2025-11-30 11:30:00,C,10
1644,1644,2025-10-17 11:30:00,B,9
1645,1645,2026-01-06 11:30:00,B,10
1646,1646,2025-10-09 11:30:00,C,9
1647,1647,2025-05-08 11:30:00,A,10
1648,1648,2025-04-30 11:30:00,A,9
1649,1649,2025-04-01 11:30:00,C,10
1650,1650,2025-11-26 11:30:00,A,9
1651,1651,2025-09-06 11:30:00,A,10
1652,1652,2025-05-15 11:30:00,C,9
1653,1653,2025-04-21 11:30:00,B,10
1654,1654,2025-02-07 11:30:00,A,9
1655,1655,2025-04-06 11:30:00,B,10
1656,1656,2025-03-04 11:30:00,C,9
1657,1657,2025-04-19 11:30:00,A,10
1658,1658,2025-11-13 11:30:00,C,9
1659,1659,2025-04-20 11:30:00,C,10
1660,1660,2025-08-23 11:30:00,A,9
1661,1661,2025-10-16 11:30:00,C,10
1662,1662,2025-05-05 11:30:00,A,9
1663,1663,2025-05-05 11:30:00,A,10
1664,1664,2025-05-24 11:30:00,C,9
1665,1665,2025-05-16 11:30:00,B,10
1666,1666,2025-10-21 11:30:00,C,9
1667,1667,2025-08-17 11:30:00,A,10
1668,1668,2025-12-25 11:30:00,A,9
1669,1669,2025-08-05 11:30:00,C,10
1670,1670,2025-05-20 11:30:00,C,9
1671,1671,2025-05-29 11:30:00,A,10
1672,1672,2025-03-05 11:30:00,A,9
1673,1673,2026-01-28 11:30:00,A,10
1674,1674,2025-09-13 11:30:00,A,9
1675,1675,2025-12-12 11:30:00,C,10
1676,1676,2026-01-26 11:30:00,A,9
1677,1677,2025-07-15 11:30:00,B,10
1678,1678,2025-09-21 11:30:00,C,9
1679,1679,2025-06-27 11:30:00,C,10
1680,1680,2025-03-06 11:30:00,A,9
1681,1681,2025-10-28 11:30:00,A,10
1682,1682,2025-12-12 11:30:00,A,9
1683,1683,2025-05-17 11:30:00,A,10
1684,1684,2025-10-29 11:30:00,A,9
1685,1685,2025-03-13 11:30:00,A,10
1686,1686,2025-07-08 11:30:00,C,9
1687,1687,2025-12-18 11:30:00,C,10
1688,1688,2026-02-02 11:30:00,C,9
1689,1689,2025-08-05 11:30:00,A,10
1690,1690,2025-05-01 11:30:00,A,9
1691,1691,2025-12-22 11:30:00,A,10
1692,1692,2025-04-02 11:30:00,A,9
1693,1693,2025-11-08 11:30:00,A,10
1694,1694,2025-09-13 11:30:00,C,9
1695,1695,2025-08-07 11:30:00,A,10
1696,1696,2025-12-19 11:30:00,A,9
1697,1697,2025-07-30 11:30:00,C,10
1698,1698,2025-08-20 11:30:00,A,9
1699,1699,2025-04-05 11:30:00,C,10
1700,1700,2025-07-15 11:30:00,C,9
1701,1701,2026-01-26 11:30:00,A,10
1702,1702,2026-03-04 11:30:00,C,9
1703,1703,2025-05-03 11:30:00,C,10
1704,1704,2025-09-07 11:30:00,A,9
1705,1705,2025-07-08 11:30:00,A,10
1706,1706,2025-06-15 11:30:00,C,9
1707,1707,2026-01-06 11:30:00,C,10
1708,1708,2025-06-25 11:30:00,C,9
1709,1709,2025-12-26 11:30:00,C,10
1710,1710,2025-05-02 11:30:00,B,9
1711,1711,2025-05-11 11:30:00,C,10
1712,1712,2025-10-21 11:30:00,A,9
1713,1713,2025-08-12 11:30:00,A,10
1714,1714,2025-04-25 11:30:00,C,9
1715,1715,2025-06-09 11:30:00,C,10
1716,1716,2025-09-19 11:30:00,B,9
1717,1717,2026-01-16 11:30:00,A,10
1718,1718,2025-05-11 11:30:00,C,9
1719,1719,2025-12-29 11:30:00,C,10
1720,1720,2025-11-04 11:30:00,C,9
1721,1721,2025-05-20 11:30:00,A,10
1722,1722,2025-12-11 11:30:00,A,9
1723,1723,2025-11-08 11:30:00,A,10
1724,1724,2025-02-24 11:30:00,A,9
1725,1725,2025-11-01 11:30:00,B,10
1726,1726,2025-11-19 11:30:00,A,9
1727,1727,2025-02-20 11:30:00,C,10
1728,1728,2025-11-08 11:30:00,C,9
1729,1729,2025-06-11 11:30:00,A,10
1730,1730,2025-12-02 11:30:00,A,9
1731,1731,2025-07-13 11:30:00,A,10
1732,1732,2025-04-15 11:30:00,A,9
1733,1733,2025-05-16 11:30:00,A,10
1734,1734,2026-02-08 11:30:00,A,9
1735,1735,2025-09-16 11:30:00,B,10
1736,1736,2025-05-17 11:30:00,C,9
1737,1737,2025-04-04 11:30:00,B,10
1738,1738,2025-05-11 11:30:00,C,9
1739,1739,2025-08-30 11:30:00,A,10
1740,1740,2025-08-14 11:30:00,B,9
1741,1741,2025-04-13 11:30:00,A,10
1742,1742,2025-05-25 11:30:00,A,9
1743,1743,2025-12-04 11:30:00,A,10
1744,1744,2025-10-06 11:30:00,A,9
1745,1745,2026-01-09 11:30:00,B,10
1746,1746,2025-05-07 11:30:00,B,9
1747,1747,2025-09-20 11:30:00,C,10
1748,1748,2025-09-17 11:30:00,C,9
1749,1749,2026-02-07 11:30:00,B,10
1750,1750,2025-04-16 11:30:00,A,9
1751,1751,2025-07-20 11:30:00,A,10
1752,1752,2025-04-24 11:30:00,B,9
1753,1753,2025-05-31 11:30:00,A,10
1754,1754,2026-02-28 11:30:00,C,9
1755,1755,2026-01-27 11:30:00,B,10
1756,1756,2026-01-11 11:30:00,C,9
1757,1757,2025-12-28 11:30:00,A,10
1758,1758,2025-09-14 11:30:00,B,9
1759,1759,2025-09-12 11:30:00,C,10
1760,1760,2026-02-23 11:30:00,C,9
1761,1761,2025-08-31 11:30:00,A,10
1762,1762,2026-01-24 11:30:00,A,9
1763,1763,2025-09-22 11:30:00,A,10
1764,1764,2025-11-18 11:30:00,A,9
1765,1765,2025-06-02 11:30:00,A,10
1766,1766,2025-10-04 11:30:00,C,9
1767,1767,2025-10-15 11:30:00,A,10
1768,1768,2025-09-03 11:30:00,A,9
1769,1769,2025-10-26 11:30:00,C,10
1770,1770,2025-06-28 11:30:00,A,9
1771,1771,2025-09-07 11:30:00,A,10
1772,1772,2025-11-01 11:30:00,A,9
1773,1773,2025-01-27 11:30:00,A,10
1774,1774,2025-10-31 11:30:00,A,9
1775,1775,2025-11-08 11:30:00,A,10
1776,1776,2025-06-15 11:30:00,C,9
1777,1777,2025-02-09 11:30:00,C,10
1778,1778,2025-11-20 11:30:00,C,9
1779,1779,2025-06-12 11:30:00,C,10
1780,1780,2025-08-07 11:30:00,C,9
1781,1781,2025-12-27 11:30:00,C,10
1782,1782,2026-01-18 11:30:00,A,9
1783,1783,2025-09-06 11:30:00,A,10
1784,1784,2025-04-03 11:30:00,A,9
1785,1785,2025-12-02 11:30:00,A,10
1786,1786,2026-01-22 11:30:00,C,9
1787,1787,2026-01-26 11:30:00,A,10
1788,1788,2025-08-24 11:30:00,B,9
1789,1789,2025-09-04 11:30:00,C,10
1790,1790,2025-11-13 11:30:00,A,9
1791,1791,2026-01-11 11:30:00,A,10
1792,1792,2025-05-26 11:30:00,A,9
1793,1793,2026-01-25 11:30:00,A,10
1794,1794,2025-11-02 11:30:00,B,9
1795,1795,2025-02-21 11:30:00,C,10
1796,1796,2025-08-25 11:30:00,C,11
1797,1797,2025-04-25 11:30:00,A,12
1798,1798,2025-04-04 11:30:00,C,11
1799,1799,2025-06-06 11:30:00,C,12
1800,1800,2025-09-02 11:30:00,A,11
1801,1801,2025-12-15 11:30:00,C,12
1802,1802,2025-03-11 11:30:00,A,11
1803,1803,2025-07-27 11:30:00,B,12
1804,1804,2025-11-28 11:30:00,A,11
1805,1805,2026-02-18 11:30:00,B,12
1806,1806,2025-10-25 11:30:00,B,11
1807,1807,2026-02-14 11:30:00,A,12
1808,1808,2025-03-02 11:30:00,C,11
1809,1809,2026-02-07 11:30:00,A,12
1810,1810,2025-09-05 11:30:00,A,11
1811,1811,2026-01-12 11:30:00,C,12
1812,1812,2025-10-10 11:30:00,A,11
1813,1813,2025-10-11 11:30:00,C,12
1814,1814,2025-11-22 11:30:00,C,11
1815,1815,2026-01-30 11:30:00,B,12
1816,1816,2026-02-27 11:30:00,A,11
1817,1817,2025-05-30 11:30:00,C,12
1818,1818,2025-04-12 11:30:00,B,11
1819,1819,2025-09-21 11:30:00,A,12
1820,1820,2025-06-10 11:30:00,A,11
1821,1821,2025-07-21 11:30:00,A,12
1822,1822,2025-07-18 11:30:00,C,11
1823,1823,2025-12-24 11:30:00,A,12
1824,1824,2025-04-26 11:30:00,A,11
1825,1825,2025-05-24 11:30:00,B,12
1826,1826,2025-09-09 11:30:00,A,11
1827,1827,2025-04-07 11:30:00,C,12
1828,1828,2025-03-20 11:30:00,C,11
1829,1829,2025-05-19 11:30:00,C,12
1830,1830,2025-12-03 11:30:00,B,11
1831,1831,2025-02-05 11:30:00,A,12
1832,1832,2025-12-14 11:30:00,A,11
1833,1833,2025-06-26 11:30:00,B,12
1834,1834,2025-03-20 11:30:00,C,11
1835,1835,2025-04-21 11:30:00,A,12
1836,1836,2025-09-18 11:30:00,A,11
1837,1837,2025-09-21 11:30:00,C,12
1838,1838,2025-06-10 11:30:00,C,11
1839,1839,2025-10-06 11:30:00,B,12
1840,1840,2025-06-01 11:30:00,A,11
1841,1841,2025-07-21 11:30:00,A,12
1842,1842,2025-11-25 11:30:00,B,11
1843,1843,2025-05-16 11:30:00,A,12
1844,1844,2025-03-12 11:30:00,A,11
1845,1845,2025-12-22 11:30:00,A,12
1846,1846,2025-07-02 11:30:00,A,11
1847,1847,2025-10-21 11:30:00,A,12
1848,1848,2025-07-27 11:30:00,A,11
1849,1849,2025-06-30 11:30:00,C,12
1850,1850,2025-12-25 11:30:00,A,11
1851,1851,2025-12-01 11:30:00,A,12
1852,1852,2026-02-01 11:30:00,C,11
1853,1853,2025-05-23 11:30:00,A,12
1854,1854,2025-03-08 11:30:00,A,11
1855,1855,2025-11-01 11:30:00,B,12
1856,1856,2025-08-18 11:30:00,A,11
1857,1857,2025-09-03 11:30:00,C,12
1858,1858,2025-09-23 11:30:00,C,11
1859,1859,2025-07-31 11:30:00,C,12
1860,1860,2025-12-26 11:30:00,B,11
1861,1861,2026-02-04 11:30:00,C,12
1862,1862,2025-11-21 11:30:00,A,11
1863,1863,2026-01-25 11:30:00,B,12
1864,1864,2025-05-11 11:30:00,A,11
1865,1865,2025-09-08 11:30:00,B,12
1866,1866,2025-02-27 11:30:00,C,11
1867,1867,2025-06-10 11:30:00,C,12
1868,1868,2025-03-19 11:30:00,A,11
1869,1869,2025-08-21 11:30:00,B,12
1870,1870,2025-11-09 11:30:00,A,11
1871,1871,2025-06-10 11:30:00,A,12
1872,1872,2025-07-03 11:30:00,A,11
1873,1873,2025-12-25 11:30:00,C,12
1874,1874,2025-09-09 11:30:00,C,11
1875,1875,2025-09-13 11:30:00,A,12
1876,1876,2025-06-24 11:30:00,C,11
1877,1877,2025-04-24 11:30:00,C,12
1878,1878,2026-01-31 11:30:00,B,11
1879,1879,2025-07-12 11:30:00,A,12
1880,1880,2026-01-07 11:30:00,C,11
1881,1881,2026-02-07 11:30:00,A,12
1882,1882,2025-06-08 11:30:00,C,11
1883,1883,2025-06-30 11:30:00,A,12
1884,1884,2025-11-08 11:30:00,A,11
1885,1885,2026-02-25 11:30:00,A,12
1886,1886,2025-09-13 11:30:00,C,11
1887,1887,2025-08-11 11:30:00,B,12
1888,1888,2025-04-13 11:30:00,A,11
1889,1889,2025-07-23 11:30:00,C,12
1890,1890,2025-10-04 11:30:00,A,11
1891,1891,2025-04-26 11:30:00,A,12
1892,1892,2025-05-10 11:30:00,C,11
1893,1893,2025-09-28 11:30:00,A,12
1894,1894,2025-07-22 11:30:00,C,11
1895,1895,2025-08-23 11:30:00,C,12
1896,1896,2025-07-18 11:30:00,A,11
1897,1897,2025-02-05 11:30:00,A,12
1898,1898,2025-12-09 11:30:00,A,11
1899,1899,2025-09-01 11:30:00,C,12
1900,1900,2025-04-09 11:30:00,C,11
1901,1901,2025-02-10 11:30:00,C,12
1902,1902,2025-07-22 11:30:00,A,11
1903,1903,2025-07-03 11:30:00,A,12
1904,1904,2025-08-29 11:30:00,C,11
1905,1905,2025-02-01 11:30:00,B,12
1906,1906,2025-07-29 11:30:00,C,11
1907,1907,2025-07-17 11:30:00,C,12
1908,1908,2025-06-20 11:30:00,C,11
1909,1909,2025-05-08 11:30:00,C,12
1910,1910,2025-03-19 11:30:00,A,13
1911,1911,2025-09-05 11:30:00,A,14
1912,1912,2025-04-23 11:30:00,A,13
1913,1913,2025-09-24 11:30:00,C,14
1914,1914,2025-03-18 11:30:00,A,13
1915,1915,2025-07-01 11:30:00,C,14
1916,1916,2025-11-08 11:30:00,A,13
1917,1917,2025-07-03 11:30:00,B,14
1918,1918,2025-07-25 11:30:00,A,13
1919,1919,2025-12-02 11:30:00,C,14
1920,1920,2025-09-21 11:30:00,A,13
1921,1921,2025-11-15 11:30:00,C,14
1922,1922,2025-08-19 11:30:00,C,13
1923,1923,2025-11-19 11:30:00,A,14
1924,1924,2025-04-22 11:30:00,A,13
1925,1925,2025-07-06 11:30:00,B,14
1926,1926,2025-11-27 11:30:00,B,13
1927,1927,2025-09-04 11:30:00,C,14
1928,1928,2025-10-04 11:30:00,C,13
1929,1929,2025-05-03 11:30:00,A,14
1930,1930,2025-08-20 11:30:00,C,13
1931,1931,2025-10-13 11:30:00,A,14
1932,1932,2025-10-08 11:30:00,A,13
1933,1933,2025-04-28 11:30:00,C,14
1934,1934,2025-11-19 11:30:00,A,13
1935,1935,2025-08-19 11:30:00,B,14
1936,1936,2025-08-05 11:30:00,C,13
1937,1937,2025-08-05 11:30:00,C,14
1938,1938,2025-12-30 11:30:00,A,13
1939,1939,2025-09-13 11:30:00,C,14
1940,1940,2025-04-28 11:30:00,C,13
1941,1941,2025-10-31 11:30:00,A,14
1942,1942,2025-10-29 11:30:00,A,13
1943,1943,2025-06-25 11:30:00,A,14
1944,1944,2025-04-07 11:30:00,B,13
1945,1945,2025-04-01 11:30:00,B,14
1946,1946,2025-10-15 11:30:00,A,13
1947,1947,2025-05-28 11:30:00,A,14
1948,1948,2025-11-01 11:30:00,C,13
1949,1949,2026-02-17 11:30:00,A,14
1950,1950,2025-07-30 11:30:00,A,13
1951,1951,2025-07-06 11:30:00,A,14
1952,1952,2025-10-15 11:30:00,C,13
1953,1953,2025-01-26 11:30:00,A,14
1954,1954,2025-07-11 11:30:00,A,13
1955,1955,2025-12-30 11:30:00,C,14
1956,1956,2025-12-03 11:30:00,B,13
1957,1957,2025-09-19 11:30:00,C,14
1958,1958,2025-10-05 11:30:00,C,13
1959,1959,2025-04-13 11:30:00,A,14
1960,1960,2025-07-20 11:30:00,A,13
1961,1961,2025-09-02 11:30:00,C,14
1962,1962,2025-02-19 11:30:00,A,13
1963,1963,2025-05-19 11:30:00,C,14
1964,1964,2025-05-09 11:30:00,A,13
1965,1965,2026-01-06 11:30:00,B,14
1966,1966,2026-01-02 11:30:00,C,13
1967,1967,2025-10-22 11:30:00,C,14
1968,1968,2025-09-05 11:30:00,B,13
1969,1969,2025-05-30 11:30:00,A,14
1970,1970,2025-05-02 11:30:00,C,13
1971,1971,2025-06-20 11:30:00,A,14
1972,1972,2025-11-13 11:30:00,C,13
1973,1973,2026-01-10 11:30:00,A,14
1974,1974,2025-06-17 11:30:00,A,13
1975,1975,2026-02-06 11:30:00,C,14
1976,1976,2025-06-02 11:30:00,A,13
1977,1977,2025-12-04 11:30:00,A,14
1978,1978,2025-03-31 11:30:00,A,13
1979,1979,2025-07-21 11:30:00,C,14
1980,1980,2025-10-15 11:30:00,A,13
1981,1981,2025-07-31 11:30:00,C,14
1982,1982,2025-12-27 11:30:00,A,13
1983,1983,2025-10-03 11:30:00,A,14
1984,1984,2025-02-24 11:30:00,C,13
1985,1985,2025-11-16 11:30:00,C,14
1986,1986,2025-10-03 11:30:00,C,13
1987,1987,2025-08-17 11:30:00,A,14
1988,1988,2025-06-06 11:30:00,A,13
1989,1989,2025-08-04 11:30:00,C,14
1990,1990,2025-09-03 11:30:00,A,13
1991,1991,2026-01-24 11:30:00,C,14
1992,1992,2025-09-02 11:30:00,B,13
1993,1993,2025-07-15 11:30:00,A,14
1994,1994,2025-05-17 11:30:00,A,13
1995,1995,2025-12-27 11:30:00,B,14
1996,1996,2025-06-06 11:30:00,C,13
1997,1997,2025-09-25 11:30:00,A,14
1998,1998,2025-06-03 11:30:00,C,13
1999,1999,2025-05-09 11:30:00,C,14
2000,2000,2025-06-21 11:30:00,A,13
2001,2001,2026-01-12 11:30:00,A,14
2002,2002,2025-04-08 11:30:00,A,13
2003,2003,2025-04-09 11:30:00,A,14
2004,2004,2025-10-20 11:30:00,A,13
2005,2005,2026-01-01 11:30:00,B,14
2006,2006,2025-12-15 11:30:00,C,13
2007,2007,2026-02-08 11:30:00,C,14
2008,2008,2025-03-27 11:30:00,C,13
2009,2009,2025-06-02 11:30:00,A,14
2010,2010,2025-07-12 11:30:00,B,13
2011,2011,2025-11-08 11:30:00,A,14
2012,2012,2025-10-17 11:30:00,A,13
2013,2013,2025-01-25 11:30:00,A,14
2014,2014,2025-05-09 11:30:00,C,13
2015,2015,2025-03-19 11:30:00,B,14
2016,2016,2026-01-16 11:30:00,C,13
2017,2017,2025-04-20 11:30:00,A,14
2018,2018,2025-09-30 11:30:00,C,13
2019,2019,2025-10-04 11:30:00,A,14
2020,2020,2025-11-23 11:30:00,C,13
2021,2021,2025-08-21 11:30:00,C,14
2022,2022,2025-11-19 11:30:00,B,13
2023,2023,2025-11-09 11:30:00,C,14
2024,2024,2025-05-13 11:30:00,C,13
2025,2025,2025-05-02 11:30:00,B,14
2026,2026,2025-04-07 11:30:00,C,13
2027,2027,2025-02-24 11:30:00,C,14
2028,2028,2025-07-16 11:30:00,C,13
2029,2029,2025-10-15 11:30:00,C,14
2030,2030,2025-04-10 11:30:00,C,13
2031,2031,2025-06-28 11:30:00,B,14
2032,2032,2025-02-06 11:30:00,A,13
2033,2033,2025-02-27 11:30:00,A,14
2034,2034,2025-03-17 11:30:00,A,13
2035,2035,2025-06-24 11:30:00,B,14
2036,2036,2025-10-24 11:30:00,C,13
2037,2037,2025-11-11 11:30:00,C,14
2038,2038,2026-01-29 11:30:00,A,13
2039,2039,2026-01-12 11:30:00,C,14
2040,2040,2025-02-24 11:30:00,A,13
2041,2041,2026-01-27 11:30:00,C,14
2042,2042,2026-01-23 11:30:00,A,13
2043,2043,2026-02-07 11:30:00,A,14
2044,2044,2025-03-16 11:30:00,A,13
2045,2045,2026-01-09 11:30:00,C,14
2046,2046,2025-05-23 11:30:00,A,13
2047,2047,2025-03-15 11:30:00,C,14
2048,2048,2025-02-25 11:30:00,C,13
2049,2049,2025-10-24 11:30:00,A,14
2050,2050,2025-03-26 11:30:00,A,13
2051,2051,2026-01-08 11:30:00,A,14
2052,2052,2025-05-31 11:30:00,A,13
2053,2053,2025-04-01 11:30:00,C,14
2054,2054,2026-02-22 11:30:00,C,13
2055,2055,2025-10-02 11:30:00,B,14
2056,2056,2025-09-11 11:30:00,C,13
2057,2057,2025-10-12 11:30:00,C,14
2058,2058,2025-07-08 11:30:00,A,15
2059,2059,2025-08-02 11:30:00,C,16
2060,2060,2025-10-08 11:30:00,A,15
2061,2061,2025-07-28 11:30:00,A,16
2062,2062,2025-12-11 11:30:00,C,15
2063,2063,2026-02-17 11:30:00,A,16
2064,2064,2025-08-19 11:30:00,B,15
2065,2065,2025-06-26 11:30:00,A,16
2066,2066,2025-04-28 11:30:00,C,15
2067,2067,2025-11-19 11:30:00,A,16
2068,2068,2025-12-23 11:30:00,C,15
2069,2069,2025-03-25 11:30:00,C,16
2070,2070,2025-03-17 11:30:00,A,15
2071,2071,2025-11-21 11:30:00,C,16
2072,2072,2025-04-06 11:30:00,A,15
2073,2073,2025-12-12 11:30:00,A,16
2074,2074,2025-12-23 11:30:00,A,15
2075,2075,2025-09-05 11:30:00,C,16
2076,2076,2026-01-16 11:30:00,A,15
2077,2077,2025-07-26 11:30:00,A,16
2078,2078,2025-06-08 11:30:00,C,15
2079,2079,2025-04-21 11:30:00,A,16
2080,2080,2025-04-28 11:30:00,A,15
2081,2081,2025-06-01 11:30:00,C,16
2082,2082,2025-08-08 11:30:00,A,15
2083,2083,2025-11-24 11:30:00,C,16
2084,2084,2025-05-13 11:30:00,A,15
2085,2085,2025-05-16 11:30:00,B,16
2086,2086,2025-05-26 11:30:00,A,15
2087,2087,2025-09-15 11:30:00,C,16
2088,2088,2025-09-13 11:30:00,C,15
2089,2089,2025-11-12 11:30:00,C,16
2090,2090,2025-08-01 11:30:00,A,15
2091,2091,2025-06-13 11:30:00,A,16
2092,2092,2025-02-10 11:30:00,A,15
2093,2093,2025-09-10 11:30:00,C,16
2094,2094,2025-02-13 11:30:00,A,15
2095,2095,2026-01-04 11:30:00,C,16
2096,2096,2026-02-01 11:30:00,C,15
2097,2097,2025-10-01 11:30:00,C,16
2098,2098,2025-06-16 11:30:00,A,15
2099,2099,2025-08-21 11:30:00,A,16
2100,2100,2025-05-01 11:30:00,B,15
2101,2101,2025-02-12 11:30:00,A,16
2102,2102,2026-01-15 11:30:00,A,15
2103,2103,2025-04-03 11:30:00,B,16
2104,2104,2025-12-08 11:30:00,A,15
2105,2105,2025-07-19 11:30:00,A,16
2106,2106,2025-07-15 11:30:00,B,15
2107,2107,2025-07-27 11:30:00,C,16
2108,2108,2025-04-07 11:30:00,A,15
2109,2109,2025-07-07 11:30:00,C,16
2110,2110,2025-12-29 11:30:00,A,15
2111,2111,2025-09-13 11:30:00,A,16
2112,2112,2025-10-31 11:30:00,A,15
2113,2113,2025-10-09 11:30:00,C,16
2114,2114,2026-02-12 11:30:00,A,15
2115,2115,2025-03-23 11:30:00,B,16
2116,2116,2025-07-16 11:30:00,C,15
2117,2117,2025-12-05 11:30:00,C,16
2118,2118,2025-12-08 11:30:00,A,15
2119,2119,2025-09-10 11:30:00,A,16
2120,2120,2025-07-20 11:30:00,C,15
2121,2121,2025-04-07 11:30:00,A,16
2122,2122,2026-02-01 11:30:00,C,15
2123,2123,2025-09-14 11:30:00,A,16
2124,2124,2025-09-15 11:30:00,A,15
2125,2125,2025-05-18 11:30:00,A,16
2126,2126,2025-12-08 11:30:00,A,15
2127,2127,2025-04-26 11:30:00,B,16
2128,2128,2026-01-04 11:30:00,A,15
2129,2129,2025-05-08 11:30:00,C,16
2130,2130,2025-07-26 11:30:00,A,15
2131,2131,2025-10-10 11:30:00,A,16
2132,2132,2025-10-18 11:30:00,A,15
2133,2133,2026-03-01 11:30:00,A,16
2134,2134,2025-09-02 11:30:00,A,15
2135,2135,2025-03-11 11:30:00,A,16
2136,2136,2025-02-10 11:30:00,A,15
2137,2137,2025-12-08 11:30:00,A,16
2138,2138,2025-01-27 11:30:00,A,15
2139,2139,2025-03-25 11:30:00,A,18
2140,2140,2025-05-26 11:30:00,C,17
2141,2141,2025-11-18 11:30:00,A,18
2142,2142,2025-08-30 11:30:00,A,17
2143,2143,2025-07-05 11:30:00,C,18
2144,2144,2025-10-31 11:30:00,C,17
2145,2145,2025-03-18 11:30:00,A,18
2146,2146,2025-02-05 11:30:00,C,17
2147,2147,2025-12-14 11:30:00,C,18
2148,2148,2025-08-30 11:30:00,A,17
2149,2149,2025-10-21 11:30:00,A,18
2150,2150,2026-01-07 11:30:00,C,17
2151,2151,2025-04-18 11:30:00,A,18
2152,2152,2025-07-26 11:30:00,A,17
2153,2153,2025-08-20 11:30:00,C,18
2154,2154,2025-04-20 11:30:00,A,17
2155,2155,2025-07-10 11:30:00,A,18
2156,2156,2025-11-10 11:30:00,A,17
2157,2157,2026-01-10 11:30:00,C,18
2158,2158,2025-11-30 11:30:00,C,17
2159,2159,2025-07-17 11:30:00,C,18
2160,2160,2025-07-16 11:30:00,A,17
2161,2161,2025-11-29 11:30:00,C,18
2162,2162,2025-08-24 11:30:00,C,17
2163,2163,2026-01-18 11:30:00,B,18
2164,2164,2026-01-28 11:30:00,A,17
2165,2165,2025-07-16 11:30:00,C,18
2166,2166,2025-12-26 11:30:00,A,17
2167,2167,2025-09-13 11:30:00,C,18
2168,2168,2025-02-22 11:30:00,C,17
2169,2169,2025-05-11 11:30:00,A,18
2170,2170,2026-01-06 11:30:00,A,17
2171,2171,2025-08-05 11:30:00,A,18
2172,2172,2025-07-02 11:30:00,A,17
2173,2173,2025-06-25 11:30:00,C,18
2174,2174,2025-06-13 11:30:00,A,17
2175,2175,2025-12-19 11:30:00,B,18
2176,2176,2025-05-16 11:30:00,C,17
2177,2177,2025-08-08 11:30:00,A,18
2178,2178,2026-01-27 11:30:00,B,17
2179,2179,2025-10-11 11:30:00,A,18
2180,2180,2025-12-04 11:30:00,A,17
2181,2181,2025-11-01 11:30:00,B,18
2182,2182,2025-12-30 11:30:00,A,17
2183,2183,2025-09-05 11:30:00,A,18
2184,2184,2025-12-15 11:30:00,B,17
2185,2185,2025-07-27 11:30:00,B,18
2186,2186,2025-11-01 11:30:00,A,17
2187,2187,2025-07-05 11:30:00,C,18
2188,2188,2026-01-23 11:30:00,C,17
2189,2189,2025-08-13 11:30:00,C,18
2190,2190,2025-07-23 11:30:00,B,17
2191,2191,2025-08-18 11:30:00,C,18
2192,2192,2025-09-15 11:30:00,A,17
2193,2193,2025-12-20 11:30:00,B,18
2194,2194,2025-04-12 11:30:00,A,17
2195,2195,2026-02-28 11:30:00,A,18
2196,2196,2025-05-22 11:30:00,A,17
2197,2197,2025-06-23 11:30:00,A,18
2198,2198,2025-10-06 11:30:00,A,17
2199,2199,2025-08-24 11:30:00,B,18
2200,2200,2025-11-14 11:30:00,C,17
2201,2201,2026-01-04 11:30:00,A,18
2202,2202,2025-04-21 11:30:00,A,17
2203,2203,2025-10-17 11:30:00,A,18
2204,2204,2025-08-05 11:30:00,C,17
2205,2205,2026-01-13 11:30:00,B,18
2206,2206,2025-05-23 11:30:00,A,17
2207,2207,2025-12-07 11:30:00,A,18
2208,2208,2025-05-19 11:30:00,A,17
2209,2209,2025-05-25 11:30:00,C,18
2210,2210,2025-03-02 11:30:00,A,17
2211,2211,2025-08-24 11:30:00,A,18
2212,2212,2026-01-27 11:30:00,A,17
2213,2213,2025-11-24 11:30:00,A,18
2214,2214,2025-05-01 11:30:00,B,17
2215,2215,2025-08-05 11:30:00,B,18
2216,2216,2025-04-22 11:30:00,C,17
2217,2217,2025-05-07 11:30:00,B,18
2218,2218,2025-11-20 11:30:00,C,17
2219,2219,2025-12-09 11:30:00,C,18
2220,2220,2025-07-27 11:30:00,B,17
2221,2221,2025-11-19 11:30:00,C,18
2222,2222,2025-10-15 11:30:00,A,17
2223,2223,2025-05-29 11:30:00,B,18
2224,2224,2025-05-09 11:30:00,A,17
2225,2225,2025-12-08 11:30:00,C,18
2226,2226,2025-03-04 11:30:00,B,17
2227,2227,2025-05-24 11:30:00,C,18
2228,2228,2025-04-11 11:30:00,C,17
2229,2229,2025-12-17 11:30:00,C,18
2230,2230,2025-11-06 11:30:00,A,17
2231,2231,2026-02-06 11:30:00,A,20
2232,2232,2025-02-25 11:30:00,A,19
2233,2233,2025-03-20 11:30:00,A,20
2234,2234,2025-09-17 11:30:00,A,19
2235,2235,2025-12-26 11:30:00,B,20
2236,2236,2025-09-12 11:30:00,C,19
2237,2237,2025-06-18 11:30:00,C,20
2238,2238,2025-09-05 11:30:00,C,19
2239,2239,2025-05-20 11:30:00,C,20
2240,2240,2025-04-21 11:30:00,A,19
2241,2241,2025-10-29 11:30:00,A,20
2242,2242,2025-10-06 11:30:00,A,19
2243,2243,2025-09-08 11:30:00,A,20
2244,2244,2026-03-02 11:30:00,A,19
2245,2245,2025-09-12 11:30:00,A,20
2246,2246,2025-10-05 11:30:00,C,19
2247,2247,2025-03-23 11:30:00,A,20
2248,2248,2025-03-26 11:30:00,C,19
2249,2249,2025-11-03 11:30:00,A,20
2250,2250,2025-03-25 11:30:00,A,19
2251,2251,2025-08-10 11:30:00,A,20
2252,2252,2025-05-27 11:30:00,C,19
2253,2253,2025-12-28 11:30:00,A,20
2254,2254,2026-02-26 11:30:00,C,19
2255,2255,2025-10-20 11:30:00,C,20
2256,2256,2025-07-12 11:30:00,A,19
2257,2257,2025-10-17 11:30:00,A,20
2258,2258,2025-03-27 11:30:00,A,19
2259,2259,2026-01-15 11:30:00,C,20
2260,2260,2025-11-25 11:30:00,C,19
2261,2261,2025-06-26 11:30:00,A,20
2262,2262,2025-08-10 11:30:00,A,19
2263,2263,2025-03-18 11:30:00,C,20
2264,2264,2025-05-04 11:30:00,C,19
2265,2265,2025-10-24 11:30:00,B,20
2266,2266,2025-06-12 11:30:00,C,19
2267,2267,2025-01-30 11:30:00,C,20
2268,2268,2025-02-24 11:30:00,B,19
2269,2269,2025-12-04 11:30:00,A,20
2270,2270,2025-10-09 11:30:00,C,19
2271,2271,2025-10-17 11:30:00,A,20
2272,2272,2025-05-17 11:30:00,C,19
2273,2273,2025-08-09 11:30:00,A,20
2274,2274,2025-05-22 11:30:00,A,19
2275,2275,2025-02-08 11:30:00,C,20
2276,2276,2025-10-04 11:30:00,A,19
2277,2277,2025-10-02 11:30:00,C,20
2278,2278,2025-12-30 11:30:00,C,19
2279,2279,2025-04-06 11:30:00,C,20
2280,2280,2025-04-22 11:30:00,A,19
2281,2281,2025-02-27 11:30:00,A,20
2282,2282,2025-12-25 11:30:00,A,19
2283,2283,2025-06-04 11:30:00,B,20
2284,2284,2026-02-08 11:30:00,C,19
2285,2285,2025-03-03 11:30:00,C,20
2286,2286,2025-07-21 11:30:00,A,19
2287,2287,2025-12-08 11:30:00,C,20
2288,2288,2025-11-25 11:30:00,A,19
2289,2289,2026-01-05 11:30:00,B,20
2290,2290,2025-11-15 11:30:00,A,19
2291,2291,2025-03-05 11:30:00,A,20
2292,2292,2025-08-04 11:30:00,A,19
2293,2293,2025-08-15 11:30:00,C,20
2294,2294,2025-05-29 11:30:00,A,19
2295,2295,2025-04-29 11:30:00,B,20
2296,2296,2025-05-25 11:30:00,A,19
2297,2297,2025-04-27 11:30:00,C,20
2298,2298,2026-01-11 11:30:00,B,19
2299,2299,2025-10-08 11:30:00,C,20
2300,2300,2025-09-17 11:30:00,A,19
2301,2301,2026-01-08 11:30:00,A,20
2302,2302,2025-04-19 11:30:00,A,19
2303,2303,2025-09-01 11:30:00,C,20
2304,2304,2026-03-02 11:30:00,A,19
2305,2305,2026-02-08 11:30:00,A,20
2306,2306,2025-11-09 11:30:00,C,19
2307,2307,2025-08-25 11:30:00,A,20
2308,2308,2025-05-20 11:30:00,C,19
2309,2309,2025-06-02 11:30:00,A,20
2310,2310,2025-06-27 11:30:00,B,19
2311,2311,2025-09-16 11:30:00,C,20
2312,2312,2025-06-30 11:30:00,A,21
2313,2313,2025-11-02 11:30:00,B,22
2314,2314,2025-04-22 11:30:00,A,21
2315,2315,2025-07-13 11:30:00,C,22
2316,2316,2025-03-17 11:30:00,A,21
2317,2317,2026-01-24 11:30:00,A,22
2318,2318,2025-12-21 11:30:00,C,21
2319,2319,2025-05-28 11:30:00,A,22
2320,2320,2025-05-23 11:30:00,C,21
2321,2321,2025-08-06 11:30:00,C,22
2322,2322,2025-10-10 11:30:00,A,21
2323,2323,2025-10-24 11:30:00,A,22
2324,2324,2025-12-14 11:30:00,C,21
2325,2325,2025-07-20 11:30:00,B,22
2326,2326,2025-11-19 11:30:00,A,21
2327,2327,2025-11-18 11:30:00,A,22
2328,2328,2025-02-27 11:30:00,B,21
2329,2329,2025-06-17 11:30:00,C,22
2330,2330,2025-11-20 11:30:00,A,21
2331,2331,2025-08-21 11:30:00,B,22
2332,2332,2025-05-10 11:30:00,C,21
2333,2333,2025-01-31 11:30:00,A,22
2334,2334,2025-06-28 11:30:00,A,21
2335,2335,2025-02-07 11:30:00,C,22
2336,2336,2025-06-01 11:30:00,A,21
2337,2337,2025-10-24 11:30:00,A,22
2338,2338,2025-03-21 11:30:00,C,21
2339,2339,2025-05-03 11:30:00,C,22
2340,2340,2025-09-26 11:30:00,A,21
2341,2341,2025-10-23 11:30:00,A,22
2342,2342,2025-11-27 11:30:00,A,21
2343,2343,2025-05-27 11:30:00,B,22
2344,2344,2025-12-11 11:30:00,C,21
2345,2345,2026-02-05 11:30:00,C,22
2346,2346,2025-12-26 11:30:00,A,21
2347,2347,2025-04-25 11:30:00,A,22
2348,2348,2025-11-28 11:30:00,A,21
2349,2349,2025-07-21 11:30:00,C,22
2350,2350,2025-08-06 11:30:00,C,21
2351,2351,2025-08-11 11:30:00,C,22
2352,2352,2025-08-15 11:30:00,B,21
2353,2353,2025-03-28 11:30:00,A,22
2354,2354,2025-03-30 11:30:00,C,21
2355,2355,2025-05-28 11:30:00,B,22
2356,2356,2025-12-21 11:30:00,C,21
2357,2357,2025-05-12 11:30:00,C,22
2358,2358,2025-05-02 11:30:00,C,21
2359,2359,2025-04-20 11:30:00,C,22
2360,2360,2026-02-22 11:30:00,A,21
2361,2361,2025-08-03 11:30:00,A,22
2362,2362,2025-11-17 11:30:00,C,21
2363,2363,2025-09-03 11:30:00,A,22
2364,2364,2025-10-30 11:30:00,A,21
2365,2365,2025-07-24 11:30:00,B,22
2366,2366,2025-06-29 11:30:00,C,21
2367,2367,2025-07-05 11:30:00,A,22
2368,2368,2026-01-28 11:30:00,C,21
2369,2369,2025-05-09 11:30:00,A,22
2370,2370,2025-08-16 11:30:00,A,21
2371,2371,2025-06-16 11:30:00,C,22
2372,2372,2025-12-28 11:30:00,C,21
2373,2373,2025-10-24 11:30:00,B,22
2374,2374,2025-07-22 11:30:00,C,21
2375,2375,2025-12-15 11:30:00,A,22
2376,2376,2026-03-04 11:30:00,B,21
2377,2377,2025-09-29 11:30:00,C,22
2378,2378,2025-08-25 11:30:00,C,21
2379,2379,2025-06-26 11:30:00,A,22
2380,2380,2025-10-31 11:30:00,A,21
2381,2381,2025-01-21 11:30:00,A,22
2382,2382,2025-09-08 11:30:00,B,21
2383,2383,2025-05-05 11:30:00,A,22
2384,2384,2025-09-03 11:30:00,A,21
2385,2385,2025-10-25 11:30:00,B,22
2386,2386,2025-08-11 11:30:00,C,21
2387,2387,2025-08-25 11:30:00,C,22
2388,2388,2025-10-11 11:30:00,A,21
2389,2389,2025-05-04 11:30:00,C,22
2390,2390,2025-09-13 11:30:00,A,21
2391,2391,2025-12-05 11:30:00,A,22
2392,2392,2025-09-13 11:30:00,A,21
2393,2393,2025-06-22 11:30:00,A,24
2394,2394,2025-12-14 11:30:00,A,23
2395,2395,2025-08-07 11:30:00,B,24
2396,2396,2025-07-16 11:30:00,A,23
2397,2397,2025-10-10 11:30:00,B,24
2398,2398,2025-05-12 11:30:00,C,23
2399,2399,2025-07-07 11:30:00,C,24
2400,2400,2025-03-14 11:30:00,A,23
2401,2401,2025-11-11 11:30:00,A,24
2402,2402,2025-11-05 11:30:00,A,23
2403,2403,2025-04-04 11:30:00,B,24
2404,2404,2025-12-05 11:30:00,A,23
2405,2405,2025-06-10 11:30:00,B,24
2406,2406,2025-07-06 11:30:00,B,23
2407,2407,2025-08-27 11:30:00,C,24
2408,2408,2025-08-06 11:30:00,C,23
2409,2409,2025-11-12 11:30:00,C,24
2410,2410,2025-10-03 11:30:00,C,23
2411,2411,2026-02-12 11:30:00,C,24
2412,2412,2025-12-17 11:30:00,A,23
2413,2413,2025-09-07 11:30:00,C,24
2414,2414,2025-12-27 11:30:00,C,23
2415,2415,2025-06-18 11:30:00,B,24
2416,2416,2025-07-22 11:30:00,C,23
2417,2417,2026-02-21 11:30:00,A,24
2418,2418,2025-05-12 11:30:00,A,23
2419,2419,2025-04-30 11:30:00,C,24
2420,2420,2025-08-09 11:30:00,C,23
2421,2421,2025-11-29 11:30:00,A,24
2422,2422,2026-02-10 11:30:00,A,23
2423,2423,2025-09-23 11:30:00,C,24
2424,2424,2026-01-19 11:30:00,A,23
2425,2425,2025-08-10 11:30:00,A,24
2426,2426,2025-03-21 11:30:00,A,23
2427,2427,2025-08-17 11:30:00,C,24
2428,2428,2025-10-26 11:30:00,C,23
2429,2429,2025-08-09 11:30:00,C,24
2430,2430,2025-07-08 11:30:00,B,23
2431,2431,2025-05-30 11:30:00,C,24
2432,2432,2025-05-24 11:30:00,C,23
2433,2433,2025-06-12 11:30:00,B,24
2434,2434,2025-07-17 11:30:00,C,23
2435,2435,2026-01-03 11:30:00,C,24
2436,2436,2025-09-13 11:30:00,C,23
2437,2437,2025-04-14 11:30:00,A,24
2438,2438,2025-10-05 11:30:00,C,23
2439,2439,2026-03-01 11:30:00,A,24
2440,2440,2026-01-06 11:30:00,A,23
2441,2441,2026-01-03 11:30:00,C,24
2442,2442,2025-04-28 11:30:00,A,23
2443,2443,2025-05-05 11:30:00,A,24
2444,2444,2025-05-12 11:30:00,A,23
2445,2445,2025-07-11 11:30:00,B,24
2446,2446,2025-09-11 11:30:00,C,23
2447,2447,2026-01-13 11:30:00,A,24
2448,2448,2025-03-30 11:30:00,B,23
2449,2449,2025-06-24 11:30:00,C,24
2450,2450,2025-05-29 11:30:00,A,23
2451,2451,2025-02-04 11:30:00,A,24
2452,2452,2025-11-16 11:30:00,A,23
2453,2453,2025-10-15 11:30:00,C,24
2454,2454,2025-06-01 11:30:00,A,23
2455,2455,2025-12-17 11:30:00,C,24
2456,2456,2025-07-13 11:30:00,C,23
2457,2457,2025-04-18 11:30:00,A,24
2458,2458,2025-06-12 11:30:00,A,23
2459,2459,2025-06-02 11:30:00,A,24
2460,2460,2025-11-09 11:30:00,A,23
2461,2461,2025-07-25 11:30:00,C,24
2462,2462,2025-12-12 11:30:00,A,23
2463,2463,2025-07-16 11:30:00,A,24
2464,2464,2025-04-22 11:30:00,A,23
2465,2465,2025-04-10 11:30:00,B,24
2466,2466,2025-09-10 11:30:00,C,23
2467,2467,2026-02-05 11:30:00,C,24
2468,2468,2025-11-02 11:30:00,C,23
2469,2469,2025-03-08 11:30:00,B,24
2470,2470,2025-06-01 11:30:00,A,23
2471,2471,2026-02-09 11:30:00,A,24
2472,2472,2025-07-06 11:30:00,A,23
2473,2473,2026-01-08 11:30:00,A,24
2474,2474,2026-01-23 11:30:00,A,25
2475,2475,2025-04-10 11:30:00,B,26
2476,2476,2025-12-21 11:30:00,C,25
2477,2477,2025-08-19 11:30:00,A,26
2478,2478,2026-01-19 11:30:00,A,25
2479,2479,2025-12-08 11:30:00,C,26
2480,2480,2025-03-14 11:30:00,A,25
2481,2481,2026-01-12 11:30:00,B,26
2482,2482,2025-12-22 11:30:00,C,25
2483,2483,2025-08-13 11:30:00,A,26
2484,2484,2026-01-20 11:30:00,B,25
2485,2485,2025-08-04 11:30:00,B,26
2486,2486,2025-09-27 11:30:00,A,25
2487,2487,2025-07-12 11:30:00,A,26
2488,2488,2025-11-19 11:30:00,A,25
2489,2489,2025-09-08 11:30:00,C,26
2490,2490,2025-05-28 11:30:00,A,25
2491,2491,2025-09-27 11:30:00,C,26
2492,2492,2026-02-01 11:30:00,A,25
2493,2493,2025-09-20 11:30:00,B,26
2494,2494,2025-03-11 11:30:00,A,25
2495,2495,2025-12-09 11:30:00,A,26
2496,2496,2025-03-30 11:30:00,B,25
2497,2497,2025-05-10 11:30:00,A,26
2498,2498,2025-05-05 11:30:00,A,25
2499,2499,2025-08-22 11:30:00,B,26
2500,2500,2025-07-17 11:30:00,C,25
2501,2501,2025-07-13 11:30:00,A,26
2502,2502,2025-10-30 11:30:00,A,25
2503,2503,2025-02-05 11:30:00,C,26
2504,2504,2025-10-13 11:30:00,A,25
2505,2505,2025-04-08 11:30:00,A,26
2506,2506,2025-11-10 11:30:00,A,25
2507,2507,2025-12-21 11:30:00,A,26
2508,2508,2025-03-07 11:30:00,C,25
2509,2509,2025-10-08 11:30:00,A,26
2510,2510,2025-05-08 11:30:00,C,25
2511,2511,2025-01-31 11:30:00,B,26
2512,2512,2025-03-16 11:30:00,A,25
2513,2513,2025-07-03 11:30:00,A,26
2514,2514,2025-03-21 11:30:00,B,25
2515,2515,2025-06-03 11:30:00,B,26
2516,2516,2025-08-23 11:30:00,A,25
2517,2517,2025-04-04 11:30:00,B,26
2518,2518,2025-05-21 11:30:00,C,25
2519,2519,2026-01-25 11:30:00,C,26
2520,2520,2025-06-19 11:30:00,B,25
2521,2521,2025-04-03 11:30:00,C,26
2522,2522,2025-07-15 11:30:00,A,25
2523,2523,2025-07-14 11:30:00,A,26
2524,2524,2025-09-25 11:30:00,A,25
2525,2525,2025-11-26 11:30:00,B,26
2526,2526,2025-04-01 11:30:00,C,25
2527,2527,2025-06-29 11:30:00,C,26
2528,2528,2025-02-21 11:30:00,A,25
2529,2529,2025-07-05 11:30:00,C,26
2530,2530,2025-04-06 11:30:00,A,25
2531,2531,2025-03-22 11:30:00,A,26
2532,2532,2025-08-12 11:30:00,A,25
2533,2533,2025-07-25 11:30:00,C,26
2534,2534,2025-11-18 11:30:00,A,25
2535,2535,2025-10-17 11:30:00,B,26
2536,2536,2025-08-29 11:30:00,C,25
2537,2537,2025-12-03 11:30:00,C,26
2538,2538,2025-10-26 11:30:00,C,25
2539,2539,2025-09-10 11:30:00,A,26
2540,2540,2025-06-24 11:30:00,C,25
2541,2541,2025-09-12 11:30:00,B,26
2542,2542,2025-04-22 11:30:00,A,25
2543,2543,2026-01-13 11:30:00,A,26
2544,2544,2025-06-20 11:30:00,A,25
2545,2545,2025-06-15 11:30:00,A,26
2546,2546,2025-06-11 11:30:00,A,25
2547,2547,2025-03-10 11:30:00,A,26
2548,2548,2025-09-18 11:30:00,C,25
2549,2549,2025-03-11 11:30:00,C,26
2550,2550,2025-11-25 11:30:00,A,25
2551,2551,2025-08-21 11:30:00,C,26
2552,2552,2025-03-11 11:30:00,A,25
2553,2553,2025-08-29 11:30:00,A,26
2554,2554,2025-04-15 11:30:00,A,25
2555,2555,2025-04-03 11:30:00,A,28
2556,2556,2025-04-25 11:30:00,B,27
2557,2557,2025-10-15 11:30:00,C,28
2558,2558,2025-08-12 11:30:00,C,27
2559,2559,2025-04-21 11:30:00,A,28
2560,2560,2025-08-13 11:30:00,A,27
2561,2561,2025-06-02 11:30:00,A,28
2562,2562,2026-01-01 11:30:00,A,27
2563,2563,2025-11-06 11:30:00,A,28
2564,2564,2025-04-21 11:30:00,A,27
2565,2565,2026-01-16 11:30:00,A,28
2566,2566,2025-03-22 11:30:00,C,27
2567,2567,2025-09-07 11:30:00,C,28
2568,2568,2025-06-29 11:30:00,B,27
2569,2569,2025-12-24 11:30:00,C,28
2570,2570,2025-11-26 11:30:00,C,27
2571,2571,2025-07-07 11:30:00,A,28
2572,2572,2025-05-11 11:30:00,C,27
2573,2573,2025-11-03 11:30:00,A,28
2574,2574,2025-05-10 11:30:00,A,27
2575,2575,2025-07-15 11:30:00,A,28
2576,2576,2025-12-04 11:30:00,C,27
2577,2577,2025-05-09 11:30:00,C,28
2578,2578,2025-05-28 11:30:00,C,27
2579,2579,2026-01-25 11:30:00,C,28
2580,2580,2025-11-06 11:30:00,B,27
2581,2581,2025-07-10 11:30:00,A,28
2582,2582,2025-06-21 11:30:00,A,27
2583,2583,2025-08-29 11:30:00,B,28
2584,2584,2026-01-27 11:30:00,A,27
2585,2585,2025-10-25 11:30:00,B,28
2586,2586,2025-08-14 11:30:00,A,27
2587,2587,2025-04-15 11:30:00,A,28
2588,2588,2025-10-17 11:30:00,C,27
2589,2589,2025-09-30 11:30:00,A,28
2590,2590,2026-01-01 11:30:00,C,27
2591,2591,2025-12-24 11:30:00,A,28
2592,2592,2025-08-18 11:30:00,B,27
2593,2593,2025-11-03 11:30:00,A,28
2594,2594,2025-09-13 11:30:00,C,27
2595,2595,2026-01-18 11:30:00,B,28
2596,2596,2025-05-29 11:30:00,A,27
2597,2597,2025-10-29 11:30:00,C,28
2598,2598,2025-06-27 11:30:00,C,27
2599,2599,2025-03-03 11:30:00,C,28
2600,2600,2025-10-25 11:30:00,C,27
2601,2601,2025-06-18 11:30:00,A,28
2602,2602,2025-11-18 11:30:00,C,27
2603,2603,2025-07-10 11:30:00,A,28
2604,2604,2025-09-23 11:30:00,A,27
2605,2605,2025-11-12 11:30:00,A,28
2606,2606,2025-05-24 11:30:00,C,27
2607,2607,2026-01-04 11:30:00,B,28
2608,2608,2025-12-31 11:30:00,C,27
2609,2609,2025-08-05 11:30:00,C,28
2610,2610,2025-12-25 11:30:00,A,27
2611,2611,2025-12-20 11:30:00,C,28
2612,2612,2025-12-05 11:30:00,C,27
2613,2613,2025-11-21 11:30:00,A,28
2614,2614,2026-02-25 11:30:00,A,27
2615,2615,2025-10-10 11:30:00,A,28
2616,2616,2025-12-24 11:30:00,A,27
2617,2617,2026-01-29 11:30:00,C,28
2618,2618,2025-08-25 11:30:00,C,27
2619,2619,2025-07-31 11:30:00,B,28
2620,2620,2026-01-03 11:30:00,A,27
2621,2621,2025-11-22 11:30:00,A,28
2622,2622,2025-12-08 11:30:00,A,27
2623,2623,2025-06-08 11:30:00,A,28
2624,2624,2025-11-19 11:30:00,A,27
2625,2625,2025-06-10 11:30:00,B,28
2626,2626,2025-09-20 11:30:00,C,27
2627,2627,2025-11-24 11:30:00,C,28
2628,2628,2025-02-27 11:30:00,C,27
2629,2629,2025-06-04 11:30:00,C,28
2630,2630,2025-02-03 11:30:00,A,27
2631,2631,2025-06-21 11:30:00,A,28
2632,2632,2025-12-12 11:30:00,C,27
2633,2633,2025-08-07 11:30:00,A,28
2634,2634,2025-03-17 11:30:00,A,27
2635,2635,2025-11-11 11:30:00,C,28
2636,2636,2026-01-25 11:30:00,C,29
2637,2637,2025-05-01 11:30:00,C,30
2638,2638,2025-03-19 11:30:00,A,29
2639,2639,2025-03-16 11:30:00,A,30
2640,2640,2025-09-25 11:30:00,B,29
2641,2641,2025-04-30 11:30:00,A,30
2642,2642,2025-07-08 11:30:00,C,29
2643,2643,2025-11-18 11:30:00,A,30
2644,2644,2025-08-07 11:30:00,A,29
2645,2645,2025-11-12 11:30:00,B,30
2646,2646,2025-08-06 11:30:00,C,29
2647,2647,2025-09-29 11:30:00,A,30
2648,2648,2026-01-20 11:30:00,A,29
2649,2649,2025-04-25 11:30:00,A,30
2650,2650,2025-03-31 11:30:00,A,29
2651,2651,2025-03-20 11:30:00,A,30
2652,2652,2025-07-26 11:30:00,A,29
2653,2653,2025-11-23 11:30:00,A,30
2654,2654,2026-01-28 11:30:00,C,29
2655,2655,2025-06-13 11:30:00,B,30
2656,2656,2025-10-11 11:30:00,C,29
2657,2657,2025-06-30 11:30:00,C,30
2658,2658,2025-08-06 11:30:00,B,29
2659,2659,2025-11-11 11:30:00,C,30
2660,2660,2025-07-07 11:30:00,A,29
2661,2661,2025-10-21 11:30:00,B,30
2662,2662,2025-05-01 11:30:00,A,29
2663,2663,2025-11-19 11:30:00,A,30
2664,2664,2025-04-24 11:30:00,A,29
2665,2665,2025-10-15 11:30:00,C,30
2666,2666,2025-07-31 11:30:00,A,29
2667,2667,2025-03-13 11:30:00,A,30
2668,2668,2025-12-04 11:30:00,C,29
2669,2669,2025-04-24 11:30:00,C,30
2670,2670,2025-03-13 11:30:00,A,29
2671,2671,2025-05-21 11:30:00,A,30
2672,2672,2025-09-23 11:30:00,A,29
2673,2673,2025-06-07 11:30:00,A,30
2674,2674,2025-12-12 11:30:00,A,29
2675,2675,2026-01-03 11:30:00,B,30
2676,2676,2025-06-19 11:30:00,C,29
2677,2677,2025-07-18 11:30:00,A,30
2678,2678,2025-09-24 11:30:00,A,29
2679,2679,2025-04-12 11:30:00,C,30
2680,2680,2025-09-14 11:30:00,A,29
2681,2681,2025-07-17 11:30:00,A,30
2682,2682,2025-04-03 11:30:00,B,29
2683,2683,2025-11-25 11:30:00,A,30
2684,2684,2025-04-04 11:30:00,A,29
2685,2685,2025-07-11 11:30:00,B,30
2686,2686,2025-03-08 11:30:00,C,29
2687,2687,2025-10-14 11:30:00,C,30
2688,2688,2025-07-22 11:30:00,A,29
2689,2689,2025-08-26 11:30:00,C,30
2690,2690,2025-03-18 11:30:00,A,29
2691,2691,2025-07-31 11:30:00,A,30
2692,2692,2025-07-27 11:30:00,C,29
2693,2693,2025-08-27 11:30:00,A,30
2694,2694,2025-04-03 11:30:00,A,29
2695,2695,2025-07-28 11:30:00,B,30
2696,2696,2025-04-11 11:30:00,C,29
2697,2697,2025-05-22 11:30:00,B,30
2698,2698,2025-09-20 11:30:00,C,29
2699,2699,2025-03-09 11:30:00,C,30
2700,2700,2025-10-20 11:30:00,A,29
2701,2701,2025-10-31 11:30:00,C,30
2702,2702,2025-08-25 11:30:00,C,29
2703,2703,2025-03-14 11:30:00,A,30
2704,2704,2025-07-02 11:30:00,A,29
2705,2705,2026-01-19 11:30:00,B,30
2706,2706,2025-12-17 11:30:00,A,29
2707,2707,2025-12-07 11:30:00,C,30
2708,2708,2025-08-07 11:30:00,A,29
2709,2709,2025-02-21 11:30:00,B,30
2710,2710,2025-11-10 11:30:00,C,29
2711,2711,2025-05-08 11:30:00,C,30
2712,2712,2025-05-31 11:30:00,B,29
2713,2713,2025-04-15 11:30:00,C,30
2714,2714,2025-05-19 11:30:00,A,29
2715,2715,2026-02-06 11:30:00,B,30
2716,2716,2025-06-03 11:30:00,A,29
2717,2717,2025-09-01 11:30:00,C,32
2718,2718,2025-09-01 11:30:00,B,31
2719,2719,2025-12-27 11:30:00,C,32
2720,2720,2025-06-14 11:30:00,C,31
2721,2721,2025-06-04 11:30:00,A,32
2722,2722,2025-07-05 11:30:00,C,31
2723,2723,2025-10-01 11:30:00,A,32
2724,2724,2025-08-29 11:30:00,B,31
2725,2725,2025-08-31 11:30:00,C,32
2726,2726,2025-08-19 11:30:00,C,31
2727,2727,2025-08-05 11:30:00,B,32
2728,2728,2025-12-21 11:30:00,C,31
2729,2729,2025-09-03 11:30:00,C,32
2730,2730,2026-01-17 11:30:00,A,31
2731,2731,2025-05-14 11:30:00,A,32
2732,2732,2025-06-18 11:30:00,A,31
2733,2733,2025-07-13 11:30:00,A,32
2734,2734,2025-04-18 11:30:00,A,31
2735,2735,2025-09-01 11:30:00,C,32
2736,2736,2025-10-19 11:30:00,C,31
2737,2737,2025-07-20 11:30:00,C,32
2738,2738,2025-08-17 11:30:00,C,31
2739,2739,2025-12-17 11:30:00,B,32
2740,2740,2026-01-20 11:30:00,A,31
2741,2741,2025-06-04 11:30:00,C,32
2742,2742,2025-06-05 11:30:00,B,31
2743,2743,2025-07-04 11:30:00,C,32
2744,2744,2025-04-07 11:30:00,A,31
2745,2745,2025-02-02 11:30:00,B,32
2746,2746,2025-06-20 11:30:00,C,31
2747,2747,2025-03-15 11:30:00,A,32
2748,2748,2025-08-19 11:30:00,A,31
2749,2749,2025-05-29 11:30:00,A,32
2750,2750,2025-09-16 11:30:00,A,31
2751,2751,2026-01-10 11:30:00,B,32
2752,2752,2025-09-30 11:30:00,A,31
2753,2753,2025-04-06 11:30:00,C,32
2754,2754,2025-05-09 11:30:00,A,31
2755,2755,2025-11-28 11:30:00,C,32
2756,2756,2025-09-06 11:30:00,C,31
2757,2757,2025-02-17 11:30:00,B,32
2758,2758,2025-06-12 11:30:00,A,31
2759,2759,2025-07-21 11:30:00,A,32
2760,2760,2025-06-29 11:30:00,A,31
2761,2761,2025-12-11 11:30:00,C,32
2762,2762,2025-11-12 11:30:00,A,31
2763,2763,2025-05-25 11:30:00,A,32
2764,2764,2025-10-29 11:30:00,A,31
2765,2765,2025-07-03 11:30:00,A,32
2766,2766,2025-04-22 11:30:00,B,31
2767,2767,2025-11-23 11:30:00,C,32
2768,2768,2025-05-11 11:30:00,C,31
2769,2769,2026-01-29 11:30:00,C,32
2770,2770,2025-05-18 11:30:00,C,31
2771,2771,2025-05-29 11:30:00,A,32
2772,2772,2025-07-30 11:30:00,A,31
2773,2773,2025-05-16 11:30:00,A,32
2774,2774,2025-08-25 11:30:00,A,31
2775,2775,2025-04-17 11:30:00,B,32
2776,2776,2025-10-29 11:30:00,C,31
2777,2777,2025-10-11 11:30:00,C,32
2778,2778,2025-05-10 11:30:00,C,31
2779,2779,2026-01-26 11:30:00,C,32
2780,2780,2025-07-16 11:30:00,C,31
2781,2781,2025-05-31 11:30:00,A,32
2782,2782,2025-12-01 11:30:00,A,31
2783,2783,2025-04-16 11:30:00,A,32
2784,2784,2025-03-24 11:30:00,A,31
2785,2785,2025-05-06 11:30:00,C,32
2786,2786,2025-06-11 11:30:00,A,31
2787,2787,2025-12-11 11:30:00,C,32
2788,2788,2025-10-29 11:30:00,A,31
2789,2789,2026-01-10 11:30:00,C,32
2790,2790,2026-01-12 11:30:00,A,31
2791,2791,2025-05-02 11:30:00,A,32
2792,2792,2025-08-09 11:30:00,A,31
2793,2793,2026-01-26 11:30:00,A,32
2794,2794,2025-12-10 11:30:00,A,31
2795,2795,2025-12-09 11:30:00,B,32
2796,2796,2025-12-25 11:30:00,A,31
2797,2797,2025-07-14 11:30:00,C,32
2798,2798,2025-05-14 11:30:00,A,33
2799,2799,2025-11-25 11:30:00,B,34
2800,2800,2026-01-28 11:30:00,A,33
2801,2801,2025-11-25 11:30:00,A,34
2802,2802,2026-02-04 11:30:00,A,33
2803,2803,2025-10-16 11:30:00,C,34
2804,2804,2025-05-18 11:30:00,A,33
2805,2805,2026-02-21 11:30:00,A,34
2806,2806,2025-12-05 11:30:00,A,33
2807,2807,2025-01-23 11:30:00,C,34
2808,2808,2025-02-25 11:30:00,A,33
2809,2809,2025-09-08 11:30:00,C,34
2810,2810,2025-04-23 11:30:00,C,33
2811,2811,2025-05-31 11:30:00,A,34
2812,2812,2025-10-21 11:30:00,A,33
2813,2813,2025-05-21 11:30:00,A,34
2814,2814,2025-05-17 11:30:00,A,33
2815,2815,2025-04-25 11:30:00,B,34
2816,2816,2025-08-03 11:30:00,C,33
2817,2817,2025-11-04 11:30:00,A,34
2818,2818,2025-08-21 11:30:00,C,33
2819,2819,2025-10-30 11:30:00,C,34
2820,2820,2026-01-27 11:30:00,A,33
2821,2821,2025-07-12 11:30:00,C,34
2822,2822,2025-06-26 11:30:00,A,33
2823,2823,2025-06-11 11:30:00,A,34
2824,2824,2025-08-21 11:30:00,C,33
2825,2825,2025-04-02 11:30:00,B,34
2826,2826,2025-09-01 11:30:00,C,33
2827,2827,2025-11-08 11:30:00,C,34
2828,2828,2025-07-12 11:30:00,C,33
2829,2829,2025-09-25 11:30:00,C,34
2830,2830,2026-01-18 11:30:00,C,33
2831,2831,2025-11-21 11:30:00,A,34
2832,2832,2025-08-08 11:30:00,A,33
2833,2833,2025-09-24 11:30:00,A,34
2834,2834,2025-12-10 11:30:00,A,33
2835,2835,2025-10-13 11:30:00,B,34
2836,2836,2025-10-03 11:30:00,C,33
2837,2837,2025-05-04 11:30:00,C,34
2838,2838,2025-05-04 11:30:00,C,33
2839,2839,2026-01-20 11:30:00,C,34
2840,2840,2025-09-28 11:30:00,A,33
2841,2841,2025-07-03 11:30:00,B,34
2842,2842,2025-09-12 11:30:00,C,33
2843,2843,2025-11-15 11:30:00,A,34
2844,2844,2026-01-20 11:30:00,A,33
2845,2845,2025-09-03 11:30:00,C,34
2846,2846,2025-12-27 11:30:00,C,33
2847,2847,2025-12-27 11:30:00,C,34
2848,2848,2025-07-16 11:30:00,C,33
2849,2849,2025-04-22 11:30:00,A,34
2850,2850,2025-06-28 11:30:00,A,33
2851,2851,2025-04-15 11:30:00,A,34
2852,2852,2026-01-02 11:30:00,A,33
2853,2853,2025-07-20 11:30:00,B,34
2854,2854,2026-01-03 11:30:00,A,33
2855,2855,2025-10-18 11:30:00,C,34
2856,2856,2025-09-02 11:30:00,C,33
2857,2857,2025-08-28 11:30:00,A,34
2858,2858,2025-11-01 11:30:00,A,33
2859,2859,2026-01-04 11:30:00,A,34
2860,2860,2026-01-25 11:30:00,C,33
2861,2861,2025-06-19 11:30:00,A,34
2862,2862,2025-09-04 11:30:00,B,33
2863,2863,2026-02-08 11:30:00,A,34
2864,2864,2026-02-10 11:30:00,A,33
2865,2865,2025-09-11 11:30:00,B,34
2866,2866,2026-02-03 11:30:00,A,33
2867,2867,2025-07-14 11:30:00,C,34
2868,2868,2025-04-21 11:30:00,B,33
2869,2869,2025-07-20 11:30:00,C,34
2870,2870,2025-05-05 11:30:00,A,33
2871,2871,2025-08-26 11:30:00,B,34
2872,2872,2025-05-22 11:30:00,C,33
2873,2873,2025-09-12 11:30:00,A,34
2874,2874,2025-10-27 11:30:00,A,33
2875,2875,2025-05-03 11:30:00,B,34
2876,2876,2025-04-18 11:30:00,C,33
2877,2877,2025-11-02 11:30:00,A,34
2878,2878,2025-08-29 11:30:00,C,33
2879,2879,2026-01-17 11:30:00,C,36
2880,2880,2025-11-15 11:30:00,A,35
2881,2881,2025-09-25 11:30:00,C,36
2882,2882,2026-01-21 11:30:00,A,35
2883,2883,2025-08-13 11:30:00,A,36
2884,2884,2025-03-29 11:30:00,C,35
2885,2885,2025-08-22 11:30:00,A,36
2886,2886,2025-10-28 11:30:00,B,35
2887,2887,2025-08-13 11:30:00,C,36
2888,2888,2025-12-13 11:30:00,C,35
2889,2889,2025-10-25 11:30:00,B,36
2890,2890,2025-03-17 11:30:00,A,35
2891,2891,2025-06-09 11:30:00,C,36
2892,2892,2025-07-24 11:30:00,B,35
2893,2893,2025-11-20 11:30:00,A,36
2894,2894,2025-06-01 11:30:00,C,35
2895,2895,2025-08-25 11:30:00,A,36
2896,2896,2026-02-02 11:30:00,C,35
2897,2897,2026-02-09 11:30:00,C,36
2898,2898,2026-02-05 11:30:00,C,35
2899,2899,2025-09-26 11:30:00,C,36
2900,2900,2025-03-17 11:30:00,A,35
2901,2901,2026-01-14 11:30:00,A,36
2902,2902,2025-10-21 11:30:00,C,35
2903,2903,2025-07-26 11:30:00,A,36
2904,2904,2025-03-04 11:30:00,B,35
2905,2905,2025-05-20 11:30:00,C,36
2906,2906,2025-12-07 11:30:00,C,35
2907,2907,2025-11-23 11:30:00,B,36
2908,2908,2025-09-10 11:30:00,C,35
2909,2909,2025-02-28 11:30:00,A,36
2910,2910,2025-07-13 11:30:00,A,35
2911,2911,2025-09-20 11:30:00,A,36
2912,2912,2025-09-06 11:30:00,C,35
2913,2913,2025-11-25 11:30:00,A,36
2914,2914,2025-03-27 11:30:00,A,35
2915,2915,2025-08-08 11:30:00,B,36
2916,2916,2026-01-29 11:30:00,B,35
2917,2917,2025-08-16 11:30:00,C,36
2918,2918,2025-03-29 11:30:00,A,35
2919,2919,2025-06-18 11:30:00,C,36
2920,2920,2025-12-20 11:30:00,A,35
2921,2921,2025-07-16 11:30:00,C,36
2922,2922,2025-08-26 11:30:00,A,35
2923,2923,2025-12-18 11:30:00,A,36
2924,2924,2026-02-01 11:30:00,C,35
2925,2925,2025-07-11 11:30:00,B,36
2926,2926,2025-06-06 11:30:00,C,35
2927,2927,2025-06-08 11:30:00,C,36
2928,2928,2025-12-15 11:30:00,A,35
2929,2929,2025-09-16 11:30:00,C,36
2930,2930,2025-07-30 11:30:00,A,35
2931,2931,2025-08-24 11:30:00,B,36
2932,2932,2025-12-23 11:30:00,C,35
2933,2933,2025-10-28 11:30:00,A,36
2934,2934,2025-07-29 11:30:00,A,35
2935,2935,2025-03-02 11:30:00,B,36
2936,2936,2025-10-03 11:30:00,A,35
2937,2937,2025-11-08 11:30:00,B,36
2938,2938,2026-01-13 11:30:00,C,35
2939,2939,2025-08-18 11:30:00,A,36
2940,2940,2025-08-28 11:30:00,B,35
2941,2941,2025-07-08 11:30:00,A,36
2942,2942,2025-12-02 11:30:00,A,35
2943,2943,2025-02-26 11:30:00,A,36
2944,2944,2025-09-16 11:30:00,C,35
2945,2945,2025-04-07 11:30:00,A,36
2946,2946,2025-11-28 11:30:00,A,35
2947,2947,2025-06-06 11:30:00,C,36
2948,2948,2025-06-21 11:30:00,A,35
2949,2949,2025-12-05 11:30:00,B,36
2950,2950,2025-12-26 11:30:00,C,35
2951,2951,2025-10-09 11:30:00,A,36
2952,2952,2025-04-02 11:30:00,A,35
2953,2953,2025-12-13 11:30:00,C,36
2954,2954,2025-09-19 11:30:00,A,35
2955,2955,2025-08-25 11:30:00,B,36
2956,2956,2026-02-08 11:30:00,C,35
2957,2957,2025-11-17 11:30:00,A,36
2958,2958,2025-04-09 11:30:00,A,35
2959,2959,2025-10-04 11:30:00,C,36
2960,2960,2025-08-15 11:30:00,A,37
2961,2961,2025-05-29 11:30:00,A,38
2962,2962,2025-08-24 11:30:00,C,37
2963,2963,2025-05-15 11:30:00,A,38
2964,2964,2025-11-21 11:30:00,A,37
2965,2965,2025-09-16 11:30:00,B,38
2966,2966,2025-05-19 11:30:00,C,37
2967,2967,2025-04-17 11:30:00,C,38
2968,2968,2026-01-03 11:30:00,A,37
2969,2969,2026-01-06 11:30:00,A,38
2970,2970,2025-07-02 11:30:00,B,37
2971,2971,2025-04-17 11:30:00,A,38
2972,2972,2025-11-22 11:30:00,C,37
2973,2973,2026-02-28 11:30:00,A,38
2974,2974,2025-09-05 11:30:00,A,37
2975,2975,2026-01-18 11:30:00,B,38
2976,2976,2025-10-18 11:30:00,A,37
2977,2977,2025-07-29 11:30:00,A,38
2978,2978,2026-01-11 11:30:00,C,37
2979,2979,2026-01-30 11:30:00,B,38
2980,2980,2025-11-08 11:30:00,A,37
2981,2981,2025-09-08 11:30:00,A,38
2982,2982,2026-03-01 11:30:00,A,37
2983,2983,2025-08-04 11:30:00,A,38
2984,2984,2025-12-15 11:30:00,C,37
2985,2985,2026-01-29 11:30:00,B,38
2986,2986,2025-10-24 11:30:00,A,37
2987,2987,2025-07-14 11:30:00,C,38
2988,2988,2025-05-21 11:30:00,B,37
2989,2989,2025-02-21 11:30:00,A,38
2990,2990,2025-12-22 11:30:00,A,37
2991,2991,2025-08-15 11:30:00,A,38
2992,2992,2025-12-08 11:30:00,A,37
2993,2993,2025-06-21 11:30:00,A,38
2994,2994,2025-03-25 11:30:00,A,37
2995,2995,2025-08-12 11:30:00,B,38
2996,2996,2025-08-30 11:30:00,A,37
2997,2997,2025-06-27 11:30:00,A,38
2998,2998,2025-08-20 11:30:00,C,37
2999,2999,2025-01-30 11:30:00,C,38
3000,3000,2025-10-07 11:30:00,A,37
3001,3001,2025-04-06 11:30:00,A,38
3002,3002,2025-10-05 11:30:00,A,37
3003,3003,2025-05-21 11:30:00,A,38
3004,3004,2026-01-19 11:30:00,A,37
3005,3005,2025-12-06 11:30:00,C,38
3006,3006,2025-12-10 11:30:00,A,37
3007,3007,2025-11-15 11:30:00,C,38
3008,3008,2025-12-22 11:30:00,A,37
3009,3009,2025-04-06 11:30:00,B,38
3010,3010,2025-06-28 11:30:00,C,37
3011,3011,2025-08-28 11:30:00,A,38
3012,3012,2026-01-21 11:30:00,A,37
3013,3013,2025-08-31 11:30:00,A,38
3014,3014,2025-12-30 11:30:00,A,37
3015,3015,2025-11-11 11:30:00,B,38
3016,3016,2025-05-10 11:30:00,C,37
3017,3017,2025-09-01 11:30:00,C,38
3018,3018,2025-10-24 11:30:00,A,37
3019,3019,2025-06-08 11:30:00,C,38
3020,3020,2026-02-13 11:30:00,A,37
3021,3021,2025-04-24 11:30:00,A,38
3022,3022,2025-10-03 11:30:00,A,37
3023,3023,2025-06-17 11:30:00,A,38
3024,3024,2025-03-10 11:30:00,A,37
3025,3025,2025-08-20 11:30:00,B,38
3026,3026,2025-05-22 11:30:00,C,37
3027,3027,2025-02-26 11:30:00,C,38
3028,3028,2025-10-04 11:30:00,C,37
3029,3029,2026-01-01 11:30:00,A,38
3030,3030,2025-04-20 11:30:00,A,37
3031,3031,2025-05-22 11:30:00,C,38
3032,3032,2025-03-26 11:30:00,A,37
3033,3033,2026-02-15 11:30:00,A,38
3034,3034,2026-01-28 11:30:00,A,37
3035,3035,2025-04-07 11:30:00,C,38
3036,3036,2025-04-02 11:30:00,C,37
3037,3037,2025-12-26 11:30:00,A,38
3038,3038,2026-02-21 11:30:00,C,37
3039,3039,2025-12-30 11:30:00,C,38
3040,3040,2026-01-22 11:30:00,A,37
3041,3041,2025-07-12 11:30:00,A,40
3042,3042,2025-11-09 11:30:00,B,39
3043,3043,2025-10-20 11:30:00,A,40
3044,3044,2025-04-04 11:30:00,A,39
3045,3045,2025-09-12 11:30:00,B,40
3046,3046,2025-10-12 11:30:00,C,39
3047,3047,2025-07-17 11:30:00,C,40
3048,3048,2025-03-22 11:30:00,A,39
3049,3049,2025-09-27 11:30:00,C,40
3050,3050,2025-01-26 11:30:00,A,39
3051,3051,2025-11-21 11:30:00,B,40
3052,3052,2025-06-29 11:30:00,C,39
3053,3053,2025-12-04 11:30:00,A,40
3054,3054,2025-05-29 11:30:00,A,39
3055,3055,2025-06-04 11:30:00,B,40
3056,3056,2025-08-01 11:30:00,A,39
3057,3057,2025-02-12 11:30:00,B,40
3058,3058,2025-04-05 11:30:00,C,39
3059,3059,2025-12-15 11:30:00,C,40
3060,3060,2025-11-25 11:30:00,A,39
3061,3061,2025-09-09 11:30:00,A,40
3062,3062,2025-03-22 11:30:00,A,39
3063,3063,2025-05-19 11:30:00,A,40
3064,3064,2025-03-01 11:30:00,C,39
3065,3065,2025-01-31 11:30:00,C,40
3066,3066,2025-12-12 11:30:00,A,39
3067,3067,2025-05-14 11:30:00,A,40
3068,3068,2025-07-16 11:30:00,A,39
3069,3069,2025-09-03 11:30:00,B,40
3070,3070,2025-11-24 11:30:00,A,39
3071,3071,2025-08-17 11:30:00,A,40
3072,3072,2025-11-30 11:30:00,A,39
3073,3073,2025-11-15 11:30:00,A,40
3074,3074,2025-02-09 11:30:00,A,39
3075,3075,2025-08-08 11:30:00,A,40
3076,3076,2025-11-24 11:30:00,A,39
3077,3077,2025-10-14 11:30:00,C,40
3078,3078,2025-10-31 11:30:00,A,39
3079,3079,2025-05-21 11:30:00,C,40
3080,3080,2025-04-17 11:30:00,A,39
3081,3081,2025-03-05 11:30:00,A,40
3082,3082,2025-10-22 11:30:00,A,39
3083,3083,2025-11-25 11:30:00,C,40
3084,3084,2025-02-26 11:30:00,A,39
3085,3085,2025-10-09 11:30:00,C,40
3086,3086,2025-06-15 11:30:00,A,39
3087,3087,2025-07-27 11:30:00,A,40
3088,3088,2025-06-26 11:30:00,C,39
3089,3089,2025-07-10 11:30:00,C,40
3090,3090,2025-08-14 11:30:00,A,39
3091,3091,2025-03-29 11:30:00,A,40
3092,3092,2025-11-21 11:30:00,C,39
3093,3093,2025-09-02 11:30:00,A,40
3094,3094,2025-03-02 11:30:00,A,39
3095,3095,2025-12-21 11:30:00,A,40
3096,3096,2025-05-12 11:30:00,C,39
3097,3097,2025-04-01 11:30:00,A,40
3098,3098,2025-04-19 11:30:00,A,39
3099,3099,2025-04-25 11:30:00,A,40
3100,3100,2026-01-06 11:30:00,A,39
3101,3101,2025-05-24 11:30:00,C,40
3102,3102,2025-05-07 11:30:00,B,39
3103,3103,2025-04-09 11:30:00,C,40
3104,3104,2025-06-08 11:30:00,A,39
3105,3105,2026-03-06 11:30:00,A,40
3106,3106,2025-10-30 11:30:00,C,39
3107,3107,2025-07-30 11:30:00,C,40
3108,3108,2026-02-08 11:30:00,B,39
3109,3109,2025-04-05 11:30:00,C,40
3110,3110,2025-04-21 11:30:00,C,39
3111,3111,2025-08-05 11:30:00,A,40
3112,3112,2025-07-12 11:30:00,A,39
3113,3113,2025-04-03 11:30:00,A,40
3114,3114,2025-12-23 11:30:00,A,39
3115,3115,2025-03-03 11:30:00,B,40
3116,3116,2025-09-11 11:30:00,C,39
3117,3117,2025-08-09 11:30:00,A,40
3118,3118,2025-09-21 11:30:00,C,39
3119,3119,2025-06-27 11:30:00,A,40
3120,3120,2025-07-06 11:30:00,A,39
3121,3121,2025-03-21 11:30:00,C,40
3122,3122,2025-06-28 11:30:00,A,41
3123,3123,2025-02-12 11:30:00,A,42
3124,3124,2025-06-15 11:30:00,A,41
3125,3125,2025-09-27 11:30:00,B,42
3126,3126,2025-03-07 11:30:00,C,41
3127,3127,2025-07-14 11:30:00,C,42
3128,3128,2026-01-29 11:30:00,A,41
3129,3129,2025-12-24 11:30:00,B,42
3130,3130,2025-07-10 11:30:00,C,41
3131,3131,2025-12-13 11:30:00,A,42
3132,3132,2025-12-12 11:30:00,B,41
3133,3133,2025-10-25 11:30:00,C,42
3134,3134,2025-02-25 11:30:00,C,41
3135,3135,2025-08-23 11:30:00,A,42
3136,3136,2025-09-19 11:30:00,C,41
3137,3137,2025-08-26 11:30:00,C,42
3138,3138,2025-08-29 11:30:00,A,41
3139,3139,2025-07-31 11:30:00,C,42
3140,3140,2025-06-22 11:30:00,A,41
3141,3141,2025-12-30 11:30:00,B,42
3142,3142,2025-05-17 11:30:00,C,41
3143,3143,2026-02-14 11:30:00,A,42
3144,3144,2026-01-02 11:30:00,A,41
3145,3145,2026-01-07 11:30:00,C,42
3146,3146,2025-12-02 11:30:00,A,41
3147,3147,2025-08-02 11:30:00,C,42
3148,3148,2025-08-24 11:30:00,C,41
3149,3149,2025-11-20 11:30:00,A,42
3150,3150,2025-08-26 11:30:00,A,41
3151,3151,2025-05-30 11:30:00,C,42
3152,3152,2025-02-28 11:30:00,A,41
3153,3153,2025-05-26 11:30:00,B,42
3154,3154,2026-02-11 11:30:00,C,41
3155,3155,2025-07-01 11:30:00,A,42
3156,3156,2025-06-27 11:30:00,C,41
3157,3157,2025-08-26 11:30:00,A,42
3158,3158,2025-11-11 11:30:00,C,41
3159,3159,2025-10-27 11:30:00,B,42
3160,3160,2025-05-20 11:30:00,C,41
3161,3161,2025-06-22 11:30:00,A,42
3162,3162,2025-06-11 11:30:00,B,41
3163,3163,2025-07-24 11:30:00,C,42
3164,3164,2025-09-28 11:30:00,C,41
3165,3165,2025-08-24 11:30:00,B,42
3166,3166,2025-11-20 11:30:00,C,41
3167,3167,2025-06-08 11:30:00,A,42
3168,3168,2025-09-21 11:30:00,B,41
3169,3169,2025-06-20 11:30:00,C,42
3170,3170,2025-08-07 11:30:00,C,41
3171,3171,2025-06-25 11:30:00,A,42
3172,3172,2025-12-29 11:30:00,C,41
3173,3173,2025-05-20 11:30:00,A,42
3174,3174,2025-02-27 11:30:00,A,41
3175,3175,2025-05-13 11:30:00,A,42
3176,3176,2025-11-20 11:30:00,C,41
3177,3177,2025-06-21 11:30:00,C,42
3178,3178,2025-05-14 11:30:00,A,41
3179,3179,2025-04-03 11:30:00,C,42
3180,3180,2025-10-01 11:30:00,A,41
3181,3181,2025-02-25 11:30:00,A,42
3182,3182,2025-03-25 11:30:00,A,41
3183,3183,2026-01-15 11:30:00,A,42
3184,3184,2025-03-16 11:30:00,C,41
3185,3185,2026-01-15 11:30:00,A,42
3186,3186,2025-05-02 11:30:00,A,41
3187,3187,2026-01-06 11:30:00,A,42
3188,3188,2025-11-28 11:30:00,A,41
3189,3189,2025-04-25 11:30:00,A,42
3190,3190,2025-04-13 11:30:00,A,41
3191,3191,2025-03-19 11:30:00,A,42
3192,3192,2025-06-10 11:30:00,B,41
3193,3193,2025-11-27 11:30:00,A,42
3194,3194,2025-03-03 11:30:00,A,41
3195,3195,2025-09-10 11:30:00,A,42
3196,3196,2025-05-23 11:30:00,C,41
3197,3197,2025-07-24 11:30:00,A,42
3198,3198,2025-06-03 11:30:00,C,41
3199,3199,2025-10-10 11:30:00,C,42
3200,3200,2025-10-23 11:30:00,C,41
3201,3201,2025-06-03 11:30:00,A,42
3202,3202,2025-07-17 11:30:00,A,41
3203,3203,2025-08-11 11:30:00,A,44
3204,3204,2025-11-05 11:30:00,A,43
3205,3205,2025-06-04 11:30:00,C,44
3206,3206,2025-05-02 11:30:00,C,43
3207,3207,2025-10-04 11:30:00,C,44
3208,3208,2026-01-28 11:30:00,A,43
3209,3209,2026-01-22 11:30:00,A,44
3210,3210,2025-08-18 11:30:00,A,43
3211,3211,2026-02-21 11:30:00,A,44
3212,3212,2025-03-08 11:30:00,C,43
3213,3213,2025-11-05 11:30:00,A,44
3214,3214,2025-05-10 11:30:00,C,43
3215,3215,2025-07-10 11:30:00,B,44
3216,3216,2025-12-17 11:30:00,C,43
3217,3217,2025-06-21 11:30:00,A,44
3218,3218,2025-12-21 11:30:00,A,43
3219,3219,2026-02-18 11:30:00,B,44
3220,3220,2025-07-24 11:30:00,A,43
3221,3221,2026-02-05 11:30:00,C,44
3222,3222,2025-07-09 11:30:00,B,43
3223,3223,2025-05-11 11:30:00,A,44
3224,3224,2025-11-13 11:30:00,A,43
3225,3225,2025-08-21 11:30:00,A,44
3226,3226,2025-09-08 11:30:00,C,43
3227,3227,2025-05-14 11:30:00,C,44
3228,3228,2025-04-18 11:30:00,B,43
3229,3229,2025-04-26 11:30:00,A,44
3230,3230,2026-02-09 11:30:00,A,43
3231,3231,2025-12-20 11:30:00,A,44
3232,3232,2025-08-01 11:30:00,C,43
3233,3233,2025-11-04 11:30:00,A,44
3234,3234,2025-12-06 11:30:00,A,43
3235,3235,2025-10-31 11:30:00,B,44
3236,3236,2025-12-17 11:30:00,A,43
3237,3237,2025-07-04 11:30:00,C,44
3238,3238,2025-06-04 11:30:00,C,43
3239,3239,2026-01-08 11:30:00,C,44
3240,3240,2025-05-07 11:30:00,B,43
3241,3241,2025-12-22 11:30:00,A,44
3242,3242,2025-08-15 11:30:00,A,43
3243,3243,2025-03-18 11:30:00,A,44
3244,3244,2025-11-08 11:30:00,C,43
3245,3245,2025-02-25 11:30:00,A,44
3246,3246,2026-01-09 11:30:00,C,43
3247,3247,2025-03-08 11:30:00,A,44
3248,3248,2025-06-03 11:30:00,C,43
3249,3249,2025-11-29 11:30:00,B,44
3250,3250,2025-09-17 11:30:00,A,43
3251,3251,2025-11-08 11:30:00,C,44
3252,3252,2026-01-02 11:30:00,A,43
3253,3253,2025-10-06 11:30:00,A,44
3254,3254,2025-07-11 11:30:00,A,43
3255,3255,2025-07-11 11:30:00,A,44
3256,3256,2026-01-24 11:30:00,C,43
3257,3257,2025-05-28 11:30:00,C,44
3258,3258,2026-01-09 11:30:00,B,43
3259,3259,2025-10-14 11:30:00,C,44
3260,3260,2025-06-27 11:30:00,A,43
3261,3261,2026-01-30 11:30:00,A,44
3262,3262,2025-11-29 11:30:00,A,43
3263,3263,2025-05-05 11:30:00,A,44
3264,3264,2025-02-26 11:30:00,A,43
3265,3265,2025-04-24 11:30:00,C,44
3266,3266,2025-09-02 11:30:00,C,43
3267,3267,2025-08-22 11:30:00,B,44
3268,3268,2025-08-07 11:30:00,C,43
3269,3269,2025-11-05 11:30:00,A,44
3270,3270,2025-05-16 11:30:00,A,43
3271,3271,2025-09-10 11:30:00,A,44
3272,3272,2025-11-06 11:30:00,C,43
3273,3273,2025-05-23 11:30:00,A,44
3274,3274,2025-05-16 11:30:00,A,43
3275,3275,2025-03-04 11:30:00,A,44
3276,3276,2025-09-13 11:30:00,B,43
3277,3277,2025-08-03 11:30:00,C,44
3278,3278,2025-05-08 11:30:00,C,43
3279,3279,2026-02-25 11:30:00,A,44
3280,3280,2025-04-05 11:30:00,A,43
3281,3281,2025-10-23 11:30:00,A,44
3282,3282,2025-06-17 11:30:00,B,43
3283,3283,2025-05-06 11:30:00,A,44
3284,3284,2026-02-11 11:30:00,A,43
3285,3285,2025-06-18 11:30:00,B,44
3286,3286,2025-11-17 11:30:00,A,43
3287,3287,2025-11-25 11:30:00,A,44
3288,3288,2025-04-13 11:30:00,C,43
3289,3289,2025-06-04 11:30:00,C,44
3290,3290,2025-05-16 11:30:00,A,43
3291,3291,2025-12-15 11:30:00,A,44
3292,3292,2025-12-07 11:30:00,A,43
3293,3293,2025-09-14 11:30:00,A,44
3294,3294,2025-06-19 11:30:00,A,43
3295,3295,2025-03-29 11:30:00,A,44
3296,3296,2025-12-06 11:30:00,A,43
3297,3297,2025-06-26 11:30:00,B,44
3298,3298,2026-01-11 11:30:00,C,43
3299,3299,2025-08-13 11:30:00,C,44
3300,3300,2025-06-19 11:30:00,A,43
3301,3301,2025-07-11 11:30:00,C,44
3302,3302,2025-06-19 11:30:00,C,43
3303,3303,2025-12-31 11:30:00,B,44
3304,3304,2025-03-25 11:30:00,A,43
3305,3305,2025-02-03 11:30:00,B,44
3306,3306,2026-01-08 11:30:00,C,43
3307,3307,2025-09-15 11:30:00,C,44
3308,3308,2025-03-27 11:30:00,C,43
3309,3309,2025-10-11 11:30:00,A,44
3310,3310,2025-07-06 11:30:00,A,43
3311,3311,2025-06-12 11:30:00,A,44
3312,3312,2025-10-24 11:30:00,B,43
3313,3313,2025-06-19 11:30:00,A,44
3314,3314,2025-11-28 11:30:00,C,43
3315,3315,2025-08-12 11:30:00,B,44
3316,3316,2025-11-07 11:30:00,C,43
3317,3317,2025-12-27 11:30:00,A,44
3318,3318,2025-05-23 11:30:00,C,43
3319,3319,2025-10-27 11:30:00,A,44
3320,3320,2025-11-30 11:30:00,A,43
3321,3321,2025-06-05 11:30:00,A,44
3322,3322,2026-01-23 11:30:00,A,43
3323,3323,2026-01-21 11:30:00,A,44
3324,3324,2025-10-19 11:30:00,B,43
3325,3325,2025-05-17 11:30:00,A,44
3326,3326,2025-03-26 11:30:00,C,43
3327,3327,2025-03-27 11:30:00,A,44
3328,3328,2025-11-20 11:30:00,C,43
3329,3329,2026-01-01 11:30:00,A,44
3330,3330,2025-09-06 11:30:00,B,43
3331,3331,2025-11-07 11:30:00,C,44
3332,3332,2025-09-26 11:30:00,A,43
3333,3333,2025-09-15 11:30:00,A,44
3334,3334,2025-03-18 11:30:00,C,43
3335,3335,2025-06-26 11:30:00,B,44
3336,3336,2025-10-12 11:30:00,A,43
3337,3337,2025-09-27 11:30:00,C,44
3338,3338,2025-11-24 11:30:00,C,43
3339,3339,2025-06-17 11:30:00,B,44
3340,3340,2025-07-23 11:30:00,A,43
3341,3341,2025-04-28 11:30:00,C,44
3342,3342,2025-09-12 11:30:00,A,43
3343,3343,2025-12-07 11:30:00,A,44
3344,3344,2025-08-26 11:30:00,A,43
3345,3345,2025-10-02 11:30:00,B,44
3346,3346,2025-11-14 11:30:00,C,43
3347,3347,2025-04-09 11:30:00,C,44
3348,3348,2025-03-27 11:30:00,B,43
3349,3349,2026-02-11 11:30:00,C,44
3350,3350,2025-05-07 11:30:00,A,43
3351,3351,2025-06-20 11:30:00,A,44
3352,3352,2025-12-13 11:30:00,A,43
3353,3353,2025-12-23 11:30:00,C,44
3354,3354,2026-03-01 11:30:00,A,43
3355,3355,2025-03-22 11:30:00,C,44
3356,3356,2025-06-08 11:30:00,A,43
3357,3357,2025-09-09 11:30:00,C,44
3358,3358,2025-11-05 11:30:00,C,43
3359,3359,2025-10-01 11:30:00,C,44
3360,3360,2025-05-11 11:30:00,A,43
3361,3361,2025-11-27 11:30:00,C,44
3362,3362,2025-02-04 11:30:00,A,43
3363,3363,2025-10-03 11:30:00,A,44
3364,3364,2025-08-08 11:30:00,A,43
3365,3365,2025-08-30 11:30:00,A,44
3366,3366,2025-06-03 11:30:00,C,43
3367,3367,2025-10-28 11:30:00,A,44
3368,3368,2025-05-25 11:30:00,A,43
3369,3369,2025-03-16 11:30:00,C,44
3370,3370,2025-12-28 11:30:00,A,43
3371,3371,2025-08-30 11:30:00,C,44
3372,3372,2025-02-08 11:30:00,B,43
3373,3373,2025-03-24 11:30:00,A,44
3374,3374,2025-03-11 11:30:00,A,43
3375,3375,2026-01-23 11:30:00,B,44
3376,3376,2025-03-23 11:30:00,C,43
3377,3377,2025-08-19 11:30:00,C,44
3378,3378,2025-02-15 11:30:00,B,43
3379,3379,2025-06-26 11:30:00,A,44
3380,3380,2025-09-22 11:30:00,A,43
3381,3381,2025-03-12 11:30:00,A,44
3382,3382,2025-06-10 11:30:00,A,43
3383,3383,2025-06-08 11:30:00,A,44
3384,3384,2025-02-15 11:30:00,A,43
3385,3385,2025-10-05 11:30:00,C,44
3386,3386,2025-09-19 11:30:00,A,43
3387,3387,2025-12-05 11:30:00,A,44
3388,3388,2025-08-06 11:30:00,C,43
3389,3389,2026-01-26 11:30:00,C,44
3390,3390,2025-10-28 11:30:00,A,43
3391,3391,2025-05-09 11:30:00,A,44
3392,3392,2025-05-29 11:30:00,A,43
3393,3393,2025-10-20 11:30:00,B,44
3394,3394,2025-06-24 11:30:00,C,43
3395,3395,2025-11-16 11:30:00,A,44
3396,3396,2025-07-14 11:30:00,A,43
3397,3397,2025-11-08 11:30:00,C,44
3398,3398,2025-11-20 11:30:00,A,43
3399,3399,2025-11-03 11:30:00,B,44
3400,3400,2025-03-07 11:30:00,A,43
3401,3401,2025-09-03 11:30:00,A,44
3402,3402,2025-05-13 11:30:00,A,43
3403,3403,2026-01-07 11:30:00,A,44
3404,3404,2026-01-22 11:30:00,A,43
3405,3405,2025-07-17 11:30:00,B,44
3406,3406,2025-10-27 11:30:00,A,43
3407,3407,2025-03-26 11:30:00,C,44
3408,3408,2025-07-23 11:30:00,B,43
3409,3409,2025-09-05 11:30:00,C,44
3410,3410,2025-05-14 11:30:00,C,43
3411,3411,2026-02-22 11:30:00,A,44
3412,3412,2025-08-02 11:30:00,C,43
3413,3413,2025-08-17 11:30:00,C,44
3414,3414,2025-05-11 11:30:00,A,43
3415,3415,2025-06-08 11:30:00,A,44
3416,3416,2025-03-21 11:30:00,C,43
3417,3417,2025-12-01 11:30:00,C,44
3418,3418,2025-10-28 11:30:00,C,43
3419,3419,2025-06-23 11:30:00,C,44
3420,3420,2025-03-18 11:30:00,A,43
3421,3421,2025-03-10 11:30:00,A,44
3422,3422,2025-01-24 11:30:00,A,43
3423,3423,2025-03-12 11:30:00,A,44
3424,3424,2025-11-15 11:30:00,A,43
3425,3425,2025-02-13 11:30:00,B,44
3426,3426,2025-08-08 11:30:00,B,43
3427,3427,2025-04-28 11:30:00,A,44
3428,3428,2025-07-19 11:30:00,A,43
3429,3429,2025-09-08 11:30:00,C,44
3430,3430,2025-11-27 11:30:00,C,43
3431,3431,2025-07-31 11:30:00,A,44
3432,3432,2025-06-30 11:30:00,B,43
3433,3433,2026-01-29 11:30:00,C,44
3434,3434,2025-02-23 11:30:00,C,43
3435,3435,2025-07-09 11:30:00,B,44
3436,3436,2025-02-14 11:30:00,A,43
3437,3437,2025-05-11 11:30:00,C,44
3438,3438,2025-06-11 11:30:00,B,43
3439,3439,2025-06-30 11:30:00,A,44
3440,3440,2025-02-16 11:30:00,A,43
3441,3441,2025-09-04 11:30:00,B,44
3442,3442,2025-02-21 11:30:00,A,43
3443,3443,2025-03-19 11:30:00,A,44
3444,3444,2026-02-04 11:30:00,B,43
3445,3445,2025-08-24 11:30:00,C,44
3446,3446,2025-04-21 11:30:00,C,43
3447,3447,2025-09-23 11:30:00,B,44
3448,3448,2025-11-15 11:30:00,C,43
3449,3449,2025-04-05 11:30:00,C,44
3450,3450,2026-01-23 11:30:00,B,43
3451,3451,2025-10-20 11:30:00,A,44
3452,3452,2025-07-22 11:30:00,A,43
3453,3453,2025-05-12 11:30:00,A,44
3454,3454,2025-09-21 11:30:00,A,43
3455,3455,2025-04-14 11:30:00,A,44
3456,3456,2025-07-04 11:30:00,B,43
3457,3457,2025-07-21 11:30:00,C,44
3458,3458,2025-04-05 11:30:00,C,43
3459,3459,2025-03-09 11:30:00,A,44
3460,3460,2025-06-05 11:30:00,C,43
3461,3461,2026-02-07 11:30:00,A,44
3462,3462,2025-04-04 11:30:00,A,43
3463,3463,2025-07-31 11:30:00,C,44
3464,3464,2025-09-20 11:30:00,A,43
3465,3465,2025-03-15 11:30:00,B,44
3466,3466,2025-05-27 11:30:00,C,43
3467,3467,2025-11-19 11:30:00,C,44
3468,3468,2025-04-02 11:30:00,A,43
3469,3469,2025-04-10 11:30:00,C,44
3470,3470,2025-11-06 11:30:00,A,43
3471,3471,2026-02-25 11:30:00,A,44
3472,3472,2025-12-11 11:30:00,A,43
3473,3473,2026-01-30 11:30:00,C,44
3474,3474,2025-07-04 11:30:00,B,43
3475,3475,2025-11-04 11:30:00,A,44
3476,3476,2025-10-26 11:30:00,C,43
3477,3477,2025-08-20 11:30:00,A,44
3478,3478,2025-12-16 11:30:00,C,43
3479,3479,2025-11-13 11:30:00,A,44
3480,3480,2025-06-10 11:30:00,B,43
3481,3481,2025-06-11 11:30:00,A,44
3482,3482,2025-03-06 11:30:00,C,43
3483,3483,2025-12-07 11:30:00,B,44
3484,3484,2025-10-18 11:30:00,C,43
3485,3485,2025-08-25 11:30:00,A,44
3486,3486,2025-05-12 11:30:00,C,43
3487,3487,2025-02-11 11:30:00,C,44
3488,3488,2025-12-19 11:30:00,C,43
3489,3489,2025-05-23 11:30:00,C,44
3490,3490,2025-09-16 11:30:00,A,43
3491,3491,2025-11-25 11:30:00,A,44
3492,3492,2025-05-03 11:30:00,A,43
3493,3493,2025-08-10 11:30:00,A,44
3494,3494,2025-11-22 11:30:00,C,43
3495,3495,2025-03-09 11:30:00,B,44
3496,3496,2025-05-12 11:30:00,A,43
3497,3497,2025-10-31 11:30:00,A,44
3498,3498,2025-05-19 11:30:00,C,43
3499,3499,2025-04-23 11:30:00,C,44
3500,3500,2025-12-22 11:30:00,A,43
3501,3501,2026-01-15 11:30:00,A,44
3502,3502,2025-06-08 11:30:00,C,43
3503,3503,2025-12-08 11:30:00,A,44
3504,3504,2026-01-08 11:30:00,B,43
3505,3505,2025-12-28 11:30:00,A,44
3506,3506,2025-03-25 11:30:00,A,43
3507,3507,2025-03-18 11:30:00,A,44
3508,3508,2025-06-12 11:30:00,C,43
3509,3509,2025-05-28 11:30:00,C,44
3510,3510,2025-11-01 11:30:00,B,43
3511,3511,2025-12-21 11:30:00,C,44
3512,3512,2025-12-03 11:30:00,C,43
3513,3513,2026-02-07 11:30:00,A,44
3514,3514,2025-03-20 11:30:00,C,43
3515,3515,2025-05-25 11:30:00,B,44
3516,3516,2025-10-13 11:30:00,B,43
3517,3517,2025-11-16 11:30:00,A,44
3518,3518,2025-05-07 11:30:00,A,43
3519,3519,2025-09-30 11:30:00,B,44
3520,3520,2025-06-23 11:30:00,A,43
3521,3521,2026-01-31 11:30:00,A,44
3522,3522,2025-12-03 11:30:00,B,43
3523,3523,2025-12-05 11:30:00,A,44
3524,3524,2025-07-01 11:30:00,A,43
3525,3525,2025-04-27 11:30:00,B,44
3526,3526,2026-01-31 11:30:00,C,43
3527,3527,2025-06-03 11:30:00,C,44
3528,3528,2025-10-10 11:30:00,B,43
3529,3529,2025-05-30 11:30:00,A,44
3530,3530,2025-09-27 11:30:00,C,43
3531,3531,2026-02-25 11:30:00,A,44
3532,3532,2026-02-06 11:30:00,A,43
3533,3533,2025-06-21 11:30:00,C,44
3534,3534,2025-08-15 11:30:00,B,43
3535,3535,2025-09-30 11:30:00,C,44
3536,3536,2025-11-18 11:30:00,C,43
3537,3537,2026-02-23 11:30:00,A,44
3538,3538,2025-07-30 11:30:00,C,43
3539,3539,2025-08-02 11:30:00,A,44
3540,3540,2026-01-01 11:30:00,A,43
3541,3541,2025-05-03 11:30:00,A,44
3542,3542,2025-07-04 11:30:00,A,43
3543,3543,2025-08-23 11:30:00,A,44
3544,3544,2025-11-22 11:30:00,A,43
3545,3545,2025-07-04 11:30:00,B,44
3546,3546,2025-10-16 11:30:00,B,43
3547,3547,2025-10-29 11:30:00,C,44
3548,3548,2025-06-06 11:30:00,A,43
3549,3549,2025-02-14 11:30:00,A,44
3550,3550,2025-08-18 11:30:00,A,43
3551,3551,2025-10-25 11:30:00,A,44
3552,3552,2025-08-16 11:30:00,A,43
3553,3553,2025-05-08 11:30:00,C,44
3554,3554,2025-09-01 11:30:00,C,43
3555,3555,2025-07-18 11:30:00,B,44
3556,3556,2025-07-07 11:30:00,C,43
3557,3557,2025-12-28 11:30:00,C,44
3558,3558,2025-09-02 11:30:00,B,43
3559,3559,2026-01-22 11:30:00,A,44
3560,3560,2025-06-05 11:30:00,C,43
3561,3561,2025-09-06 11:30:00,B,44
3562,3562,2025-02-27 11:30:00,A,43
3563,3563,2025-11-19 11:30:00,A,44
3564,3564,2025-06-24 11:30:00,B,43
3565,3565,2025-04-09 11:30:00,C,44
3566,3566,2025-11-17 11:30:00,C,43
3567,3567,2026-01-30 11:30:00,C,44
3568,3568,2025-10-25 11:30:00,C,43
3569,3569,2025-08-03 11:30:00,C,44
3570,3570,2025-05-12 11:30:00,A,43
3571,3571,2025-06-14 11:30:00,A,44
3572,3572,2025-07-03 11:30:00,A,43
3573,3573,2025-09-04 11:30:00,A,44
3574,3574,2025-11-15 11:30:00,A,43
3575,3575,2025-05-20 11:30:00,B,44
3576,3576,2025-06-09 11:30:00,C,43
3577,3577,2025-05-29 11:30:00,C,44
3578,3578,2025-08-21 11:30:00,C,43
3579,3579,2025-08-21 11:30:00,A,44
3580,3580,2025-05-04 11:30:00,C,43
3581,3581,2025-06-01 11:30:00,A,44
3582,3582,2025-11-11 11:30:00,A,43
3583,3583,2025-03-14 11:30:00,A,44
3584,3584,2025-04-17 11:30:00,C,43
3585,3585,2025-04-19 11:30:00,B,44
3586,3586,2025-03-16 11:30:00,C,43
3587,3587,2025-08-04 11:30:00,A,44
3588,3588,2025-11-21 11:30:00,A,43
3589,3589,2025-06-11 11:30:00,A,44
3590,3590,2025-04-26 11:30:00,A,43
3591,3591,2025-05-16 11:30:00,A,44
3592,3592,2025-07-29 11:30:00,A,43
3593,3593,2026-01-17 11:30:00,A,46
3594,3594,2025-12-16 11:30:00,B,45
3595,3595,2025-11-05 11:30:00,C,46
3596,3596,2025-07-19 11:30:00,C,45
3597,3597,2026-02-25 11:30:00,C,46
3598,3598,2025-11-11 11:30:00,C,45
3599,3599,2025-02-23 11:30:00,C,46
3600,3600,2025-11-13 11:30:00,A,45
3601,3601,2025-06-23 11:30:00,C,46
3602,3602,2025-12-16 11:30:00,C,45
3603,3603,2025-11-08 11:30:00,B,46
3604,3604,2025-08-18 11:30:00,A,45
3605,3605,2025-06-20 11:30:00,C,46
3606,3606,2025-04-08 11:30:00,B,45
3607,3607,2025-04-25 11:30:00,A,46
3608,3608,2026-01-01 11:30:00,A,45
3609,3609,2025-01-28 11:30:00,B,46
3610,3610,2025-10-02 11:30:00,A,45
3611,3611,2025-04-10 11:30:00,A,46
3612,3612,2025-08-14 11:30:00,A,45
3613,3613,2025-04-23 11:30:00,C,46
3614,3614,2025-02-09 11:30:00,A,45
3615,3615,2025-11-23 11:30:00,B,46
3616,3616,2025-02-07 11:30:00,A,45
3617,3617,2025-11-06 11:30:00,C,46
3618,3618,2026-01-03 11:30:00,B,45
3619,3619,2025-03-28 11:30:00,A,46
3620,3620,2025-08-16 11:30:00,A,45
3621,3621,2026-01-17 11:30:00,A,46
3622,3622,2025-07-18 11:30:00,A,45
3623,3623,2025-03-26 11:30:00,C,46
3624,3624,2025-05-19 11:30:00,A,45
3625,3625,2025-09-10 11:30:00,C,46
3626,3626,2025-04-06 11:30:00,C,45
3627,3627,2025-06-01 11:30:00,C,46
3628,3628,2025-11-09 11:30:00,C,45
3629,3629,2025-04-07 11:30:00,C,46
3630,3630,2025-05-10 11:30:00,A,45
3631,3631,2025-04-07 11:30:00,A,46
3632,3632,2026-01-26 11:30:00,A,45
3633,3633,2025-03-09 11:30:00,A,46
3634,3634,2025-10-31 11:30:00,C,45
3635,3635,2025-10-17 11:30:00,B,46
3636,3636,2025-07-19 11:30:00,A,45
3637,3637,2025-03-30 11:30:00,C,46
3638,3638,2025-12-04 11:30:00,A,45
3639,3639,2025-03-11 11:30:00,A,46
3640,3640,2025-06-28 11:30:00,A,45
3641,3641,2025-12-29 11:30:00,C,46
3642,3642,2025-08-27 11:30:00,A,45
3643,3643,2025-09-20 11:30:00,A,46
3644,3644,2025-10-02 11:30:00,C,45
3645,3645,2025-11-02 11:30:00,B,46
3646,3646,2025-03-24 11:30:00,A,45
3647,3647,2025-11-06 11:30:00,A,46
3648,3648,2026-02-07 11:30:00,B,45
3649,3649,2025-11-08 11:30:00,C,46
3650,3650,2025-09-24 11:30:00,A,45
3651,3651,2025-10-04 11:30:00,A,46
3652,3652,2025-03-15 11:30:00,A,45
3653,3653,2025-05-14 11:30:00,C,46
3654,3654,2025-05-01 11:30:00,B,45
3655,3655,2026-01-02 11:30:00,C,46
3656,3656,2025-04-18 11:30:00,C,45
3657,3657,2025-03-31 11:30:00,A,46
3658,3658,2025-07-03 11:30:00,C,45
3659,3659,2025-09-03 11:30:00,C,46
3660,3660,2025-04-20 11:30:00,A,45
3661,3661,2025-06-08 11:30:00,C,46
3662,3662,2025-02-10 11:30:00,A,45
3663,3663,2025-06-02 11:30:00,A,46
3664,3664,2025-12-31 11:30:00,C,45
3665,3665,2025-03-06 11:30:00,A,46
3666,3666,2025-11-19 11:30:00,B,45
3667,3667,2025-06-15 11:30:00,C,46
3668,3668,2025-10-27 11:30:00,A,45
3669,3669,2025-12-03 11:30:00,B,46
3670,3670,2025-09-14 11:30:00,C,45
3671,3671,2025-07-07 11:30:00,A,46
3672,3672,2025-03-22 11:30:00,A,45
3673,3673,2025-11-18 11:30:00,C,46
3674,3674,2025-12-09 11:30:00,A,47
3675,3675,2025-12-03 11:30:00,B,48
3676,3676,2025-12-09 11:30:00,C,47
3677,3677,2026-01-24 11:30:00,C,48
3678,3678,2025-10-14 11:30:00,A,47
3679,3679,2025-11-21 11:30:00,C,48
3680,3680,2025-09-10 11:30:00,A,47
3681,3681,2025-11-29 11:30:00,A,48
3682,3682,2025-07-15 11:30:00,C,47
3683,3683,2025-05-01 11:30:00,C,48
3684,3684,2025-03-02 11:30:00,A,47
3685,3685,2025-08-02 11:30:00,B,48
3686,3686,2025-05-18 11:30:00,C,47
3687,3687,2025-06-16 11:30:00,B,48
3688,3688,2025-12-19 11:30:00,C,47
3689,3689,2025-06-10 11:30:00,A,48
3690,3690,2025-10-20 11:30:00,B,47
3691,3691,2025-07-17 11:30:00,C,48
3692,3692,2025-02-28 11:30:00,A,47
3693,3693,2026-01-14 11:30:00,A,48
3694,3694,2025-02-22 11:30:00,A,47
3695,3695,2025-10-26 11:30:00,C,48
3696,3696,2025-03-02 11:30:00,B,47
3697,3697,2025-07-31 11:30:00,C,48
3698,3698,2025-05-24 11:30:00,A,47
3699,3699,2025-03-03 11:30:00,A,48
3700,3700,2025-06-15 11:30:00,C,47
3701,3701,2025-12-25 11:30:00,A,48
3702,3702,2026-02-10 11:30:00,A,47
3703,3703,2025-08-18 11:30:00,A,48
3704,3704,2025-07-01 11:30:00,C,47
3705,3705,2025-08-27 11:30:00,B,48
3706,3706,2025-11-25 11:30:00,C,47
3707,3707,2025-06-16 11:30:00,C,48
3708,3708,2025-04-21 11:30:00,C,47
3709,3709,2026-01-15 11:30:00,C,48
3710,3710,2025-10-13 11:30:00,C,47
3711,3711,2025-08-23 11:30:00,B,48
3712,3712,2025-08-13 11:30:00,C,47
3713,3713,2025-10-16 11:30:00,A,48
3714,3714,2025-06-28 11:30:00,A,47
3715,3715,2025-06-15 11:30:00,C,48
3716,3716,2026-01-18 11:30:00,A,47
3717,3717,2025-07-12 11:30:00,C,48
3718,3718,2025-12-30 11:30:00,A,47
3719,3719,2026-02-05 11:30:00,C,48
3720,3720,2025-10-18 11:30:00,B,47
3721,3721,2025-10-05 11:30:00,C,48
3722,3722,2025-01-20 11:30:00,A,47
3723,3723,2025-08-25 11:30:00,A,48
3724,3724,2025-09-22 11:30:00,C,47
3725,3725,2025-02-14 11:30:00,B,48
3726,3726,2025-12-23 11:30:00,A,47
3727,3727,2025-08-23 11:30:00,A,48
3728,3728,2025-07-21 11:30:00,A,47
3729,3729,2025-08-25 11:30:00,A,48
3730,3730,2025-08-14 11:30:00,C,47
3731,3731,2025-12-05 11:30:00,C,48
3732,3732,2025-08-25 11:30:00,A,47
3733,3733,2025-02-09 11:30:00,A,48
3734,3734,2025-09-25 11:30:00,C,47
3735,3735,2025-07-11 11:30:00,B,48
3736,3736,2025-07-19 11:30:00,C,47
3737,3737,2025-02-15 11:30:00,A,48
3738,3738,2025-07-02 11:30:00,C,47
3739,3739,2025-12-28 11:30:00,C,48
3740,3740,2025-10-05 11:30:00,A,47
3741,3741,2026-01-30 11:30:00,A,48
3742,3742,2026-01-17 11:30:00,A,47
3743,3743,2025-04-03 11:30:00,A,48
3744,3744,2025-10-28 11:30:00,B,47
3745,3745,2025-04-03 11:30:00,B,48
3746,3746,2025-06-03 11:30:00,C,47
3747,3747,2025-06-02 11:30:00,C,48
3748,3748,2025-09-29 11:30:00,C,47
3749,3749,2025-03-23 11:30:00,A,48
3750,3750,2025-10-02 11:30:00,B,47
3751,3751,2025-10-02 11:30:00,C,48
3752,3752,2025-05-05 11:30:00,C,47
3753,3753,2025-09-16 11:30:00,B,48
3754,3754,2025-07-22 11:30:00,A,47
3755,3755,2025-09-10 11:30:00,B,50
3756,3756,2026-01-01 11:30:00,C,49
3757,3757,2026-01-25 11:30:00,C,50
3758,3758,2025-11-06 11:30:00,C,49
3759,3759,2025-05-03 11:30:00,C,50
3760,3760,2026-02-18 11:30:00,A,49
3761,3761,2025-10-08 11:30:00,A,50
3762,3762,2025-05-13 11:30:00,A,49
3763,3763,2025-12-08 11:30:00,A,50
3764,3764,2026-01-03 11:30:00,A,49
3765,3765,2025-09-07 11:30:00,B,50
3766,3766,2025-08-08 11:30:00,A,49
3767,3767,2025-03-09 11:30:00,C,50
3768,3768,2025-06-19 11:30:00,A,49
3769,3769,2026-02-16 11:30:00,A,50
3770,3770,2026-02-06 11:30:00,A,49
3771,3771,2025-04-26 11:30:00,B,50
3772,3772,2025-05-04 11:30:00,C,49
3773,3773,2025-10-06 11:30:00,A,50
3774,3774,2025-12-21 11:30:00,A,49
3775,3775,2025-11-12 11:30:00,C,50
3776,3776,2026-02-16 11:30:00,C,49
3777,3777,2025-04-05 11:30:00,C,50
3778,3778,2025-10-24 11:30:00,C,49
3779,3779,2026-03-01 11:30:00,C,50
3780,3780,2025-10-06 11:30:00,A,49
3781,3781,2025-04-24 11:30:00,C,50
3782,3782,2025-05-19 11:30:00,A,49
3783,3783,2026-01-11 11:30:00,B,50
3784,3784,2025-09-17 11:30:00,C,49
3785,3785,2025-09-08 11:30:00,B,50
3786,3786,2025-10-28 11:30:00,C,49
3787,3787,2025-12-27 11:30:00,C,50
3788,3788,2026-01-03 11:30:00,C,49
3789,3789,2025-05-24 11:30:00,C,50
3790,3790,2025-08-18 11:30:00,A,49
3791,3791,2025-05-13 11:30:00,A,50
3792,3792,2025-02-08 11:30:00,A,49
3793,3793,2025-06-08 11:30:00,A,50
3794,3794,2025-11-25 11:30:00,A,49
3795,3795,2025-10-22 11:30:00,B,50
3796,3796,2025-09-03 11:30:00,C,49
3797,3797,2025-08-04 11:30:00,C,50
3798,3798,2025-03-30 11:30:00,B,49
3799,3799,2025-08-27 11:30:00,C,50
3800,3800,2025-05-30 11:30:00,A,49
3801,3801,2025-02-21 11:30:00,A,50
3802,3802,2025-12-19 11:30:00,C,49
3803,3803,2025-04-24 11:30:00,A,50
3804,3804,2025-12-21 11:30:00,A,49
3805,3805,2025-03-29 11:30:00,B,50
3806,3806,2025-10-25 11:30:00,C,49
3807,3807,2025-11-13 11:30:00,A,50
3808,3808,2025-08-12 11:30:00,C,49
3809,3809,2025-05-14 11:30:00,C,50
3810,3810,2026-01-23 11:30:00,A,49
3811,3811,2025-04-10 11:30:00,C,50
3812,3812,2025-04-16 11:30:00,C,49
3813,3813,2025-11-03 11:30:00,A,50
3814,3814,2025-08-17 11:30:00,A,49
3815,3815,2025-03-02 11:30:00,A,50
3816,3816,2025-03-19 11:30:00,B,49
3817,3817,2025-08-30 11:30:00,C,50
3818,3818,2025-04-30 11:30:00,C,49
3819,3819,2025-12-28 11:30:00,A,50
3820,3820,2026-02-21 11:30:00,A,49
3821,3821,2025-04-22 11:30:00,A,50
3822,3822,2025-06-18 11:30:00,B,49
3823,3823,2025-04-26 11:30:00,A,50
3824,3824,2025-08-26 11:30:00,A,49
3825,3825,2025-10-05 11:30:00,B,50
3826,3826,2025-12-06 11:30:00,C,49
3827,3827,2025-10-08 11:30:00,C,50
3828,3828,2025-07-14 11:30:00,A,49
3829,3829,2026-01-24 11:30:00,A,50
3830,3830,2026-02-08 11:30:00,A,49
3831,3831,2025-09-27 11:30:00,A,50
3832,3832,2025-12-08 11:30:00,C,49
3833,3833,2026-01-17 11:30:00,C,50
3834,3834,2025-04-25 11:30:00,A,49
3835,3835,2026-02-21 11:30:00,B,50
3836,3836,2025-04-21 11:30:00,C,51
3837,3837,2025-05-25 11:30:00,C,52
3838,3838,2025-04-27 11:30:00,C,51
3839,3839,2025-04-21 11:30:00,A,52
3840,3840,2025-04-20 11:30:00,A,51
3841,3841,2026-01-30 11:30:00,C,52
3842,3842,2025-07-30 11:30:00,A,51
3843,3843,2025-12-27 11:30:00,A,52
3844,3844,2025-12-29 11:30:00,A,51
3845,3845,2025-03-01 11:30:00,A,52
3846,3846,2025-10-16 11:30:00,C,51
3847,3847,2025-06-08 11:30:00,C,52
3848,3848,2025-03-08 11:30:00,A,51
3849,3849,2025-03-04 11:30:00,A,52
3850,3850,2025-09-27 11:30:00,C,51
3851,3851,2025-08-30 11:30:00,A,52
3852,3852,2025-07-30 11:30:00,A,51
3853,3853,2025-11-09 11:30:00,A,52
3854,3854,2025-03-14 11:30:00,A,51
3855,3855,2025-09-20 11:30:00,A,52
3856,3856,2025-10-21 11:30:00,A,51
3857,3857,2025-01-30 11:30:00,C,52
3858,3858,2025-04-07 11:30:00,B,51
3859,3859,2025-06-19 11:30:00,A,52
3860,3860,2025-06-14 11:30:00,A,51
3861,3861,2025-03-06 11:30:00,A,52
3862,3862,2025-09-13 11:30:00,C,51
3863,3863,2026-01-04 11:30:00,C,52
3864,3864,2025-06-20 11:30:00,A,51
3865,3865,2025-12-08 11:30:00,A,52
3866,3866,2025-12-20 11:30:00,A,51
3867,3867,2025-05-11 11:30:00,A,52
3868,3868,2025-12-12 11:30:00,C,51
3869,3869,2025-03-26 11:30:00,A,52
3870,3870,2025-05-02 11:30:00,A,51
3871,3871,2025-06-08 11:30:00,A,52
3872,3872,2025-09-17 11:30:00,A,51
3873,3873,2025-09-23 11:30:00,B,52
3874,3874,2026-01-08 11:30:00,A,51
3875,3875,2025-04-25 11:30:00,A,52
3876,3876,2026-01-07 11:30:00,A,51
3877,3877,2026-02-15 11:30:00,C,52
3878,3878,2026-01-17 11:30:00,C,51
3879,3879,2025-07-15 11:30:00,B,52
3880,3880,2025-10-16 11:30:00,C,51
3881,3881,2025-11-30 11:30:00,A,52
3882,3882,2025-06-25 11:30:00,A,51
3883,3883,2025-12-30 11:30:00,A,52
3884,3884,2025-04-28 11:30:00,A,51
3885,3885,2025-12-27 11:30:00,B,52
3886,3886,2025-07-24 11:30:00,A,51
3887,3887,2025-11-02 11:30:00,A,52
3888,3888,2025-07-31 11:30:00,C,51
3889,3889,2025-03-19 11:30:00,C,52
3890,3890,2025-09-03 11:30:00,A,51
3891,3891,2025-05-22 11:30:00,B,52
3892,3892,2025-12-19 11:30:00,A,51
3893,3893,2025-09-08 11:30:00,A,52
3894,3894,2026-01-09 11:30:00,A,51
3895,3895,2025-12-07 11:30:00,C,52
3896,3896,2026-01-26 11:30:00,C,51
3897,3897,2025-04-21 11:30:00,A,52
3898,3898,2025-12-24 11:30:00,C,51
3899,3899,2025-09-30 11:30:00,C,52
3900,3900,2025-07-11 11:30:00,A,51
3901,3901,2025-06-01 11:30:00,C,52
3902,3902,2026-02-01 11:30:00,A,51
3903,3903,2025-07-18 11:30:00,A,52
3904,3904,2025-02-12 11:30:00,A,51
3905,3905,2025-04-18 11:30:00,C,52
3906,3906,2025-05-24 11:30:00,C,51
3907,3907,2026-01-13 11:30:00,C,52
3908,3908,2025-07-18 11:30:00,C,51
3909,3909,2025-03-15 11:30:00,C,52
3910,3910,2025-09-28 11:30:00,A,51
3911,3911,2025-06-21 11:30:00,A,52
3912,3912,2025-09-24 11:30:00,A,51
3913,3913,2025-06-20 11:30:00,A,52
3914,3914,2025-09-01 11:30:00,A,51
3915,3915,2026-01-16 11:30:00,B,52
3916,3916,2025-03-26 11:30:00,A,51
3917,3917,2025-05-13 11:30:00,A,54
3918,3918,2025-08-12 11:30:00,B,53
3919,3919,2026-01-13 11:30:00,C,54
3920,3920,2025-05-06 11:30:00,A,53
3921,3921,2025-05-31 11:30:00,A,54
3922,3922,2025-03-17 11:30:00,A,53
3923,3923,2025-03-07 11:30:00,A,54
3924,3924,2025-06-12 11:30:00,A,53
3925,3925,2025-08-21 11:30:00,B,54
3926,3926,2025-02-20 11:30:00,A,53
3927,3927,2025-12-07 11:30:00,A,54
3928,3928,2025-02-17 11:30:00,C,53
3929,3929,2025-07-22 11:30:00,A,54
3930,3930,2025-07-17 11:30:00,B,53
3931,3931,2025-12-09 11:30:00,C,54
3932,3932,2026-02-10 11:30:00,A,53
3933,3933,2026-02-03 11:30:00,B,54
3934,3934,2025-05-13 11:30:00,C,53
3935,3935,2025-09-21 11:30:00,B,54
3936,3936,2025-06-29 11:30:00,C,53
3937,3937,2025-09-08 11:30:00,C,54
3938,3938,2026-01-03 11:30:00,C,53
3939,3939,2026-01-09 11:30:00,A,54
3940,3940,2025-08-13 11:30:00,C,53
3941,3941,2025-06-07 11:30:00,A,54
3942,3942,2025-06-23 11:30:00,A,53
3943,3943,2025-09-06 11:30:00,A,54
3944,3944,2025-11-12 11:30:00,A,53
3945,3945,2025-11-12 11:30:00,B,54
3946,3946,2025-10-13 11:30:00,C,53
3947,3947,2025-03-29 11:30:00,C,54
3948,3948,2025-07-03 11:30:00,A,53
3949,3949,2025-12-22 11:30:00,A,54
3950,3950,2025-10-02 11:30:00,A,53
3951,3951,2025-08-20 11:30:00,A,54
3952,3952,2025-08-27 11:30:00,C,53
3953,3953,2025-03-11 11:30:00,A,54
3954,3954,2025-06-23 11:30:00,A,53
3955,3955,2026-02-04 11:30:00,B,54
3956,3956,2025-03-31 11:30:00,C,53
3957,3957,2025-10-01 11:30:00,B,54
3958,3958,2026-01-15 11:30:00,A,53
3959,3959,2025-06-29 11:30:00,C,54
3960,3960,2025-10-23 11:30:00,B,53
3961,3961,2025-09-03 11:30:00,C,54
3962,3962,2025-12-11 11:30:00,A,53
3963,3963,2025-09-01 11:30:00,B,54
3964,3964,2025-11-26 11:30:00,A,53
3965,3965,2025-04-03 11:30:00,C,54
3966,3966,2025-02-09 11:30:00,A,53
3967,3967,2025-03-04 11:30:00,A,54
3968,3968,2025-07-19 11:30:00,A,53
3969,3969,2026-01-06 11:30:00,B,54
3970,3970,2025-03-17 11:30:00,A,53
3971,3971,2025-03-02 11:30:00,A,54
3972,3972,2025-08-22 11:30:00,A,53
3973,3973,2025-11-20 11:30:00,A,54
3974,3974,2026-01-23 11:30:00,A,53
3975,3975,2025-05-15 11:30:00,A,54
3976,3976,2025-10-15 11:30:00,C,53
3977,3977,2025-11-05 11:30:00,C,54
3978,3978,2025-07-28 11:30:00,B,53
3979,3979,2025-04-03 11:30:00,C,54
3980,3980,2025-10-15 11:30:00,A,53
3981,3981,2025-10-02 11:30:00,A,54
3982,3982,2025-12-18 11:30:00,C,53
3983,3983,2025-04-17 11:30:00,A,54
3984,3984,2025-10-19 11:30:00,A,53
3985,3985,2025-03-09 11:30:00,C,54
3986,3986,2025-04-28 11:30:00,C,53
3987,3987,2025-04-29 11:30:00,A,54
3988,3988,2025-10-22 11:30:00,A,53
3989,3989,2025-09-13 11:30:00,C,54
3990,3990,2025-08-15 11:30:00,A,53
3991,3991,2025-04-12 11:30:00,C,54
3992,3992,2025-04-21 11:30:00,A,53
3993,3993,2025-03-22 11:30:00,B,54
3994,3994,2025-10-15 11:30:00,A,53
3995,3995,2025-10-23 11:30:00,C,54
3996,3996,2025-10-05 11:30:00,C,53
3997,3997,2025-04-19 11:30:00,C,54
