AccusedMasterID,CaseMasterID,AccusedName,AgeYear,GenderID,PersonID
1,1,Mahesh Chavan,21,1,A0001
2,2,Dinesh Sharma,22,1,A0002
3,3,Ashok Chavan,23,1,A0003
4,4,Santosh Sharma,24,1,A0004
5,5,Suresh Chavan,25,1,A0005
6,6,Mahesh Sharma,26,1,A0006
7,7,Pradeep Deshmukh,27,1,REC_OFF_008
8,8,Ashok Sharma,28,1,A0008
9,9,Santosh Chavan,29,1,A0009
10,10,Suresh Sharma,30,1,A0010
11,11,Mahesh Chavan,31,1,A0011
12,12,Dinesh Sharma,32,1,A0012
13,13,Ashok Chavan,33,1,A0013
14,14,Basavaraj Patil,34,1,REC_OFF_005
15,15,Suresh Chavan,35,1,A0015
16,16,Mahesh Sharma,36,1,A0016
17,17,Dinesh Chavan,37,1,A0017
18,18,Ashok Sharma,38,1,A0018
19,19,Santosh Chavan,39,1,A0019
20,20,Suresh Sharma,40,1,A0020
21,21,Kiran Kumar,41,1,REC_OFF_002
22,22,Dinesh Sharma,42,1,A0022
23,23,Ashok Chavan,43,1,A0023
24,24,Santosh Sharma,44,1,A0024
25,25,Suresh Chavan,45,1,A0025
26,26,Mahesh Sharma,46,1,A0026
27,27,Dinesh Chavan,47,1,A0027
28,28,Dharmesh Pujari,48,1,REC_OFF_009
29,29,Santosh Chavan,49,1,A0029
30,30,Suresh Sharma,50,1,A0030
31,31,Mahesh Chavan,51,1,A0031
32,32,Dinesh Sharma,52,1,A0032
33,33,Ashok Chavan,53,1,A0033
34,34,Santosh Sharma,54,1,A0034
35,35,Anand Kulkarni,20,1,REC_OFF_006
36,36,Mahesh Sharma,21,1,A0036
37,37,Dinesh Chavan,22,1,A0037
38,38,Ashok Sharma,23,1,A0038
39,39,Santosh Chavan,24,1,A0039
40,40,Suresh Sharma,25,1,A0040
41,41,Mahesh Chavan,26,1,A0041
42,42,Manjunath Naik,27,1,REC_OFF_003
43,43,Ashok Chavan,28,1,A0043
44,44,Santosh Sharma,29,1,A0044
45,45,Suresh Chavan,30,1,A0045
46,46,Mahesh Sharma,31,1,A0046
47,47,Dinesh Chavan,32,1,A0047
48,48,Ashok Sharma,33,1,A0048
49,49,Ganesh Hegde,34,1,REC_OFF_010
50,50,Suresh Sharma,35,1,A0050
51,51,Mahesh Chavan,36,1,A0051
52,52,Dinesh Sharma,37,1,A0052
53,53,Ashok Chavan,38,1,A0053
54,54,Santosh Sharma,39,1,A0054
55,55,Suresh Chavan,40,1,A0055
56,56,Sunil Shetty,41,1,REC_OFF_007
57,57,Dinesh Chavan,42,1,A0057
58,58,Ashok Sharma,43,1,A0058
59,59,Santosh Chavan,44,1,A0059
60,60,Suresh Sharma,45,1,A0060
61,61,Mahesh Chavan,46,1,A0061
62,62,Dinesh Sharma,47,1,A0062
63,63,Venkatesh Rao,48,1,REC_OFF_004
64,64,Santosh Sharma,49,1,A0064
65,65,Suresh Chavan,50,1,A0065
66,66,Mahesh Sharma,51,1,A0066
67,67,Dinesh Chavan,52,1,A0067
68,68,Ashok Sharma,53,1,A0068
69,69,Santosh Chavan,54,1,A0069
70,70,Ramesh Gowda,20,1,REC_OFF_001
71,71,Mahesh Chavan,21,1,A0071
72,72,Dinesh Sharma,22,1,A0072
73,73,Ashok Chavan,23,1,A0073
74,74,Santosh Sharma,24,1,A0074
75,75,Suresh Chavan,25,1,A0075
76,76,Mahesh Sharma,26,1,A0076
77,77,Pradeep Deshmukh,27,1,REC_OFF_008
78,78,Ashok Sharma,28,1,A0078
79,79,Santosh Chavan,29,1,A0079
80,80,Suresh Sharma,30,1,A0080
81,81,Mahesh Chavan,31,1,A0081
82,82,Dinesh Sharma,32,1,A0082
83,83,Ashok Chavan,33,1,A0083
84,84,Basavaraj Patil,34,1,REC_OFF_005
85,85,Suresh Chavan,35,1,A0085
86,86,Mahesh Sharma,36,1,A0086
87,87,Dinesh Chavan,37,1,A0087
88,88,Ashok Sharma,38,1,A0088
89,89,Santosh Chavan,39,1,A0089
90,90,Suresh Sharma,40,1,A0090
91,91,Kiran Kumar,41,1,REC_OFF_002
92,92,Dinesh Sharma,42,1,A0092
93,93,Ashok Chavan,43,1,A0093
94,94,Santosh Sharma,44,1,A0094
95,95,Suresh Chavan,45,1,A0095
96,96,Mahesh Sharma,46,1,A0096
97,97,Dinesh Chavan,47,1,A0097
98,98,Dharmesh Pujari,48,1,REC_OFF_009
99,99,Santosh Chavan,49,1,A0099
100,100,Suresh Sharma,50,1,A0100
101,101,Mahesh Chavan,51,1,A0101
102,102,Dinesh Sharma,52,1,A0102
103,103,Ashok Chavan,53,1,A0103
104,104,Santosh Sharma,54,1,A0104
105,105,Anand Kulkarni,20,1,REC_OFF_006
106,106,Mahesh Sharma,21,1,A0106
107,107,Dinesh Chavan,22,1,A0107
108,108,Ashok Sharma,23,1,A0108
109,109,Santosh Chavan,24,1,A0109
110,110,Suresh Sharma,25,1,A0110
111,111,Mahesh Chavan,26,1,A0111
112,112,Manjunath Naik,27,1,REC_OFF_003
113,113,Ashok Chavan,28,1,A0113
114,114,Santosh Sharma,29,1,A0114
115,115,Suresh Chavan,30,1,A0115
116,116,Mahesh Sharma,31,1,A0116
117,117,Dinesh Chavan,32,1,A0117
118,118,Ashok Sharma,33,1,A0118
119,119,Ganesh Hegde,34,1,REC_OFF_010
120,120,Suresh Sharma,35,1,A0120
121,121,Mahesh Chavan,36,1,A0121
122,122,Dinesh Sharma,37,1,A0122
123,123,Ashok Chavan,38,1,A0123
124,124,Santosh Sharma,39,1,A0124
125,125,Suresh Chavan,40,1,A0125
126,126,Sunil Shetty,41,1,REC_OFF_007
127,127,Dinesh Chavan,42,1,A0127
128,128,Ashok Sharma,43,1,A0128
129,129,Santosh Chavan,44,1,A0129
130,130,Suresh Sharma,45,1,A0130
131,131,Mahesh Chavan,46,1,A0131
132,132,Dinesh Sharma,47,1,A0132
133,133,Venkatesh Rao,48,1,REC_OFF_004
134,134,Santosh Sharma,49,1,A0134
135,135,Suresh Chavan,50,1,A0135
136,136,Mahesh Sharma,51,1,A0136
137,137,Dinesh Chavan,52,1,A0137
138,138,Ashok Sharma,53,1,A0138
139,139,Santosh Chavan,54,1,A0139
140,140,Ramesh Gowda,20,1,REC_OFF_001
141,141,Mahesh Chavan,21,1,A0141
142,142,Dinesh Sharma,22,1,A0142
143,143,Ashok Chavan,23,1,A0143
144,144,Santosh Sharma,24,1,A0144
145,145,Suresh Chavan,25,1,A0145
146,146,Mahesh Sharma,26,1,A0146
147,147,Pradeep Deshmukh,27,1,REC_OFF_008
148,148,Ashok Sharma,28,1,A0148
149,149,Santosh Chavan,29,1,A0149
150,150,Suresh Sharma,30,1,A0150
151,151,Mahesh Chavan,31,1,A0151
152,152,Dinesh Sharma,32,1,A0152
153,153,Ashok Chavan,33,1,A0153
154,154,Basavaraj Patil,34,1,REC_OFF_005
155,155,Suresh Chavan,35,1,A0155
156,156,Mahesh Sharma,36,1,A0156
157,157,Dinesh Chavan,37,1,A0157
158,158,Ashok Sharma,38,1,A0158
159,159,Santosh Chavan,39,1,A0159
160,160,Suresh Sharma,40,1,A0160
161,161,Kiran Kumar,41,1,REC_OFF_002
162,162,Dinesh Sharma,42,1,A0162
163,163,Ashok Chavan,43,1,A0163
164,164,Santosh Sharma,44,1,A0164
165,165,Suresh Chavan,45,1,A0165
166,166,Mahesh Sharma,46,1,A0166
167,167,Dinesh Chavan,47,1,A0167
168,168,Dharmesh Pujari,48,1,REC_OFF_009
169,169,Santosh Chavan,49,1,A0169
170,170,Suresh Sharma,50,1,A0170
171,171,Mahesh Chavan,51,1,A0171
172,172,Dinesh Sharma,52,1,A0172
173,173,Ashok Chavan,53,1,A0173
174,174,Santosh Sharma,54,1,A0174
175,175,Anand Kulkarni,20,1,REC_OFF_006
176,176,Mahesh Sharma,21,1,A0176
177,177,Dinesh Chavan,22,1,A0177
178,178,Ashok Sharma,23,1,A0178
179,179,Santosh Chavan,24,1,A0179
180,180,Suresh Sharma,25,1,A0180
181,181,Mahesh Chavan,26,1,A0181
182,182,Manjunath Naik,27,1,REC_OFF_003
183,183,Ashok Chavan,28,1,A0183
184,184,Santosh Sharma,29,1,A0184
185,185,Suresh Chavan,30,1,A0185
186,186,Mahesh Sharma,31,1,A0186
187,187,Dinesh Chavan,32,1,A0187
188,188,Ashok Sharma,33,1,A0188
189,189,Ganesh Hegde,34,1,REC_OFF_010
190,190,Suresh Sharma,35,1,A0190
191,191,Mahesh Chavan,36,1,A0191
192,192,Dinesh Sharma,37,1,A0192
193,193,Ashok Chavan,38,1,A0193
194,194,Santosh Sharma,39,1,A0194
195,195,Suresh Chavan,40,1,A0195
196,196,Sunil Shetty,41,1,REC_OFF_007
197,197,Dinesh Chavan,42,1,A0197
198,198,Ashok Sharma,43,1,A0198
199,199,Santosh Chavan,44,1,A0199
200,200,Suresh Sharma,45,1,A0200
201,201,Mahesh Chavan,46,1,A0201
202,202,Dinesh Sharma,47,1,A0202
203,203,Venkatesh Rao,48,1,REC_OFF_004
204,204,Santosh Sharma,49,1,A0204
205,205,Suresh Chavan,50,1,A0205
206,206,Mahesh Sharma,51,1,A0206
207,207,Dinesh Chavan,52,1,A0207
208,208,Ashok Sharma,53,1,A0208
209,209,Santosh Chavan,54,1,A0209
210,210,Ramesh Gowda,20,1,REC_OFF_001
211,211,Mahesh Chavan,21,1,A0211
212,212,Dinesh Sharma,22,1,A0212
213,213,Ashok Chavan,23,1,A0213
214,214,Santosh Sharma,24,1,A0214
215,215,Suresh Chavan,25,1,A0215
216,216,Mahesh Sharma,26,1,A0216
217,217,Pradeep Deshmukh,27,1,REC_OFF_008
218,218,Ashok Sharma,28,1,A0218
219,219,Santosh Chavan,29,1,A0219
220,220,Suresh Sharma,30,1,A0220
221,221,Mahesh Chavan,31,1,A0221
222,222,Dinesh Sharma,32,1,A0222
223,223,Ashok Chavan,33,1,A0223
224,224,Basavaraj Patil,34,1,REC_OFF_005
225,225,Suresh Chavan,35,1,A0225
226,226,Mahesh Sharma,36,1,A0226
227,227,Dinesh Chavan,37,1,A0227
228,228,Ashok Sharma,38,1,A0228
229,229,Santosh Chavan,39,1,A0229
230,230,Suresh Sharma,40,1,A0230
231,231,Kiran Kumar,41,1,REC_OFF_002
232,232,Dinesh Sharma,42,1,A0232
233,233,Ashok Chavan,43,1,A0233
234,234,Santosh Sharma,44,1,A0234
235,235,Suresh Chavan,45,1,A0235
236,236,Mahesh Sharma,46,1,A0236
237,237,Dinesh Chavan,47,1,A0237
238,238,Dharmesh Pujari,48,1,REC_OFF_009
239,239,Santosh Chavan,49,1,A0239
240,240,Suresh Sharma,50,1,A0240
241,241,Mahesh Chavan,51,1,A0241
242,242,Dinesh Sharma,52,1,A0242
243,243,Ashok Chavan,53,1,A0243
244,244,Santosh Sharma,54,1,A0244
245,245,Anand Kulkarni,20,1,REC_OFF_006
246,246,Mahesh Sharma,21,1,A0246
247,247,Dinesh Chavan,22,1,A0247
248,248,Ashok Sharma,23,1,A0248
249,249,Santosh Chavan,24,1,A0249
250,250,Suresh Sharma,25,1,A0250
251,251,Mahesh Chavan,26,1,A0251
252,252,Manjunath Naik,27,1,REC_OFF_003
253,253,Ashok Chavan,28,1,A0253
254,254,Santosh Sharma,29,1,A0254
255,255,Suresh Chavan,30,1,A0255
256,256,Mahesh Sharma,31,1,A0256
257,257,Dinesh Chavan,32,1,A0257
258,258,Ashok Sharma,33,1,A0258
259,259,Ganesh Hegde,34,1,REC_OFF_010
260,260,Suresh Sharma,35,1,A0260
261,261,Mahesh Chavan,36,1,A0261
262,262,Dinesh Sharma,37,1,A0262
263,263,Ashok Chavan,38,1,A0263
264,264,Santosh Sharma,39,1,A0264
265,265,Suresh Chavan,40,1,A0265
266,266,Sunil Shetty,41,1,REC_OFF_007
267,267,Dinesh Chavan,42,1,A0267
268,268,Ashok Sharma,43,1,A0268
269,269,Santosh Chavan,44,1,A0269
270,270,Suresh Sharma,45,1,A0270
271,271,Mahesh Chavan,46,1,A0271
272,272,Dinesh Sharma,47,1,A0272
273,273,Venkatesh Rao,48,1,REC_OFF_004
274,274,Santosh Sharma,49,1,A0274
275,275,Suresh Chavan,50,1,A0275
276,276,Mahesh Sharma,51,1,A0276
277,277,Dinesh Chavan,52,1,A0277
278,278,Ashok Sharma,53,1,A0278
279,279,Santosh Chavan,54,1,A0279
280,280,Ramesh Gowda,20,1,REC_OFF_001
281,281,Mahesh Chavan,21,1,A0281
282,282,Dinesh Sharma,22,1,A0282
283,283,Ashok Chavan,23,1,A0283
284,284,Santosh Sharma,24,1,A0284
285,285,Suresh Chavan,25,1,A0285
286,286,Mahesh Sharma,26,1,A0286
287,287,Pradeep Deshmukh,27,1,REC_OFF_008
288,288,Ashok Sharma,28,1,A0288
289,289,Santosh Chavan,29,1,A0289
290,290,Suresh Sharma,30,1,A0290
291,291,Mahesh Chavan,31,1,A0291
292,292,Dinesh Sharma,32,1,A0292
293,293,Ashok Chavan,33,1,A0293
294,294,Basavaraj Patil,34,1,REC_OFF_005
295,295,Suresh Chavan,35,1,A0295
296,296,Mahesh Sharma,36,1,A0296
297,297,Dinesh Chavan,37,1,A0297
298,298,Ashok Sharma,38,1,A0298
299,299,Santosh Chavan,39,1,A0299
300,300,Suresh Sharma,40,1,A0300
301,301,Kiran Kumar,41,1,REC_OFF_002
302,302,Dinesh Sharma,42,1,A0302
303,303,Ashok Chavan,43,1,A0303
304,304,Santosh Sharma,44,1,A0304
305,305,Suresh Chavan,45,1,A0305
306,306,Mahesh Sharma,46,1,A0306
307,307,Dinesh Chavan,47,1,A0307
308,308,Dharmesh Pujari,48,1,REC_OFF_009
309,309,Santosh Chavan,49,1,A0309
310,310,Suresh Sharma,50,1,A0310
311,311,Mahesh Chavan,51,1,A0311
312,312,Dinesh Sharma,52,1,A0312
313,313,Ashok Chavan,53,1,A0313
314,314,Santosh Sharma,54,1,A0314
315,315,Anand Kulkarni,20,1,REC_OFF_006
316,316,Mahesh Sharma,21,1,A0316
317,317,Dinesh Chavan,22,1,A0317
318,318,Ashok Sharma,23,1,A0318
319,319,Santosh Chavan,24,1,A0319
320,320,Suresh Sharma,25,1,A0320
321,321,Mahesh Chavan,26,1,A0321
322,322,Manjunath Naik,27,1,REC_OFF_003
323,323,Ashok Chavan,28,1,A0323
324,324,Santosh Sharma,29,1,A0324
325,325,Suresh Chavan,30,1,A0325
326,326,Mahesh Sharma,31,1,A0326
327,327,Dinesh Chavan,32,1,A0327
328,328,Ashok Sharma,33,1,A0328
329,329,Ganesh Hegde,34,1,REC_OFF_010
330,330,Suresh Sharma,35,1,A0330
331,331,Mahesh Chavan,36,1,A0331
332,332,Dinesh Sharma,37,1,A0332
333,333,Ashok Chavan,38,1,A0333
334,334,Santosh Sharma,39,1,A0334
335,335,Suresh Chavan,40,1,A0335
336,336,Sunil Shetty,41,1,REC_OFF_007
337,337,Dinesh Chavan,42,1,A0337
338,338,Ashok Sharma,43,1,A0338
339,339,Santosh Chavan,44,1,A0339
340,340,Suresh Sharma,45,1,A0340
341,341,Mahesh Chavan,46,1,A0341
342,342,Dinesh Sharma,47,1,A0342
343,343,Venkatesh Rao,48,1,REC_OFF_004
344,344,Santosh Sharma,49,1,A0344
345,345,Suresh Chavan,50,1,A0345
346,346,Mahesh Sharma,51,1,A0346
347,347,Dinesh Chavan,52,1,A0347
348,348,Ashok Sharma,53,1,A0348
349,349,Santosh Chavan,54,1,A0349
350,350,Ramesh Gowda,20,1,REC_OFF_001
351,351,Mahesh Chavan,21,1,A0351
352,352,Dinesh Sharma,22,1,A0352
353,353,Ashok Chavan,23,1,A0353
354,354,Santosh Sharma,24,1,A0354
355,355,Suresh Chavan,25,1,A0355
356,356,Mahesh Sharma,26,1,A0356
357,357,Pradeep Deshmukh,27,1,REC_OFF_008
358,358,Ashok Sharma,28,1,A0358
359,359,Santosh Chavan,29,1,A0359
360,360,Suresh Sharma,30,1,A0360
361,361,Mahesh Chavan,31,1,A0361
362,362,Dinesh Sharma,32,1,A0362
363,363,Ashok Chavan,33,1,A0363
364,364,Basavaraj Patil,34,1,REC_OFF_005
365,365,Suresh Chavan,35,1,A0365
366,366,Mahesh Sharma,36,1,A0366
367,367,Dinesh Chavan,37,1,A0367
368,368,Ashok Sharma,38,1,A0368
369,369,Santosh Chavan,39,1,A0369
370,370,Suresh Sharma,40,1,A0370
371,371,Kiran Kumar,41,1,REC_OFF_002
372,372,Dinesh Sharma,42,1,A0372
373,373,Ashok Chavan,43,1,A0373
374,374,Santosh Sharma,44,1,A0374
375,375,Suresh Chavan,45,1,A0375
376,376,Mahesh Sharma,46,1,A0376
377,377,Dinesh Chavan,47,1,A0377
378,378,Dharmesh Pujari,48,1,REC_OFF_009
379,379,Santosh Chavan,49,1,A0379
380,380,Suresh Sharma,50,1,A0380
381,381,Mahesh Chavan,51,1,A0381
382,382,Dinesh Sharma,52,1,A0382
383,383,Ashok Chavan,53,1,A0383
384,384,Santosh Sharma,54,1,A0384
385,385,Anand Kulkarni,20,1,REC_OFF_006
386,386,Mahesh Sharma,21,1,A0386
387,387,Dinesh Chavan,22,1,A0387
388,388,Ashok Sharma,23,1,A0388
389,389,Santosh Chavan,24,1,A0389
390,390,Suresh Sharma,25,1,A0390
391,391,Mahesh Chavan,26,1,A0391
392,392,Manjunath Naik,27,1,REC_OFF_003
393,393,Ashok Chavan,28,1,A0393
394,394,Santosh Sharma,29,1,A0394
395,395,Suresh Chavan,30,1,A0395
396,396,Mahesh Sharma,31,1,A0396
397,397,Dinesh Chavan,32,1,A0397
398,398,Ashok Sharma,33,1,A0398
399,399,Ganesh Hegde,34,1,REC_OFF_010
400,400,Suresh Sharma,35,1,A0400
401,401,Mahesh Chavan,36,1,A0401
402,402,Dinesh Sharma,37,1,A0402
403,403,Ashok Chavan,38,1,A0403
404,404,Santosh Sharma,39,1,A0404
405,405,Suresh Chavan,40,1,A0405
406,406,Sunil Shetty,41,1,REC_OFF_007
407,407,Dinesh Chavan,42,1,A0407
408,408,Ashok Sharma,43,1,A0408
409,409,Santosh Chavan,44,1,A0409
410,410,Suresh Sharma,45,1,A0410
411,411,Mahesh Chavan,46,1,A0411
412,412,Dinesh Sharma,47,1,A0412
413,413,Venkatesh Rao,48,1,REC_OFF_004
414,414,Santosh Sharma,49,1,A0414
415,415,Suresh Chavan,50,1,A0415
416,416,Mahesh Sharma,51,1,A0416
417,417,Dinesh Chavan,52,1,A0417
418,418,Ashok Sharma,53,1,A0418
419,419,Santosh Chavan,54,1,A0419
420,420,Ramesh Gowda,20,1,REC_OFF_001
421,421,Mahesh Chavan,21,1,A0421
422,422,Dinesh Sharma,22,1,A0422
423,423,Ashok Chavan,23,1,A0423
424,424,Santosh Sharma,24,1,A0424
425,425,Suresh Chavan,25,1,A0425
426,426,Mahesh Sharma,26,1,A0426
427,427,Pradeep Deshmukh,27,1,REC_OFF_008
428,428,Ashok Sharma,28,1,A0428
429,429,Santosh Chavan,29,1,A0429
430,430,Suresh Sharma,30,1,A0430
431,431,Mahesh Chavan,31,1,A0431
432,432,Dinesh Sharma,32,1,A0432
433,433,Ashok Chavan,33,1,A0433
434,434,Basavaraj Patil,34,1,REC_OFF_005
435,435,Suresh Chavan,35,1,A0435
436,436,Mahesh Sharma,36,1,A0436
437,437,Dinesh Chavan,37,1,A0437
438,438,Ashok Sharma,38,1,A0438
439,439,Santosh Chavan,39,1,A0439
440,440,Suresh Sharma,40,1,A0440
441,441,Kiran Kumar,41,1,REC_OFF_002
442,442,Dinesh Sharma,42,1,A0442
443,443,Ashok Chavan,43,1,A0443
444,444,Santosh Sharma,44,1,A0444
445,445,Suresh Chavan,45,1,A0445
446,446,Mahesh Sharma,46,1,A0446
447,447,Dinesh Chavan,47,1,A0447
448,448,Dharmesh Pujari,48,1,REC_OFF_009
449,449,Santosh Chavan,49,1,A0449
450,450,Suresh Sharma,50,1,A0450
451,451,Mahesh Chavan,51,1,A0451
452,452,Dinesh Sharma,52,1,A0452
453,453,Ashok Chavan,53,1,A0453
454,454,Santosh Sharma,54,1,A0454
455,455,Anand Kulkarni,20,1,REC_OFF_006
456,456,Mahesh Sharma,21,1,A0456
457,457,Dinesh Chavan,22,1,A0457
458,458,Ashok Sharma,23,1,A0458
459,459,Santosh Chavan,24,1,A0459
460,460,Suresh Sharma,25,1,A0460
461,461,Mahesh Chavan,26,1,A0461
462,462,Manjunath Naik,27,1,REC_OFF_003
463,463,Ashok Chavan,28,1,A0463
464,464,Santosh Sharma,29,1,A0464
465,465,Suresh Chavan,30,1,A0465
466,466,Mahesh Sharma,31,1,A0466
467,467,Dinesh Chavan,32,1,A0467
468,468,Ashok Sharma,33,1,A0468
469,469,Ganesh Hegde,34,1,REC_OFF_010
470,470,Suresh Sharma,35,1,A0470
471,471,Mahesh Chavan,36,1,A0471
472,472,Dinesh Sharma,37,1,A0472
473,473,Ashok Chavan,38,1,A0473
474,474,Santosh Sharma,39,1,A0474
475,475,Suresh Chavan,40,1,A0475
476,476,Sunil Shetty,41,1,REC_OFF_007
477,477,Dinesh Chavan,42,1,A0477
478,478,Ashok Sharma,43,1,A0478
479,479,Santosh Chavan,44,1,A0479
480,480,Suresh Sharma,45,1,A0480
481,481,Mahesh Chavan,46,1,A0481
482,482,Dinesh Sharma,47,1,A0482
483,483,Venkatesh Rao,48,1,REC_OFF_004
484,484,Santosh Sharma,49,1,A0484
485,485,Suresh Chavan,50,1,A0485
486,486,Mahesh Sharma,51,1,A0486
487,487,Dinesh Chavan,52,1,A0487
488,488,Ashok Sharma,53,1,A0488
489,489,Santosh Chavan,54,1,A0489
490,490,Ramesh Gowda,20,1,REC_OFF_001
491,491,Mahesh Chavan,21,1,A0491
492,492,Dinesh Sharma,22,1,A0492
493,493,Ashok Chavan,23,1,A0493
494,494,Santosh Sharma,24,1,A0494
495,495,Suresh Chavan,25,1,A0495
496,496,Mahesh Sharma,26,1,A0496
497,497,Pradeep Deshmukh,27,1,REC_OFF_008
498,498,Ashok Sharma,28,1,A0498
499,499,Santosh Chavan,29,1,A0499
500,500,Suresh Sharma,30,1,A0500
501,501,Mahesh Chavan,31,1,A0501
502,502,Dinesh Sharma,32,1,A0502
503,503,Ashok Chavan,33,1,A0503
504,504,Basavaraj Patil,34,1,REC_OFF_005
505,505,Suresh Chavan,35,1,A0505
506,506,Mahesh Sharma,36,1,A0506
507,507,Dinesh Chavan,37,1,A0507
508,508,Ashok Sharma,38,1,A0508
509,509,Santosh Chavan,39,1,A0509
510,510,Suresh Sharma,40,1,A0510
511,511,Kiran Kumar,41,1,REC_OFF_002
512,512,Dinesh Sharma,42,1,A0512
513,513,Ashok Chavan,43,1,A0513
514,514,Santosh Sharma,44,1,A0514
515,515,Suresh Chavan,45,1,A0515
516,516,Mahesh Sharma,46,1,A0516
517,517,Dinesh Chavan,47,1,A0517
518,518,Dharmesh Pujari,48,1,REC_OFF_009
519,519,Santosh Chavan,49,1,A0519
520,520,Suresh Sharma,50,1,A0520
521,521,Mahesh Chavan,51,1,A0521
522,522,Dinesh Sharma,52,1,A0522
523,523,Ashok Chavan,53,1,A0523
524,524,Santosh Sharma,54,1,A0524
525,525,Anand Kulkarni,20,1,REC_OFF_006
526,526,Mahesh Sharma,21,1,A0526
527,527,Dinesh Chavan,22,1,A0527
528,528,Ashok Sharma,23,1,A0528
529,529,Santosh Chavan,24,1,A0529
530,530,Suresh Sharma,25,1,A0530
531,531,Mahesh Chavan,26,1,A0531
532,532,Manjunath Naik,27,1,REC_OFF_003
533,533,Ashok Chavan,28,1,A0533
534,534,Santosh Sharma,29,1,A0534
535,535,Suresh Chavan,30,1,A0535
536,536,Mahesh Sharma,31,1,A0536
537,537,Dinesh Chavan,32,1,A0537
538,538,Ashok Sharma,33,1,A0538
539,539,Ganesh Hegde,34,1,REC_OFF_010
540,540,Suresh Sharma,35,1,A0540
541,541,Mahesh Chavan,36,1,A0541
542,542,Dinesh Sharma,37,1,A0542
543,543,Ashok Chavan,38,1,A0543
544,544,Santosh Sharma,39,1,A0544
545,545,Suresh Chavan,40,1,A0545
546,546,Sunil Shetty,41,1,REC_OFF_007
547,547,Dinesh Chavan,42,1,A0547
548,548,Ashok Sharma,43,1,A0548
549,549,Santosh Chavan,44,1,A0549
550,550,Suresh Sharma,45,1,A0550
551,551,Mahesh Chavan,46,1,A0551
552,552,Dinesh Sharma,47,1,A0552
553,553,Venkatesh Rao,48,1,REC_OFF_004
554,554,Santosh Sharma,49,1,A0554
555,555,Suresh Chavan,50,1,A0555
556,556,Mahesh Sharma,51,1,A0556
557,557,Dinesh Chavan,52,1,A0557
558,558,Ashok Sharma,53,1,A0558
559,559,Santosh Chavan,54,1,A0559
560,560,Ramesh Gowda,20,1,REC_OFF_001
561,561,Mahesh Chavan,21,1,A0561
562,562,Dinesh Sharma,22,1,A0562
563,563,Ashok Chavan,23,1,A0563
564,564,Santosh Sharma,24,1,A0564
565,565,Suresh Chavan,25,1,A0565
566,566,Mahesh Sharma,26,1,A0566
567,567,Pradeep Deshmukh,27,1,REC_OFF_008
568,568,Ashok Sharma,28,1,A0568
569,569,Santosh Chavan,29,1,A0569
570,570,Suresh Sharma,30,1,A0570
571,571,Mahesh Chavan,31,1,A0571
572,572,Dinesh Sharma,32,1,A0572
573,573,Ashok Chavan,33,1,A0573
574,574,Basavaraj Patil,34,1,REC_OFF_005
575,575,Suresh Chavan,35,1,A0575
576,576,Mahesh Sharma,36,1,A0576
577,577,Dinesh Chavan,37,1,A0577
578,578,Ashok Sharma,38,1,A0578
579,579,Santosh Chavan,39,1,A0579
580,580,Suresh Sharma,40,1,A0580
581,581,Kiran Kumar,41,1,REC_OFF_002
582,582,Dinesh Sharma,42,1,A0582
583,583,Ashok Chavan,43,1,A0583
584,584,Santosh Sharma,44,1,A0584
585,585,Suresh Chavan,45,1,A0585
586,586,Mahesh Sharma,46,1,A0586
587,587,Dinesh Chavan,47,1,A0587
588,588,Dharmesh Pujari,48,1,REC_OFF_009
589,589,Santosh Chavan,49,1,A0589
590,590,Suresh Sharma,50,1,A0590
591,591,Mahesh Chavan,51,1,A0591
592,592,Dinesh Sharma,52,1,A0592
593,593,Ashok Chavan,53,1,A0593
594,594,Santosh Sharma,54,1,A0594
595,595,Anand Kulkarni,20,1,REC_OFF_006
596,596,Mahesh Sharma,21,1,A0596
597,597,Dinesh Chavan,22,1,A0597
598,598,Ashok Sharma,23,1,A0598
599,599,Santosh Chavan,24,1,A0599
600,600,Suresh Sharma,25,1,A0600
601,601,Mahesh Chavan,26,1,A0601
602,602,Manjunath Naik,27,1,REC_OFF_003
603,603,Ashok Chavan,28,1,A0603
604,604,Santosh Sharma,29,1,A0604
605,605,Suresh Chavan,30,1,A0605
606,606,Mahesh Sharma,31,1,A0606
607,607,Dinesh Chavan,32,1,A0607
608,608,Ashok Sharma,33,1,A0608
609,609,Ganesh Hegde,34,1,REC_OFF_010
610,610,Suresh Sharma,35,1,A0610
611,611,Mahesh Chavan,36,1,A0611
612,612,Dinesh Sharma,37,1,A0612
613,613,Ashok Chavan,38,1,A0613
614,614,Santosh Sharma,39,1,A0614
615,615,Suresh Chavan,40,1,A0615
616,616,Sunil Shetty,41,1,REC_OFF_007
617,617,Dinesh Chavan,42,1,A0617
618,618,Ashok Sharma,43,1,A0618
619,619,Santosh Chavan,44,1,A0619
620,620,Suresh Sharma,45,1,A0620
621,621,Mahesh Chavan,46,1,A0621
622,622,Dinesh Sharma,47,1,A0622
623,623,Venkatesh Rao,48,1,REC_OFF_004
624,624,Santosh Sharma,49,1,A0624
625,625,Suresh Chavan,50,1,A0625
626,626,Mahesh Sharma,51,1,A0626
627,627,Dinesh Chavan,52,1,A0627
628,628,Ashok Sharma,53,1,A0628
629,629,Santosh Chavan,54,1,A0629
630,630,Ramesh Gowda,20,1,REC_OFF_001
631,631,Mahesh Chavan,21,1,A0631
632,632,Dinesh Sharma,22,1,A0632
633,633,Ashok Chavan,23,1,A0633
634,634,Santosh Sharma,24,1,A0634
635,635,Suresh Chavan,25,1,A0635
636,636,Mahesh Sharma,26,1,A0636
637,637,Pradeep Deshmukh,27,1,REC_OFF_008
638,638,Ashok Sharma,28,1,A0638
639,639,Santosh Chavan,29,1,A0639
640,640,Suresh Sharma,30,1,A0640
641,641,Mahesh Chavan,31,1,A0641
642,642,Dinesh Sharma,32,1,A0642
643,643,Ashok Chavan,33,1,A0643
644,644,Basavaraj Patil,34,1,REC_OFF_005
645,645,Suresh Chavan,35,1,A0645
646,646,Mahesh Sharma,36,1,A0646
647,647,Dinesh Chavan,37,1,A0647
648,648,Ashok Sharma,38,1,A0648
649,649,Santosh Chavan,39,1,A0649
650,650,Suresh Sharma,40,1,A0650
651,651,Kiran Kumar,41,1,REC_OFF_002
652,652,Dinesh Sharma,42,1,A0652
653,653,Ashok Chavan,43,1,A0653
654,654,Santosh Sharma,44,1,A0654
655,655,Suresh Chavan,45,1,A0655
656,656,Mahesh Sharma,46,1,A0656
657,657,Dinesh Chavan,47,1,A0657
658,658,Dharmesh Pujari,48,1,REC_OFF_009
659,659,Santosh Chavan,49,1,A0659
660,660,Suresh Sharma,50,1,A0660
661,661,Mahesh Chavan,51,1,A0661
662,662,Dinesh Sharma,52,1,A0662
663,663,Ashok Chavan,53,1,A0663
664,664,Santosh Sharma,54,1,A0664
665,665,Anand Kulkarni,20,1,REC_OFF_006
666,666,Mahesh Sharma,21,1,A0666
667,667,Dinesh Chavan,22,1,A0667
668,668,Ashok Sharma,23,1,A0668
669,669,Santosh Chavan,24,1,A0669
670,670,Suresh Sharma,25,1,A0670
671,671,Mahesh Chavan,26,1,A0671
672,672,Manjunath Naik,27,1,REC_OFF_003
673,673,Ashok Chavan,28,1,A0673
674,674,Santosh Sharma,29,1,A0674
675,675,Suresh Chavan,30,1,A0675
676,676,Mahesh Sharma,31,1,A0676
677,677,Dinesh Chavan,32,1,A0677
678,678,Ashok Sharma,33,1,A0678
679,679,Ganesh Hegde,34,1,REC_OFF_010
680,680,Suresh Sharma,35,1,A0680
681,681,Mahesh Chavan,36,1,A0681
682,682,Dinesh Sharma,37,1,A0682
683,683,Ashok Chavan,38,1,A0683
684,684,Santosh Sharma,39,1,A0684
685,685,Suresh Chavan,40,1,A0685
686,686,Sunil Shetty,41,1,REC_OFF_007
687,687,Dinesh Chavan,42,1,A0687
688,688,Ashok Sharma,43,1,A0688
689,689,Santosh Chavan,44,1,A0689
690,690,Suresh Sharma,45,1,A0690
691,691,Mahesh Chavan,46,1,A0691
692,692,Dinesh Sharma,47,1,A0692
693,693,Venkatesh Rao,48,1,REC_OFF_004
694,694,Santosh Sharma,49,1,A0694
695,695,Suresh Chavan,50,1,A0695
696,696,Mahesh Sharma,51,1,A0696
697,697,Dinesh Chavan,52,1,A0697
698,698,Ashok Sharma,53,1,A0698
699,699,Santosh Chavan,54,1,A0699
700,700,Ramesh Gowda,20,1,REC_OFF_001
701,701,Mahesh Chavan,21,1,A0701
702,702,Dinesh Sharma,22,1,A0702
703,703,Ashok Chavan,23,1,A0703
704,704,Santosh Sharma,24,1,A0704
705,705,Suresh Chavan,25,1,A0705
706,706,Mahesh Sharma,26,1,A0706
707,707,Pradeep Deshmukh,27,1,REC_OFF_008
708,708,Ashok Sharma,28,1,A0708
709,709,Santosh Chavan,29,1,A0709
710,710,Suresh Sharma,30,1,A0710
711,711,Mahesh Chavan,31,1,A0711
712,712,Dinesh Sharma,32,1,A0712
713,713,Ashok Chavan,33,1,A0713
714,714,Basavaraj Patil,34,1,REC_OFF_005
715,715,Suresh Chavan,35,1,A0715
716,716,Mahesh Sharma,36,1,A0716
717,717,Dinesh Chavan,37,1,A0717
718,718,Ashok Sharma,38,1,A0718
719,719,Santosh Chavan,39,1,A0719
720,720,Suresh Sharma,40,1,A0720
721,721,Kiran Kumar,41,1,REC_OFF_002
722,722,Dinesh Sharma,42,1,A0722
723,723,Ashok Chavan,43,1,A0723
724,724,Santosh Sharma,44,1,A0724
725,725,Suresh Chavan,45,1,A0725
726,726,Mahesh Sharma,46,1,A0726
727,727,Dinesh Chavan,47,1,A0727
728,728,Dharmesh Pujari,48,1,REC_OFF_009
729,729,Santosh Chavan,49,1,A0729
730,730,Suresh Sharma,50,1,A0730
731,731,Mahesh Chavan,51,1,A0731
732,732,Dinesh Sharma,52,1,A0732
733,733,Ashok Chavan,53,1,A0733
734,734,Santosh Sharma,54,1,A0734
735,735,Anand Kulkarni,20,1,REC_OFF_006
736,736,Mahesh Sharma,21,1,A0736
737,737,Dinesh Chavan,22,1,A0737
738,738,Ashok Sharma,23,1,A0738
739,739,Santosh Chavan,24,1,A0739
740,740,Suresh Sharma,25,1,A0740
741,741,Mahesh Chavan,26,1,A0741
742,742,Manjunath Naik,27,1,REC_OFF_003
743,743,Ashok Chavan,28,1,A0743
744,744,Santosh Sharma,29,1,A0744
745,745,Suresh Chavan,30,1,A0745
746,746,Mahesh Sharma,31,1,A0746
747,747,Dinesh Chavan,32,1,A0747
748,748,Ashok Sharma,33,1,A0748
749,749,Ganesh Hegde,34,1,REC_OFF_010
750,750,Suresh Sharma,35,1,A0750
751,751,Mahesh Chavan,36,1,A0751
752,752,Dinesh Sharma,37,1,A0752
753,753,Ashok Chavan,38,1,A0753
754,754,Santosh Sharma,39,1,A0754
755,755,Suresh Chavan,40,1,A0755
756,756,Sunil Shetty,41,1,REC_OFF_007
757,757,Dinesh Chavan,42,1,A0757
758,758,Ashok Sharma,43,1,A0758
759,759,Santosh Chavan,44,1,A0759
760,760,Suresh Sharma,45,1,A0760
761,761,Mahesh Chavan,46,1,A0761
762,762,Dinesh Sharma,47,1,A0762
763,763,Venkatesh Rao,48,1,REC_OFF_004
764,764,Santosh Sharma,49,1,A0764
765,765,Suresh Chavan,50,1,A0765
766,766,Mahesh Sharma,51,1,A0766
767,767,Dinesh Chavan,52,1,A0767
768,768,Ashok Sharma,53,1,A0768
769,769,Santosh Chavan,54,1,A0769
770,770,Ramesh Gowda,20,1,REC_OFF_001
771,771,Mahesh Chavan,21,1,A0771
772,772,Dinesh Sharma,22,1,A0772
773,773,Ashok Chavan,23,1,A0773
774,774,Santosh Sharma,24,1,A0774
775,775,Suresh Chavan,25,1,A0775
776,776,Mahesh Sharma,26,1,A0776
777,777,Pradeep Deshmukh,27,1,REC_OFF_008
778,778,Ashok Sharma,28,1,A0778
779,779,Santosh Chavan,29,1,A0779
780,780,Suresh Sharma,30,1,A0780
781,781,Mahesh Chavan,31,1,A0781
782,782,Dinesh Sharma,32,1,A0782
783,783,Ashok Chavan,33,1,A0783
784,784,Basavaraj Patil,34,1,REC_OFF_005
785,785,Suresh Chavan,35,1,A0785
786,786,Mahesh Sharma,36,1,A0786
787,787,Dinesh Chavan,37,1,A0787
788,788,Ashok Sharma,38,1,A0788
789,789,Santosh Chavan,39,1,A0789
790,790,Suresh Sharma,40,1,A0790
791,791,Kiran Kumar,41,1,REC_OFF_002
792,792,Dinesh Sharma,42,1,A0792
793,793,Ashok Chavan,43,1,A0793
794,794,Santosh Sharma,44,1,A0794
795,795,Suresh Chavan,45,1,A0795
796,796,Mahesh Sharma,46,1,A0796
797,797,Dinesh Chavan,47,1,A0797
798,798,Dharmesh Pujari,48,1,REC_OFF_009
799,799,Santosh Chavan,49,1,A0799
800,800,Suresh Sharma,50,1,A0800
801,801,Mahesh Chavan,51,1,A0801
802,802,Dinesh Sharma,52,1,A0802
803,803,Ashok Chavan,53,1,A0803
804,804,Santosh Sharma,54,1,A0804
805,805,Anand Kulkarni,20,1,REC_OFF_006
806,806,Mahesh Sharma,21,1,A0806
807,807,Dinesh Chavan,22,1,A0807
808,808,Ashok Sharma,23,1,A0808
809,809,Santosh Chavan,24,1,A0809
810,810,Suresh Sharma,25,1,A0810
811,811,Mahesh Chavan,26,1,A0811
812,812,Manjunath Naik,27,1,REC_OFF_003
813,813,Ashok Chavan,28,1,A0813
814,814,Santosh Sharma,29,1,A0814
815,815,Suresh Chavan,30,1,A0815
816,816,Mahesh Sharma,31,1,A0816
817,817,Dinesh Chavan,32,1,A0817
818,818,Ashok Sharma,33,1,A0818
819,819,Ganesh Hegde,34,1,REC_OFF_010
820,820,Suresh Sharma,35,1,A0820
821,821,Mahesh Chavan,36,1,A0821
822,822,Dinesh Sharma,37,1,A0822
823,823,Ashok Chavan,38,1,A0823
824,824,Santosh Sharma,39,1,A0824
825,825,Suresh Chavan,40,1,A0825
826,826,Sunil Shetty,41,1,REC_OFF_007
827,827,Dinesh Chavan,42,1,A0827
828,828,Ashok Sharma,43,1,A0828
829,829,Santosh Chavan,44,1,A0829
830,830,Suresh Sharma,45,1,A0830
831,831,Mahesh Chavan,46,1,A0831
832,832,Dinesh Sharma,47,1,A0832
833,833,Venkatesh Rao,48,1,REC_OFF_004
834,834,Santosh Sharma,49,1,A0834
835,835,Suresh Chavan,50,1,A0835
836,836,Mahesh Sharma,51,1,A0836
837,837,Dinesh Chavan,52,1,A0837
838,838,Ashok Sharma,53,1,A0838
839,839,Santosh Chavan,54,1,A0839
840,840,Ramesh Gowda,20,1,REC_OFF_001
841,841,Mahesh Chavan,21,1,A0841
842,842,Dinesh Sharma,22,1,A0842
843,843,Ashok Chavan,23,1,A0843
844,844,Santosh Sharma,24,1,A0844
845,845,Suresh Chavan,25,1,A0845
846,846,Mahesh Sharma,26,1,A0846
847,847,Pradeep Deshmukh,27,1,REC_OFF_008
848,848,Ashok Sharma,28,1,A0848
849,849,Santosh Chavan,29,1,A0849
850,850,Suresh Sharma,30,1,A0850
851,851,Mahesh Chavan,31,1,A0851
852,852,Dinesh Sharma,32,1,A0852
853,853,Ashok Chavan,33,1,A0853
854,854,Basavaraj Patil,34,1,REC_OFF_005
855,855,Suresh Chavan,35,1,A0855
856,856,Mahesh Sharma,36,1,A0856
857,857,Dinesh Chavan,37,1,A0857
858,858,Ashok Sharma,38,1,A0858
859,859,Santosh Chavan,39,1,A0859
860,860,Suresh Sharma,40,1,A0860
861,861,Kiran Kumar,41,1,REC_OFF_002
862,862,Dinesh Sharma,42,1,A0862
863,863,Ashok Chavan,43,1,A0863
864,864,Santosh Sharma,44,1,A0864
865,865,Suresh Chavan,45,1,A0865
866,866,Mahesh Sharma,46,1,A0866
867,867,Dinesh Chavan,47,1,A0867
868,868,Dharmesh Pujari,48,1,REC_OFF_009
869,869,Santosh Chavan,49,1,A0869
870,870,Suresh Sharma,50,1,A0870
871,871,Mahesh Chavan,51,1,A0871
872,872,Dinesh Sharma,52,1,A0872
873,873,Ashok Chavan,53,1,A0873
874,874,Santosh Sharma,54,1,A0874
875,875,Anand Kulkarni,20,1,REC_OFF_006
876,876,Mahesh Sharma,21,1,A0876
877,877,Dinesh Chavan,22,1,A0877
878,878,Ashok Sharma,23,1,A0878
879,879,Santosh Chavan,24,1,A0879
880,880,Suresh Sharma,25,1,A0880
881,881,Mahesh Chavan,26,1,A0881
882,882,Manjunath Naik,27,1,REC_OFF_003
883,883,Ashok Chavan,28,1,A0883
884,884,Santosh Sharma,29,1,A0884
885,885,Suresh Chavan,30,1,A0885
886,886,Mahesh Sharma,31,1,A0886
887,887,Dinesh Chavan,32,1,A0887
888,888,Ashok Sharma,33,1,A0888
889,889,Ganesh Hegde,34,1,REC_OFF_010
890,890,Suresh Sharma,35,1,A0890
891,891,Mahesh Chavan,36,1,A0891
892,892,Dinesh Sharma,37,1,A0892
893,893,Ashok Chavan,38,1,A0893
894,894,Santosh Sharma,39,1,A0894
895,895,Suresh Chavan,40,1,A0895
896,896,Sunil Shetty,41,1,REC_OFF_007
897,897,Dinesh Chavan,42,1,A0897
898,898,Ashok Sharma,43,1,A0898
899,899,Santosh Chavan,44,1,A0899
900,900,Suresh Sharma,45,1,A0900
901,901,Mahesh Chavan,46,1,A0901
902,902,Dinesh Sharma,47,1,A0902
903,903,Venkatesh Rao,48,1,REC_OFF_004
904,904,Santosh Sharma,49,1,A0904
905,905,Suresh Chavan,50,1,A0905
906,906,Mahesh Sharma,51,1,A0906
907,907,Dinesh Chavan,52,1,A0907
908,908,Ashok Sharma,53,1,A0908
909,909,Santosh Chavan,54,1,A0909
910,910,Ramesh Gowda,20,1,REC_OFF_001
911,911,Mahesh Chavan,21,1,A0911
912,912,Dinesh Sharma,22,1,A0912
913,913,Ashok Chavan,23,1,A0913
914,914,Santosh Sharma,24,1,A0914
915,915,Suresh Chavan,25,1,A0915
916,916,Mahesh Sharma,26,1,A0916
917,917,Pradeep Deshmukh,27,1,REC_OFF_008
918,918,Ashok Sharma,28,1,A0918
919,919,Santosh Chavan,29,1,A0919
920,920,Suresh Sharma,30,1,A0920
921,921,Mahesh Chavan,31,1,A0921
922,922,Dinesh Sharma,32,1,A0922
923,923,Ashok Chavan,33,1,A0923
924,924,Basavaraj Patil,34,1,REC_OFF_005
925,925,Suresh Chavan,35,1,A0925
926,926,Mahesh Sharma,36,1,A0926
927,927,Dinesh Chavan,37,1,A0927
928,928,Ashok Sharma,38,1,A0928
929,929,Santosh Chavan,39,1,A0929
930,930,Suresh Sharma,40,1,A0930
931,931,Kiran Kumar,41,1,REC_OFF_002
932,932,Dinesh Sharma,42,1,A0932
933,933,Ashok Chavan,43,1,A0933
934,934,Santosh Sharma,44,1,A0934
935,935,Suresh Chavan,45,1,A0935
936,936,Mahesh Sharma,46,1,A0936
937,937,Dinesh Chavan,47,1,A0937
938,938,Dharmesh Pujari,48,1,REC_OFF_009
939,939,Santosh Chavan,49,1,A0939
940,940,Suresh Sharma,50,1,A0940
941,941,Mahesh Chavan,51,1,A0941
942,942,Dinesh Sharma,52,1,A0942
943,943,Ashok Chavan,53,1,A0943
944,944,Santosh Sharma,54,1,A0944
945,945,Anand Kulkarni,20,1,REC_OFF_006
946,946,Mahesh Sharma,21,1,A0946
947,947,Dinesh Chavan,22,1,A0947
948,948,Ashok Sharma,23,1,A0948
949,949,Santosh Chavan,24,1,A0949
950,950,Suresh Sharma,25,1,A0950
951,951,Mahesh Chavan,26,1,A0951
952,952,Manjunath Naik,27,1,REC_OFF_003
953,953,Ashok Chavan,28,1,A0953
954,954,Santosh Sharma,29,1,A0954
955,955,Suresh Chavan,30,1,A0955
956,956,Mahesh Sharma,31,1,A0956
957,957,Dinesh Chavan,32,1,A0957
958,958,Ashok Sharma,33,1,A0958
959,959,Ganesh Hegde,34,1,REC_OFF_010
960,960,Suresh Sharma,35,1,A0960
961,961,Mahesh Chavan,36,1,A0961
962,962,Dinesh Sharma,37,1,A0962
963,963,Ashok Chavan,38,1,A0963
964,964,Santosh Sharma,39,1,A0964
965,965,Suresh Chavan,40,1,A0965
966,966,Sunil Shetty,41,1,REC_OFF_007
967,967,Dinesh Chavan,42,1,A0967
968,968,Ashok Sharma,43,1,A0968
969,969,Santosh Chavan,44,1,A0969
970,970,Suresh Sharma,45,1,A0970
971,971,Mahesh Chavan,46,1,A0971
972,972,Dinesh Sharma,47,1,A0972
973,973,Venkatesh Rao,48,1,REC_OFF_004
974,974,Santosh Sharma,49,1,A0974
975,975,Suresh Chavan,50,1,A0975
976,976,Mahesh Sharma,51,1,A0976
977,977,Dinesh Chavan,52,1,A0977
978,978,Ashok Sharma,53,1,A0978
979,979,Santosh Chavan,54,1,A0979
980,980,Ramesh Gowda,20,1,REC_OFF_001
981,981,Mahesh Chavan,21,1,A0981
982,982,Dinesh Sharma,22,1,A0982
983,983,Ashok Chavan,23,1,A0983
984,984,Santosh Sharma,24,1,A0984
985,985,Suresh Chavan,25,1,A0985
986,986,Mahesh Sharma,26,1,A0986
987,987,Pradeep Deshmukh,27,1,REC_OFF_008
988,988,Ashok Sharma,28,1,A0988
989,989,Santosh Chavan,29,1,A0989
990,990,Suresh Sharma,30,1,A0990
991,991,Mahesh Chavan,31,1,A0991
992,992,Dinesh Sharma,32,1,A0992
993,993,Ashok Chavan,33,1,A0993
994,994,Basavaraj Patil,34,1,REC_OFF_005
995,995,Suresh Chavan,35,1,A0995
996,996,Mahesh Sharma,36,1,A0996
997,997,Dinesh Chavan,37,1,A0997
998,998,Ashok Sharma,38,1,A0998
999,999,Santosh Chavan,39,1,A0999
1000,1000,Suresh Sharma,40,1,A1000
1001,1001,Kiran Kumar,41,1,REC_OFF_002
1002,1002,Dinesh Sharma,42,1,A1002
1003,1003,Ashok Chavan,43,1,A1003
1004,1004,Santosh Sharma,44,1,A1004
1005,1005,Suresh Chavan,45,1,A1005
1006,1006,Mahesh Sharma,46,1,A1006
1007,1007,Dinesh Chavan,47,1,A1007
1008,1008,Dharmesh Pujari,48,1,REC_OFF_009
1009,1009,Santosh Chavan,49,1,A1009
1010,1010,Suresh Sharma,50,1,A1010
1011,1011,Mahesh Chavan,51,1,A1011
1012,1012,Dinesh Sharma,52,1,A1012
1013,1013,Ashok Chavan,53,1,A1013
1014,1014,Santosh Sharma,54,1,A1014
1015,1015,Anand Kulkarni,20,1,REC_OFF_006
1016,1016,Mahesh Sharma,21,1,A1016
1017,1017,Dinesh Chavan,22,1,A1017
1018,1018,Ashok Sharma,23,1,A1018
1019,1019,Santosh Chavan,24,1,A1019
1020,1020,Suresh Sharma,25,1,A1020
1021,1021,Mahesh Chavan,26,1,A1021
1022,1022,Manjunath Naik,27,1,REC_OFF_003
1023,1023,Ashok Chavan,28,1,A1023
1024,1024,Santosh Sharma,29,1,A1024
1025,1025,Suresh Chavan,30,1,A1025
1026,1026,Mahesh Sharma,31,1,A1026
1027,1027,Dinesh Chavan,32,1,A1027
1028,1028,Ashok Sharma,33,1,A1028
1029,1029,Ganesh Hegde,34,1,REC_OFF_010
1030,1030,Suresh Sharma,35,1,A1030
1031,1031,Mahesh Chavan,36,1,A1031
1032,1032,Dinesh Sharma,37,1,A1032
1033,1033,Ashok Chavan,38,1,A1033
1034,1034,Santosh Sharma,39,1,A1034
1035,1035,Suresh Chavan,40,1,A1035
1036,1036,Sunil Shetty,41,1,REC_OFF_007
1037,1037,Dinesh Chavan,42,1,A1037
1038,1038,Ashok Sharma,43,1,A1038
1039,1039,Santosh Chavan,44,1,A1039
1040,1040,Suresh Sharma,45,1,A1040
1041,1041,Mahesh Chavan,46,1,A1041
1042,1042,Dinesh Sharma,47,1,A1042
1043,1043,Venkatesh Rao,48,1,REC_OFF_004
1044,1044,Santosh Sharma,49,1,A1044
1045,1045,Suresh Chavan,50,1,A1045
1046,1046,Mahesh Sharma,51,1,A1046
1047,1047,Dinesh Chavan,52,1,A1047
1048,1048,Ashok Sharma,53,1,A1048
1049,1049,Santosh Chavan,54,1,A1049
1050,1050,Ramesh Gowda,20,1,REC_OFF_001
1051,1051,Mahesh Chavan,21,1,A1051
1052,1052,Dinesh Sharma,22,1,A1052
1053,1053,Ashok Chavan,23,1,A1053
1054,1054,Santosh Sharma,24,1,A1054
1055,1055,Suresh Chavan,25,1,A1055
1056,1056,Mahesh Sharma,26,1,A1056
1057,1057,Pradeep Deshmukh,27,1,REC_OFF_008
1058,1058,Ashok Sharma,28,1,A1058
1059,1059,Santosh Chavan,29,1,A1059
1060,1060,Suresh Sharma,30,1,A1060
1061,1061,Mahesh Chavan,31,1,A1061
1062,1062,Dinesh Sharma,32,1,A1062
1063,1063,Ashok Chavan,33,1,A1063
1064,1064,Basavaraj Patil,34,1,REC_OFF_005
1065,1065,Suresh Chavan,35,1,A1065
1066,1066,Mahesh Sharma,36,1,A1066
1067,1067,Dinesh Chavan,37,1,A1067
1068,1068,Ashok Sharma,38,1,A1068
1069,1069,Santosh Chavan,39,1,A1069
1070,1070,Suresh Sharma,40,1,A1070
1071,1071,Kiran Kumar,41,1,REC_OFF_002
1072,1072,Dinesh Sharma,42,1,A1072
1073,1073,Ashok Chavan,43,1,A1073
1074,1074,Santosh Sharma,44,1,A1074
1075,1075,Suresh Chavan,45,1,A1075
1076,1076,Mahesh Sharma,46,1,A1076
1077,1077,Dinesh Chavan,47,1,A1077
1078,1078,Dharmesh Pujari,48,1,REC_OFF_009
1079,1079,Santosh Chavan,49,1,A1079
1080,1080,Suresh Sharma,50,1,A1080
1081,1081,Mahesh Chavan,51,1,A1081
1082,1082,Dinesh Sharma,52,1,A1082
1083,1083,Ashok Chavan,53,1,A1083
1084,1084,Santosh Sharma,54,1,A1084
1085,1085,Anand Kulkarni,20,1,REC_OFF_006
1086,1086,Mahesh Sharma,21,1,A1086
1087,1087,Dinesh Chavan,22,1,A1087
1088,1088,Ashok Sharma,23,1,A1088
1089,1089,Santosh Chavan,24,1,A1089
1090,1090,Suresh Sharma,25,1,A1090
1091,1091,Mahesh Chavan,26,1,A1091
1092,1092,Manjunath Naik,27,1,REC_OFF_003
1093,1093,Ashok Chavan,28,1,A1093
1094,1094,Santosh Sharma,29,1,A1094
1095,1095,Suresh Chavan,30,1,A1095
1096,1096,Mahesh Sharma,31,1,A1096
1097,1097,Dinesh Chavan,32,1,A1097
1098,1098,Ashok Sharma,33,1,A1098
1099,1099,Ganesh Hegde,34,1,REC_OFF_010
1100,1100,Suresh Sharma,35,1,A1100
1101,1101,Mahesh Chavan,36,1,A1101
1102,1102,Dinesh Sharma,37,1,A1102
1103,1103,Ashok Chavan,38,1,A1103
1104,1104,Santosh Sharma,39,1,A1104
1105,1105,Suresh Chavan,40,1,A1105
1106,1106,Sunil Shetty,41,1,REC_OFF_007
1107,1107,Dinesh Chavan,42,1,A1107
1108,1108,Ashok Sharma,43,1,A1108
1109,1109,Santosh Chavan,44,1,A1109
1110,1110,Suresh Sharma,45,1,A1110
1111,1111,Mahesh Chavan,46,1,A1111
1112,1112,Dinesh Sharma,47,1,A1112
1113,1113,Venkatesh Rao,48,1,REC_OFF_004
1114,1114,Santosh Sharma,49,1,A1114
1115,1115,Suresh Chavan,50,1,A1115
1116,1116,Mahesh Sharma,51,1,A1116
1117,1117,Dinesh Chavan,52,1,A1117
1118,1118,Ashok Sharma,53,1,A1118
1119,1119,Santosh Chavan,54,1,A1119
1120,1120,Ramesh Gowda,20,1,REC_OFF_001
1121,1121,Mahesh Chavan,21,1,A1121
1122,1122,Dinesh Sharma,22,1,A1122
1123,1123,Ashok Chavan,23,1,A1123
1124,1124,Santosh Sharma,24,1,A1124
1125,1125,Suresh Chavan,25,1,A1125
1126,1126,Mahesh Sharma,26,1,A1126
1127,1127,Pradeep Deshmukh,27,1,REC_OFF_008
1128,1128,Ashok Sharma,28,1,A1128
1129,1129,Santosh Chavan,29,1,A1129
1130,1130,Suresh Sharma,30,1,A1130
1131,1131,Mahesh Chavan,31,1,A1131
1132,1132,Dinesh Sharma,32,1,A1132
1133,1133,Ashok Chavan,33,1,A1133
1134,1134,Basavaraj Patil,34,1,REC_OFF_005
1135,1135,Suresh Chavan,35,1,A1135
1136,1136,Mahesh Sharma,36,1,A1136
1137,1137,Dinesh Chavan,37,1,A1137
1138,1138,Ashok Sharma,38,1,A1138
1139,1139,Santosh Chavan,39,1,A1139
1140,1140,Suresh Sharma,40,1,A1140
1141,1141,Kiran Kumar,41,1,REC_OFF_002
1142,1142,Dinesh Sharma,42,1,A1142
1143,1143,Ashok Chavan,43,1,A1143
1144,1144,Santosh Sharma,44,1,A1144
1145,1145,Suresh Chavan,45,1,A1145
1146,1146,Mahesh Sharma,46,1,A1146
1147,1147,Dinesh Chavan,47,1,A1147
1148,1148,Dharmesh Pujari,48,1,REC_OFF_009
1149,1149,Santosh Chavan,49,1,A1149
1150,1150,Suresh Sharma,50,1,A1150
1151,1151,Mahesh Chavan,51,1,A1151
1152,1152,Dinesh Sharma,52,1,A1152
1153,1153,Ashok Chavan,53,1,A1153
1154,1154,Santosh Sharma,54,1,A1154
1155,1155,Anand Kulkarni,20,1,REC_OFF_006
1156,1156,Mahesh Sharma,21,1,A1156
1157,1157,Dinesh Chavan,22,1,A1157
1158,1158,Ashok Sharma,23,1,A1158
1159,1159,Santosh Chavan,24,1,A1159
1160,1160,Suresh Sharma,25,1,A1160
1161,1161,Mahesh Chavan,26,1,A1161
1162,1162,Manjunath Naik,27,1,REC_OFF_003
1163,1163,Ashok Chavan,28,1,A1163
1164,1164,Santosh Sharma,29,1,A1164
1165,1165,Suresh Chavan,30,1,A1165
1166,1166,Mahesh Sharma,31,1,A1166
1167,1167,Dinesh Chavan,32,1,A1167
1168,1168,Ashok Sharma,33,1,A1168
1169,1169,Ganesh Hegde,34,1,REC_OFF_010
1170,1170,Suresh Sharma,35,1,A1170
1171,1171,Mahesh Chavan,36,1,A1171
1172,1172,Dinesh Sharma,37,1,A1172
1173,1173,Ashok Chavan,38,1,A1173
1174,1174,Santosh Sharma,39,1,A1174
1175,1175,Suresh Chavan,40,1,A1175
1176,1176,Sunil Shetty,41,1,REC_OFF_007
1177,1177,Dinesh Chavan,42,1,A1177
1178,1178,Ashok Sharma,43,1,A1178
1179,1179,Santosh Chavan,44,1,A1179
1180,1180,Suresh Sharma,45,1,A1180
1181,1181,Mahesh Chavan,46,1,A1181
1182,1182,Dinesh Sharma,47,1,A1182
1183,1183,Venkatesh Rao,48,1,REC_OFF_004
1184,1184,Santosh Sharma,49,1,A1184
1185,1185,Suresh Chavan,50,1,A1185
1186,1186,Mahesh Sharma,51,1,A1186
1187,1187,Dinesh Chavan,52,1,A1187
1188,1188,Ashok Sharma,53,1,A1188
1189,1189,Santosh Chavan,54,1,A1189
1190,1190,Ramesh Gowda,20,1,REC_OFF_001
1191,1191,Mahesh Chavan,21,1,A1191
1192,1192,Dinesh Sharma,22,1,A1192
1193,1193,Ashok Chavan,23,1,A1193
1194,1194,Santosh Sharma,24,1,A1194
1195,1195,Suresh Chavan,25,1,A1195
1196,1196,Mahesh Sharma,26,1,A1196
1197,1197,Pradeep Deshmukh,27,1,REC_OFF_008
1198,1198,Ashok Sharma,28,1,A1198
1199,1199,Santosh Chavan,29,1,A1199
1200,1200,Suresh Sharma,30,1,A1200
1201,1201,Mahesh Chavan,31,1,A1201
1202,1202,Dinesh Sharma,32,1,A1202
1203,1203,Ashok Chavan,33,1,A1203
1204,1204,Basavaraj Patil,34,1,REC_OFF_005
1205,1205,Suresh Chavan,35,1,A1205
1206,1206,Mahesh Sharma,36,1,A1206
1207,1207,Dinesh Chavan,37,1,A1207
1208,1208,Ashok Sharma,38,1,A1208
1209,1209,Santosh Chavan,39,1,A1209
1210,1210,Suresh Sharma,40,1,A1210
1211,1211,Kiran Kumar,41,1,REC_OFF_002
1212,1212,Dinesh Sharma,42,1,A1212
1213,1213,Ashok Chavan,43,1,A1213
1214,1214,Santosh Sharma,44,1,A1214
1215,1215,Suresh Chavan,45,1,A1215
1216,1216,Mahesh Sharma,46,1,A1216
1217,1217,Dinesh Chavan,47,1,A1217
1218,1218,Dharmesh Pujari,48,1,REC_OFF_009
1219,1219,Santosh Chavan,49,1,A1219
1220,1220,Suresh Sharma,50,1,A1220
1221,1221,Mahesh Chavan,51,1,A1221
1222,1222,Dinesh Sharma,52,1,A1222
1223,1223,Ashok Chavan,53,1,A1223
1224,1224,Santosh Sharma,54,1,A1224
1225,1225,Anand Kulkarni,20,1,REC_OFF_006
1226,1226,Mahesh Sharma,21,1,A1226
1227,1227,Dinesh Chavan,22,1,A1227
1228,1228,Ashok Sharma,23,1,A1228
1229,1229,Santosh Chavan,24,1,A1229
1230,1230,Suresh Sharma,25,1,A1230
1231,1231,Mahesh Chavan,26,1,A1231
1232,1232,Manjunath Naik,27,1,REC_OFF_003
1233,1233,Ashok Chavan,28,1,A1233
1234,1234,Santosh Sharma,29,1,A1234
1235,1235,Suresh Chavan,30,1,A1235
1236,1236,Mahesh Sharma,31,1,A1236
1237,1237,Dinesh Chavan,32,1,A1237
1238,1238,Ashok Sharma,33,1,A1238
1239,1239,Ganesh Hegde,34,1,REC_OFF_010
1240,1240,Suresh Sharma,35,1,A1240
1241,1241,Mahesh Chavan,36,1,A1241
1242,1242,Dinesh Sharma,37,1,A1242
1243,1243,Ashok Chavan,38,1,A1243
1244,1244,Santosh Sharma,39,1,A1244
1245,1245,Suresh Chavan,40,1,A1245
1246,1246,Sunil Shetty,41,1,REC_OFF_007
1247,1247,Dinesh Chavan,42,1,A1247
1248,1248,Ashok Sharma,43,1,A1248
1249,1249,Santosh Chavan,44,1,A1249
1250,1250,Suresh Sharma,45,1,A1250
1251,1251,Mahesh Chavan,46,1,A1251
1252,1252,Dinesh Sharma,47,1,A1252
1253,1253,Venkatesh Rao,48,1,REC_OFF_004
1254,1254,Santosh Sharma,49,1,A1254
1255,1255,Suresh Chavan,50,1,A1255
1256,1256,Mahesh Sharma,51,1,A1256
1257,1257,Dinesh Chavan,52,1,A1257
1258,1258,Ashok Sharma,53,1,A1258
1259,1259,Santosh Chavan,54,1,A1259
1260,1260,Ramesh Gowda,20,1,REC_OFF_001
1261,1261,Mahesh Chavan,21,1,A1261
1262,1262,Dinesh Sharma,22,1,A1262
1263,1263,Ashok Chavan,23,1,A1263
1264,1264,Santosh Sharma,24,1,A1264
1265,1265,Suresh Chavan,25,1,A1265
1266,1266,Mahesh Sharma,26,1,A1266
1267,1267,Pradeep Deshmukh,27,1,REC_OFF_008
1268,1268,Ashok Sharma,28,1,A1268
1269,1269,Santosh Chavan,29,1,A1269
1270,1270,Suresh Sharma,30,1,A1270
1271,1271,Mahesh Chavan,31,1,A1271
1272,1272,Dinesh Sharma,32,1,A1272
1273,1273,Ashok Chavan,33,1,A1273
1274,1274,Basavaraj Patil,34,1,REC_OFF_005
1275,1275,Suresh Chavan,35,1,A1275
1276,1276,Mahesh Sharma,36,1,A1276
1277,1277,Dinesh Chavan,37,1,A1277
1278,1278,Ashok Sharma,38,1,A1278
1279,1279,Santosh Chavan,39,1,A1279
1280,1280,Suresh Sharma,40,1,A1280
1281,1281,Kiran Kumar,41,1,REC_OFF_002
1282,1282,Dinesh Sharma,42,1,A1282
1283,1283,Ashok Chavan,43,1,A1283
1284,1284,Santosh Sharma,44,1,A1284
1285,1285,Suresh Chavan,45,1,A1285
1286,1286,Mahesh Sharma,46,1,A1286
1287,1287,Dinesh Chavan,47,1,A1287
1288,1288,Dharmesh Pujari,48,1,REC_OFF_009
1289,1289,Santosh Chavan,49,1,A1289
1290,1290,Suresh Sharma,50,1,A1290
1291,1291,Mahesh Chavan,51,1,A1291
1292,1292,Dinesh Sharma,52,1,A1292
1293,1293,Ashok Chavan,53,1,A1293
1294,1294,Santosh Sharma,54,1,A1294
1295,1295,Anand Kulkarni,20,1,REC_OFF_006
1296,1296,Mahesh Sharma,21,1,A1296
1297,1297,Dinesh Chavan,22,1,A1297
1298,1298,Ashok Sharma,23,1,A1298
1299,1299,Santosh Chavan,24,1,A1299
1300,1300,Suresh Sharma,25,1,A1300
1301,1301,Mahesh Chavan,26,1,A1301
1302,1302,Manjunath Naik,27,1,REC_OFF_003
1303,1303,Ashok Chavan,28,1,A1303
1304,1304,Santosh Sharma,29,1,A1304
1305,1305,Suresh Chavan,30,1,A1305
1306,1306,Mahesh Sharma,31,1,A1306
1307,1307,Dinesh Chavan,32,1,A1307
1308,1308,Ashok Sharma,33,1,A1308
1309,1309,Ganesh Hegde,34,1,REC_OFF_010
1310,1310,Suresh Sharma,35,1,A1310
1311,1311,Mahesh Chavan,36,1,A1311
1312,1312,Dinesh Sharma,37,1,A1312
1313,1313,Ashok Chavan,38,1,A1313
1314,1314,Santosh Sharma,39,1,A1314
1315,1315,Suresh Chavan,40,1,A1315
1316,1316,Sunil Shetty,41,1,REC_OFF_007
1317,1317,Dinesh Chavan,42,1,A1317
1318,1318,Ashok Sharma,43,1,A1318
1319,1319,Santosh Chavan,44,1,A1319
1320,1320,Suresh Sharma,45,1,A1320
1321,1321,Mahesh Chavan,46,1,A1321
1322,1322,Dinesh Sharma,47,1,A1322
1323,1323,Venkatesh Rao,48,1,REC_OFF_004
1324,1324,Santosh Sharma,49,1,A1324
1325,1325,Suresh Chavan,50,1,A1325
1326,1326,Mahesh Sharma,51,1,A1326
1327,1327,Dinesh Chavan,52,1,A1327
1328,1328,Ashok Sharma,53,1,A1328
1329,1329,Santosh Chavan,54,1,A1329
1330,1330,Ramesh Gowda,20,1,REC_OFF_001
1331,1331,Mahesh Chavan,21,1,A1331
1332,1332,Dinesh Sharma,22,1,A1332
1333,1333,Ashok Chavan,23,1,A1333
1334,1334,Santosh Sharma,24,1,A1334
1335,1335,Suresh Chavan,25,1,A1335
1336,1336,Mahesh Sharma,26,1,A1336
1337,1337,Pradeep Deshmukh,27,1,REC_OFF_008
1338,1338,Ashok Sharma,28,1,A1338
1339,1339,Santosh Chavan,29,1,A1339
1340,1340,Suresh Sharma,30,1,A1340
1341,1341,Mahesh Chavan,31,1,A1341
1342,1342,Dinesh Sharma,32,1,A1342
1343,1343,Ashok Chavan,33,1,A1343
1344,1344,Basavaraj Patil,34,1,REC_OFF_005
1345,1345,Suresh Chavan,35,1,A1345
1346,1346,Mahesh Sharma,36,1,A1346
1347,1347,Dinesh Chavan,37,1,A1347
1348,1348,Ashok Sharma,38,1,A1348
1349,1349,Santosh Chavan,39,1,A1349
1350,1350,Suresh Sharma,40,1,A1350
1351,1351,Kiran Kumar,41,1,REC_OFF_002
1352,1352,Dinesh Sharma,42,1,A1352
1353,1353,Ashok Chavan,43,1,A1353
1354,1354,Santosh Sharma,44,1,A1354
1355,1355,Suresh Chavan,45,1,A1355
1356,1356,Mahesh Sharma,46,1,A1356
1357,1357,Dinesh Chavan,47,1,A1357
1358,1358,Dharmesh Pujari,48,1,REC_OFF_009
1359,1359,Santosh Chavan,49,1,A1359
1360,1360,Suresh Sharma,50,1,A1360
1361,1361,Mahesh Chavan,51,1,A1361
1362,1362,Dinesh Sharma,52,1,A1362
1363,1363,Ashok Chavan,53,1,A1363
1364,1364,Santosh Sharma,54,1,A1364
1365,1365,Anand Kulkarni,20,1,REC_OFF_006
1366,1366,Mahesh Sharma,21,1,A1366
1367,1367,Dinesh Chavan,22,1,A1367
1368,1368,Ashok Sharma,23,1,A1368
1369,1369,Santosh Chavan,24,1,A1369
1370,1370,Suresh Sharma,25,1,A1370
1371,1371,Mahesh Chavan,26,1,A1371
1372,1372,Manjunath Naik,27,1,REC_OFF_003
1373,1373,Ashok Chavan,28,1,A1373
1374,1374,Santosh Sharma,29,1,A1374
1375,1375,Suresh Chavan,30,1,A1375
1376,1376,Mahesh Sharma,31,1,A1376
1377,1377,Dinesh Chavan,32,1,A1377
1378,1378,Ashok Sharma,33,1,A1378
1379,1379,Ganesh Hegde,34,1,REC_OFF_010
1380,1380,Suresh Sharma,35,1,A1380
1381,1381,Mahesh Chavan,36,1,A1381
1382,1382,Dinesh Sharma,37,1,A1382
1383,1383,Ashok Chavan,38,1,A1383
1384,1384,Santosh Sharma,39,1,A1384
1385,1385,Suresh Chavan,40,1,A1385
1386,1386,Sunil Shetty,41,1,REC_OFF_007
1387,1387,Dinesh Chavan,42,1,A1387
1388,1388,Ashok Sharma,43,1,A1388
1389,1389,Santosh Chavan,44,1,A1389
1390,1390,Suresh Sharma,45,1,A1390
1391,1391,Mahesh Chavan,46,1,A1391
1392,1392,Dinesh Sharma,47,1,A1392
1393,1393,Venkatesh Rao,48,1,REC_OFF_004
1394,1394,Santosh Sharma,49,1,A1394
1395,1395,Suresh Chavan,50,1,A1395
1396,1396,Mahesh Sharma,51,1,A1396
1397,1397,Dinesh Chavan,52,1,A1397
1398,1398,Ashok Sharma,53,1,A1398
1399,1399,Santosh Chavan,54,1,A1399
1400,1400,Ramesh Gowda,20,1,REC_OFF_001
1401,1401,Mahesh Chavan,21,1,A1401
1402,1402,Dinesh Sharma,22,1,A1402
1403,1403,Ashok Chavan,23,1,A1403
1404,1404,Santosh Sharma,24,1,A1404
1405,1405,Suresh Chavan,25,1,A1405
1406,1406,Mahesh Sharma,26,1,A1406
1407,1407,Pradeep Deshmukh,27,1,REC_OFF_008
1408,1408,Ashok Sharma,28,1,A1408
1409,1409,Santosh Chavan,29,1,A1409
1410,1410,Suresh Sharma,30,1,A1410
1411,1411,Mahesh Chavan,31,1,A1411
1412,1412,Dinesh Sharma,32,1,A1412
1413,1413,Ashok Chavan,33,1,A1413
1414,1414,Basavaraj Patil,34,1,REC_OFF_005
1415,1415,Suresh Chavan,35,1,A1415
1416,1416,Mahesh Sharma,36,1,A1416
1417,1417,Dinesh Chavan,37,1,A1417
1418,1418,Ashok Sharma,38,1,A1418
1419,1419,Santosh Chavan,39,1,A1419
1420,1420,Suresh Sharma,40,1,A1420
1421,1421,Kiran Kumar,41,1,REC_OFF_002
1422,1422,Dinesh Sharma,42,1,A1422
1423,1423,Ashok Chavan,43,1,A1423
1424,1424,Santosh Sharma,44,1,A1424
1425,1425,Suresh Chavan,45,1,A1425
1426,1426,Mahesh Sharma,46,1,A1426
1427,1427,Dinesh Chavan,47,1,A1427
1428,1428,Dharmesh Pujari,48,1,REC_OFF_009
1429,1429,Santosh Chavan,49,1,A1429
1430,1430,Suresh Sharma,50,1,A1430
1431,1431,Mahesh Chavan,51,1,A1431
1432,1432,Dinesh Sharma,52,1,A1432
1433,1433,Ashok Chavan,53,1,A1433
1434,1434,Santosh Sharma,54,1,A1434
1435,1435,Anand Kulkarni,20,1,REC_OFF_006
1436,1436,Mahesh Sharma,21,1,A1436
1437,1437,Dinesh Chavan,22,1,A1437
1438,1438,Ashok Sharma,23,1,A1438
1439,1439,Santosh Chavan,24,1,A1439
1440,1440,Suresh Sharma,25,1,A1440
1441,1441,Mahesh Chavan,26,1,A1441
1442,1442,Manjunath Naik,27,1,REC_OFF_003
1443,1443,Ashok Chavan,28,1,A1443
1444,1444,Santosh Sharma,29,1,A1444
1445,1445,Suresh Chavan,30,1,A1445
1446,1446,Mahesh Sharma,31,1,A1446
1447,1447,Dinesh Chavan,32,1,A1447
1448,1448,Ashok Sharma,33,1,A1448
1449,1449,Ganesh Hegde,34,1,REC_OFF_010
1450,1450,Suresh Sharma,35,1,A1450
1451,1451,Mahesh Chavan,36,1,A1451
1452,1452,Dinesh Sharma,37,1,A1452
1453,1453,Ashok Chavan,38,1,A1453
1454,1454,Santosh Sharma,39,1,A1454
1455,1455,Suresh Chavan,40,1,A1455
1456,1456,Sunil Shetty,41,1,REC_OFF_007
1457,1457,Dinesh Chavan,42,1,A1457
1458,1458,Ashok Sharma,43,1,A1458
1459,1459,Santosh Chavan,44,1,A1459
1460,1460,Suresh Sharma,45,1,A1460
1461,1461,Mahesh Chavan,46,1,A1461
1462,1462,Dinesh Sharma,47,1,A1462
1463,1463,Venkatesh Rao,48,1,REC_OFF_004
1464,1464,Santosh Sharma,49,1,A1464
1465,1465,Suresh Chavan,50,1,A1465
1466,1466,Mahesh Sharma,51,1,A1466
1467,1467,Dinesh Chavan,52,1,A1467
1468,1468,Ashok Sharma,53,1,A1468
1469,1469,Santosh Chavan,54,1,A1469
1470,1470,Ramesh Gowda,20,1,REC_OFF_001
1471,1471,Mahesh Chavan,21,1,A1471
1472,1472,Dinesh Sharma,22,1,A1472
1473,1473,Ashok Chavan,23,1,A1473
1474,1474,Santosh Sharma,24,1,A1474
1475,1475,Suresh Chavan,25,1,A1475
1476,1476,Mahesh Sharma,26,1,A1476
1477,1477,Pradeep Deshmukh,27,1,REC_OFF_008
1478,1478,Ashok Sharma,28,1,A1478
1479,1479,Santosh Chavan,29,1,A1479
1480,1480,Suresh Sharma,30,1,A1480
1481,1481,Mahesh Chavan,31,1,A1481
1482,1482,Dinesh Sharma,32,1,A1482
1483,1483,Ashok Chavan,33,1,A1483
1484,1484,Basavaraj Patil,34,1,REC_OFF_005
1485,1485,Suresh Chavan,35,1,A1485
1486,1486,Mahesh Sharma,36,1,A1486
1487,1487,Dinesh Chavan,37,1,A1487
1488,1488,Ashok Sharma,38,1,A1488
1489,1489,Santosh Chavan,39,1,A1489
1490,1490,Suresh Sharma,40,1,A1490
1491,1491,Kiran Kumar,41,1,REC_OFF_002
1492,1492,Dinesh Sharma,42,1,A1492
1493,1493,Ashok Chavan,43,1,A1493
1494,1494,Santosh Sharma,44,1,A1494
1495,1495,Suresh Chavan,45,1,A1495
1496,1496,Mahesh Sharma,46,1,A1496
1497,1497,Dinesh Chavan,47,1,A1497
1498,1498,Dharmesh Pujari,48,1,REC_OFF_009
1499,1499,Santosh Chavan,49,1,A1499
1500,1500,Suresh Sharma,50,1,A1500
1501,1501,Mahesh Chavan,51,1,A1501
1502,1502,Dinesh Sharma,52,1,A1502
1503,1503,Ashok Chavan,53,1,A1503
1504,1504,Santosh Sharma,54,1,A1504
1505,1505,Anand Kulkarni,20,1,REC_OFF_006
1506,1506,Mahesh Sharma,21,1,A1506
1507,1507,Dinesh Chavan,22,1,A1507
1508,1508,Ashok Sharma,23,1,A1508
1509,1509,Santosh Chavan,24,1,A1509
1510,1510,Suresh Sharma,25,1,A1510
1511,1511,Mahesh Chavan,26,1,A1511
1512,1512,Manjunath Naik,27,1,REC_OFF_003
1513,1513,Ashok Chavan,28,1,A1513
1514,1514,Santosh Sharma,29,1,A1514
1515,1515,Suresh Chavan,30,1,A1515
1516,1516,Mahesh Sharma,31,1,A1516
1517,1517,Dinesh Chavan,32,1,A1517
1518,1518,Ashok Sharma,33,1,A1518
1519,1519,Ganesh Hegde,34,1,REC_OFF_010
1520,1520,Suresh Sharma,35,1,A1520
1521,1521,Mahesh Chavan,36,1,A1521
1522,1522,Dinesh Sharma,37,1,A1522
1523,1523,Ashok Chavan,38,1,A1523
1524,1524,Santosh Sharma,39,1,A1524
1525,1525,Suresh Chavan,40,1,A1525
1526,1526,Sunil Shetty,41,1,REC_OFF_007
1527,1527,Dinesh Chavan,42,1,A1527
1528,1528,Ashok Sharma,43,1,A1528
1529,1529,Santosh Chavan,44,1,A1529
1530,1530,Suresh Sharma,45,1,A1530
1531,1531,Mahesh Chavan,46,1,A1531
1532,1532,Dinesh Sharma,47,1,A1532
1533,1533,Venkatesh Rao,48,1,REC_OFF_004
1534,1534,Santosh Sharma,49,1,A1534
1535,1535,Suresh Chavan,50,1,A1535
1536,1536,Mahesh Sharma,51,1,A1536
1537,1537,Dinesh Chavan,52,1,A1537
1538,1538,Ashok Sharma,53,1,A1538
1539,1539,Santosh Chavan,54,1,A1539
1540,1540,Ramesh Gowda,20,1,REC_OFF_001
1541,1541,Mahesh Chavan,21,1,A1541
1542,1542,Dinesh Sharma,22,1,A1542
1543,1543,Ashok Chavan,23,1,A1543
1544,1544,Santosh Sharma,24,1,A1544
1545,1545,Suresh Chavan,25,1,A1545
1546,1546,Mahesh Sharma,26,1,A1546
1547,1547,Pradeep Deshmukh,27,1,REC_OFF_008
1548,1548,Ashok Sharma,28,1,A1548
1549,1549,Santosh Chavan,29,1,A1549
1550,1550,Suresh Sharma,30,1,A1550
1551,1551,Mahesh Chavan,31,1,A1551
1552,1552,Dinesh Sharma,32,1,A1552
1553,1553,Ashok Chavan,33,1,A1553
1554,1554,Basavaraj Patil,34,1,REC_OFF_005
1555,1555,Suresh Chavan,35,1,A1555
1556,1556,Mahesh Sharma,36,1,A1556
1557,1557,Dinesh Chavan,37,1,A1557
1558,1558,Ashok Sharma,38,1,A1558
1559,1559,Santosh Chavan,39,1,A1559
1560,1560,Suresh Sharma,40,1,A1560
1561,1561,Kiran Kumar,41,1,REC_OFF_002
1562,1562,Dinesh Sharma,42,1,A1562
1563,1563,Ashok Chavan,43,1,A1563
1564,1564,Santosh Sharma,44,1,A1564
1565,1565,Suresh Chavan,45,1,A1565
1566,1566,Mahesh Sharma,46,1,A1566
1567,1567,Dinesh Chavan,47,1,A1567
1568,1568,Dharmesh Pujari,48,1,REC_OFF_009
1569,1569,Santosh Chavan,49,1,A1569
1570,1570,Suresh Sharma,50,1,A1570
1571,1571,Mahesh Chavan,51,1,A1571
1572,1572,Dinesh Sharma,52,1,A1572
1573,1573,Ashok Chavan,53,1,A1573
1574,1574,Santosh Sharma,54,1,A1574
1575,1575,Anand Kulkarni,20,1,REC_OFF_006
1576,1576,Mahesh Sharma,21,1,A1576
1577,1577,Dinesh Chavan,22,1,A1577
1578,1578,Ashok Sharma,23,1,A1578
1579,1579,Santosh Chavan,24,1,A1579
1580,1580,Suresh Sharma,25,1,A1580
1581,1581,Mahesh Chavan,26,1,A1581
1582,1582,Manjunath Naik,27,1,REC_OFF_003
1583,1583,Ashok Chavan,28,1,A1583
1584,1584,Santosh Sharma,29,1,A1584
1585,1585,Suresh Chavan,30,1,A1585
1586,1586,Mahesh Sharma,31,1,A1586
1587,1587,Dinesh Chavan,32,1,A1587
1588,1588,Ashok Sharma,33,1,A1588
1589,1589,Ganesh Hegde,34,1,REC_OFF_010
1590,1590,Suresh Sharma,35,1,A1590
1591,1591,Mahesh Chavan,36,1,A1591
1592,1592,Dinesh Sharma,37,1,A1592
1593,1593,Ashok Chavan,38,1,A1593
1594,1594,Santosh Sharma,39,1,A1594
1595,1595,Suresh Chavan,40,1,A1595
1596,1596,Sunil Shetty,41,1,REC_OFF_007
1597,1597,Dinesh Chavan,42,1,A1597
1598,1598,Ashok Sharma,43,1,A1598
1599,1599,Santosh Chavan,44,1,A1599
1600,1600,Suresh Sharma,45,1,A1600
1601,1601,Mahesh Chavan,46,1,A1601
1602,1602,Dinesh Sharma,47,1,A1602
1603,1603,Venkatesh Rao,48,1,REC_OFF_004
1604,1604,Santosh Sharma,49,1,A1604
1605,1605,Suresh Chavan,50,1,A1605
1606,1606,Mahesh Sharma,51,1,A1606
1607,1607,Dinesh Chavan,52,1,A1607
1608,1608,Ashok Sharma,53,1,A1608
1609,1609,Santosh Chavan,54,1,A1609
1610,1610,Ramesh Gowda,20,1,REC_OFF_001
1611,1611,Mahesh Chavan,21,1,A1611
1612,1612,Dinesh Sharma,22,1,A1612
1613,1613,Ashok Chavan,23,1,A1613
1614,1614,Santosh Sharma,24,1,A1614
1615,1615,Suresh Chavan,25,1,A1615
1616,1616,Mahesh Sharma,26,1,A1616
1617,1617,Pradeep Deshmukh,27,1,REC_OFF_008
1618,1618,Ashok Sharma,28,1,A1618
1619,1619,Santosh Chavan,29,1,A1619
1620,1620,Suresh Sharma,30,1,A1620
1621,1621,Mahesh Chavan,31,1,A1621
1622,1622,Dinesh Sharma,32,1,A1622
1623,1623,Ashok Chavan,33,1,A1623
1624,1624,Basavaraj Patil,34,1,REC_OFF_005
1625,1625,Suresh Chavan,35,1,A1625
1626,1626,Mahesh Sharma,36,1,A1626
1627,1627,Dinesh Chavan,37,1,A1627
1628,1628,Ashok Sharma,38,1,A1628
1629,1629,Santosh Chavan,39,1,A1629
1630,1630,Suresh Sharma,40,1,A1630
1631,1631,Kiran Kumar,41,1,REC_OFF_002
1632,1632,Dinesh Sharma,42,1,A1632
1633,1633,Ashok Chavan,43,1,A1633
1634,1634,Santosh Sharma,44,1,A1634
1635,1635,Suresh Chavan,45,1,A1635
1636,1636,Mahesh Sharma,46,1,A1636
1637,1637,Dinesh Chavan,47,1,A1637
1638,1638,Dharmesh Pujari,48,1,REC_OFF_009
1639,1639,Santosh Chavan,49,1,A1639
1640,1640,Suresh Sharma,50,1,A1640
1641,1641,Mahesh Chavan,51,1,A1641
1642,1642,Dinesh Sharma,52,1,A1642
1643,1643,Ashok Chavan,53,1,A1643
1644,1644,Santosh Sharma,54,1,A1644
1645,1645,Anand Kulkarni,20,1,REC_OFF_006
1646,1646,Mahesh Sharma,21,1,A1646
1647,1647,Dinesh Chavan,22,1,A1647
1648,1648,Ashok Sharma,23,1,A1648
1649,1649,Santosh Chavan,24,1,A1649
1650,1650,Suresh Sharma,25,1,A1650
1651,1651,Mahesh Chavan,26,1,A1651
1652,1652,Manjunath Naik,27,1,REC_OFF_003
1653,1653,Ashok Chavan,28,1,A1653
1654,1654,Santosh Sharma,29,1,A1654
1655,1655,Suresh Chavan,30,1,A1655
1656,1656,Mahesh Sharma,31,1,A1656
1657,1657,Dinesh Chavan,32,1,A1657
1658,1658,Ashok Sharma,33,1,A1658
1659,1659,Ganesh Hegde,34,1,REC_OFF_010
1660,1660,Suresh Sharma,35,1,A1660
1661,1661,Mahesh Chavan,36,1,A1661
1662,1662,Dinesh Sharma,37,1,A1662
1663,1663,Ashok Chavan,38,1,A1663
1664,1664,Santosh Sharma,39,1,A1664
1665,1665,Suresh Chavan,40,1,A1665
1666,1666,Sunil Shetty,41,1,REC_OFF_007
1667,1667,Dinesh Chavan,42,1,A1667
1668,1668,Ashok Sharma,43,1,A1668
1669,1669,Santosh Chavan,44,1,A1669
1670,1670,Suresh Sharma,45,1,A1670
1671,1671,Mahesh Chavan,46,1,A1671
1672,1672,Dinesh Sharma,47,1,A1672
1673,1673,Venkatesh Rao,48,1,REC_OFF_004
1674,1674,Santosh Sharma,49,1,A1674
1675,1675,Suresh Chavan,50,1,A1675
1676,1676,Mahesh Sharma,51,1,A1676
1677,1677,Dinesh Chavan,52,1,A1677
1678,1678,Ashok Sharma,53,1,A1678
1679,1679,Santosh Chavan,54,1,A1679
1680,1680,Ramesh Gowda,20,1,REC_OFF_001
1681,1681,Mahesh Chavan,21,1,A1681
1682,1682,Dinesh Sharma,22,1,A1682
1683,1683,Ashok Chavan,23,1,A1683
1684,1684,Santosh Sharma,24,1,A1684
1685,1685,Suresh Chavan,25,1,A1685
1686,1686,Mahesh Sharma,26,1,A1686
1687,1687,Pradeep Deshmukh,27,1,REC_OFF_008
1688,1688,Ashok Sharma,28,1,A1688
1689,1689,Santosh Chavan,29,1,A1689
1690,1690,Suresh Sharma,30,1,A1690
1691,1691,Mahesh Chavan,31,1,A1691
1692,1692,Dinesh Sharma,32,1,A1692
1693,1693,Ashok Chavan,33,1,A1693
1694,1694,Basavaraj Patil,34,1,REC_OFF_005
1695,1695,Suresh Chavan,35,1,A1695
1696,1696,Mahesh Sharma,36,1,A1696
1697,1697,Dinesh Chavan,37,1,A1697
1698,1698,Ashok Sharma,38,1,A1698
1699,1699,Santosh Chavan,39,1,A1699
1700,1700,Suresh Sharma,40,1,A1700
1701,1701,Kiran Kumar,41,1,REC_OFF_002
1702,1702,Dinesh Sharma,42,1,A1702
1703,1703,Ashok Chavan,43,1,A1703
1704,1704,Santosh Sharma,44,1,A1704
1705,1705,Suresh Chavan,45,1,A1705
1706,1706,Mahesh Sharma,46,1,A1706
1707,1707,Dinesh Chavan,47,1,A1707
1708,1708,Dharmesh Pujari,48,1,REC_OFF_009
1709,1709,Santosh Chavan,49,1,A1709
1710,1710,Suresh Sharma,50,1,A1710
1711,1711,Mahesh Chavan,51,1,A1711
1712,1712,Dinesh Sharma,52,1,A1712
1713,1713,Ashok Chavan,53,1,A1713
1714,1714,Santosh Sharma,54,1,A1714
1715,1715,Anand Kulkarni,20,1,REC_OFF_006
1716,1716,Mahesh Sharma,21,1,A1716
1717,1717,Dinesh Chavan,22,1,A1717
1718,1718,Ashok Sharma,23,1,A1718
1719,1719,Santosh Chavan,24,1,A1719
1720,1720,Suresh Sharma,25,1,A1720
1721,1721,Mahesh Chavan,26,1,A1721
1722,1722,Manjunath Naik,27,1,REC_OFF_003
1723,1723,Ashok Chavan,28,1,A1723
1724,1724,Santosh Sharma,29,1,A1724
1725,1725,Suresh Chavan,30,1,A1725
1726,1726,Mahesh Sharma,31,1,A1726
1727,1727,Dinesh Chavan,32,1,A1727
1728,1728,Ashok Sharma,33,1,A1728
1729,1729,Ganesh Hegde,34,1,REC_OFF_010
1730,1730,Suresh Sharma,35,1,A1730
1731,1731,Mahesh Chavan,36,1,A1731
1732,1732,Dinesh Sharma,37,1,A1732
1733,1733,Ashok Chavan,38,1,A1733
1734,1734,Santosh Sharma,39,1,A1734
1735,1735,Suresh Chavan,40,1,A1735
1736,1736,Sunil Shetty,41,1,REC_OFF_007
1737,1737,Dinesh Chavan,42,1,A1737
1738,1738,Ashok Sharma,43,1,A1738
1739,1739,Santosh Chavan,44,1,A1739
1740,1740,Suresh Sharma,45,1,A1740
1741,1741,Mahesh Chavan,46,1,A1741
1742,1742,Dinesh Sharma,47,1,A1742
1743,1743,Venkatesh Rao,48,1,REC_OFF_004
1744,1744,Santosh Sharma,49,1,A1744
1745,1745,Suresh Chavan,50,1,A1745
1746,1746,Mahesh Sharma,51,1,A1746
1747,1747,Dinesh Chavan,52,1,A1747
1748,1748,Ashok Sharma,53,1,A1748
1749,1749,Santosh Chavan,54,1,A1749
1750,1750,Ramesh Gowda,20,1,REC_OFF_001
1751,1751,Mahesh Chavan,21,1,A1751
1752,1752,Dinesh Sharma,22,1,A1752
1753,1753,Ashok Chavan,23,1,A1753
1754,1754,Santosh Sharma,24,1,A1754
1755,1755,Suresh Chavan,25,1,A1755
1756,1756,Mahesh Sharma,26,1,A1756
1757,1757,Pradeep Deshmukh,27,1,REC_OFF_008
1758,1758,Ashok Sharma,28,1,A1758
1759,1759,Santosh Chavan,29,1,A1759
1760,1760,Suresh Sharma,30,1,A1760
1761,1761,Mahesh Chavan,31,1,A1761
1762,1762,Dinesh Sharma,32,1,A1762
1763,1763,Ashok Chavan,33,1,A1763
1764,1764,Basavaraj Patil,34,1,REC_OFF_005
1765,1765,Suresh Chavan,35,1,A1765
1766,1766,Mahesh Sharma,36,1,A1766
1767,1767,Dinesh Chavan,37,1,A1767
1768,1768,Ashok Sharma,38,1,A1768
1769,1769,Santosh Chavan,39,1,A1769
1770,1770,Suresh Sharma,40,1,A1770
1771,1771,Kiran Kumar,41,1,REC_OFF_002
1772,1772,Dinesh Sharma,42,1,A1772
1773,1773,Ashok Chavan,43,1,A1773
1774,1774,Santosh Sharma,44,1,A1774
1775,1775,Suresh Chavan,45,1,A1775
1776,1776,Mahesh Sharma,46,1,A1776
1777,1777,Dinesh Chavan,47,1,A1777
1778,1778,Dharmesh Pujari,48,1,REC_OFF_009
1779,1779,Santosh Chavan,49,1,A1779
1780,1780,Suresh Sharma,50,1,A1780
1781,1781,Mahesh Chavan,51,1,A1781
1782,1782,Dinesh Sharma,52,1,A1782
1783,1783,Ashok Chavan,53,1,A1783
1784,1784,Santosh Sharma,54,1,A1784
1785,1785,Anand Kulkarni,20,1,REC_OFF_006
1786,1786,Mahesh Sharma,21,1,A1786
1787,1787,Dinesh Chavan,22,1,A1787
1788,1788,Ashok Sharma,23,1,A1788
1789,1789,Santosh Chavan,24,1,A1789
1790,1790,Suresh Sharma,25,1,A1790
1791,1791,Mahesh Chavan,26,1,A1791
1792,1792,Manjunath Naik,27,1,REC_OFF_003
1793,1793,Ashok Chavan,28,1,A1793
1794,1794,Santosh Sharma,29,1,A1794
1795,1795,Suresh Chavan,30,1,A1795
1796,1796,Mahesh Sharma,31,1,A1796
1797,1797,Dinesh Chavan,32,1,A1797
1798,1798,Ashok Sharma,33,1,A1798
1799,1799,Ganesh Hegde,34,1,REC_OFF_010
1800,1800,Suresh Sharma,35,1,A1800
1801,1801,Mahesh Chavan,36,1,A1801
1802,1802,Dinesh Sharma,37,1,A1802
1803,1803,Ashok Chavan,38,1,A1803
1804,1804,Santosh Sharma,39,1,A1804
1805,1805,Suresh Chavan,40,1,A1805
1806,1806,Sunil Shetty,41,1,REC_OFF_007
1807,1807,Dinesh Chavan,42,1,A1807
1808,1808,Ashok Sharma,43,1,A1808
1809,1809,Santosh Chavan,44,1,A1809
1810,1810,Suresh Sharma,45,1,A1810
1811,1811,Mahesh Chavan,46,1,A1811
1812,1812,Dinesh Sharma,47,1,A1812
1813,1813,Venkatesh Rao,48,1,REC_OFF_004
1814,1814,Santosh Sharma,49,1,A1814
1815,1815,Suresh Chavan,50,1,A1815
1816,1816,Mahesh Sharma,51,1,A1816
1817,1817,Dinesh Chavan,52,1,A1817
1818,1818,Ashok Sharma,53,1,A1818
1819,1819,Santosh Chavan,54,1,A1819
1820,1820,Ramesh Gowda,20,1,REC_OFF_001
1821,1821,Mahesh Chavan,21,1,A1821
1822,1822,Dinesh Sharma,22,1,A1822
1823,1823,Ashok Chavan,23,1,A1823
1824,1824,Santosh Sharma,24,1,A1824
1825,1825,Suresh Chavan,25,1,A1825
1826,1826,Mahesh Sharma,26,1,A1826
1827,1827,Pradeep Deshmukh,27,1,REC_OFF_008
1828,1828,Ashok Sharma,28,1,A1828
1829,1829,Santosh Chavan,29,1,A1829
1830,1830,Suresh Sharma,30,1,A1830
1831,1831,Mahesh Chavan,31,1,A1831
1832,1832,Dinesh Sharma,32,1,A1832
1833,1833,Ashok Chavan,33,1,A1833
1834,1834,Basavaraj Patil,34,1,REC_OFF_005
1835,1835,Suresh Chavan,35,1,A1835
1836,1836,Mahesh Sharma,36,1,A1836
1837,1837,Dinesh Chavan,37,1,A1837
1838,1838,Ashok Sharma,38,1,A1838
1839,1839,Santosh Chavan,39,1,A1839
1840,1840,Suresh Sharma,40,1,A1840
1841,1841,Kiran Kumar,41,1,REC_OFF_002
1842,1842,Dinesh Sharma,42,1,A1842
1843,1843,Ashok Chavan,43,1,A1843
1844,1844,Santosh Sharma,44,1,A1844
1845,1845,Suresh Chavan,45,1,A1845
1846,1846,Mahesh Sharma,46,1,A1846
1847,1847,Dinesh Chavan,47,1,A1847
1848,1848,Dharmesh Pujari,48,1,REC_OFF_009
1849,1849,Santosh Chavan,49,1,A1849
1850,1850,Suresh Sharma,50,1,A1850
1851,1851,Mahesh Chavan,51,1,A1851
1852,1852,Dinesh Sharma,52,1,A1852
1853,1853,Ashok Chavan,53,1,A1853
1854,1854,Santosh Sharma,54,1,A1854
1855,1855,Anand Kulkarni,20,1,REC_OFF_006
1856,1856,Mahesh Sharma,21,1,A1856
1857,1857,Dinesh Chavan,22,1,A1857
1858,1858,Ashok Sharma,23,1,A1858
1859,1859,Santosh Chavan,24,1,A1859
1860,1860,Suresh Sharma,25,1,A1860
1861,1861,Mahesh Chavan,26,1,A1861
1862,1862,Manjunath Naik,27,1,REC_OFF_003
1863,1863,Ashok Chavan,28,1,A1863
1864,1864,Santosh Sharma,29,1,A1864
1865,1865,Suresh Chavan,30,1,A1865
1866,1866,Mahesh Sharma,31,1,A1866
1867,1867,Dinesh Chavan,32,1,A1867
1868,1868,Ashok Sharma,33,1,A1868
1869,1869,Ganesh Hegde,34,1,REC_OFF_010
1870,1870,Suresh Sharma,35,1,A1870
1871,1871,Mahesh Chavan,36,1,A1871
1872,1872,Dinesh Sharma,37,1,A1872
1873,1873,Ashok Chavan,38,1,A1873
1874,1874,Santosh Sharma,39,1,A1874
1875,1875,Suresh Chavan,40,1,A1875
1876,1876,Sunil Shetty,41,1,REC_OFF_007
1877,1877,Dinesh Chavan,42,1,A1877
1878,1878,Ashok Sharma,43,1,A1878
1879,1879,Santosh Chavan,44,1,A1879
1880,1880,Suresh Sharma,45,1,A1880
1881,1881,Mahesh Chavan,46,1,A1881
1882,1882,Dinesh Sharma,47,1,A1882
1883,1883,Venkatesh Rao,48,1,REC_OFF_004
1884,1884,Santosh Sharma,49,1,A1884
1885,1885,Suresh Chavan,50,1,A1885
1886,1886,Mahesh Sharma,51,1,A1886
1887,1887,Dinesh Chavan,52,1,A1887
1888,1888,Ashok Sharma,53,1,A1888
1889,1889,Santosh Chavan,54,1,A1889
1890,1890,Ramesh Gowda,20,1,REC_OFF_001
1891,1891,Mahesh Chavan,21,1,A1891
1892,1892,Dinesh Sharma,22,1,A1892
1893,1893,Ashok Chavan,23,1,A1893
1894,1894,Santosh Sharma,24,1,A1894
1895,1895,Suresh Chavan,25,1,A1895
1896,1896,Mahesh Sharma,26,1,A1896
1897,1897,Pradeep Deshmukh,27,1,REC_OFF_008
1898,1898,Ashok Sharma,28,1,A1898
1899,1899,Santosh Chavan,29,1,A1899
1900,1900,Suresh Sharma,30,1,A1900
1901,1901,Mahesh Chavan,31,1,A1901
1902,1902,Dinesh Sharma,32,1,A1902
1903,1903,Ashok Chavan,33,1,A1903
1904,1904,Basavaraj Patil,34,1,REC_OFF_005
1905,1905,Suresh Chavan,35,1,A1905
1906,1906,Mahesh Sharma,36,1,A1906
1907,1907,Dinesh Chavan,37,1,A1907
1908,1908,Ashok Sharma,38,1,A1908
1909,1909,Santosh Chavan,39,1,A1909
1910,1910,Suresh Sharma,40,1,A1910
1911,1911,Kiran Kumar,41,1,REC_OFF_002
1912,1912,Dinesh Sharma,42,1,A1912
1913,1913,Ashok Chavan,43,1,A1913
1914,1914,Santosh Sharma,44,1,A1914
1915,1915,Suresh Chavan,45,1,A1915
1916,1916,Mahesh Sharma,46,1,A1916
1917,1917,Dinesh Chavan,47,1,A1917
1918,1918,Dharmesh Pujari,48,1,REC_OFF_009
1919,1919,Santosh Chavan,49,1,A1919
1920,1920,Suresh Sharma,50,1,A1920
1921,1921,Mahesh Chavan,51,1,A1921
1922,1922,Dinesh Sharma,52,1,A1922
1923,1923,Ashok Chavan,53,1,A1923
1924,1924,Santosh Sharma,54,1,A1924
1925,1925,Anand Kulkarni,20,1,REC_OFF_006
1926,1926,Mahesh Sharma,21,1,A1926
1927,1927,Dinesh Chavan,22,1,A1927
1928,1928,Ashok Sharma,23,1,A1928
1929,1929,Santosh Chavan,24,1,A1929
1930,1930,Suresh Sharma,25,1,A1930
1931,1931,Mahesh Chavan,26,1,A1931
1932,1932,Manjunath Naik,27,1,REC_OFF_003
1933,1933,Ashok Chavan,28,1,A1933
1934,1934,Santosh Sharma,29,1,A1934
1935,1935,Suresh Chavan,30,1,A1935
1936,1936,Mahesh Sharma,31,1,A1936
1937,1937,Dinesh Chavan,32,1,A1937
1938,1938,Ashok Sharma,33,1,A1938
1939,1939,Ganesh Hegde,34,1,REC_OFF_010
1940,1940,Suresh Sharma,35,1,A1940
1941,1941,Mahesh Chavan,36,1,A1941
1942,1942,Dinesh Sharma,37,1,A1942
1943,1943,Ashok Chavan,38,1,A1943
1944,1944,Santosh Sharma,39,1,A1944
1945,1945,Suresh Chavan,40,1,A1945
1946,1946,Sunil Shetty,41,1,REC_OFF_007
1947,1947,Dinesh Chavan,42,1,A1947
1948,1948,Ashok Sharma,43,1,A1948
1949,1949,Santosh Chavan,44,1,A1949
1950,1950,Suresh Sharma,45,1,A1950
1951,1951,Mahesh Chavan,46,1,A1951
1952,1952,Dinesh Sharma,47,1,A1952
1953,1953,Venkatesh Rao,48,1,REC_OFF_004
1954,1954,Santosh Sharma,49,1,A1954
1955,1955,Suresh Chavan,50,1,A1955
1956,1956,Mahesh Sharma,51,1,A1956
1957,1957,Dinesh Chavan,52,1,A1957
1958,1958,Ashok Sharma,53,1,A1958
1959,1959,Santosh Chavan,54,1,A1959
1960,1960,Ramesh Gowda,20,1,REC_OFF_001
1961,1961,Mahesh Chavan,21,1,A1961
1962,1962,Dinesh Sharma,22,1,A1962
1963,1963,Ashok Chavan,23,1,A1963
1964,1964,Santosh Sharma,24,1,A1964
1965,1965,Suresh Chavan,25,1,A1965
1966,1966,Mahesh Sharma,26,1,A1966
1967,1967,Pradeep Deshmukh,27,1,REC_OFF_008
1968,1968,Ashok Sharma,28,1,A1968
1969,1969,Santosh Chavan,29,1,A1969
1970,1970,Suresh Sharma,30,1,A1970
1971,1971,Mahesh Chavan,31,1,A1971
1972,1972,Dinesh Sharma,32,1,A1972
1973,1973,Ashok Chavan,33,1,A1973
1974,1974,Basavaraj Patil,34,1,REC_OFF_005
1975,1975,Suresh Chavan,35,1,A1975
1976,1976,Mahesh Sharma,36,1,A1976
1977,1977,Dinesh Chavan,37,1,A1977
1978,1978,Ashok Sharma,38,1,A1978
1979,1979,Santosh Chavan,39,1,A1979
1980,1980,Suresh Sharma,40,1,A1980
1981,1981,Kiran Kumar,41,1,REC_OFF_002
1982,1982,Dinesh Sharma,42,1,A1982
1983,1983,Ashok Chavan,43,1,A1983
1984,1984,Santosh Sharma,44,1,A1984
1985,1985,Suresh Chavan,45,1,A1985
1986,1986,Mahesh Sharma,46,1,A1986
1987,1987,Dinesh Chavan,47,1,A1987
1988,1988,Dharmesh Pujari,48,1,REC_OFF_009
1989,1989,Santosh Chavan,49,1,A1989
1990,1990,Suresh Sharma,50,1,A1990
1991,1991,Mahesh Chavan,51,1,A1991
1992,1992,Dinesh Sharma,52,1,A1992
1993,1993,Ashok Chavan,53,1,A1993
1994,1994,Santosh Sharma,54,1,A1994
1995,1995,Anand Kulkarni,20,1,REC_OFF_006
1996,1996,Mahesh Sharma,21,1,A1996
1997,1997,Dinesh Chavan,22,1,A1997
1998,1998,Ashok Sharma,23,1,A1998
1999,1999,Santosh Chavan,24,1,A1999
2000,2000,Suresh Sharma,25,1,A2000
2001,2001,Mahesh Chavan,26,1,A2001
2002,2002,Manjunath Naik,27,1,REC_OFF_003
2003,2003,Ashok Chavan,28,1,A2003
2004,2004,Santosh Sharma,29,1,A2004
2005,2005,Suresh Chavan,30,1,A2005
2006,2006,Mahesh Sharma,31,1,A2006
2007,2007,Dinesh Chavan,32,1,A2007
2008,2008,Ashok Sharma,33,1,A2008
2009,2009,Ganesh Hegde,34,1,REC_OFF_010
2010,2010,Suresh Sharma,35,1,A2010
2011,2011,Mahesh Chavan,36,1,A2011
2012,2012,Dinesh Sharma,37,1,A2012
2013,2013,Ashok Chavan,38,1,A2013
2014,2014,Santosh Sharma,39,1,A2014
2015,2015,Suresh Chavan,40,1,A2015
2016,2016,Sunil Shetty,41,1,REC_OFF_007
2017,2017,Dinesh Chavan,42,1,A2017
2018,2018,Ashok Sharma,43,1,A2018
2019,2019,Santosh Chavan,44,1,A2019
2020,2020,Suresh Sharma,45,1,A2020
2021,2021,Mahesh Chavan,46,1,A2021
2022,2022,Dinesh Sharma,47,1,A2022
2023,2023,Venkatesh Rao,48,1,REC_OFF_004
2024,2024,Santosh Sharma,49,1,A2024
2025,2025,Suresh Chavan,50,1,A2025
2026,2026,Mahesh Sharma,51,1,A2026
2027,2027,Dinesh Chavan,52,1,A2027
2028,2028,Ashok Sharma,53,1,A2028
2029,2029,Santosh Chavan,54,1,A2029
2030,2030,Ramesh Gowda,20,1,REC_OFF_001
2031,2031,Mahesh Chavan,21,1,A2031
2032,2032,Dinesh Sharma,22,1,A2032
2033,2033,Ashok Chavan,23,1,A2033
2034,2034,Santosh Sharma,24,1,A2034
2035,2035,Suresh Chavan,25,1,A2035
2036,2036,Mahesh Sharma,26,1,A2036
2037,2037,Pradeep Deshmukh,27,1,REC_OFF_008
2038,2038,Ashok Sharma,28,1,A2038
2039,2039,Santosh Chavan,29,1,A2039
2040,2040,Suresh Sharma,30,1,A2040
2041,2041,Mahesh Chavan,31,1,A2041
2042,2042,Dinesh Sharma,32,1,A2042
2043,2043,Ashok Chavan,33,1,A2043
2044,2044,Basavaraj Patil,34,1,REC_OFF_005
2045,2045,Suresh Chavan,35,1,A2045
2046,2046,Mahesh Sharma,36,1,A2046
2047,2047,Dinesh Chavan,37,1,A2047
2048,2048,Ashok Sharma,38,1,A2048
2049,2049,Santosh Chavan,39,1,A2049
2050,2050,Suresh Sharma,40,1,A2050
2051,2051,Kiran Kumar,41,1,REC_OFF_002
2052,2052,Dinesh Sharma,42,1,A2052
2053,2053,Ashok Chavan,43,1,A2053
2054,2054,Santosh Sharma,44,1,A2054
2055,2055,Suresh Chavan,45,1,A2055
2056,2056,Mahesh Sharma,46,1,A2056
2057,2057,Dinesh Chavan,47,1,A2057
2058,2058,Dharmesh Pujari,48,1,REC_OFF_009
2059,2059,Santosh Chavan,49,1,A2059
2060,2060,Suresh Sharma,50,1,A2060
2061,2061,Mahesh Chavan,51,1,A2061
2062,2062,Dinesh Sharma,52,1,A2062
2063,2063,Ashok Chavan,53,1,A2063
2064,2064,Santosh Sharma,54,1,A2064
2065,2065,Anand Kulkarni,20,1,REC_OFF_006
2066,2066,Mahesh Sharma,21,1,A2066
2067,2067,Dinesh Chavan,22,1,A2067
2068,2068,Ashok Sharma,23,1,A2068
2069,2069,Santosh Chavan,24,1,A2069
2070,2070,Suresh Sharma,25,1,A2070
2071,2071,Mahesh Chavan,26,1,A2071
2072,2072,Manjunath Naik,27,1,REC_OFF_003
2073,2073,Ashok Chavan,28,1,A2073
2074,2074,Santosh Sharma,29,1,A2074
2075,2075,Suresh Chavan,30,1,A2075
2076,2076,Mahesh Sharma,31,1,A2076
2077,2077,Dinesh Chavan,32,1,A2077
2078,2078,Ashok Sharma,33,1,A2078
2079,2079,Ganesh Hegde,34,1,REC_OFF_010
2080,2080,Suresh Sharma,35,1,A2080
2081,2081,Mahesh Chavan,36,1,A2081
2082,2082,Dinesh Sharma,37,1,A2082
2083,2083,Ashok Chavan,38,1,A2083
2084,2084,Santosh Sharma,39,1,A2084
2085,2085,Suresh Chavan,40,1,A2085
2086,2086,Sunil Shetty,41,1,REC_OFF_007
2087,2087,Dinesh Chavan,42,1,A2087
2088,2088,Ashok Sharma,43,1,A2088
2089,2089,Santosh Chavan,44,1,A2089
2090,2090,Suresh Sharma,45,1,A2090
2091,2091,Mahesh Chavan,46,1,A2091
2092,2092,Dinesh Sharma,47,1,A2092
2093,2093,Venkatesh Rao,48,1,REC_OFF_004
2094,2094,Santosh Sharma,49,1,A2094
2095,2095,Suresh Chavan,50,1,A2095
2096,2096,Mahesh Sharma,51,1,A2096
2097,2097,Dinesh Chavan,52,1,A2097
2098,2098,Ashok Sharma,53,1,A2098
2099,2099,Santosh Chavan,54,1,A2099
2100,2100,Ramesh Gowda,20,1,REC_OFF_001
2101,2101,Mahesh Chavan,21,1,A2101
2102,2102,Dinesh Sharma,22,1,A2102
2103,2103,Ashok Chavan,23,1,A2103
2104,2104,Santosh Sharma,24,1,A2104
2105,2105,Suresh Chavan,25,1,A2105
2106,2106,Mahesh Sharma,26,1,A2106
2107,2107,Pradeep Deshmukh,27,1,REC_OFF_008
2108,2108,Ashok Sharma,28,1,A2108
2109,2109,Santosh Chavan,29,1,A2109
2110,2110,Suresh Sharma,30,1,A2110
2111,2111,Mahesh Chavan,31,1,A2111
2112,2112,Dinesh Sharma,32,1,A2112
2113,2113,Ashok Chavan,33,1,A2113
2114,2114,Basavaraj Patil,34,1,REC_OFF_005
2115,2115,Suresh Chavan,35,1,A2115
2116,2116,Mahesh Sharma,36,1,A2116
2117,2117,Dinesh Chavan,37,1,A2117
2118,2118,Ashok Sharma,38,1,A2118
2119,2119,Santosh Chavan,39,1,A2119
2120,2120,Suresh Sharma,40,1,A2120
2121,2121,Kiran Kumar,41,1,REC_OFF_002
2122,2122,Dinesh Sharma,42,1,A2122
2123,2123,Ashok Chavan,43,1,A2123
2124,2124,Santosh Sharma,44,1,A2124
2125,2125,Suresh Chavan,45,1,A2125
2126,2126,Mahesh Sharma,46,1,A2126
2127,2127,Dinesh Chavan,47,1,A2127
2128,2128,Dharmesh Pujari,48,1,REC_OFF_009
2129,2129,Santosh Chavan,49,1,A2129
2130,2130,Suresh Sharma,50,1,A2130
2131,2131,Mahesh Chavan,51,1,A2131
2132,2132,Dinesh Sharma,52,1,A2132
2133,2133,Ashok Chavan,53,1,A2133
2134,2134,Santosh Sharma,54,1,A2134
2135,2135,Anand Kulkarni,20,1,REC_OFF_006
2136,2136,Mahesh Sharma,21,1,A2136
2137,2137,Dinesh Chavan,22,1,A2137
2138,2138,Ashok Sharma,23,1,A2138
2139,2139,Santosh Chavan,24,1,A2139
2140,2140,Suresh Sharma,25,1,A2140
2141,2141,Mahesh Chavan,26,1,A2141
2142,2142,Manjunath Naik,27,1,REC_OFF_003
2143,2143,Ashok Chavan,28,1,A2143
2144,2144,Santosh Sharma,29,1,A2144
2145,2145,Suresh Chavan,30,1,A2145
2146,2146,Mahesh Sharma,31,1,A2146
2147,2147,Dinesh Chavan,32,1,A2147
2148,2148,Ashok Sharma,33,1,A2148
2149,2149,Ganesh Hegde,34,1,REC_OFF_010
2150,2150,Suresh Sharma,35,1,A2150
2151,2151,Mahesh Chavan,36,1,A2151
2152,2152,Dinesh Sharma,37,1,A2152
2153,2153,Ashok Chavan,38,1,A2153
2154,2154,Santosh Sharma,39,1,A2154
2155,2155,Suresh Chavan,40,1,A2155
2156,2156,Sunil Shetty,41,1,REC_OFF_007
2157,2157,Dinesh Chavan,42,1,A2157
2158,2158,Ashok Sharma,43,1,A2158
2159,2159,Santosh Chavan,44,1,A2159
2160,2160,Suresh Sharma,45,1,A2160
2161,2161,Mahesh Chavan,46,1,A2161
2162,2162,Dinesh Sharma,47,1,A2162
2163,2163,Venkatesh Rao,48,1,REC_OFF_004
2164,2164,Santosh Sharma,49,1,A2164
2165,2165,Suresh Chavan,50,1,A2165
2166,2166,Mahesh Sharma,51,1,A2166
2167,2167,Dinesh Chavan,52,1,A2167
2168,2168,Ashok Sharma,53,1,A2168
2169,2169,Santosh Chavan,54,1,A2169
2170,2170,Ramesh Gowda,20,1,REC_OFF_001
2171,2171,Mahesh Chavan,21,1,A2171
2172,2172,Dinesh Sharma,22,1,A2172
2173,2173,Ashok Chavan,23,1,A2173
2174,2174,Santosh Sharma,24,1,A2174
2175,2175,Suresh Chavan,25,1,A2175
2176,2176,Mahesh Sharma,26,1,A2176
2177,2177,Pradeep Deshmukh,27,1,REC_OFF_008
2178,2178,Ashok Sharma,28,1,A2178
2179,2179,Santosh Chavan,29,1,A2179
2180,2180,Suresh Sharma,30,1,A2180
2181,2181,Mahesh Chavan,31,1,A2181
2182,2182,Dinesh Sharma,32,1,A2182
2183,2183,Ashok Chavan,33,1,A2183
2184,2184,Basavaraj Patil,34,1,REC_OFF_005
2185,2185,Suresh Chavan,35,1,A2185
2186,2186,Mahesh Sharma,36,1,A2186
2187,2187,Dinesh Chavan,37,1,A2187
2188,2188,Ashok Sharma,38,1,A2188
2189,2189,Santosh Chavan,39,1,A2189
2190,2190,Suresh Sharma,40,1,A2190
2191,2191,Kiran Kumar,41,1,REC_OFF_002
2192,2192,Dinesh Sharma,42,1,A2192
2193,2193,Ashok Chavan,43,1,A2193
2194,2194,Santosh Sharma,44,1,A2194
2195,2195,Suresh Chavan,45,1,A2195
2196,2196,Mahesh Sharma,46,1,A2196
2197,2197,Dinesh Chavan,47,1,A2197
2198,2198,Dharmesh Pujari,48,1,REC_OFF_009
2199,2199,Santosh Chavan,49,1,A2199
2200,2200,Suresh Sharma,50,1,A2200
2201,2201,Mahesh Chavan,51,1,A2201
2202,2202,Dinesh Sharma,52,1,A2202
2203,2203,Ashok Chavan,53,1,A2203
2204,2204,Santosh Sharma,54,1,A2204
2205,2205,Anand Kulkarni,20,1,REC_OFF_006
2206,2206,Mahesh Sharma,21,1,A2206
2207,2207,Dinesh Chavan,22,1,A2207
2208,2208,Ashok Sharma,23,1,A2208
2209,2209,Santosh Chavan,24,1,A2209
2210,2210,Suresh Sharma,25,1,A2210
2211,2211,Mahesh Chavan,26,1,A2211
2212,2212,Manjunath Naik,27,1,REC_OFF_003
2213,2213,Ashok Chavan,28,1,A2213
2214,2214,Santosh Sharma,29,1,A2214
2215,2215,Suresh Chavan,30,1,A2215
2216,2216,Mahesh Sharma,31,1,A2216
2217,2217,Dinesh Chavan,32,1,A2217
2218,2218,Ashok Sharma,33,1,A2218
2219,2219,Ganesh Hegde,34,1,REC_OFF_010
2220,2220,Suresh Sharma,35,1,A2220
2221,2221,Mahesh Chavan,36,1,A2221
2222,2222,Dinesh Sharma,37,1,A2222
2223,2223,Ashok Chavan,38,1,A2223
2224,2224,Santosh Sharma,39,1,A2224
2225,2225,Suresh Chavan,40,1,A2225
2226,2226,Sunil Shetty,41,1,REC_OFF_007
2227,2227,Dinesh Chavan,42,1,A2227
2228,2228,Ashok Sharma,43,1,A2228
2229,2229,Santosh Chavan,44,1,A2229
2230,2230,Suresh Sharma,45,1,A2230
2231,2231,Mahesh Chavan,46,1,A2231
2232,2232,Dinesh Sharma,47,1,A2232
2233,2233,Venkatesh Rao,48,1,REC_OFF_004
2234,2234,Santosh Sharma,49,1,A2234
2235,2235,Suresh Chavan,50,1,A2235
2236,2236,Mahesh Sharma,51,1,A2236
2237,2237,Dinesh Chavan,52,1,A2237
2238,2238,Ashok Sharma,53,1,A2238
2239,2239,Santosh Chavan,54,1,A2239
2240,2240,Ramesh Gowda,20,1,REC_OFF_001
2241,2241,Mahesh Chavan,21,1,A2241
2242,2242,Dinesh Sharma,22,1,A2242
2243,2243,Ashok Chavan,23,1,A2243
2244,2244,Santosh Sharma,24,1,A2244
2245,2245,Suresh Chavan,25,1,A2245
2246,2246,Mahesh Sharma,26,1,A2246
2247,2247,Pradeep Deshmukh,27,1,REC_OFF_008
2248,2248,Ashok Sharma,28,1,A2248
2249,2249,Santosh Chavan,29,1,A2249
2250,2250,Suresh Sharma,30,1,A2250
2251,2251,Mahesh Chavan,31,1,A2251
2252,2252,Dinesh Sharma,32,1,A2252
2253,2253,Ashok Chavan,33,1,A2253
2254,2254,Basavaraj Patil,34,1,REC_OFF_005
2255,2255,Suresh Chavan,35,1,A2255
2256,2256,Mahesh Sharma,36,1,A2256
2257,2257,Dinesh Chavan,37,1,A2257
2258,2258,Ashok Sharma,38,1,A2258
2259,2259,Santosh Chavan,39,1,A2259
2260,2260,Suresh Sharma,40,1,A2260
2261,2261,Kiran Kumar,41,1,REC_OFF_002
2262,2262,Dinesh Sharma,42,1,A2262
2263,2263,Ashok Chavan,43,1,A2263
2264,2264,Santosh Sharma,44,1,A2264
2265,2265,Suresh Chavan,45,1,A2265
2266,2266,Mahesh Sharma,46,1,A2266
2267,2267,Dinesh Chavan,47,1,A2267
2268,2268,Dharmesh Pujari,48,1,REC_OFF_009
2269,2269,Santosh Chavan,49,1,A2269
2270,2270,Suresh Sharma,50,1,A2270
2271,2271,Mahesh Chavan,51,1,A2271
2272,2272,Dinesh Sharma,52,1,A2272
2273,2273,Ashok Chavan,53,1,A2273
2274,2274,Santosh Sharma,54,1,A2274
2275,2275,Anand Kulkarni,20,1,REC_OFF_006
2276,2276,Mahesh Sharma,21,1,A2276
2277,2277,Dinesh Chavan,22,1,A2277
2278,2278,Ashok Sharma,23,1,A2278
2279,2279,Santosh Chavan,24,1,A2279
2280,2280,Suresh Sharma,25,1,A2280
2281,2281,Mahesh Chavan,26,1,A2281
2282,2282,Manjunath Naik,27,1,REC_OFF_003
2283,2283,Ashok Chavan,28,1,A2283
2284,2284,Santosh Sharma,29,1,A2284
2285,2285,Suresh Chavan,30,1,A2285
2286,2286,Mahesh Sharma,31,1,A2286
2287,2287,Dinesh Chavan,32,1,A2287
2288,2288,Ashok Sharma,33,1,A2288
2289,2289,Ganesh Hegde,34,1,REC_OFF_010
2290,2290,Suresh Sharma,35,1,A2290
2291,2291,Mahesh Chavan,36,1,A2291
2292,2292,Dinesh Sharma,37,1,A2292
2293,2293,Ashok Chavan,38,1,A2293
2294,2294,Santosh Sharma,39,1,A2294
2295,2295,Suresh Chavan,40,1,A2295
2296,2296,Sunil Shetty,41,1,REC_OFF_007
2297,2297,Dinesh Chavan,42,1,A2297
2298,2298,Ashok Sharma,43,1,A2298
2299,2299,Santosh Chavan,44,1,A2299
2300,2300,Suresh Sharma,45,1,A2300
2301,2301,Mahesh Chavan,46,1,A2301
2302,2302,Dinesh Sharma,47,1,A2302
2303,2303,Venkatesh Rao,48,1,REC_OFF_004
2304,2304,Santosh Sharma,49,1,A2304
2305,2305,Suresh Chavan,50,1,A2305
2306,2306,Mahesh Sharma,51,1,A2306
2307,2307,Dinesh Chavan,52,1,A2307
2308,2308,Ashok Sharma,53,1,A2308
2309,2309,Santosh Chavan,54,1,A2309
2310,2310,Ramesh Gowda,20,1,REC_OFF_001
2311,2311,Mahesh Chavan,21,1,A2311
2312,2312,Dinesh Sharma,22,1,A2312
2313,2313,Ashok Chavan,23,1,A2313
2314,2314,Santosh Sharma,24,1,A2314
2315,2315,Suresh Chavan,25,1,A2315
2316,2316,Mahesh Sharma,26,1,A2316
2317,2317,Pradeep Deshmukh,27,1,REC_OFF_008
2318,2318,Ashok Sharma,28,1,A2318
2319,2319,Santosh Chavan,29,1,A2319
2320,2320,Suresh Sharma,30,1,A2320
2321,2321,Mahesh Chavan,31,1,A2321
2322,2322,Dinesh Sharma,32,1,A2322
2323,2323,Ashok Chavan,33,1,A2323
2324,2324,Basavaraj Patil,34,1,REC_OFF_005
2325,2325,Suresh Chavan,35,1,A2325
2326,2326,Mahesh Sharma,36,1,A2326
2327,2327,Dinesh Chavan,37,1,A2327
2328,2328,Ashok Sharma,38,1,A2328
2329,2329,Santosh Chavan,39,1,A2329
2330,2330,Suresh Sharma,40,1,A2330
2331,2331,Kiran Kumar,41,1,REC_OFF_002
2332,2332,Dinesh Sharma,42,1,A2332
2333,2333,Ashok Chavan,43,1,A2333
2334,2334,Santosh Sharma,44,1,A2334
2335,2335,Suresh Chavan,45,1,A2335
2336,2336,Mahesh Sharma,46,1,A2336
2337,2337,Dinesh Chavan,47,1,A2337
2338,2338,Dharmesh Pujari,48,1,REC_OFF_009
2339,2339,Santosh Chavan,49,1,A2339
2340,2340,Suresh Sharma,50,1,A2340
2341,2341,Mahesh Chavan,51,1,A2341
2342,2342,Dinesh Sharma,52,1,A2342
2343,2343,Ashok Chavan,53,1,A2343
2344,2344,Santosh Sharma,54,1,A2344
2345,2345,Anand Kulkarni,20,1,REC_OFF_006
2346,2346,Mahesh Sharma,21,1,A2346
2347,2347,Dinesh Chavan,22,1,A2347
2348,2348,Ashok Sharma,23,1,A2348
2349,2349,Santosh Chavan,24,1,A2349
2350,2350,Suresh Sharma,25,1,A2350
2351,2351,Mahesh Chavan,26,1,A2351
2352,2352,Manjunath Naik,27,1,REC_OFF_003
2353,2353,Ashok Chavan,28,1,A2353
2354,2354,Santosh Sharma,29,1,A2354
2355,2355,Suresh Chavan,30,1,A2355
2356,2356,Mahesh Sharma,31,1,A2356
2357,2357,Dinesh Chavan,32,1,A2357
2358,2358,Ashok Sharma,33,1,A2358
2359,2359,Ganesh Hegde,34,1,REC_OFF_010
2360,2360,Suresh Sharma,35,1,A2360
2361,2361,Mahesh Chavan,36,1,A2361
2362,2362,Dinesh Sharma,37,1,A2362
2363,2363,Ashok Chavan,38,1,A2363
2364,2364,Santosh Sharma,39,1,A2364
2365,2365,Suresh Chavan,40,1,A2365
2366,2366,Sunil Shetty,41,1,REC_OFF_007
2367,2367,Dinesh Chavan,42,1,A2367
2368,2368,Ashok Sharma,43,1,A2368
2369,2369,Santosh Chavan,44,1,A2369
2370,2370,Suresh Sharma,45,1,A2370
2371,2371,Mahesh Chavan,46,1,A2371
2372,2372,Dinesh Sharma,47,1,A2372
2373,2373,Venkatesh Rao,48,1,REC_OFF_004
2374,2374,Santosh Sharma,49,1,A2374
2375,2375,Suresh Chavan,50,1,A2375
2376,2376,Mahesh Sharma,51,1,A2376
2377,2377,Dinesh Chavan,52,1,A2377
2378,2378,Ashok Sharma,53,1,A2378
2379,2379,Santosh Chavan,54,1,A2379
2380,2380,Ramesh Gowda,20,1,REC_OFF_001
2381,2381,Mahesh Chavan,21,1,A2381
2382,2382,Dinesh Sharma,22,1,A2382
2383,2383,Ashok Chavan,23,1,A2383
2384,2384,Santosh Sharma,24,1,A2384
2385,2385,Suresh Chavan,25,1,A2385
2386,2386,Mahesh Sharma,26,1,A2386
2387,2387,Pradeep Deshmukh,27,1,REC_OFF_008
2388,2388,Ashok Sharma,28,1,A2388
2389,2389,Santosh Chavan,29,1,A2389
2390,2390,Suresh Sharma,30,1,A2390
2391,2391,Mahesh Chavan,31,1,A2391
2392,2392,Dinesh Sharma,32,1,A2392
2393,2393,Ashok Chavan,33,1,A2393
2394,2394,Basavaraj Patil,34,1,REC_OFF_005
2395,2395,Suresh Chavan,35,1,A2395
2396,2396,Mahesh Sharma,36,1,A2396
2397,2397,Dinesh Chavan,37,1,A2397
2398,2398,Ashok Sharma,38,1,A2398
2399,2399,Santosh Chavan,39,1,A2399
2400,2400,Suresh Sharma,40,1,A2400
2401,2401,Kiran Kumar,41,1,REC_OFF_002
2402,2402,Dinesh Sharma,42,1,A2402
2403,2403,Ashok Chavan,43,1,A2403
2404,2404,Santosh Sharma,44,1,A2404
2405,2405,Suresh Chavan,45,1,A2405
2406,2406,Mahesh Sharma,46,1,A2406
2407,2407,Dinesh Chavan,47,1,A2407
2408,2408,Dharmesh Pujari,48,1,REC_OFF_009
2409,2409,Santosh Chavan,49,1,A2409
2410,2410,Suresh Sharma,50,1,A2410
2411,2411,Mahesh Chavan,51,1,A2411
2412,2412,Dinesh Sharma,52,1,A2412
2413,2413,Ashok Chavan,53,1,A2413
2414,2414,Santosh Sharma,54,1,A2414
2415,2415,Anand Kulkarni,20,1,REC_OFF_006
2416,2416,Mahesh Sharma,21,1,A2416
2417,2417,Dinesh Chavan,22,1,A2417
2418,2418,Ashok Sharma,23,1,A2418
2419,2419,Santosh Chavan,24,1,A2419
2420,2420,Suresh Sharma,25,1,A2420
2421,2421,Mahesh Chavan,26,1,A2421
2422,2422,Manjunath Naik,27,1,REC_OFF_003
2423,2423,Ashok Chavan,28,1,A2423
2424,2424,Santosh Sharma,29,1,A2424
2425,2425,Suresh Chavan,30,1,A2425
2426,2426,Mahesh Sharma,31,1,A2426
2427,2427,Dinesh Chavan,32,1,A2427
2428,2428,Ashok Sharma,33,1,A2428
2429,2429,Ganesh Hegde,34,1,REC_OFF_010
2430,2430,Suresh Sharma,35,1,A2430
2431,2431,Mahesh Chavan,36,1,A2431
2432,2432,Dinesh Sharma,37,1,A2432
2433,2433,Ashok Chavan,38,1,A2433
2434,2434,Santosh Sharma,39,1,A2434
2435,2435,Suresh Chavan,40,1,A2435
2436,2436,Sunil Shetty,41,1,REC_OFF_007
2437,2437,Dinesh Chavan,42,1,A2437
2438,2438,Ashok Sharma,43,1,A2438
2439,2439,Santosh Chavan,44,1,A2439
2440,2440,Suresh Sharma,45,1,A2440
2441,2441,Mahesh Chavan,46,1,A2441
2442,2442,Dinesh Sharma,47,1,A2442
2443,2443,Venkatesh Rao,48,1,REC_OFF_004
2444,2444,Santosh Sharma,49,1,A2444
2445,2445,Suresh Chavan,50,1,A2445
2446,2446,Mahesh Sharma,51,1,A2446
2447,2447,Dinesh Chavan,52,1,A2447
2448,2448,Ashok Sharma,53,1,A2448
2449,2449,Santosh Chavan,54,1,A2449
2450,2450,Ramesh Gowda,20,1,REC_OFF_001
2451,2451,Mahesh Chavan,21,1,A2451
2452,2452,Dinesh Sharma,22,1,A2452
2453,2453,Ashok Chavan,23,1,A2453
2454,2454,Santosh Sharma,24,1,A2454
2455,2455,Suresh Chavan,25,1,A2455
2456,2456,Mahesh Sharma,26,1,A2456
2457,2457,Pradeep Deshmukh,27,1,REC_OFF_008
2458,2458,Ashok Sharma,28,1,A2458
2459,2459,Santosh Chavan,29,1,A2459
2460,2460,Suresh Sharma,30,1,A2460
2461,2461,Mahesh Chavan,31,1,A2461
2462,2462,Dinesh Sharma,32,1,A2462
2463,2463,Ashok Chavan,33,1,A2463
2464,2464,Basavaraj Patil,34,1,REC_OFF_005
2465,2465,Suresh Chavan,35,1,A2465
2466,2466,Mahesh Sharma,36,1,A2466
2467,2467,Dinesh Chavan,37,1,A2467
2468,2468,Ashok Sharma,38,1,A2468
2469,2469,Santosh Chavan,39,1,A2469
2470,2470,Suresh Sharma,40,1,A2470
2471,2471,Kiran Kumar,41,1,REC_OFF_002
2472,2472,Dinesh Sharma,42,1,A2472
2473,2473,Ashok Chavan,43,1,A2473
2474,2474,Santosh Sharma,44,1,A2474
2475,2475,Suresh Chavan,45,1,A2475
2476,2476,Mahesh Sharma,46,1,A2476
2477,2477,Dinesh Chavan,47,1,A2477
2478,2478,Dharmesh Pujari,48,1,REC_OFF_009
2479,2479,Santosh Chavan,49,1,A2479
2480,2480,Suresh Sharma,50,1,A2480
2481,2481,Mahesh Chavan,51,1,A2481
2482,2482,Dinesh Sharma,52,1,A2482
2483,2483,Ashok Chavan,53,1,A2483
2484,2484,Santosh Sharma,54,1,A2484
2485,2485,Anand Kulkarni,20,1,REC_OFF_006
2486,2486,Mahesh Sharma,21,1,A2486
2487,2487,Dinesh Chavan,22,1,A2487
2488,2488,Ashok Sharma,23,1,A2488
2489,2489,Santosh Chavan,24,1,A2489
2490,2490,Suresh Sharma,25,1,A2490
2491,2491,Mahesh Chavan,26,1,A2491
2492,2492,Manjunath Naik,27,1,REC_OFF_003
2493,2493,Ashok Chavan,28,1,A2493
2494,2494,Santosh Sharma,29,1,A2494
2495,2495,Suresh Chavan,30,1,A2495
2496,2496,Mahesh Sharma,31,1,A2496
2497,2497,Dinesh Chavan,32,1,A2497
2498,2498,Ashok Sharma,33,1,A2498
2499,2499,Ganesh Hegde,34,1,REC_OFF_010
2500,2500,Suresh Sharma,35,1,A2500
2501,2501,Mahesh Chavan,36,1,A2501
2502,2502,Dinesh Sharma,37,1,A2502
2503,2503,Ashok Chavan,38,1,A2503
2504,2504,Santosh Sharma,39,1,A2504
2505,2505,Suresh Chavan,40,1,A2505
2506,2506,Sunil Shetty,41,1,REC_OFF_007
2507,2507,Dinesh Chavan,42,1,A2507
2508,2508,Ashok Sharma,43,1,A2508
2509,2509,Santosh Chavan,44,1,A2509
2510,2510,Suresh Sharma,45,1,A2510
2511,2511,Mahesh Chavan,46,1,A2511
2512,2512,Dinesh Sharma,47,1,A2512
2513,2513,Venkatesh Rao,48,1,REC_OFF_004
2514,2514,Santosh Sharma,49,1,A2514
2515,2515,Suresh Chavan,50,1,A2515
2516,2516,Mahesh Sharma,51,1,A2516
2517,2517,Dinesh Chavan,52,1,A2517
2518,2518,Ashok Sharma,53,1,A2518
2519,2519,Santosh Chavan,54,1,A2519
2520,2520,Ramesh Gowda,20,1,REC_OFF_001
2521,2521,Mahesh Chavan,21,1,A2521
2522,2522,Dinesh Sharma,22,1,A2522
2523,2523,Ashok Chavan,23,1,A2523
2524,2524,Santosh Sharma,24,1,A2524
2525,2525,Suresh Chavan,25,1,A2525
2526,2526,Mahesh Sharma,26,1,A2526
2527,2527,Pradeep Deshmukh,27,1,REC_OFF_008
2528,2528,Ashok Sharma,28,1,A2528
2529,2529,Santosh Chavan,29,1,A2529
2530,2530,Suresh Sharma,30,1,A2530
2531,2531,Mahesh Chavan,31,1,A2531
2532,2532,Dinesh Sharma,32,1,A2532
2533,2533,Ashok Chavan,33,1,A2533
2534,2534,Basavaraj Patil,34,1,REC_OFF_005
2535,2535,Suresh Chavan,35,1,A2535
2536,2536,Mahesh Sharma,36,1,A2536
2537,2537,Dinesh Chavan,37,1,A2537
2538,2538,Ashok Sharma,38,1,A2538
2539,2539,Santosh Chavan,39,1,A2539
2540,2540,Suresh Sharma,40,1,A2540
2541,2541,Kiran Kumar,41,1,REC_OFF_002
2542,2542,Dinesh Sharma,42,1,A2542
2543,2543,Ashok Chavan,43,1,A2543
2544,2544,Santosh Sharma,44,1,A2544
2545,2545,Suresh Chavan,45,1,A2545
2546,2546,Mahesh Sharma,46,1,A2546
2547,2547,Dinesh Chavan,47,1,A2547
2548,2548,Dharmesh Pujari,48,1,REC_OFF_009
2549,2549,Santosh Chavan,49,1,A2549
2550,2550,Suresh Sharma,50,1,A2550
2551,2551,Mahesh Chavan,51,1,A2551
2552,2552,Dinesh Sharma,52,1,A2552
2553,2553,Ashok Chavan,53,1,A2553
2554,2554,Santosh Sharma,54,1,A2554
2555,2555,Anand Kulkarni,20,1,REC_OFF_006
2556,2556,Mahesh Sharma,21,1,A2556
2557,2557,Dinesh Chavan,22,1,A2557
2558,2558,Ashok Sharma,23,1,A2558
2559,2559,Santosh Chavan,24,1,A2559
2560,2560,Suresh Sharma,25,1,A2560
2561,2561,Mahesh Chavan,26,1,A2561
2562,2562,Manjunath Naik,27,1,REC_OFF_003
2563,2563,Ashok Chavan,28,1,A2563
2564,2564,Santosh Sharma,29,1,A2564
2565,2565,Suresh Chavan,30,1,A2565
2566,2566,Mahesh Sharma,31,1,A2566
2567,2567,Dinesh Chavan,32,1,A2567
2568,2568,Ashok Sharma,33,1,A2568
2569,2569,Ganesh Hegde,34,1,REC_OFF_010
2570,2570,Suresh Sharma,35,1,A2570
2571,2571,Mahesh Chavan,36,1,A2571
2572,2572,Dinesh Sharma,37,1,A2572
2573,2573,Ashok Chavan,38,1,A2573
2574,2574,Santosh Sharma,39,1,A2574
2575,2575,Suresh Chavan,40,1,A2575
2576,2576,Sunil Shetty,41,1,REC_OFF_007
2577,2577,Dinesh Chavan,42,1,A2577
2578,2578,Ashok Sharma,43,1,A2578
2579,2579,Santosh Chavan,44,1,A2579
2580,2580,Suresh Sharma,45,1,A2580
2581,2581,Mahesh Chavan,46,1,A2581
2582,2582,Dinesh Sharma,47,1,A2582
2583,2583,Venkatesh Rao,48,1,REC_OFF_004
2584,2584,Santosh Sharma,49,1,A2584
2585,2585,Suresh Chavan,50,1,A2585
2586,2586,Mahesh Sharma,51,1,A2586
2587,2587,Dinesh Chavan,52,1,A2587
2588,2588,Ashok Sharma,53,1,A2588
2589,2589,Santosh Chavan,54,1,A2589
2590,2590,Ramesh Gowda,20,1,REC_OFF_001
2591,2591,Mahesh Chavan,21,1,A2591
2592,2592,Dinesh Sharma,22,1,A2592
2593,2593,Ashok Chavan,23,1,A2593
2594,2594,Santosh Sharma,24,1,A2594
2595,2595,Suresh Chavan,25,1,A2595
2596,2596,Mahesh Sharma,26,1,A2596
2597,2597,Pradeep Deshmukh,27,1,REC_OFF_008
2598,2598,Ashok Sharma,28,1,A2598
2599,2599,Santosh Chavan,29,1,A2599
2600,2600,Suresh Sharma,30,1,A2600
2601,2601,Mahesh Chavan,31,1,A2601
2602,2602,Dinesh Sharma,32,1,A2602
2603,2603,Ashok Chavan,33,1,A2603
2604,2604,Basavaraj Patil,34,1,REC_OFF_005
2605,2605,Suresh Chavan,35,1,A2605
2606,2606,Mahesh Sharma,36,1,A2606
2607,2607,Dinesh Chavan,37,1,A2607
2608,2608,Ashok Sharma,38,1,A2608
2609,2609,Santosh Chavan,39,1,A2609
2610,2610,Suresh Sharma,40,1,A2610
2611,2611,Kiran Kumar,41,1,REC_OFF_002
2612,2612,Dinesh Sharma,42,1,A2612
2613,2613,Ashok Chavan,43,1,A2613
2614,2614,Santosh Sharma,44,1,A2614
2615,2615,Suresh Chavan,45,1,A2615
2616,2616,Mahesh Sharma,46,1,A2616
2617,2617,Dinesh Chavan,47,1,A2617
2618,2618,Dharmesh Pujari,48,1,REC_OFF_009
2619,2619,Santosh Chavan,49,1,A2619
2620,2620,Suresh Sharma,50,1,A2620
2621,2621,Mahesh Chavan,51,1,A2621
2622,2622,Dinesh Sharma,52,1,A2622
2623,2623,Ashok Chavan,53,1,A2623
2624,2624,Santosh Sharma,54,1,A2624
2625,2625,Anand Kulkarni,20,1,REC_OFF_006
2626,2626,Mahesh Sharma,21,1,A2626
2627,2627,Dinesh Chavan,22,1,A2627
2628,2628,Ashok Sharma,23,1,A2628
2629,2629,Santosh Chavan,24,1,A2629
2630,2630,Suresh Sharma,25,1,A2630
2631,2631,Mahesh Chavan,26,1,A2631
2632,2632,Manjunath Naik,27,1,REC_OFF_003
2633,2633,Ashok Chavan,28,1,A2633
2634,2634,Santosh Sharma,29,1,A2634
2635,2635,Suresh Chavan,30,1,A2635
2636,2636,Mahesh Sharma,31,1,A2636
2637,2637,Dinesh Chavan,32,1,A2637
2638,2638,Ashok Sharma,33,1,A2638
2639,2639,Ganesh Hegde,34,1,REC_OFF_010
2640,2640,Suresh Sharma,35,1,A2640
2641,2641,Mahesh Chavan,36,1,A2641
2642,2642,Dinesh Sharma,37,1,A2642
2643,2643,Ashok Chavan,38,1,A2643
2644,2644,Santosh Sharma,39,1,A2644
2645,2645,Suresh Chavan,40,1,A2645
2646,2646,Sunil Shetty,41,1,REC_OFF_007
2647,2647,Dinesh Chavan,42,1,A2647
2648,2648,Ashok Sharma,43,1,A2648
2649,2649,Santosh Chavan,44,1,A2649
2650,2650,Suresh Sharma,45,1,A2650
2651,2651,Mahesh Chavan,46,1,A2651
2652,2652,Dinesh Sharma,47,1,A2652
2653,2653,Venkatesh Rao,48,1,REC_OFF_004
2654,2654,Santosh Sharma,49,1,A2654
2655,2655,Suresh Chavan,50,1,A2655
2656,2656,Mahesh Sharma,51,1,A2656
2657,2657,Dinesh Chavan,52,1,A2657
2658,2658,Ashok Sharma,53,1,A2658
2659,2659,Santosh Chavan,54,1,A2659
2660,2660,Ramesh Gowda,20,1,REC_OFF_001
2661,2661,Mahesh Chavan,21,1,A2661
2662,2662,Dinesh Sharma,22,1,A2662
2663,2663,Ashok Chavan,23,1,A2663
2664,2664,Santosh Sharma,24,1,A2664
2665,2665,Suresh Chavan,25,1,A2665
2666,2666,Mahesh Sharma,26,1,A2666
2667,2667,Pradeep Deshmukh,27,1,REC_OFF_008
2668,2668,Ashok Sharma,28,1,A2668
2669,2669,Santosh Chavan,29,1,A2669
2670,2670,Suresh Sharma,30,1,A2670
2671,2671,Mahesh Chavan,31,1,A2671
2672,2672,Dinesh Sharma,32,1,A2672
2673,2673,Ashok Chavan,33,1,A2673
2674,2674,Basavaraj Patil,34,1,REC_OFF_005
2675,2675,Suresh Chavan,35,1,A2675
2676,2676,Mahesh Sharma,36,1,A2676
2677,2677,Dinesh Chavan,37,1,A2677
2678,2678,Ashok Sharma,38,1,A2678
2679,2679,Santosh Chavan,39,1,A2679
2680,2680,Suresh Sharma,40,1,A2680
2681,2681,Kiran Kumar,41,1,REC_OFF_002
2682,2682,Dinesh Sharma,42,1,A2682
2683,2683,Ashok Chavan,43,1,A2683
2684,2684,Santosh Sharma,44,1,A2684
2685,2685,Suresh Chavan,45,1,A2685
2686,2686,Mahesh Sharma,46,1,A2686
2687,2687,Dinesh Chavan,47,1,A2687
2688,2688,Dharmesh Pujari,48,1,REC_OFF_009
2689,2689,Santosh Chavan,49,1,A2689
2690,2690,Suresh Sharma,50,1,A2690
2691,2691,Mahesh Chavan,51,1,A2691
2692,2692,Dinesh Sharma,52,1,A2692
2693,2693,Ashok Chavan,53,1,A2693
2694,2694,Santosh Sharma,54,1,A2694
2695,2695,Anand Kulkarni,20,1,REC_OFF_006
2696,2696,Mahesh Sharma,21,1,A2696
2697,2697,Dinesh Chavan,22,1,A2697
2698,2698,Ashok Sharma,23,1,A2698
2699,2699,Santosh Chavan,24,1,A2699
2700,2700,Suresh Sharma,25,1,A2700
2701,2701,Mahesh Chavan,26,1,A2701
2702,2702,Manjunath Naik,27,1,REC_OFF_003
2703,2703,Ashok Chavan,28,1,A2703
2704,2704,Santosh Sharma,29,1,A2704
2705,2705,Suresh Chavan,30,1,A2705
2706,2706,Mahesh Sharma,31,1,A2706
2707,2707,Dinesh Chavan,32,1,A2707
2708,2708,Ashok Sharma,33,1,A2708
2709,2709,Ganesh Hegde,34,1,REC_OFF_010
2710,2710,Suresh Sharma,35,1,A2710
2711,2711,Mahesh Chavan,36,1,A2711
2712,2712,Dinesh Sharma,37,1,A2712
2713,2713,Ashok Chavan,38,1,A2713
2714,2714,Santosh Sharma,39,1,A2714
2715,2715,Suresh Chavan,40,1,A2715
2716,2716,Sunil Shetty,41,1,REC_OFF_007
2717,2717,Dinesh Chavan,42,1,A2717
2718,2718,Ashok Sharma,43,1,A2718
2719,2719,Santosh Chavan,44,1,A2719
2720,2720,Suresh Sharma,45,1,A2720
2721,2721,Mahesh Chavan,46,1,A2721
2722,2722,Dinesh Sharma,47,1,A2722
2723,2723,Venkatesh Rao,48,1,REC_OFF_004
2724,2724,Santosh Sharma,49,1,A2724
2725,2725,Suresh Chavan,50,1,A2725
2726,2726,Mahesh Sharma,51,1,A2726
2727,2727,Dinesh Chavan,52,1,A2727
2728,2728,Ashok Sharma,53,1,A2728
2729,2729,Santosh Chavan,54,1,A2729
2730,2730,Ramesh Gowda,20,1,REC_OFF_001
2731,2731,Mahesh Chavan,21,1,A2731
2732,2732,Dinesh Sharma,22,1,A2732
2733,2733,Ashok Chavan,23,1,A2733
2734,2734,Santosh Sharma,24,1,A2734
2735,2735,Suresh Chavan,25,1,A2735
2736,2736,Mahesh Sharma,26,1,A2736
2737,2737,Pradeep Deshmukh,27,1,REC_OFF_008
2738,2738,Ashok Sharma,28,1,A2738
2739,2739,Santosh Chavan,29,1,A2739
2740,2740,Suresh Sharma,30,1,A2740
2741,2741,Mahesh Chavan,31,1,A2741
2742,2742,Dinesh Sharma,32,1,A2742
2743,2743,Ashok Chavan,33,1,A2743
2744,2744,Basavaraj Patil,34,1,REC_OFF_005
2745,2745,Suresh Chavan,35,1,A2745
2746,2746,Mahesh Sharma,36,1,A2746
2747,2747,Dinesh Chavan,37,1,A2747
2748,2748,Ashok Sharma,38,1,A2748
2749,2749,Santosh Chavan,39,1,A2749
2750,2750,Suresh Sharma,40,1,A2750
2751,2751,Kiran Kumar,41,1,REC_OFF_002
2752,2752,Dinesh Sharma,42,1,A2752
2753,2753,Ashok Chavan,43,1,A2753
2754,2754,Santosh Sharma,44,1,A2754
2755,2755,Suresh Chavan,45,1,A2755
2756,2756,Mahesh Sharma,46,1,A2756
2757,2757,Dinesh Chavan,47,1,A2757
2758,2758,Dharmesh Pujari,48,1,REC_OFF_009
2759,2759,Santosh Chavan,49,1,A2759
2760,2760,Suresh Sharma,50,1,A2760
2761,2761,Mahesh Chavan,51,1,A2761
2762,2762,Dinesh Sharma,52,1,A2762
2763,2763,Ashok Chavan,53,1,A2763
2764,2764,Santosh Sharma,54,1,A2764
2765,2765,Anand Kulkarni,20,1,REC_OFF_006
2766,2766,Mahesh Sharma,21,1,A2766
2767,2767,Dinesh Chavan,22,1,A2767
2768,2768,Ashok Sharma,23,1,A2768
2769,2769,Santosh Chavan,24,1,A2769
2770,2770,Suresh Sharma,25,1,A2770
2771,2771,Mahesh Chavan,26,1,A2771
2772,2772,Manjunath Naik,27,1,REC_OFF_003
2773,2773,Ashok Chavan,28,1,A2773
2774,2774,Santosh Sharma,29,1,A2774
2775,2775,Suresh Chavan,30,1,A2775
2776,2776,Mahesh Sharma,31,1,A2776
2777,2777,Dinesh Chavan,32,1,A2777
2778,2778,Ashok Sharma,33,1,A2778
2779,2779,Ganesh Hegde,34,1,REC_OFF_010
2780,2780,Suresh Sharma,35,1,A2780
2781,2781,Mahesh Chavan,36,1,A2781
2782,2782,Dinesh Sharma,37,1,A2782
2783,2783,Ashok Chavan,38,1,A2783
2784,2784,Santosh Sharma,39,1,A2784
2785,2785,Suresh Chavan,40,1,A2785
2786,2786,Sunil Shetty,41,1,REC_OFF_007
2787,2787,Dinesh Chavan,42,1,A2787
2788,2788,Ashok Sharma,43,1,A2788
2789,2789,Santosh Chavan,44,1,A2789
2790,2790,Suresh Sharma,45,1,A2790
2791,2791,Mahesh Chavan,46,1,A2791
2792,2792,Dinesh Sharma,47,1,A2792
2793,2793,Venkatesh Rao,48,1,REC_OFF_004
2794,2794,Santosh Sharma,49,1,A2794
2795,2795,Suresh Chavan,50,1,A2795
2796,2796,Mahesh Sharma,51,1,A2796
2797,2797,Dinesh Chavan,52,1,A2797
2798,2798,Ashok Sharma,53,1,A2798
2799,2799,Santosh Chavan,54,1,A2799
2800,2800,Ramesh Gowda,20,1,REC_OFF_001
2801,2801,Mahesh Chavan,21,1,A2801
2802,2802,Dinesh Sharma,22,1,A2802
2803,2803,Ashok Chavan,23,1,A2803
2804,2804,Santosh Sharma,24,1,A2804
2805,2805,Suresh Chavan,25,1,A2805
2806,2806,Mahesh Sharma,26,1,A2806
2807,2807,Pradeep Deshmukh,27,1,REC_OFF_008
2808,2808,Ashok Sharma,28,1,A2808
2809,2809,Santosh Chavan,29,1,A2809
2810,2810,Suresh Sharma,30,1,A2810
2811,2811,Mahesh Chavan,31,1,A2811
2812,2812,Dinesh Sharma,32,1,A2812
2813,2813,Ashok Chavan,33,1,A2813
2814,2814,Basavaraj Patil,34,1,REC_OFF_005
2815,2815,Suresh Chavan,35,1,A2815
2816,2816,Mahesh Sharma,36,1,A2816
2817,2817,Dinesh Chavan,37,1,A2817
2818,2818,Ashok Sharma,38,1,A2818
2819,2819,Santosh Chavan,39,1,A2819
2820,2820,Suresh Sharma,40,1,A2820
2821,2821,Kiran Kumar,41,1,REC_OFF_002
2822,2822,Dinesh Sharma,42,1,A2822
2823,2823,Ashok Chavan,43,1,A2823
2824,2824,Santosh Sharma,44,1,A2824
2825,2825,Suresh Chavan,45,1,A2825
2826,2826,Mahesh Sharma,46,1,A2826
2827,2827,Dinesh Chavan,47,1,A2827
2828,2828,Dharmesh Pujari,48,1,REC_OFF_009
2829,2829,Santosh Chavan,49,1,A2829
2830,2830,Suresh Sharma,50,1,A2830
2831,2831,Mahesh Chavan,51,1,A2831
2832,2832,Dinesh Sharma,52,1,A2832
2833,2833,Ashok Chavan,53,1,A2833
2834,2834,Santosh Sharma,54,1,A2834
2835,2835,Anand Kulkarni,20,1,REC_OFF_006
2836,2836,Mahesh Sharma,21,1,A2836
2837,2837,Dinesh Chavan,22,1,A2837
2838,2838,Ashok Sharma,23,1,A2838
2839,2839,Santosh Chavan,24,1,A2839
2840,2840,Suresh Sharma,25,1,A2840
2841,2841,Mahesh Chavan,26,1,A2841
2842,2842,Manjunath Naik,27,1,REC_OFF_003
2843,2843,Ashok Chavan,28,1,A2843
2844,2844,Santosh Sharma,29,1,A2844
2845,2845,Suresh Chavan,30,1,A2845
2846,2846,Mahesh Sharma,31,1,A2846
2847,2847,Dinesh Chavan,32,1,A2847
2848,2848,Ashok Sharma,33,1,A2848
2849,2849,Ganesh Hegde,34,1,REC_OFF_010
2850,2850,Suresh Sharma,35,1,A2850
2851,2851,Mahesh Chavan,36,1,A2851
2852,2852,Dinesh Sharma,37,1,A2852
2853,2853,Ashok Chavan,38,1,A2853
2854,2854,Santosh Sharma,39,1,A2854
2855,2855,Suresh Chavan,40,1,A2855
2856,2856,Sunil Shetty,41,1,REC_OFF_007
2857,2857,Dinesh Chavan,42,1,A2857
2858,2858,Ashok Sharma,43,1,A2858
2859,2859,Santosh Chavan,44,1,A2859
2860,2860,Suresh Sharma,45,1,A2860
2861,2861,Mahesh Chavan,46,1,A2861
2862,2862,Dinesh Sharma,47,1,A2862
2863,2863,Venkatesh Rao,48,1,REC_OFF_004
2864,2864,Santosh Sharma,49,1,A2864
2865,2865,Suresh Chavan,50,1,A2865
2866,2866,Mahesh Sharma,51,1,A2866
2867,2867,Dinesh Chavan,52,1,A2867
2868,2868,Ashok Sharma,53,1,A2868
2869,2869,Santosh Chavan,54,1,A2869
2870,2870,Ramesh Gowda,20,1,REC_OFF_001
2871,2871,Mahesh Chavan,21,1,A2871
2872,2872,Dinesh Sharma,22,1,A2872
2873,2873,Ashok Chavan,23,1,A2873
2874,2874,Santosh Sharma,24,1,A2874
2875,2875,Suresh Chavan,25,1,A2875
2876,2876,Mahesh Sharma,26,1,A2876
2877,2877,Pradeep Deshmukh,27,1,REC_OFF_008
2878,2878,Ashok Sharma,28,1,A2878
2879,2879,Santosh Chavan,29,1,A2879
2880,2880,Suresh Sharma,30,1,A2880
2881,2881,Mahesh Chavan,31,1,A2881
2882,2882,Dinesh Sharma,32,1,A2882
2883,2883,Ashok Chavan,33,1,A2883
2884,2884,Basavaraj Patil,34,1,REC_OFF_005
2885,2885,Suresh Chavan,35,1,A2885
2886,2886,Mahesh Sharma,36,1,A2886
2887,2887,Dinesh Chavan,37,1,A2887
2888,2888,Ashok Sharma,38,1,A2888
2889,2889,Santosh Chavan,39,1,A2889
2890,2890,Suresh Sharma,40,1,A2890
2891,2891,Kiran Kumar,41,1,REC_OFF_002
2892,2892,Dinesh Sharma,42,1,A2892
2893,2893,Ashok Chavan,43,1,A2893
2894,2894,Santosh Sharma,44,1,A2894
2895,2895,Suresh Chavan,45,1,A2895
2896,2896,Mahesh Sharma,46,1,A2896
2897,2897,Dinesh Chavan,47,1,A2897
2898,2898,Dharmesh Pujari,48,1,REC_OFF_009
2899,2899,Santosh Chavan,49,1,A2899
2900,2900,Suresh Sharma,50,1,A2900
2901,2901,Mahesh Chavan,51,1,A2901
2902,2902,Dinesh Sharma,52,1,A2902
2903,2903,Ashok Chavan,53,1,A2903
2904,2904,Santosh Sharma,54,1,A2904
2905,2905,Anand Kulkarni,20,1,REC_OFF_006
2906,2906,Mahesh Sharma,21,1,A2906
2907,2907,Dinesh Chavan,22,1,A2907
2908,2908,Ashok Sharma,23,1,A2908
2909,2909,Santosh Chavan,24,1,A2909
2910,2910,Suresh Sharma,25,1,A2910
2911,2911,Mahesh Chavan,26,1,A2911
2912,2912,Manjunath Naik,27,1,REC_OFF_003
2913,2913,Ashok Chavan,28,1,A2913
2914,2914,Santosh Sharma,29,1,A2914
2915,2915,Suresh Chavan,30,1,A2915
2916,2916,Mahesh Sharma,31,1,A2916
2917,2917,Dinesh Chavan,32,1,A2917
2918,2918,Ashok Sharma,33,1,A2918
2919,2919,Ganesh Hegde,34,1,REC_OFF_010
2920,2920,Suresh Sharma,35,1,A2920
2921,2921,Mahesh Chavan,36,1,A2921
2922,2922,Dinesh Sharma,37,1,A2922
2923,2923,Ashok Chavan,38,1,A2923
2924,2924,Santosh Sharma,39,1,A2924
2925,2925,Suresh Chavan,40,1,A2925
2926,2926,Sunil Shetty,41,1,REC_OFF_007
2927,2927,Dinesh Chavan,42,1,A2927
2928,2928,Ashok Sharma,43,1,A2928
2929,2929,Santosh Chavan,44,1,A2929
2930,2930,Suresh Sharma,45,1,A2930
2931,2931,Mahesh Chavan,46,1,A2931
2932,2932,Dinesh Sharma,47,1,A2932
2933,2933,Venkatesh Rao,48,1,REC_OFF_004
2934,2934,Santosh Sharma,49,1,A2934
2935,2935,Suresh Chavan,50,1,A2935
2936,2936,Mahesh Sharma,51,1,A2936
2937,2937,Dinesh Chavan,52,1,A2937
2938,2938,Ashok Sharma,53,1,A2938
2939,2939,Santosh Chavan,54,1,A2939
2940,2940,Ramesh Gowda,20,1,REC_OFF_001
2941,2941,Mahesh Chavan,21,1,A2941
2942,2942,Dinesh Sharma,22,1,A2942
2943,2943,Ashok Chavan,23,1,A2943
2944,2944,Santosh Sharma,24,1,A2944
2945,2945,Suresh Chavan,25,1,A2945
2946,2946,Mahesh Sharma,26,1,A2946
2947,2947,Pradeep Deshmukh,27,1,REC_OFF_008
2948,2948,Ashok Sharma,28,1,A2948
2949,2949,Santosh Chavan,29,1,A2949
2950,2950,Suresh Sharma,30,1,A2950
2951,2951,Mahesh Chavan,31,1,A2951
2952,2952,Dinesh Sharma,32,1,A2952
2953,2953,Ashok Chavan,33,1,A2953
2954,2954,Basavaraj Patil,34,1,REC_OFF_005
2955,2955,Suresh Chavan,35,1,A2955
2956,2956,Mahesh Sharma,36,1,A2956
2957,2957,Dinesh Chavan,37,1,A2957
2958,2958,Ashok Sharma,38,1,A2958
2959,2959,Santosh Chavan,39,1,A2959
2960,2960,Suresh Sharma,40,1,A2960
2961,2961,Kiran Kumar,41,1,REC_OFF_002
2962,2962,Dinesh Sharma,42,1,A2962
2963,2963,Ashok Chavan,43,1,A2963
2964,2964,Santosh Sharma,44,1,A2964
2965,2965,Suresh Chavan,45,1,A2965
2966,2966,Mahesh Sharma,46,1,A2966
2967,2967,Dinesh Chavan,47,1,A2967
2968,2968,Dharmesh Pujari,48,1,REC_OFF_009
2969,2969,Santosh Chavan,49,1,A2969
2970,2970,Suresh Sharma,50,1,A2970
2971,2971,Mahesh Chavan,51,1,A2971
2972,2972,Dinesh Sharma,52,1,A2972
2973,2973,Ashok Chavan,53,1,A2973
2974,2974,Santosh Sharma,54,1,A2974
2975,2975,Anand Kulkarni,20,1,REC_OFF_006
2976,2976,Mahesh Sharma,21,1,A2976
2977,2977,Dinesh Chavan,22,1,A2977
2978,2978,Ashok Sharma,23,1,A2978
2979,2979,Santosh Chavan,24,1,A2979
2980,2980,Suresh Sharma,25,1,A2980
2981,2981,Mahesh Chavan,26,1,A2981
2982,2982,Manjunath Naik,27,1,REC_OFF_003
2983,2983,Ashok Chavan,28,1,A2983
2984,2984,Santosh Sharma,29,1,A2984
2985,2985,Suresh Chavan,30,1,A2985
2986,2986,Mahesh Sharma,31,1,A2986
2987,2987,Dinesh Chavan,32,1,A2987
2988,2988,Ashok Sharma,33,1,A2988
2989,2989,Ganesh Hegde,34,1,REC_OFF_010
2990,2990,Suresh Sharma,35,1,A2990
2991,2991,Mahesh Chavan,36,1,A2991
2992,2992,Dinesh Sharma,37,1,A2992
2993,2993,Ashok Chavan,38,1,A2993
2994,2994,Santosh Sharma,39,1,A2994
2995,2995,Suresh Chavan,40,1,A2995
2996,2996,Sunil Shetty,41,1,REC_OFF_007
2997,2997,Dinesh Chavan,42,1,A2997
2998,2998,Ashok Sharma,43,1,A2998
2999,2999,Santosh Chavan,44,1,A2999
3000,3000,Suresh Sharma,45,1,A3000
3001,3001,Mahesh Chavan,46,1,A3001
3002,3002,Dinesh Sharma,47,1,A3002
3003,3003,Venkatesh Rao,48,1,REC_OFF_004
3004,3004,Santosh Sharma,49,1,A3004
3005,3005,Suresh Chavan,50,1,A3005
3006,3006,Mahesh Sharma,51,1,A3006
3007,3007,Dinesh Chavan,52,1,A3007
3008,3008,Ashok Sharma,53,1,A3008
3009,3009,Santosh Chavan,54,1,A3009
3010,3010,Ramesh Gowda,20,1,REC_OFF_001
3011,3011,Mahesh Chavan,21,1,A3011
3012,3012,Dinesh Sharma,22,1,A3012
3013,3013,Ashok Chavan,23,1,A3013
3014,3014,Santosh Sharma,24,1,A3014
3015,3015,Suresh Chavan,25,1,A3015
3016,3016,Mahesh Sharma,26,1,A3016
3017,3017,Pradeep Deshmukh,27,1,REC_OFF_008
3018,3018,Ashok Sharma,28,1,A3018
3019,3019,Santosh Chavan,29,1,A3019
3020,3020,Suresh Sharma,30,1,A3020
3021,3021,Mahesh Chavan,31,1,A3021
3022,3022,Dinesh Sharma,32,1,A3022
3023,3023,Ashok Chavan,33,1,A3023
3024,3024,Basavaraj Patil,34,1,REC_OFF_005
3025,3025,Suresh Chavan,35,1,A3025
3026,3026,Mahesh Sharma,36,1,A3026
3027,3027,Dinesh Chavan,37,1,A3027
3028,3028,Ashok Sharma,38,1,A3028
3029,3029,Santosh Chavan,39,1,A3029
3030,3030,Suresh Sharma,40,1,A3030
3031,3031,Kiran Kumar,41,1,REC_OFF_002
3032,3032,Dinesh Sharma,42,1,A3032
3033,3033,Ashok Chavan,43,1,A3033
3034,3034,Santosh Sharma,44,1,A3034
3035,3035,Suresh Chavan,45,1,A3035
3036,3036,Mahesh Sharma,46,1,A3036
3037,3037,Dinesh Chavan,47,1,A3037
3038,3038,Dharmesh Pujari,48,1,REC_OFF_009
3039,3039,Santosh Chavan,49,1,A3039
3040,3040,Suresh Sharma,50,1,A3040
3041,3041,Mahesh Chavan,51,1,A3041
3042,3042,Dinesh Sharma,52,1,A3042
3043,3043,Ashok Chavan,53,1,A3043
3044,3044,Santosh Sharma,54,1,A3044
3045,3045,Anand Kulkarni,20,1,REC_OFF_006
3046,3046,Mahesh Sharma,21,1,A3046
3047,3047,Dinesh Chavan,22,1,A3047
3048,3048,Ashok Sharma,23,1,A3048
3049,3049,Santosh Chavan,24,1,A3049
3050,3050,Suresh Sharma,25,1,A3050
3051,3051,Mahesh Chavan,26,1,A3051
3052,3052,Manjunath Naik,27,1,REC_OFF_003
3053,3053,Ashok Chavan,28,1,A3053
3054,3054,Santosh Sharma,29,1,A3054
3055,3055,Suresh Chavan,30,1,A3055
3056,3056,Mahesh Sharma,31,1,A3056
3057,3057,Dinesh Chavan,32,1,A3057
3058,3058,Ashok Sharma,33,1,A3058
3059,3059,Ganesh Hegde,34,1,REC_OFF_010
3060,3060,Suresh Sharma,35,1,A3060
3061,3061,Mahesh Chavan,36,1,A3061
3062,3062,Dinesh Sharma,37,1,A3062
3063,3063,Ashok Chavan,38,1,A3063
3064,3064,Santosh Sharma,39,1,A3064
3065,3065,Suresh Chavan,40,1,A3065
3066,3066,Sunil Shetty,41,1,REC_OFF_007
3067,3067,Dinesh Chavan,42,1,A3067
3068,3068,Ashok Sharma,43,1,A3068
3069,3069,Santosh Chavan,44,1,A3069
3070,3070,Suresh Sharma,45,1,A3070
3071,3071,Mahesh Chavan,46,1,A3071
3072,3072,Dinesh Sharma,47,1,A3072
3073,3073,Venkatesh Rao,48,1,REC_OFF_004
3074,3074,Santosh Sharma,49,1,A3074
3075,3075,Suresh Chavan,50,1,A3075
3076,3076,Mahesh Sharma,51,1,A3076
3077,3077,Dinesh Chavan,52,1,A3077
3078,3078,Ashok Sharma,53,1,A3078
3079,3079,Santosh Chavan,54,1,A3079
3080,3080,Ramesh Gowda,20,1,REC_OFF_001
3081,3081,Mahesh Chavan,21,1,A3081
3082,3082,Dinesh Sharma,22,1,A3082
3083,3083,Ashok Chavan,23,1,A3083
3084,3084,Santosh Sharma,24,1,A3084
3085,3085,Suresh Chavan,25,1,A3085
3086,3086,Mahesh Sharma,26,1,A3086
3087,3087,Pradeep Deshmukh,27,1,REC_OFF_008
3088,3088,Ashok Sharma,28,1,A3088
3089,3089,Santosh Chavan,29,1,A3089
3090,3090,Suresh Sharma,30,1,A3090
3091,3091,Mahesh Chavan,31,1,A3091
3092,3092,Dinesh Sharma,32,1,A3092
3093,3093,Ashok Chavan,33,1,A3093
3094,3094,Basavaraj Patil,34,1,REC_OFF_005
3095,3095,Suresh Chavan,35,1,A3095
3096,3096,Mahesh Sharma,36,1,A3096
3097,3097,Dinesh Chavan,37,1,A3097
3098,3098,Ashok Sharma,38,1,A3098
3099,3099,Santosh Chavan,39,1,A3099
3100,3100,Suresh Sharma,40,1,A3100
3101,3101,Kiran Kumar,41,1,REC_OFF_002
3102,3102,Dinesh Sharma,42,1,A3102
3103,3103,Ashok Chavan,43,1,A3103
3104,3104,Santosh Sharma,44,1,A3104
3105,3105,Suresh Chavan,45,1,A3105
3106,3106,Mahesh Sharma,46,1,A3106
3107,3107,Dinesh Chavan,47,1,A3107
3108,3108,Dharmesh Pujari,48,1,REC_OFF_009
3109,3109,Santosh Chavan,49,1,A3109
3110,3110,Suresh Sharma,50,1,A3110
3111,3111,Mahesh Chavan,51,1,A3111
3112,3112,Dinesh Sharma,52,1,A3112
3113,3113,Ashok Chavan,53,1,A3113
3114,3114,Santosh Sharma,54,1,A3114
3115,3115,Anand Kulkarni,20,1,REC_OFF_006
3116,3116,Mahesh Sharma,21,1,A3116
3117,3117,Dinesh Chavan,22,1,A3117
3118,3118,Ashok Sharma,23,1,A3118
3119,3119,Santosh Chavan,24,1,A3119
3120,3120,Suresh Sharma,25,1,A3120
3121,3121,Mahesh Chavan,26,1,A3121
3122,3122,Manjunath Naik,27,1,REC_OFF_003
3123,3123,Ashok Chavan,28,1,A3123
3124,3124,Santosh Sharma,29,1,A3124
3125,3125,Suresh Chavan,30,1,A3125
3126,3126,Mahesh Sharma,31,1,A3126
3127,3127,Dinesh Chavan,32,1,A3127
3128,3128,Ashok Sharma,33,1,A3128
3129,3129,Ganesh Hegde,34,1,REC_OFF_010
3130,3130,Suresh Sharma,35,1,A3130
3131,3131,Mahesh Chavan,36,1,A3131
3132,3132,Dinesh Sharma,37,1,A3132
3133,3133,Ashok Chavan,38,1,A3133
3134,3134,Santosh Sharma,39,1,A3134
3135,3135,Suresh Chavan,40,1,A3135
3136,3136,Sunil Shetty,41,1,REC_OFF_007
3137,3137,Dinesh Chavan,42,1,A3137
3138,3138,Ashok Sharma,43,1,A3138
3139,3139,Santosh Chavan,44,1,A3139
3140,3140,Suresh Sharma,45,1,A3140
3141,3141,Mahesh Chavan,46,1,A3141
3142,3142,Dinesh Sharma,47,1,A3142
3143,3143,Venkatesh Rao,48,1,REC_OFF_004
3144,3144,Santosh Sharma,49,1,A3144
3145,3145,Suresh Chavan,50,1,A3145
3146,3146,Mahesh Sharma,51,1,A3146
3147,3147,Dinesh Chavan,52,1,A3147
3148,3148,Ashok Sharma,53,1,A3148
3149,3149,Santosh Chavan,54,1,A3149
3150,3150,Ramesh Gowda,20,1,REC_OFF_001
3151,3151,Mahesh Chavan,21,1,A3151
3152,3152,Dinesh Sharma,22,1,A3152
3153,3153,Ashok Chavan,23,1,A3153
3154,3154,Santosh Sharma,24,1,A3154
3155,3155,Suresh Chavan,25,1,A3155
3156,3156,Mahesh Sharma,26,1,A3156
3157,3157,Pradeep Deshmukh,27,1,REC_OFF_008
3158,3158,Ashok Sharma,28,1,A3158
3159,3159,Santosh Chavan,29,1,A3159
3160,3160,Suresh Sharma,30,1,A3160
3161,3161,Mahesh Chavan,31,1,A3161
3162,3162,Dinesh Sharma,32,1,A3162
3163,3163,Ashok Chavan,33,1,A3163
3164,3164,Basavaraj Patil,34,1,REC_OFF_005
3165,3165,Suresh Chavan,35,1,A3165
3166,3166,Mahesh Sharma,36,1,A3166
3167,3167,Dinesh Chavan,37,1,A3167
3168,3168,Ashok Sharma,38,1,A3168
3169,3169,Santosh Chavan,39,1,A3169
3170,3170,Suresh Sharma,40,1,A3170
3171,3171,Kiran Kumar,41,1,REC_OFF_002
3172,3172,Dinesh Sharma,42,1,A3172
3173,3173,Ashok Chavan,43,1,A3173
3174,3174,Santosh Sharma,44,1,A3174
3175,3175,Suresh Chavan,45,1,A3175
3176,3176,Mahesh Sharma,46,1,A3176
3177,3177,Dinesh Chavan,47,1,A3177
3178,3178,Dharmesh Pujari,48,1,REC_OFF_009
3179,3179,Santosh Chavan,49,1,A3179
3180,3180,Suresh Sharma,50,1,A3180
3181,3181,Mahesh Chavan,51,1,A3181
3182,3182,Dinesh Sharma,52,1,A3182
3183,3183,Ashok Chavan,53,1,A3183
3184,3184,Santosh Sharma,54,1,A3184
3185,3185,Anand Kulkarni,20,1,REC_OFF_006
3186,3186,Mahesh Sharma,21,1,A3186
3187,3187,Dinesh Chavan,22,1,A3187
3188,3188,Ashok Sharma,23,1,A3188
3189,3189,Santosh Chavan,24,1,A3189
3190,3190,Suresh Sharma,25,1,A3190
3191,3191,Mahesh Chavan,26,1,A3191
3192,3192,Manjunath Naik,27,1,REC_OFF_003
3193,3193,Ashok Chavan,28,1,A3193
3194,3194,Santosh Sharma,29,1,A3194
3195,3195,Suresh Chavan,30,1,A3195
3196,3196,Mahesh Sharma,31,1,A3196
3197,3197,Dinesh Chavan,32,1,A3197
3198,3198,Ashok Sharma,33,1,A3198
3199,3199,Ganesh Hegde,34,1,REC_OFF_010
3200,3200,Suresh Sharma,35,1,A3200
3201,3201,Mahesh Chavan,36,1,A3201
3202,3202,Dinesh Sharma,37,1,A3202
3203,3203,Ashok Chavan,38,1,A3203
3204,3204,Santosh Sharma,39,1,A3204
3205,3205,Suresh Chavan,40,1,A3205
3206,3206,Sunil Shetty,41,1,REC_OFF_007
3207,3207,Dinesh Chavan,42,1,A3207
3208,3208,Ashok Sharma,43,1,A3208
3209,3209,Santosh Chavan,44,1,A3209
3210,3210,Suresh Sharma,45,1,A3210
3211,3211,Mahesh Chavan,46,1,A3211
3212,3212,Dinesh Sharma,47,1,A3212
3213,3213,Venkatesh Rao,48,1,REC_OFF_004
3214,3214,Santosh Sharma,49,1,A3214
3215,3215,Suresh Chavan,50,1,A3215
3216,3216,Mahesh Sharma,51,1,A3216
3217,3217,Dinesh Chavan,52,1,A3217
3218,3218,Ashok Sharma,53,1,A3218
3219,3219,Santosh Chavan,54,1,A3219
3220,3220,Ramesh Gowda,20,1,REC_OFF_001
3221,3221,Mahesh Chavan,21,1,A3221
3222,3222,Dinesh Sharma,22,1,A3222
3223,3223,Ashok Chavan,23,1,A3223
3224,3224,Santosh Sharma,24,1,A3224
3225,3225,Suresh Chavan,25,1,A3225
3226,3226,Mahesh Sharma,26,1,A3226
3227,3227,Pradeep Deshmukh,27,1,REC_OFF_008
3228,3228,Ashok Sharma,28,1,A3228
3229,3229,Santosh Chavan,29,1,A3229
3230,3230,Suresh Sharma,30,1,A3230
3231,3231,Mahesh Chavan,31,1,A3231
3232,3232,Dinesh Sharma,32,1,A3232
3233,3233,Ashok Chavan,33,1,A3233
3234,3234,Basavaraj Patil,34,1,REC_OFF_005
3235,3235,Suresh Chavan,35,1,A3235
3236,3236,Mahesh Sharma,36,1,A3236
3237,3237,Dinesh Chavan,37,1,A3237
3238,3238,Ashok Sharma,38,1,A3238
3239,3239,Santosh Chavan,39,1,A3239
3240,3240,Suresh Sharma,40,1,A3240
3241,3241,Kiran Kumar,41,1,REC_OFF_002
3242,3242,Dinesh Sharma,42,1,A3242
3243,3243,Ashok Chavan,43,1,A3243
3244,3244,Santosh Sharma,44,1,A3244
3245,3245,Suresh Chavan,45,1,A3245
3246,3246,Mahesh Sharma,46,1,A3246
3247,3247,Dinesh Chavan,47,1,A3247
3248,3248,Dharmesh Pujari,48,1,REC_OFF_009
3249,3249,Santosh Chavan,49,1,A3249
3250,3250,Suresh Sharma,50,1,A3250
3251,3251,Mahesh Chavan,51,1,A3251
3252,3252,Dinesh Sharma,52,1,A3252
3253,3253,Ashok Chavan,53,1,A3253
3254,3254,Santosh Sharma,54,1,A3254
3255,3255,Anand Kulkarni,20,1,REC_OFF_006
3256,3256,Mahesh Sharma,21,1,A3256
3257,3257,Dinesh Chavan,22,1,A3257
3258,3258,Ashok Sharma,23,1,A3258
3259,3259,Santosh Chavan,24,1,A3259
3260,3260,Suresh Sharma,25,1,A3260
3261,3261,Mahesh Chavan,26,1,A3261
3262,3262,Manjunath Naik,27,1,REC_OFF_003
3263,3263,Ashok Chavan,28,1,A3263
3264,3264,Santosh Sharma,29,1,A3264
3265,3265,Suresh Chavan,30,1,A3265
3266,3266,Mahesh Sharma,31,1,A3266
3267,3267,Dinesh Chavan,32,1,A3267
3268,3268,Ashok Sharma,33,1,A3268
3269,3269,Ganesh Hegde,34,1,REC_OFF_010
3270,3270,Suresh Sharma,35,1,A3270
3271,3271,Mahesh Chavan,36,1,A3271
3272,3272,Dinesh Sharma,37,1,A3272
3273,3273,Ashok Chavan,38,1,A3273
3274,3274,Santosh Sharma,39,1,A3274
3275,3275,Suresh Chavan,40,1,A3275
3276,3276,Sunil Shetty,41,1,REC_OFF_007
3277,3277,Dinesh Chavan,42,1,A3277
3278,3278,Ashok Sharma,43,1,A3278
3279,3279,Santosh Chavan,44,1,A3279
3280,3280,Suresh Sharma,45,1,A3280
3281,3281,Mahesh Chavan,46,1,A3281
3282,3282,Dinesh Sharma,47,1,A3282
3283,3283,Venkatesh Rao,48,1,REC_OFF_004
3284,3284,Santosh Sharma,49,1,A3284
3285,3285,Suresh Chavan,50,1,A3285
3286,3286,Mahesh Sharma,51,1,A3286
3287,3287,Dinesh Chavan,52,1,A3287
3288,3288,Ashok Sharma,53,1,A3288
3289,3289,Santosh Chavan,54,1,A3289
3290,3290,Ramesh Gowda,20,1,REC_OFF_001
3291,3291,Mahesh Chavan,21,1,A3291
3292,3292,Dinesh Sharma,22,1,A3292
3293,3293,Ashok Chavan,23,1,A3293
3294,3294,Santosh Sharma,24,1,A3294
3295,3295,Suresh Chavan,25,1,A3295
3296,3296,Mahesh Sharma,26,1,A3296
3297,3297,Pradeep Deshmukh,27,1,REC_OFF_008
3298,3298,Ashok Sharma,28,1,A3298
3299,3299,Santosh Chavan,29,1,A3299
3300,3300,Suresh Sharma,30,1,A3300
3301,3301,Mahesh Chavan,31,1,A3301
3302,3302,Dinesh Sharma,32,1,A3302
3303,3303,Ashok Chavan,33,1,A3303
3304,3304,Basavaraj Patil,34,1,REC_OFF_005
3305,3305,Suresh Chavan,35,1,A3305
3306,3306,Mahesh Sharma,36,1,A3306
3307,3307,Dinesh Chavan,37,1,A3307
3308,3308,Ashok Sharma,38,1,A3308
3309,3309,Santosh Chavan,39,1,A3309
3310,3310,Suresh Sharma,40,1,A3310
3311,3311,Kiran Kumar,41,1,REC_OFF_002
3312,3312,Dinesh Sharma,42,1,A3312
3313,3313,Ashok Chavan,43,1,A3313
3314,3314,Santosh Sharma,44,1,A3314
3315,3315,Suresh Chavan,45,1,A3315
3316,3316,Mahesh Sharma,46,1,A3316
3317,3317,Dinesh Chavan,47,1,A3317
3318,3318,Dharmesh Pujari,48,1,REC_OFF_009
3319,3319,Santosh Chavan,49,1,A3319
3320,3320,Suresh Sharma,50,1,A3320
3321,3321,Mahesh Chavan,51,1,A3321
3322,3322,Dinesh Sharma,52,1,A3322
3323,3323,Ashok Chavan,53,1,A3323
3324,3324,Santosh Sharma,54,1,A3324
3325,3325,Anand Kulkarni,20,1,REC_OFF_006
3326,3326,Mahesh Sharma,21,1,A3326
3327,3327,Dinesh Chavan,22,1,A3327
3328,3328,Ashok Sharma,23,1,A3328
3329,3329,Santosh Chavan,24,1,A3329
3330,3330,Suresh Sharma,25,1,A3330
3331,3331,Mahesh Chavan,26,1,A3331
3332,3332,Manjunath Naik,27,1,REC_OFF_003
3333,3333,Ashok Chavan,28,1,A3333
3334,3334,Santosh Sharma,29,1,A3334
3335,3335,Suresh Chavan,30,1,A3335
3336,3336,Mahesh Sharma,31,1,A3336
3337,3337,Dinesh Chavan,32,1,A3337
3338,3338,Ashok Sharma,33,1,A3338
3339,3339,Ganesh Hegde,34,1,REC_OFF_010
3340,3340,Suresh Sharma,35,1,A3340
3341,3341,Mahesh Chavan,36,1,A3341
3342,3342,Dinesh Sharma,37,1,A3342
3343,3343,Ashok Chavan,38,1,A3343
3344,3344,Santosh Sharma,39,1,A3344
3345,3345,Suresh Chavan,40,1,A3345
3346,3346,Sunil Shetty,41,1,REC_OFF_007
3347,3347,Dinesh Chavan,42,1,A3347
3348,3348,Ashok Sharma,43,1,A3348
3349,3349,Santosh Chavan,44,1,A3349
3350,3350,Suresh Sharma,45,1,A3350
3351,3351,Mahesh Chavan,46,1,A3351
3352,3352,Dinesh Sharma,47,1,A3352
3353,3353,Venkatesh Rao,48,1,REC_OFF_004
3354,3354,Santosh Sharma,49,1,A3354
3355,3355,Suresh Chavan,50,1,A3355
3356,3356,Mahesh Sharma,51,1,A3356
3357,3357,Dinesh Chavan,52,1,A3357
3358,3358,Ashok Sharma,53,1,A3358
3359,3359,Santosh Chavan,54,1,A3359
3360,3360,Ramesh Gowda,20,1,REC_OFF_001
3361,3361,Mahesh Chavan,21,1,A3361
3362,3362,Dinesh Sharma,22,1,A3362
3363,3363,Ashok Chavan,23,1,A3363
3364,3364,Santosh Sharma,24,1,A3364
3365,3365,Suresh Chavan,25,1,A3365
3366,3366,Mahesh Sharma,26,1,A3366
3367,3367,Pradeep Deshmukh,27,1,REC_OFF_008
3368,3368,Ashok Sharma,28,1,A3368
3369,3369,Santosh Chavan,29,1,A3369
3370,3370,Suresh Sharma,30,1,A3370
3371,3371,Mahesh Chavan,31,1,A3371
3372,3372,Dinesh Sharma,32,1,A3372
3373,3373,Ashok Chavan,33,1,A3373
3374,3374,Basavaraj Patil,34,1,REC_OFF_005
3375,3375,Suresh Chavan,35,1,A3375
3376,3376,Mahesh Sharma,36,1,A3376
3377,3377,Dinesh Chavan,37,1,A3377
3378,3378,Ashok Sharma,38,1,A3378
3379,3379,Santosh Chavan,39,1,A3379
3380,3380,Suresh Sharma,40,1,A3380
3381,3381,Kiran Kumar,41,1,REC_OFF_002
3382,3382,Dinesh Sharma,42,1,A3382
3383,3383,Ashok Chavan,43,1,A3383
3384,3384,Santosh Sharma,44,1,A3384
3385,3385,Suresh Chavan,45,1,A3385
3386,3386,Mahesh Sharma,46,1,A3386
3387,3387,Dinesh Chavan,47,1,A3387
3388,3388,Dharmesh Pujari,48,1,REC_OFF_009
3389,3389,Santosh Chavan,49,1,A3389
3390,3390,Suresh Sharma,50,1,A3390
3391,3391,Mahesh Chavan,51,1,A3391
3392,3392,Dinesh Sharma,52,1,A3392
3393,3393,Ashok Chavan,53,1,A3393
3394,3394,Santosh Sharma,54,1,A3394
3395,3395,Anand Kulkarni,20,1,REC_OFF_006
3396,3396,Mahesh Sharma,21,1,A3396
3397,3397,Dinesh Chavan,22,1,A3397
3398,3398,Ashok Sharma,23,1,A3398
3399,3399,Santosh Chavan,24,1,A3399
3400,3400,Suresh Sharma,25,1,A3400
3401,3401,Mahesh Chavan,26,1,A3401
3402,3402,Manjunath Naik,27,1,REC_OFF_003
3403,3403,Ashok Chavan,28,1,A3403
3404,3404,Santosh Sharma,29,1,A3404
3405,3405,Suresh Chavan,30,1,A3405
3406,3406,Mahesh Sharma,31,1,A3406
3407,3407,Dinesh Chavan,32,1,A3407
3408,3408,Ashok Sharma,33,1,A3408
3409,3409,Ganesh Hegde,34,1,REC_OFF_010
3410,3410,Suresh Sharma,35,1,A3410
3411,3411,Mahesh Chavan,36,1,A3411
3412,3412,Dinesh Sharma,37,1,A3412
3413,3413,Ashok Chavan,38,1,A3413
3414,3414,Santosh Sharma,39,1,A3414
3415,3415,Suresh Chavan,40,1,A3415
3416,3416,Sunil Shetty,41,1,REC_OFF_007
3417,3417,Dinesh Chavan,42,1,A3417
3418,3418,Ashok Sharma,43,1,A3418
3419,3419,Santosh Chavan,44,1,A3419
3420,3420,Suresh Sharma,45,1,A3420
3421,3421,Mahesh Chavan,46,1,A3421
3422,3422,Dinesh Sharma,47,1,A3422
3423,3423,Venkatesh Rao,48,1,REC_OFF_004
3424,3424,Santosh Sharma,49,1,A3424
3425,3425,Suresh Chavan,50,1,A3425
3426,3426,Mahesh Sharma,51,1,A3426
3427,3427,Dinesh Chavan,52,1,A3427
3428,3428,Ashok Sharma,53,1,A3428
3429,3429,Santosh Chavan,54,1,A3429
3430,3430,Ramesh Gowda,20,1,REC_OFF_001
3431,3431,Mahesh Chavan,21,1,A3431
3432,3432,Dinesh Sharma,22,1,A3432
3433,3433,Ashok Chavan,23,1,A3433
3434,3434,Santosh Sharma,24,1,A3434
3435,3435,Suresh Chavan,25,1,A3435
3436,3436,Mahesh Sharma,26,1,A3436
3437,3437,Pradeep Deshmukh,27,1,REC_OFF_008
3438,3438,Ashok Sharma,28,1,A3438
3439,3439,Santosh Chavan,29,1,A3439
3440,3440,Suresh Sharma,30,1,A3440
3441,3441,Mahesh Chavan,31,1,A3441
3442,3442,Dinesh Sharma,32,1,A3442
3443,3443,Ashok Chavan,33,1,A3443
3444,3444,Basavaraj Patil,34,1,REC_OFF_005
3445,3445,Suresh Chavan,35,1,A3445
3446,3446,Mahesh Sharma,36,1,A3446
3447,3447,Dinesh Chavan,37,1,A3447
3448,3448,Ashok Sharma,38,1,A3448
3449,3449,Santosh Chavan,39,1,A3449
3450,3450,Suresh Sharma,40,1,A3450
3451,3451,Kiran Kumar,41,1,REC_OFF_002
3452,3452,Dinesh Sharma,42,1,A3452
3453,3453,Ashok Chavan,43,1,A3453
3454,3454,Santosh Sharma,44,1,A3454
3455,3455,Suresh Chavan,45,1,A3455
3456,3456,Mahesh Sharma,46,1,A3456
3457,3457,Dinesh Chavan,47,1,A3457
3458,3458,Dharmesh Pujari,48,1,REC_OFF_009
3459,3459,Santosh Chavan,49,1,A3459
3460,3460,Suresh Sharma,50,1,A3460
3461,3461,Mahesh Chavan,51,1,A3461
3462,3462,Dinesh Sharma,52,1,A3462
3463,3463,Ashok Chavan,53,1,A3463
3464,3464,Santosh Sharma,54,1,A3464
3465,3465,Anand Kulkarni,20,1,REC_OFF_006
3466,3466,Mahesh Sharma,21,1,A3466
3467,3467,Dinesh Chavan,22,1,A3467
3468,3468,Ashok Sharma,23,1,A3468
3469,3469,Santosh Chavan,24,1,A3469
3470,3470,Suresh Sharma,25,1,A3470
3471,3471,Mahesh Chavan,26,1,A3471
3472,3472,Manjunath Naik,27,1,REC_OFF_003
3473,3473,Ashok Chavan,28,1,A3473
3474,3474,Santosh Sharma,29,1,A3474
3475,3475,Suresh Chavan,30,1,A3475
3476,3476,Mahesh Sharma,31,1,A3476
3477,3477,Dinesh Chavan,32,1,A3477
3478,3478,Ashok Sharma,33,1,A3478
3479,3479,Ganesh Hegde,34,1,REC_OFF_010
3480,3480,Suresh Sharma,35,1,A3480
3481,3481,Mahesh Chavan,36,1,A3481
3482,3482,Dinesh Sharma,37,1,A3482
3483,3483,Ashok Chavan,38,1,A3483
3484,3484,Santosh Sharma,39,1,A3484
3485,3485,Suresh Chavan,40,1,A3485
3486,3486,Sunil Shetty,41,1,REC_OFF_007
3487,3487,Dinesh Chavan,42,1,A3487
3488,3488,Ashok Sharma,43,1,A3488
3489,3489,Santosh Chavan,44,1,A3489
3490,3490,Suresh Sharma,45,1,A3490
3491,3491,Mahesh Chavan,46,1,A3491
3492,3492,Dinesh Sharma,47,1,A3492
3493,3493,Venkatesh Rao,48,1,REC_OFF_004
3494,3494,Santosh Sharma,49,1,A3494
3495,3495,Suresh Chavan,50,1,A3495
3496,3496,Mahesh Sharma,51,1,A3496
3497,3497,Dinesh Chavan,52,1,A3497
3498,3498,Ashok Sharma,53,1,A3498
3499,3499,Santosh Chavan,54,1,A3499
3500,3500,Ramesh Gowda,20,1,REC_OFF_001
3501,3501,Mahesh Chavan,21,1,A3501
3502,3502,Dinesh Sharma,22,1,A3502
3503,3503,Ashok Chavan,23,1,A3503
3504,3504,Santosh Sharma,24,1,A3504
3505,3505,Suresh Chavan,25,1,A3505
3506,3506,Mahesh Sharma,26,1,A3506
3507,3507,Pradeep Deshmukh,27,1,REC_OFF_008
3508,3508,Ashok Sharma,28,1,A3508
3509,3509,Santosh Chavan,29,1,A3509
3510,3510,Suresh Sharma,30,1,A3510
3511,3511,Mahesh Chavan,31,1,A3511
3512,3512,Dinesh Sharma,32,1,A3512
3513,3513,Ashok Chavan,33,1,A3513
3514,3514,Basavaraj Patil,34,1,REC_OFF_005
3515,3515,Suresh Chavan,35,1,A3515
3516,3516,Mahesh Sharma,36,1,A3516
3517,3517,Dinesh Chavan,37,1,A3517
3518,3518,Ashok Sharma,38,1,A3518
3519,3519,Santosh Chavan,39,1,A3519
3520,3520,Suresh Sharma,40,1,A3520
3521,3521,Kiran Kumar,41,1,REC_OFF_002
3522,3522,Dinesh Sharma,42,1,A3522
3523,3523,Ashok Chavan,43,1,A3523
3524,3524,Santosh Sharma,44,1,A3524
3525,3525,Suresh Chavan,45,1,A3525
3526,3526,Mahesh Sharma,46,1,A3526
3527,3527,Dinesh Chavan,47,1,A3527
3528,3528,Dharmesh Pujari,48,1,REC_OFF_009
3529,3529,Santosh Chavan,49,1,A3529
3530,3530,Suresh Sharma,50,1,A3530
3531,3531,Mahesh Chavan,51,1,A3531
3532,3532,Dinesh Sharma,52,1,A3532
3533,3533,Ashok Chavan,53,1,A3533
3534,3534,Santosh Sharma,54,1,A3534
3535,3535,Anand Kulkarni,20,1,REC_OFF_006
3536,3536,Mahesh Sharma,21,1,A3536
3537,3537,Dinesh Chavan,22,1,A3537
3538,3538,Ashok Sharma,23,1,A3538
3539,3539,Santosh Chavan,24,1,A3539
3540,3540,Suresh Sharma,25,1,A3540
3541,3541,Mahesh Chavan,26,1,A3541
3542,3542,Manjunath Naik,27,1,REC_OFF_003
3543,3543,Ashok Chavan,28,1,A3543
3544,3544,Santosh Sharma,29,1,A3544
3545,3545,Suresh Chavan,30,1,A3545
3546,3546,Mahesh Sharma,31,1,A3546
3547,3547,Dinesh Chavan,32,1,A3547
3548,3548,Ashok Sharma,33,1,A3548
3549,3549,Ganesh Hegde,34,1,REC_OFF_010
3550,3550,Suresh Sharma,35,1,A3550
3551,3551,Mahesh Chavan,36,1,A3551
3552,3552,Dinesh Sharma,37,1,A3552
3553,3553,Ashok Chavan,38,1,A3553
3554,3554,Santosh Sharma,39,1,A3554
3555,3555,Suresh Chavan,40,1,A3555
3556,3556,Sunil Shetty,41,1,REC_OFF_007
3557,3557,Dinesh Chavan,42,1,A3557
3558,3558,Ashok Sharma,43,1,A3558
3559,3559,Santosh Chavan,44,1,A3559
3560,3560,Suresh Sharma,45,1,A3560
3561,3561,Mahesh Chavan,46,1,A3561
3562,3562,Dinesh Sharma,47,1,A3562
3563,3563,Venkatesh Rao,48,1,REC_OFF_004
3564,3564,Santosh Sharma,49,1,A3564
3565,3565,Suresh Chavan,50,1,A3565
3566,3566,Mahesh Sharma,51,1,A3566
3567,3567,Dinesh Chavan,52,1,A3567
3568,3568,Ashok Sharma,53,1,A3568
3569,3569,Santosh Chavan,54,1,A3569
3570,3570,Ramesh Gowda,20,1,REC_OFF_001
3571,3571,Mahesh Chavan,21,1,A3571
3572,3572,Dinesh Sharma,22,1,A3572
3573,3573,Ashok Chavan,23,1,A3573
3574,3574,Santosh Sharma,24,1,A3574
3575,3575,Suresh Chavan,25,1,A3575
3576,3576,Mahesh Sharma,26,1,A3576
3577,3577,Pradeep Deshmukh,27,1,REC_OFF_008
3578,3578,Ashok Sharma,28,1,A3578
3579,3579,Santosh Chavan,29,1,A3579
3580,3580,Suresh Sharma,30,1,A3580
3581,3581,Mahesh Chavan,31,1,A3581
3582,3582,Dinesh Sharma,32,1,A3582
3583,3583,Ashok Chavan,33,1,A3583
3584,3584,Basavaraj Patil,34,1,REC_OFF_005
3585,3585,Suresh Chavan,35,1,A3585
3586,3586,Mahesh Sharma,36,1,A3586
3587,3587,Dinesh Chavan,37,1,A3587
3588,3588,Ashok Sharma,38,1,A3588
3589,3589,Santosh Chavan,39,1,A3589
3590,3590,Suresh Sharma,40,1,A3590
3591,3591,Kiran Kumar,41,1,REC_OFF_002
3592,3592,Dinesh Sharma,42,1,A3592
3593,3593,Ashok Chavan,43,1,A3593
3594,3594,Santosh Sharma,44,1,A3594
3595,3595,Suresh Chavan,45,1,A3595
3596,3596,Mahesh Sharma,46,1,A3596
3597,3597,Dinesh Chavan,47,1,A3597
3598,3598,Dharmesh Pujari,48,1,REC_OFF_009
3599,3599,Santosh Chavan,49,1,A3599
3600,3600,Suresh Sharma,50,1,A3600
3601,3601,Mahesh Chavan,51,1,A3601
3602,3602,Dinesh Sharma,52,1,A3602
3603,3603,Ashok Chavan,53,1,A3603
3604,3604,Santosh Sharma,54,1,A3604
3605,3605,Anand Kulkarni,20,1,REC_OFF_006
3606,3606,Mahesh Sharma,21,1,A3606
3607,3607,Dinesh Chavan,22,1,A3607
3608,3608,Ashok Sharma,23,1,A3608
3609,3609,Santosh Chavan,24,1,A3609
3610,3610,Suresh Sharma,25,1,A3610
3611,3611,Mahesh Chavan,26,1,A3611
3612,3612,Manjunath Naik,27,1,REC_OFF_003
3613,3613,Ashok Chavan,28,1,A3613
3614,3614,Santosh Sharma,29,1,A3614
3615,3615,Suresh Chavan,30,1,A3615
3616,3616,Mahesh Sharma,31,1,A3616
3617,3617,Dinesh Chavan,32,1,A3617
3618,3618,Ashok Sharma,33,1,A3618
3619,3619,Ganesh Hegde,34,1,REC_OFF_010
3620,3620,Suresh Sharma,35,1,A3620
3621,3621,Mahesh Chavan,36,1,A3621
3622,3622,Dinesh Sharma,37,1,A3622
3623,3623,Ashok Chavan,38,1,A3623
3624,3624,Santosh Sharma,39,1,A3624
3625,3625,Suresh Chavan,40,1,A3625
3626,3626,Sunil Shetty,41,1,REC_OFF_007
3627,3627,Dinesh Chavan,42,1,A3627
3628,3628,Ashok Sharma,43,1,A3628
3629,3629,Santosh Chavan,44,1,A3629
3630,3630,Suresh Sharma,45,1,A3630
3631,3631,Mahesh Chavan,46,1,A3631
3632,3632,Dinesh Sharma,47,1,A3632
3633,3633,Venkatesh Rao,48,1,REC_OFF_004
3634,3634,Santosh Sharma,49,1,A3634
3635,3635,Suresh Chavan,50,1,A3635
3636,3636,Mahesh Sharma,51,1,A3636
3637,3637,Dinesh Chavan,52,1,A3637
3638,3638,Ashok Sharma,53,1,A3638
3639,3639,Santosh Chavan,54,1,A3639
3640,3640,Ramesh Gowda,20,1,REC_OFF_001
3641,3641,Mahesh Chavan,21,1,A3641
3642,3642,Dinesh Sharma,22,1,A3642
3643,3643,Ashok Chavan,23,1,A3643
3644,3644,Santosh Sharma,24,1,A3644
3645,3645,Suresh Chavan,25,1,A3645
3646,3646,Mahesh Sharma,26,1,A3646
3647,3647,Pradeep Deshmukh,27,1,REC_OFF_008
3648,3648,Ashok Sharma,28,1,A3648
3649,3649,Santosh Chavan,29,1,A3649
3650,3650,Suresh Sharma,30,1,A3650
3651,3651,Mahesh Chavan,31,1,A3651
3652,3652,Dinesh Sharma,32,1,A3652
3653,3653,Ashok Chavan,33,1,A3653
3654,3654,Basavaraj Patil,34,1,REC_OFF_005
3655,3655,Suresh Chavan,35,1,A3655
3656,3656,Mahesh Sharma,36,1,A3656
3657,3657,Dinesh Chavan,37,1,A3657
3658,3658,Ashok Sharma,38,1,A3658
3659,3659,Santosh Chavan,39,1,A3659
3660,3660,Suresh Sharma,40,1,A3660
3661,3661,Kiran Kumar,41,1,REC_OFF_002
3662,3662,Dinesh Sharma,42,1,A3662
3663,3663,Ashok Chavan,43,1,A3663
3664,3664,Santosh Sharma,44,1,A3664
3665,3665,Suresh Chavan,45,1,A3665
3666,3666,Mahesh Sharma,46,1,A3666
3667,3667,Dinesh Chavan,47,1,A3667
3668,3668,Dharmesh Pujari,48,1,REC_OFF_009
3669,3669,Santosh Chavan,49,1,A3669
3670,3670,Suresh Sharma,50,1,A3670
3671,3671,Mahesh Chavan,51,1,A3671
3672,3672,Dinesh Sharma,52,1,A3672
3673,3673,Ashok Chavan,53,1,A3673
3674,3674,Santosh Sharma,54,1,A3674
3675,3675,Anand Kulkarni,20,1,REC_OFF_006
3676,3676,Mahesh Sharma,21,1,A3676
3677,3677,Dinesh Chavan,22,1,A3677
3678,3678,Ashok Sharma,23,1,A3678
3679,3679,Santosh Chavan,24,1,A3679
3680,3680,Suresh Sharma,25,1,A3680
3681,3681,Mahesh Chavan,26,1,A3681
3682,3682,Manjunath Naik,27,1,REC_OFF_003
3683,3683,Ashok Chavan,28,1,A3683
3684,3684,Santosh Sharma,29,1,A3684
3685,3685,Suresh Chavan,30,1,A3685
3686,3686,Mahesh Sharma,31,1,A3686
3687,3687,Dinesh Chavan,32,1,A3687
3688,3688,Ashok Sharma,33,1,A3688
3689,3689,Ganesh Hegde,34,1,REC_OFF_010
3690,3690,Suresh Sharma,35,1,A3690
3691,3691,Mahesh Chavan,36,1,A3691
3692,3692,Dinesh Sharma,37,1,A3692
3693,3693,Ashok Chavan,38,1,A3693
3694,3694,Santosh Sharma,39,1,A3694
3695,3695,Suresh Chavan,40,1,A3695
3696,3696,Sunil Shetty,41,1,REC_OFF_007
3697,3697,Dinesh Chavan,42,1,A3697
3698,3698,Ashok Sharma,43,1,A3698
3699,3699,Santosh Chavan,44,1,A3699
3700,3700,Suresh Sharma,45,1,A3700
3701,3701,Mahesh Chavan,46,1,A3701
3702,3702,Dinesh Sharma,47,1,A3702
3703,3703,Venkatesh Rao,48,1,REC_OFF_004
3704,3704,Santosh Sharma,49,1,A3704
3705,3705,Suresh Chavan,50,1,A3705
3706,3706,Mahesh Sharma,51,1,A3706
3707,3707,Dinesh Chavan,52,1,A3707
3708,3708,Ashok Sharma,53,1,A3708
3709,3709,Santosh Chavan,54,1,A3709
3710,3710,Ramesh Gowda,20,1,REC_OFF_001
3711,3711,Mahesh Chavan,21,1,A3711
3712,3712,Dinesh Sharma,22,1,A3712
3713,3713,Ashok Chavan,23,1,A3713
3714,3714,Santosh Sharma,24,1,A3714
3715,3715,Suresh Chavan,25,1,A3715
3716,3716,Mahesh Sharma,26,1,A3716
3717,3717,Pradeep Deshmukh,27,1,REC_OFF_008
3718,3718,Ashok Sharma,28,1,A3718
3719,3719,Santosh Chavan,29,1,A3719
3720,3720,Suresh Sharma,30,1,A3720
3721,3721,Mahesh Chavan,31,1,A3721
3722,3722,Dinesh Sharma,32,1,A3722
3723,3723,Ashok Chavan,33,1,A3723
3724,3724,Basavaraj Patil,34,1,REC_OFF_005
3725,3725,Suresh Chavan,35,1,A3725
3726,3726,Mahesh Sharma,36,1,A3726
3727,3727,Dinesh Chavan,37,1,A3727
3728,3728,Ashok Sharma,38,1,A3728
3729,3729,Santosh Chavan,39,1,A3729
3730,3730,Suresh Sharma,40,1,A3730
3731,3731,Kiran Kumar,41,1,REC_OFF_002
3732,3732,Dinesh Sharma,42,1,A3732
3733,3733,Ashok Chavan,43,1,A3733
3734,3734,Santosh Sharma,44,1,A3734
3735,3735,Suresh Chavan,45,1,A3735
3736,3736,Mahesh Sharma,46,1,A3736
3737,3737,Dinesh Chavan,47,1,A3737
3738,3738,Dharmesh Pujari,48,1,REC_OFF_009
3739,3739,Santosh Chavan,49,1,A3739
3740,3740,Suresh Sharma,50,1,A3740
3741,3741,Mahesh Chavan,51,1,A3741
3742,3742,Dinesh Sharma,52,1,A3742
3743,3743,Ashok Chavan,53,1,A3743
3744,3744,Santosh Sharma,54,1,A3744
3745,3745,Anand Kulkarni,20,1,REC_OFF_006
3746,3746,Mahesh Sharma,21,1,A3746
3747,3747,Dinesh Chavan,22,1,A3747
3748,3748,Ashok Sharma,23,1,A3748
3749,3749,Santosh Chavan,24,1,A3749
3750,3750,Suresh Sharma,25,1,A3750
3751,3751,Mahesh Chavan,26,1,A3751
3752,3752,Manjunath Naik,27,1,REC_OFF_003
3753,3753,Ashok Chavan,28,1,A3753
3754,3754,Santosh Sharma,29,1,A3754
3755,3755,Suresh Chavan,30,1,A3755
3756,3756,Mahesh Sharma,31,1,A3756
3757,3757,Dinesh Chavan,32,1,A3757
3758,3758,Ashok Sharma,33,1,A3758
3759,3759,Ganesh Hegde,34,1,REC_OFF_010
3760,3760,Suresh Sharma,35,1,A3760
3761,3761,Mahesh Chavan,36,1,A3761
3762,3762,Dinesh Sharma,37,1,A3762
3763,3763,Ashok Chavan,38,1,A3763
3764,3764,Santosh Sharma,39,1,A3764
3765,3765,Suresh Chavan,40,1,A3765
3766,3766,Sunil Shetty,41,1,REC_OFF_007
3767,3767,Dinesh Chavan,42,1,A3767
3768,3768,Ashok Sharma,43,1,A3768
3769,3769,Santosh Chavan,44,1,A3769
3770,3770,Suresh Sharma,45,1,A3770
3771,3771,Mahesh Chavan,46,1,A3771
3772,3772,Dinesh Sharma,47,1,A3772
3773,3773,Venkatesh Rao,48,1,REC_OFF_004
3774,3774,Santosh Sharma,49,1,A3774
3775,3775,Suresh Chavan,50,1,A3775
3776,3776,Mahesh Sharma,51,1,A3776
3777,3777,Dinesh Chavan,52,1,A3777
3778,3778,Ashok Sharma,53,1,A3778
3779,3779,Santosh Chavan,54,1,A3779
3780,3780,Ramesh Gowda,20,1,REC_OFF_001
3781,3781,Mahesh Chavan,21,1,A3781
3782,3782,Dinesh Sharma,22,1,A3782
3783,3783,Ashok Chavan,23,1,A3783
3784,3784,Santosh Sharma,24,1,A3784
3785,3785,Suresh Chavan,25,1,A3785
3786,3786,Mahesh Sharma,26,1,A3786
3787,3787,Pradeep Deshmukh,27,1,REC_OFF_008
3788,3788,Ashok Sharma,28,1,A3788
3789,3789,Santosh Chavan,29,1,A3789
3790,3790,Suresh Sharma,30,1,A3790
3791,3791,Mahesh Chavan,31,1,A3791
3792,3792,Dinesh Sharma,32,1,A3792
3793,3793,Ashok Chavan,33,1,A3793
3794,3794,Basavaraj Patil,34,1,REC_OFF_005
3795,3795,Suresh Chavan,35,1,A3795
3796,3796,Mahesh Sharma,36,1,A3796
3797,3797,Dinesh Chavan,37,1,A3797
3798,3798,Ashok Sharma,38,1,A3798
3799,3799,Santosh Chavan,39,1,A3799
3800,3800,Suresh Sharma,40,1,A3800
3801,3801,Kiran Kumar,41,1,REC_OFF_002
3802,3802,Dinesh Sharma,42,1,A3802
3803,3803,Ashok Chavan,43,1,A3803
3804,3804,Santosh Sharma,44,1,A3804
3805,3805,Suresh Chavan,45,1,A3805
3806,3806,Mahesh Sharma,46,1,A3806
3807,3807,Dinesh Chavan,47,1,A3807
3808,3808,Dharmesh Pujari,48,1,REC_OFF_009
3809,3809,Santosh Chavan,49,1,A3809
3810,3810,Suresh Sharma,50,1,A3810
3811,3811,Mahesh Chavan,51,1,A3811
3812,3812,Dinesh Sharma,52,1,A3812
3813,3813,Ashok Chavan,53,1,A3813
3814,3814,Santosh Sharma,54,1,A3814
3815,3815,Anand Kulkarni,20,1,REC_OFF_006
3816,3816,Mahesh Sharma,21,1,A3816
3817,3817,Dinesh Chavan,22,1,A3817
3818,3818,Ashok Sharma,23,1,A3818
3819,3819,Santosh Chavan,24,1,A3819
3820,3820,Suresh Sharma,25,1,A3820
3821,3821,Mahesh Chavan,26,1,A3821
3822,3822,Manjunath Naik,27,1,REC_OFF_003
3823,3823,Ashok Chavan,28,1,A3823
3824,3824,Santosh Sharma,29,1,A3824
3825,3825,Suresh Chavan,30,1,A3825
3826,3826,Mahesh Sharma,31,1,A3826
3827,3827,Dinesh Chavan,32,1,A3827
3828,3828,Ashok Sharma,33,1,A3828
3829,3829,Ganesh Hegde,34,1,REC_OFF_010
3830,3830,Suresh Sharma,35,1,A3830
3831,3831,Mahesh Chavan,36,1,A3831
3832,3832,Dinesh Sharma,37,1,A3832
3833,3833,Ashok Chavan,38,1,A3833
3834,3834,Santosh Sharma,39,1,A3834
3835,3835,Suresh Chavan,40,1,A3835
3836,3836,Sunil Shetty,41,1,REC_OFF_007
3837,3837,Dinesh Chavan,42,1,A3837
3838,3838,Ashok Sharma,43,1,A3838
3839,3839,Santosh Chavan,44,1,A3839
3840,3840,Suresh Sharma,45,1,A3840
3841,3841,Mahesh Chavan,46,1,A3841
3842,3842,Dinesh Sharma,47,1,A3842
3843,3843,Venkatesh Rao,48,1,REC_OFF_004
3844,3844,Santosh Sharma,49,1,A3844
3845,3845,Suresh Chavan,50,1,A3845
3846,3846,Mahesh Sharma,51,1,A3846
3847,3847,Dinesh Chavan,52,1,A3847
3848,3848,Ashok Sharma,53,1,A3848
3849,3849,Santosh Chavan,54,1,A3849
3850,3850,Ramesh Gowda,20,1,REC_OFF_001
3851,3851,Mahesh Chavan,21,1,A3851
3852,3852,Dinesh Sharma,22,1,A3852
3853,3853,Ashok Chavan,23,1,A3853
3854,3854,Santosh Sharma,24,1,A3854
3855,3855,Suresh Chavan,25,1,A3855
3856,3856,Mahesh Sharma,26,1,A3856
3857,3857,Pradeep Deshmukh,27,1,REC_OFF_008
3858,3858,Ashok Sharma,28,1,A3858
3859,3859,Santosh Chavan,29,1,A3859
3860,3860,Suresh Sharma,30,1,A3860
3861,3861,Mahesh Chavan,31,1,A3861
3862,3862,Dinesh Sharma,32,1,A3862
3863,3863,Ashok Chavan,33,1,A3863
3864,3864,Basavaraj Patil,34,1,REC_OFF_005
3865,3865,Suresh Chavan,35,1,A3865
3866,3866,Mahesh Sharma,36,1,A3866
3867,3867,Dinesh Chavan,37,1,A3867
3868,3868,Ashok Sharma,38,1,A3868
3869,3869,Santosh Chavan,39,1,A3869
3870,3870,Suresh Sharma,40,1,A3870
3871,3871,Kiran Kumar,41,1,REC_OFF_002
3872,3872,Dinesh Sharma,42,1,A3872
3873,3873,Ashok Chavan,43,1,A3873
3874,3874,Santosh Sharma,44,1,A3874
3875,3875,Suresh Chavan,45,1,A3875
3876,3876,Mahesh Sharma,46,1,A3876
3877,3877,Dinesh Chavan,47,1,A3877
3878,3878,Dharmesh Pujari,48,1,REC_OFF_009
3879,3879,Santosh Chavan,49,1,A3879
3880,3880,Suresh Sharma,50,1,A3880
3881,3881,Mahesh Chavan,51,1,A3881
3882,3882,Dinesh Sharma,52,1,A3882
3883,3883,Ashok Chavan,53,1,A3883
3884,3884,Santosh Sharma,54,1,A3884
3885,3885,Anand Kulkarni,20,1,REC_OFF_006
3886,3886,Mahesh Sharma,21,1,A3886
3887,3887,Dinesh Chavan,22,1,A3887
3888,3888,Ashok Sharma,23,1,A3888
3889,3889,Santosh Chavan,24,1,A3889
3890,3890,Suresh Sharma,25,1,A3890
3891,3891,Mahesh Chavan,26,1,A3891
3892,3892,Manjunath Naik,27,1,REC_OFF_003
3893,3893,Ashok Chavan,28,1,A3893
3894,3894,Santosh Sharma,29,1,A3894
3895,3895,Suresh Chavan,30,1,A3895
3896,3896,Mahesh Sharma,31,1,A3896
3897,3897,Dinesh Chavan,32,1,A3897
3898,3898,Ashok Sharma,33,1,A3898
3899,3899,Ganesh Hegde,34,1,REC_OFF_010
3900,3900,Suresh Sharma,35,1,A3900
3901,3901,Mahesh Chavan,36,1,A3901
3902,3902,Dinesh Sharma,37,1,A3902
3903,3903,Ashok Chavan,38,1,A3903
3904,3904,Santosh Sharma,39,1,A3904
3905,3905,Suresh Chavan,40,1,A3905
3906,3906,Sunil Shetty,41,1,REC_OFF_007
3907,3907,Dinesh Chavan,42,1,A3907
3908,3908,Ashok Sharma,43,1,A3908
3909,3909,Santosh Chavan,44,1,A3909
3910,3910,Suresh Sharma,45,1,A3910
3911,3911,Mahesh Chavan,46,1,A3911
3912,3912,Dinesh Sharma,47,1,A3912
3913,3913,Venkatesh Rao,48,1,REC_OFF_004
3914,3914,Santosh Sharma,49,1,A3914
3915,3915,Suresh Chavan,50,1,A3915
3916,3916,Mahesh Sharma,51,1,A3916
3917,3917,Dinesh Chavan,52,1,A3917
3918,3918,Ashok Sharma,53,1,A3918
3919,3919,Santosh Chavan,54,1,A3919
3920,3920,Ramesh Gowda,20,1,REC_OFF_001
3921,3921,Mahesh Chavan,21,1,A3921
3922,3922,Dinesh Sharma,22,1,A3922
3923,3923,Ashok Chavan,23,1,A3923
3924,3924,Santosh Sharma,24,1,A3924
3925,3925,Suresh Chavan,25,1,A3925
3926,3926,Mahesh Sharma,26,1,A3926
3927,3927,Pradeep Deshmukh,27,1,REC_OFF_008
3928,3928,Ashok Sharma,28,1,A3928
3929,3929,Santosh Chavan,29,1,A3929
3930,3930,Suresh Sharma,30,1,A3930
3931,3931,Mahesh Chavan,31,1,A3931
3932,3932,Dinesh Sharma,32,1,A3932
3933,3933,Ashok Chavan,33,1,A3933
3934,3934,Basavaraj Patil,34,1,REC_OFF_005
3935,3935,Suresh Chavan,35,1,A3935
3936,3936,Mahesh Sharma,36,1,A3936
3937,3937,Dinesh Chavan,37,1,A3937
3938,3938,Ashok Sharma,38,1,A3938
3939,3939,Santosh Chavan,39,1,A3939
3940,3940,Suresh Sharma,40,1,A3940
3941,3941,Kiran Kumar,41,1,REC_OFF_002
3942,3942,Dinesh Sharma,42,1,A3942
3943,3943,Ashok Chavan,43,1,A3943
3944,3944,Santosh Sharma,44,1,A3944
3945,3945,Suresh Chavan,45,1,A3945
3946,3946,Mahesh Sharma,46,1,A3946
3947,3947,Dinesh Chavan,47,1,A3947
3948,3948,Dharmesh Pujari,48,1,REC_OFF_009
3949,3949,Santosh Chavan,49,1,A3949
3950,3950,Suresh Sharma,50,1,A3950
3951,3951,Mahesh Chavan,51,1,A3951
3952,3952,Dinesh Sharma,52,1,A3952
3953,3953,Ashok Chavan,53,1,A3953
3954,3954,Santosh Sharma,54,1,A3954
3955,3955,Anand Kulkarni,20,1,REC_OFF_006
3956,3956,Mahesh Sharma,21,1,A3956
3957,3957,Dinesh Chavan,22,1,A3957
3958,3958,Ashok Sharma,23,1,A3958
3959,3959,Santosh Chavan,24,1,A3959
3960,3960,Suresh Sharma,25,1,A3960
3961,3961,Mahesh Chavan,26,1,A3961
3962,3962,Manjunath Naik,27,1,REC_OFF_003
3963,3963,Ashok Chavan,28,1,A3963
3964,3964,Santosh Sharma,29,1,A3964
3965,3965,Suresh Chavan,30,1,A3965
3966,3966,Mahesh Sharma,31,1,A3966
3967,3967,Dinesh Chavan,32,1,A3967
3968,3968,Ashok Sharma,33,1,A3968
3969,3969,Ganesh Hegde,34,1,REC_OFF_010
3970,3970,Suresh Sharma,35,1,A3970
3971,3971,Mahesh Chavan,36,1,A3971
3972,3972,Dinesh Sharma,37,1,A3972
3973,3973,Ashok Chavan,38,1,A3973
3974,3974,Santosh Sharma,39,1,A3974
3975,3975,Suresh Chavan,40,1,A3975
3976,3976,Sunil Shetty,41,1,REC_OFF_007
3977,3977,Dinesh Chavan,42,1,A3977
3978,3978,Ashok Sharma,43,1,A3978
3979,3979,Santosh Chavan,44,1,A3979
3980,3980,Suresh Sharma,45,1,A3980
3981,3981,Mahesh Chavan,46,1,A3981
3982,3982,Dinesh Sharma,47,1,A3982
3983,3983,Venkatesh Rao,48,1,REC_OFF_004
3984,3984,Santosh Sharma,49,1,A3984
3985,3985,Suresh Chavan,50,1,A3985
3986,3986,Mahesh Sharma,51,1,A3986
3987,3987,Dinesh Chavan,52,1,A3987
3988,3988,Ashok Sharma,53,1,A3988
3989,3989,Santosh Chavan,54,1,A3989
3990,3990,Ramesh Gowda,20,1,REC_OFF_001
3991,3991,Mahesh Chavan,21,1,A3991
3992,3992,Dinesh Sharma,22,1,A3992
3993,3993,Ashok Chavan,23,1,A3993
3994,3994,Santosh Sharma,24,1,A3994
3995,3995,Suresh Chavan,25,1,A3995
3996,3996,Mahesh Sharma,26,1,A3996
3997,3997,Pradeep Deshmukh,27,1,REC_OFF_008
