CaseMasterID,CrimeNo,CaseNo,CrimeRegisteredDate,PolicePersonID,PoliceStationID,CaseCategoryID,GravityOffenceID,CrimeMajorHeadID,CrimeMinorHeadID,CaseStatusID,CourtID,IncidentFromDate,IncidentToDate,InfoReceivedPSDate,latitude,longitude,BriefFacts
1,0001/2025,FIR/0001/2025,2025-02-07,2,1,1,2,5,10,1,1,2025-02-07 00:00:00,2025-02-07 00:30:00,2025-02-07 01:15:00,16.288348,75.726218,"Incident of Theft reported in Bagalkot district at coordinates (16.2883, 75.7262)."
2,0002/2025,FIR/0002/2025,2025-10-08,1,1,1,2,5,9,1,1,2025-10-08 08:00:00,2025-10-08 08:30:00,2025-10-08 09:15:00,16.176808,76.131462,"Incident of Theft reported in Bagalkot district at coordinates (16.1768, 76.1315)."
3,0003/2025,FIR/0003/2025,2025-06-01,2,1,1,2,5,10,3,1,2025-06-01 01:00:00,2025-06-01 01:30:00,2025-06-01 02:15:00,16.122467,75.791171,"Incident of Theft reported in Bagalkot district at coordinates (16.1225, 75.7912)."
4,0004/2025,FIR/0004/2025,2025-06-10,1,1,1,2,5,9,3,1,2025-06-10 15:00:00,2025-06-10 15:30:00,2025-06-10 16:15:00,16.177454,76.121926,"Incident of Theft reported in Bagalkot district at coordinates (16.1775, 76.1219)."
5,0005/2025,FIR/0005/2025,2025-05-01,2,1,1,2,5,10,2,1,2025-05-01 15:00:00,2025-05-01 15:30:00,2025-05-01 16:15:00,16.164985,76.126135,"Incident of Theft reported in Bagalkot district at coordinates (16.1650, 76.1261)."
6,0006/2025,FIR/0006/2025,2025-04-20,1,1,1,2,5,9,3,1,2025-04-20 08:00:00,2025-04-20 08:30:00,2025-04-20 09:15:00,16.127301,75.496899,"Incident of Theft reported in Bagalkot district at coordinates (16.1273, 75.4969)."
7,0007/2025,FIR/0007/2025,2025-04-10,2,1,1,2,5,10,1,1,2025-04-10 04:00:00,2025-04-10 04:30:00,2025-04-10 05:15:00,16.131168,75.791866,"Incident of Theft reported in Bagalkot district at coordinates (16.1312, 75.7919)."
8,0008/2025,FIR/0008/2025,2025-09-13,1,1,1,2,5,9,1,1,2025-09-13 12:00:00,2025-09-13 12:30:00,2025-09-13 13:15:00,15.933616,75.925383,"Incident of Theft reported in Bagalkot district at coordinates (15.9336, 75.9254)."
9,0009/2025,FIR/0009/2025,2025-09-27,2,1,1,2,5,10,2,1,2025-09-27 19:00:00,2025-09-27 19:30:00,2025-09-27 20:15:00,16.544401,75.338,"Incident of Theft reported in Bagalkot district at coordinates (16.5444, 75.3380)."
10,0010/2025,FIR/0010/2025,2025-03-06,1,1,1,2,5,9,1,1,2025-03-06 18:00:00,2025-03-06 18:30:00,2025-03-06 19:15:00,15.913487,75.935504,"Incident of Theft reported in Bagalkot district at coordinates (15.9135, 75.9355)."
11,0011/2025,FIR/0011/2025,2025-01-09,2,1,1,2,5,10,2,1,2025-01-09 14:00:00,2025-01-09 14:30:00,2025-01-09 15:15:00,16.178768,76.126029,"Incident of Theft reported in Bagalkot district at coordinates (16.1788, 76.1260)."
12,0012/2025,FIR/0012/2025,2025-12-17,1,1,1,2,5,9,1,1,2025-12-17 10:00:00,2025-12-17 10:30:00,2025-12-17 11:15:00,16.178488,76.128846,"Incident of Theft reported in Bagalkot district at coordinates (16.1785, 76.1288)."
13,0013/2025,FIR/0013/2025,2025-04-27,2,1,1,2,5,10,1,1,2025-04-27 21:00:00,2025-04-27 21:30:00,2025-04-27 22:15:00,16.288879,75.721204,"Incident of Theft reported in Bagalkot district at coordinates (16.2889, 75.7212)."
14,0014/2025,FIR/0014/2025,2025-06-04,1,1,1,2,5,9,3,1,2025-06-04 16:00:00,2025-06-04 16:30:00,2025-06-04 17:15:00,16.123675,75.781792,"Incident of Theft reported in Bagalkot district at coordinates (16.1237, 75.7818)."
15,0015/2025,FIR/0015/2025,2025-10-19,2,1,1,2,5,10,2,1,2025-10-19 17:00:00,2025-10-19 17:30:00,2025-10-19 18:15:00,15.929789,75.947112,"Incident of Theft reported in Bagalkot district at coordinates (15.9298, 75.9471)."
16,0016/2025,FIR/0016/2025,2025-11-02,1,1,1,2,5,9,3,1,2025-11-02 08:00:00,2025-11-02 08:30:00,2025-11-02 09:15:00,15.922108,75.940589,"Incident of Theft reported in Bagalkot district at coordinates (15.9221, 75.9406)."
17,0017/2025,FIR/0017/2025,2025-07-18,2,1,1,2,5,10,3,1,2025-07-18 06:00:00,2025-07-18 06:30:00,2025-07-18 07:15:00,16.172401,76.128826,"Incident of Theft reported in Bagalkot district at coordinates (16.1724, 76.1288)."
18,0018/2025,FIR/0018/2025,2025-06-22,1,1,1,2,5,9,3,1,2025-06-22 12:00:00,2025-06-22 12:30:00,2025-06-22 13:15:00,16.291896,75.708586,"Incident of Theft reported in Bagalkot district at coordinates (16.2919, 75.7086)."
19,0019/2025,FIR/0019/2025,2025-10-28,2,1,1,2,5,10,1,1,2025-10-28 13:00:00,2025-10-28 13:30:00,2025-10-28 14:15:00,16.133697,75.501362,"Incident of Theft reported in Bagalkot district at coordinates (16.1337, 75.5014)."
20,0020/2025,FIR/0020/2025,2025-03-19,1,1,1,2,5,9,2,1,2025-03-19 01:00:00,2025-03-19 01:30:00,2025-03-19 02:15:00,15.942702,75.937765,"Incident of Theft reported in Bagalkot district at coordinates (15.9427, 75.9378)."
21,0021/2025,FIR/0021/2025,2025-02-05,2,1,1,2,5,10,3,1,2025-02-05 04:00:00,2025-02-05 04:30:00,2025-02-05 05:15:00,16.475396,75.208548,"Incident of Theft reported in Bagalkot district at coordinates (16.4754, 75.2085)."
22,0022/2025,FIR/0022/2025,2025-11-21,1,1,1,2,5,9,2,1,2025-11-21 04:00:00,2025-11-21 04:30:00,2025-11-21 05:15:00,16.125375,75.782654,"Incident of Theft reported in Bagalkot district at coordinates (16.1254, 75.7827)."
23,0023/2025,FIR/0023/2025,2025-04-24,2,1,1,2,5,10,3,1,2025-04-24 14:00:00,2025-04-24 14:30:00,2025-04-24 15:15:00,15.933578,75.92732,"Incident of Theft reported in Bagalkot district at coordinates (15.9336, 75.9273)."
24,0024/2025,FIR/0024/2025,2025-10-15,1,1,1,2,5,9,2,1,2025-10-15 12:00:00,2025-10-15 12:30:00,2025-10-15 13:15:00,15.917017,75.940096,"Incident of Theft reported in Bagalkot district at coordinates (15.9170, 75.9401)."
25,0025/2025,FIR/0025/2025,2025-01-28,2,1,1,2,5,10,3,1,2025-01-28 09:00:00,2025-01-28 09:30:00,2025-01-28 10:15:00,16.403622,75.082604,"Incident of Theft reported in Bagalkot district at coordinates (16.4036, 75.0826)."
26,0026/2025,FIR/0026/2025,2025-09-08,1,1,1,2,5,9,2,1,2025-09-08 23:00:00,2025-09-08 23:30:00,2025-09-08 23:15:00,16.273085,75.699465,"Incident of Theft reported in Bagalkot district at coordinates (16.2731, 75.6995)."
27,0027/2025,FIR/0027/2025,2025-12-23,2,1,1,2,5,10,2,1,2025-12-23 17:00:00,2025-12-23 17:30:00,2025-12-23 18:15:00,16.055821,75.77975,"Incident of Theft reported in Bagalkot district at coordinates (16.0558, 75.7798)."
28,0028/2025,FIR/0028/2025,2025-07-04,1,1,1,2,5,9,2,1,2025-07-04 19:00:00,2025-07-04 19:30:00,2025-07-04 20:15:00,16.289458,75.708486,"Incident of Theft reported in Bagalkot district at coordinates (16.2895, 75.7085)."
29,0029/2025,FIR/0029/2025,2025-04-16,2,1,1,2,5,10,3,1,2025-04-16 11:00:00,2025-04-16 11:30:00,2025-04-16 12:15:00,16.178348,76.128147,"Incident of Theft reported in Bagalkot district at coordinates (16.1783, 76.1281)."
30,0030/2025,FIR/0030/2025,2025-03-19,1,1,1,2,5,9,1,1,2025-03-19 04:00:00,2025-03-19 04:30:00,2025-03-19 05:15:00,16.034645,75.47213,"Incident of Theft reported in Bagalkot district at coordinates (16.0346, 75.4721)."
31,0031/2025,FIR/0031/2025,2025-05-11,2,1,1,2,5,10,3,1,2025-05-11 13:00:00,2025-05-11 13:30:00,2025-05-11 14:15:00,16.302957,75.702069,"Incident of Theft reported in Bagalkot district at coordinates (16.3030, 75.7021)."
32,0032/2025,FIR/0032/2025,2025-04-01,1,1,1,2,5,9,1,1,2025-04-01 18:00:00,2025-04-01 18:30:00,2025-04-01 19:15:00,16.12215,75.50917,"Incident of Theft reported in Bagalkot district at coordinates (16.1222, 75.5092)."
33,0033/2025,FIR/0033/2025,2025-11-01,2,1,1,2,5,10,1,1,2025-11-01 12:00:00,2025-11-01 12:30:00,2025-11-01 13:15:00,16.346651,75.691301,"Incident of Theft reported in Bagalkot district at coordinates (16.3467, 75.6913)."
34,0034/2025,FIR/0034/2025,2025-11-16,1,1,1,2,5,9,1,1,2025-11-16 04:00:00,2025-11-16 04:30:00,2025-11-16 05:15:00,16.053472,75.779064,"Incident of Theft reported in Bagalkot district at coordinates (16.0535, 75.7791)."
35,0035/2025,FIR/0035/2025,2025-06-12,2,1,1,2,5,10,2,1,2025-06-12 21:00:00,2025-06-12 21:30:00,2025-06-12 22:15:00,16.130046,75.779188,"Incident of Theft reported in Bagalkot district at coordinates (16.1300, 75.7792)."
36,0036/2025,FIR/0036/2025,2025-07-22,1,1,1,2,5,9,1,1,2025-07-22 03:00:00,2025-07-22 03:30:00,2025-07-22 04:15:00,16.121677,75.496025,"Incident of Theft reported in Bagalkot district at coordinates (16.1217, 75.4960)."
37,0037/2025,FIR/0037/2025,2025-11-15,2,1,1,2,5,10,1,1,2025-11-15 17:00:00,2025-11-15 17:30:00,2025-11-15 18:15:00,16.285251,75.713205,"Incident of Theft reported in Bagalkot district at coordinates (16.2853, 75.7132)."
38,0038/2025,FIR/0038/2025,2025-06-23,1,1,1,2,5,9,1,1,2025-06-23 15:00:00,2025-06-23 15:30:00,2025-06-23 16:15:00,16.058868,75.782371,"Incident of Theft reported in Bagalkot district at coordinates (16.0589, 75.7824)."
39,0039/2025,FIR/0039/2025,2025-08-12,2,1,1,2,5,10,1,1,2025-08-12 05:00:00,2025-08-12 05:30:00,2025-08-12 06:15:00,16.175496,76.121512,"Incident of Theft reported in Bagalkot district at coordinates (16.1755, 76.1215)."
40,0040/2025,FIR/0040/2025,2025-01-22,1,1,1,2,5,9,2,1,2025-01-22 02:00:00,2025-01-22 02:30:00,2025-01-22 03:15:00,16.276045,75.697085,"Incident of Theft reported in Bagalkot district at coordinates (16.2760, 75.6971)."
41,0041/2025,FIR/0041/2025,2025-06-14,2,1,1,2,5,10,1,1,2025-06-14 12:00:00,2025-06-14 12:30:00,2025-06-14 13:15:00,16.12263,75.514469,"Incident of Theft reported in Bagalkot district at coordinates (16.1226, 75.5145)."
42,0042/2025,FIR/0042/2025,2025-07-22,1,1,1,2,5,9,2,1,2025-07-22 11:00:00,2025-07-22 11:30:00,2025-07-22 12:15:00,16.132723,75.505724,"Incident of Theft reported in Bagalkot district at coordinates (16.1327, 75.5057)."
43,0043/2025,FIR/0043/2025,2025-06-22,2,1,1,2,5,10,3,1,2025-06-22 19:00:00,2025-06-22 19:30:00,2025-06-22 20:15:00,15.923035,75.944839,"Incident of Theft reported in Bagalkot district at coordinates (15.9230, 75.9448)."
44,0044/2025,FIR/0044/2025,2025-02-24,1,1,1,2,5,9,1,1,2025-02-24 12:00:00,2025-02-24 12:30:00,2025-02-24 13:15:00,15.9325,75.932025,"Incident of Theft reported in Bagalkot district at coordinates (15.9325, 75.9320)."
45,0045/2025,FIR/0045/2025,2025-04-03,2,1,1,2,5,10,2,1,2025-04-03 02:00:00,2025-04-03 02:30:00,2025-04-03 03:15:00,16.134885,75.797814,"Incident of Theft reported in Bagalkot district at coordinates (16.1349, 75.7978)."
46,0046/2025,FIR/0046/2025,2025-02-11,1,1,1,2,5,9,2,1,2025-02-11 00:00:00,2025-02-11 00:30:00,2025-02-11 01:15:00,15.834119,75.54543,"Incident of Theft reported in Bagalkot district at coordinates (15.8341, 75.5454)."
47,0047/2025,FIR/0047/2025,2025-08-07,2,1,1,2,5,10,1,1,2025-08-07 11:00:00,2025-08-07 11:30:00,2025-08-07 12:15:00,16.085811,75.569034,"Incident of Theft reported in Bagalkot district at coordinates (16.0858, 75.5690)."
48,0048/2025,FIR/0048/2025,2025-10-17,1,1,1,2,5,9,1,1,2025-10-17 11:00:00,2025-10-17 11:30:00,2025-10-17 12:15:00,16.122131,75.40246,"Incident of Theft reported in Bagalkot district at coordinates (16.1221, 75.4025)."
49,0049/2025,FIR/0049/2025,2025-01-02,2,1,1,2,5,10,1,1,2025-01-02 10:00:00,2025-01-02 10:30:00,2025-01-02 11:15:00,16.053027,75.777727,"Incident of Theft reported in Bagalkot district at coordinates (16.0530, 75.7777)."
50,0050/2025,FIR/0050/2025,2025-06-19,1,1,1,2,5,9,2,1,2025-06-19 04:00:00,2025-06-19 04:30:00,2025-06-19 05:15:00,16.277575,75.718,"Incident of Theft reported in Bagalkot district at coordinates (16.2776, 75.7180)."
51,0051/2025,FIR/0051/2025,2025-01-12,2,1,1,2,5,10,3,1,2025-01-12 08:00:00,2025-01-12 08:30:00,2025-01-12 09:15:00,16.116881,75.775384,"Incident of Theft reported in Bagalkot district at coordinates (16.1169, 75.7754)."
52,0052/2025,FIR/0052/2025,2025-12-07,1,1,1,2,5,9,3,1,2025-12-07 16:00:00,2025-12-07 16:30:00,2025-12-07 17:15:00,16.181183,76.113428,"Incident of Theft reported in Bagalkot district at coordinates (16.1812, 76.1134)."
53,0053/2025,FIR/0053/2025,2025-07-27,2,1,1,2,5,10,3,1,2025-07-27 20:00:00,2025-07-27 20:30:00,2025-07-27 21:15:00,15.929571,75.926005,"Incident of Theft reported in Bagalkot district at coordinates (15.9296, 75.9260)."
54,0054/2025,FIR/0054/2025,2025-06-09,1,1,1,2,5,9,1,1,2025-06-09 13:00:00,2025-06-09 13:30:00,2025-06-09 14:15:00,15.930837,75.952195,"Incident of Theft reported in Bagalkot district at coordinates (15.9308, 75.9522)."
55,0055/2025,FIR/0055/2025,2025-04-27,2,1,1,2,5,10,3,1,2025-04-27 13:00:00,2025-04-27 13:30:00,2025-04-27 14:15:00,16.11267,75.492926,"Incident of Theft reported in Bagalkot district at coordinates (16.1127, 75.4929)."
56,0056/2025,FIR/0056/2025,2025-08-01,1,1,1,2,5,9,2,1,2025-08-01 18:00:00,2025-08-01 18:30:00,2025-08-01 19:15:00,16.122793,75.793675,"Incident of Theft reported in Bagalkot district at coordinates (16.1228, 75.7937)."
57,0057/2025,FIR/0057/2025,2025-06-15,2,1,1,2,5,10,2,1,2025-06-15 23:00:00,2025-06-15 23:30:00,2025-06-15 23:15:00,16.174044,76.12941,"Incident of Theft reported in Bagalkot district at coordinates (16.1740, 76.1294)."
58,0058/2025,FIR/0058/2025,2025-08-03,1,1,1,2,5,9,2,1,2025-08-03 19:00:00,2025-08-03 19:30:00,2025-08-03 20:15:00,16.159711,75.690426,"Incident of Theft reported in Bagalkot district at coordinates (16.1597, 75.6904)."
59,0059/2025,FIR/0059/2025,2025-01-07,2,1,1,2,5,10,1,1,2025-01-07 17:00:00,2025-01-07 17:30:00,2025-01-07 18:15:00,16.127359,75.513876,"Incident of Theft reported in Bagalkot district at coordinates (16.1274, 75.5139)."
60,0060/2025,FIR/0060/2025,2025-04-08,1,1,1,2,5,9,1,1,2025-04-08 06:00:00,2025-04-08 06:30:00,2025-04-08 07:15:00,16.297248,75.712413,"Incident of Theft reported in Bagalkot district at coordinates (16.2972, 75.7124)."
61,0061/2025,FIR/0061/2025,2025-10-12,2,1,1,1,4,8,2,1,2025-10-12 02:00:00,2025-10-12 02:30:00,2025-10-12 03:15:00,16.122793,75.510926,"Incident of Robbery reported in Bagalkot district at coordinates (16.1228, 75.5109)."
62,0062/2025,FIR/0062/2025,2025-02-17,1,1,1,1,4,7,1,1,2025-02-17 13:00:00,2025-02-17 13:30:00,2025-02-17 14:15:00,16.123852,75.502933,"Incident of Robbery reported in Bagalkot district at coordinates (16.1239, 75.5029)."
63,0063/2025,FIR/0063/2025,2025-09-10,2,1,1,1,4,8,2,1,2025-09-10 07:00:00,2025-09-10 07:30:00,2025-09-10 08:15:00,16.166599,76.121034,"Incident of Robbery reported in Bagalkot district at coordinates (16.1666, 76.1210)."
64,0064/2025,FIR/0064/2025,2025-02-04,1,1,1,1,4,7,3,1,2025-02-04 14:00:00,2025-02-04 14:30:00,2025-02-04 15:15:00,15.982777,75.504488,"Incident of Robbery reported in Bagalkot district at coordinates (15.9828, 75.5045)."
65,0065/2025,FIR/0065/2025,2025-04-20,2,1,1,1,4,8,1,1,2025-04-20 14:00:00,2025-04-20 14:30:00,2025-04-20 15:15:00,16.052365,75.784596,"Incident of Robbery reported in Bagalkot district at coordinates (16.0524, 75.7846)."
66,0066/2025,FIR/0066/2025,2025-01-17,1,1,1,1,4,7,2,1,2025-01-17 21:00:00,2025-01-17 21:30:00,2025-01-17 22:15:00,16.131636,75.503946,"Incident of Robbery reported in Bagalkot district at coordinates (16.1316, 75.5039)."
67,0067/2025,FIR/0067/2025,2025-07-12,2,1,1,1,4,8,2,1,2025-07-12 03:00:00,2025-07-12 03:30:00,2025-07-12 04:15:00,16.115514,75.77982,"Incident of Robbery reported in Bagalkot district at coordinates (16.1155, 75.7798)."
68,0068/2025,FIR/0068/2025,2025-09-25,1,1,1,1,4,7,2,1,2025-09-25 13:00:00,2025-09-25 13:30:00,2025-09-25 14:15:00,15.91273,75.934148,"Incident of Robbery reported in Bagalkot district at coordinates (15.9127, 75.9341)."
69,0069/2025,FIR/0069/2025,2025-03-20,2,1,1,1,4,8,3,1,2025-03-20 02:00:00,2025-03-20 02:30:00,2025-03-20 03:15:00,16.118331,75.794279,"Incident of Robbery reported in Bagalkot district at coordinates (16.1183, 75.7943)."
70,0070/2025,FIR/0070/2025,2025-02-18,1,1,1,1,4,7,2,1,2025-02-18 12:00:00,2025-02-18 12:30:00,2025-02-18 13:15:00,16.046834,76.055341,"Incident of Robbery reported in Bagalkot district at coordinates (16.0468, 76.0553)."
71,0071/2025,FIR/0071/2025,2025-04-13,2,1,1,2,3,6,1,1,2025-04-13 03:00:00,2025-04-13 03:30:00,2025-04-13 04:15:00,16.289247,75.715335,"Incident of Chain Snatching reported in Bagalkot district at coordinates (16.2892, 75.7153)."
72,0072/2025,FIR/0072/2025,2025-02-10,1,1,1,2,3,5,2,1,2025-02-10 13:00:00,2025-02-10 13:30:00,2025-02-10 14:15:00,16.17067,76.124626,"Incident of Chain Snatching reported in Bagalkot district at coordinates (16.1707, 76.1246)."
73,0073/2025,FIR/0073/2025,2025-08-20,2,1,1,2,3,6,3,1,2025-08-20 02:00:00,2025-08-20 02:30:00,2025-08-20 03:15:00,16.126855,75.495078,"Incident of Chain Snatching reported in Bagalkot district at coordinates (16.1269, 75.4951)."
74,0074/2025,FIR/0074/2025,2025-11-13,1,1,1,2,3,5,3,1,2025-11-13 00:00:00,2025-11-13 00:30:00,2025-11-13 01:15:00,16.280163,75.695376,"Incident of Chain Snatching reported in Bagalkot district at coordinates (16.2802, 75.6954)."
75,0075/2025,FIR/0075/2025,2025-09-04,2,1,1,2,3,6,1,1,2025-09-04 18:00:00,2025-09-04 18:30:00,2025-09-04 19:15:00,15.933222,75.933563,"Incident of Chain Snatching reported in Bagalkot district at coordinates (15.9332, 75.9336)."
76,0076/2025,FIR/0076/2025,2025-06-15,1,1,1,2,2,3,3,1,2025-06-15 03:00:00,2025-06-15 03:30:00,2025-06-15 04:15:00,16.352022,75.087331,"Incident of Burglary reported in Bagalkot district at coordinates (16.3520, 75.0873)."
77,0077/2025,FIR/0077/2025,2025-12-11,2,1,1,2,2,4,3,1,2025-12-11 08:00:00,2025-12-11 08:30:00,2025-12-11 09:15:00,15.927461,75.927564,"Incident of Burglary reported in Bagalkot district at coordinates (15.9275, 75.9276)."
78,0078/2025,FIR/0078/2025,2025-06-29,1,1,1,2,2,3,1,1,2025-06-29 22:00:00,2025-06-29 22:30:00,2025-06-29 23:15:00,16.301401,75.7019,"Incident of Burglary reported in Bagalkot district at coordinates (16.3014, 75.7019)."
79,0079/2025,FIR/0079/2025,2025-01-23,2,1,1,2,2,4,2,1,2025-01-23 15:00:00,2025-01-23 15:30:00,2025-01-23 16:15:00,16.128162,75.513066,"Incident of Burglary reported in Bagalkot district at coordinates (16.1282, 75.5131)."
80,0080/2025,FIR/0080/2025,2025-12-17,1,1,1,2,2,3,1,1,2025-12-17 07:00:00,2025-12-17 07:30:00,2025-12-17 08:15:00,16.060127,75.772955,"Incident of Burglary reported in Bagalkot district at coordinates (16.0601, 75.7730)."
81,0081/2025,FIR/0081/2025,2025-05-07,2,1,1,2,2,4,2,1,2025-05-07 16:00:00,2025-05-07 16:30:00,2025-05-07 17:15:00,16.037227,75.780515,"Incident of Burglary reported in Bagalkot district at coordinates (16.0372, 75.7805)."
82,0082/2025,FIR/0082/2025,2025-06-09,1,1,1,2,2,3,3,1,2025-06-09 19:00:00,2025-06-09 19:30:00,2025-06-09 20:15:00,16.052557,75.775102,"Incident of Burglary reported in Bagalkot district at coordinates (16.0526, 75.7751)."
83,0083/2025,FIR/0083/2025,2025-01-10,2,1,1,2,2,4,3,1,2025-01-10 21:00:00,2025-01-10 21:30:00,2025-01-10 22:15:00,16.560041,75.254094,"Incident of Burglary reported in Bagalkot district at coordinates (16.5600, 75.2541)."
84,0084/2025,FIR/0084/2025,2025-12-20,1,1,1,2,2,3,1,1,2025-12-20 06:00:00,2025-12-20 06:30:00,2025-12-20 07:15:00,16.283412,75.716547,"Incident of Burglary reported in Bagalkot district at coordinates (16.2834, 75.7165)."
85,0085/2025,FIR/0085/2025,2025-04-14,2,1,1,2,2,4,3,1,2025-04-14 11:00:00,2025-04-14 11:30:00,2025-04-14 12:15:00,16.257825,75.642279,"Incident of Burglary reported in Bagalkot district at coordinates (16.2578, 75.6423)."
86,0086/2025,FIR/0086/2025,2025-11-10,1,1,1,2,2,3,1,1,2025-11-10 11:00:00,2025-11-10 11:30:00,2025-11-10 12:15:00,15.952569,75.565508,"Incident of Burglary reported in Bagalkot district at coordinates (15.9526, 75.5655)."
87,0087/2025,FIR/0087/2025,2025-04-05,2,1,1,2,2,4,1,1,2025-04-05 12:00:00,2025-04-05 12:30:00,2025-04-05 13:15:00,16.273432,75.709762,"Incident of Burglary reported in Bagalkot district at coordinates (16.2734, 75.7098)."
88,0088/2025,FIR/0088/2025,2025-02-18,1,1,1,2,2,3,1,1,2025-02-18 18:00:00,2025-02-18 18:30:00,2025-02-18 19:15:00,16.120789,75.796685,"Incident of Burglary reported in Bagalkot district at coordinates (16.1208, 75.7967)."
89,0089/2025,FIR/0089/2025,2025-09-26,2,1,1,2,2,4,3,1,2025-09-26 15:00:00,2025-09-26 15:30:00,2025-09-26 16:15:00,16.289776,75.708831,"Incident of Burglary reported in Bagalkot district at coordinates (16.2898, 75.7088)."
90,0090/2025,FIR/0090/2025,2025-08-24,1,1,1,2,2,3,1,1,2025-08-24 05:00:00,2025-08-24 05:30:00,2025-08-24 06:15:00,15.920579,75.946624,"Incident of Burglary reported in Bagalkot district at coordinates (15.9206, 75.9466)."
91,0091/2025,FIR/0091/2025,2025-05-08,2,1,1,2,2,4,1,1,2025-05-08 01:00:00,2025-05-08 01:30:00,2025-05-08 02:15:00,16.285623,75.710774,"Incident of Burglary reported in Bagalkot district at coordinates (16.2856, 75.7108)."
92,0092/2025,FIR/0092/2025,2025-07-12,1,1,1,2,2,3,2,1,2025-07-12 07:00:00,2025-07-12 07:30:00,2025-07-12 08:15:00,16.168621,76.110372,"Incident of Burglary reported in Bagalkot district at coordinates (16.1686, 76.1104)."
93,0093/2025,FIR/0093/2025,2025-04-04,2,1,1,2,2,4,3,1,2025-04-04 07:00:00,2025-04-04 07:30:00,2025-04-04 08:15:00,15.969142,75.584793,"Incident of Burglary reported in Bagalkot district at coordinates (15.9691, 75.5848)."
94,0094/2025,FIR/0094/2025,2025-09-17,1,1,1,2,2,3,2,1,2025-09-17 19:00:00,2025-09-17 19:30:00,2025-09-17 20:15:00,16.12639,75.775974,"Incident of Burglary reported in Bagalkot district at coordinates (16.1264, 75.7760)."
95,0095/2025,FIR/0095/2025,2025-01-23,2,1,1,2,2,4,2,1,2025-01-23 08:00:00,2025-01-23 08:30:00,2025-01-23 09:15:00,16.238899,75.824719,"Incident of Burglary reported in Bagalkot district at coordinates (16.2389, 75.8247)."
96,0096/2025,FIR/0096/2025,2025-11-07,1,1,1,1,1,1,2,1,2025-11-07 00:00:00,2025-11-07 00:30:00,2025-11-07 01:15:00,16.095191,76.074086,"Incident of Assault reported in Bagalkot district at coordinates (16.0952, 76.0741)."
97,0097/2025,FIR/0097/2025,2025-03-11,2,1,1,1,1,2,3,1,2025-03-11 04:00:00,2025-03-11 04:30:00,2025-03-11 05:15:00,16.118751,75.503638,"Incident of Assault reported in Bagalkot district at coordinates (16.1188, 75.5036)."
98,0098/2025,FIR/0098/2025,2025-11-02,1,1,1,1,1,1,3,1,2025-11-02 16:00:00,2025-11-02 16:30:00,2025-11-02 17:15:00,15.925331,75.936485,"Incident of Assault reported in Bagalkot district at coordinates (15.9253, 75.9365)."
99,0099/2025,FIR/0099/2025,2025-12-17,2,1,1,1,1,2,1,1,2025-12-17 01:00:00,2025-12-17 01:30:00,2025-12-17 02:15:00,16.121202,75.783825,"Incident of Assault reported in Bagalkot district at coordinates (16.1212, 75.7838)."
100,0100/2025,FIR/0100/2025,2025-11-13,1,1,1,1,1,1,2,1,2025-11-13 19:00:00,2025-11-13 19:30:00,2025-11-13 20:15:00,16.434766,75.280952,"Incident of Assault reported in Bagalkot district at coordinates (16.4348, 75.2810)."
101,0101/2025,FIR/0101/2025,2025-08-31,2,1,1,1,1,2,1,1,2025-08-31 05:00:00,2025-08-31 05:30:00,2025-08-31 06:15:00,16.129537,75.501622,"Incident of Assault reported in Bagalkot district at coordinates (16.1295, 75.5016)."
102,0102/2025,FIR/0102/2025,2025-05-12,1,1,1,1,1,1,2,1,2025-05-12 20:00:00,2025-05-12 20:30:00,2025-05-12 21:15:00,16.134333,75.79002,"Incident of Assault reported in Bagalkot district at coordinates (16.1343, 75.7900)."
103,0103/2025,FIR/0103/2025,2025-03-18,2,1,1,1,1,2,2,1,2025-03-18 19:00:00,2025-03-18 19:30:00,2025-03-18 20:15:00,16.123747,75.501149,"Incident of Assault reported in Bagalkot district at coordinates (16.1237, 75.5011)."
104,0104/2025,FIR/0104/2025,2025-09-13,1,1,1,1,1,1,2,1,2025-09-13 03:00:00,2025-09-13 03:30:00,2025-09-13 04:15:00,16.322684,75.470101,"Incident of Assault reported in Bagalkot district at coordinates (16.3227, 75.4701)."
105,0105/2025,FIR/0105/2025,2025-07-30,2,1,1,1,1,2,3,1,2025-07-30 05:00:00,2025-07-30 05:30:00,2025-07-30 06:15:00,16.27541,75.716414,"Incident of Assault reported in Bagalkot district at coordinates (16.2754, 75.7164)."
106,0106/2025,FIR/0106/2025,2025-02-08,1,1,1,1,1,1,1,1,2025-02-08 01:00:00,2025-02-08 01:30:00,2025-02-08 02:15:00,16.1174,75.777165,"Incident of Assault reported in Bagalkot district at coordinates (16.1174, 75.7772)."
107,0107/2025,FIR/0107/2025,2025-06-28,2,1,1,1,1,2,1,1,2025-06-28 07:00:00,2025-06-28 07:30:00,2025-06-28 08:15:00,16.221087,75.333825,"Incident of Assault reported in Bagalkot district at coordinates (16.2211, 75.3338)."
108,0108/2025,FIR/0108/2025,2025-03-18,1,1,1,1,1,1,3,1,2025-03-18 20:00:00,2025-03-18 20:30:00,2025-03-18 21:15:00,15.987058,75.558689,"Incident of Assault reported in Bagalkot district at coordinates (15.9871, 75.5587)."
109,0109/2025,FIR/0109/2025,2025-03-09,2,1,1,1,1,2,2,1,2025-03-09 21:00:00,2025-03-09 21:30:00,2025-03-09 22:15:00,15.913885,75.942271,"Incident of Assault reported in Bagalkot district at coordinates (15.9139, 75.9423)."
110,0110/2025,FIR/0110/2025,2025-05-07,1,1,1,1,1,1,2,1,2025-05-07 01:00:00,2025-05-07 01:30:00,2025-05-07 02:15:00,16.120211,75.500294,"Incident of Assault reported in Bagalkot district at coordinates (16.1202, 75.5003)."
111,0111/2025,FIR/0111/2025,2025-07-21,2,1,1,1,1,2,3,1,2025-07-21 11:00:00,2025-07-21 11:30:00,2025-07-21 12:15:00,16.121044,75.787388,"Incident of Assault reported in Bagalkot district at coordinates (16.1210, 75.7874)."
112,0112/2025,FIR/0112/2025,2025-07-17,1,1,1,1,1,1,1,1,2025-07-17 07:00:00,2025-07-17 07:30:00,2025-07-17 08:15:00,16.147268,75.876152,"Incident of Assault reported in Bagalkot district at coordinates (16.1473, 75.8762)."
113,0113/2025,FIR/0113/2025,2025-10-06,2,1,1,1,1,2,1,1,2025-10-06 11:00:00,2025-10-06 11:30:00,2025-10-06 12:15:00,16.277386,75.703415,"Incident of Assault reported in Bagalkot district at coordinates (16.2774, 75.7034)."
114,0114/2025,FIR/0114/2025,2025-02-24,1,1,1,1,1,1,1,1,2025-02-24 21:00:00,2025-02-24 21:30:00,2025-02-24 22:15:00,15.91968,75.942019,"Incident of Assault reported in Bagalkot district at coordinates (15.9197, 75.9420)."
115,0115/2025,FIR/0115/2025,2025-03-21,2,1,1,1,1,2,1,1,2025-03-21 02:00:00,2025-03-21 02:30:00,2025-03-21 03:15:00,16.12297,75.783829,"Incident of Assault reported in Bagalkot district at coordinates (16.1230, 75.7838)."
116,0116/2025,FIR/0116/2025,2025-01-31,1,1,1,1,1,1,3,1,2025-01-31 06:00:00,2025-01-31 06:30:00,2025-01-31 07:15:00,15.841831,75.685562,"Incident of Assault reported in Bagalkot district at coordinates (15.8418, 75.6856)."
117,0117/2025,FIR/0117/2025,2025-11-21,2,1,1,1,1,2,3,1,2025-11-21 12:00:00,2025-11-21 12:30:00,2025-11-21 13:15:00,16.173242,76.129926,"Incident of Assault reported in Bagalkot district at coordinates (16.1732, 76.1299)."
118,0118/2025,FIR/0118/2025,2025-09-20,1,1,1,1,1,1,3,1,2025-09-20 10:00:00,2025-09-20 10:30:00,2025-09-20 11:15:00,16.046219,76.112123,"Incident of Assault reported in Bagalkot district at coordinates (16.0462, 76.1121)."
119,0119/2025,FIR/0119/2025,2025-12-02,2,1,1,1,1,2,3,1,2025-12-02 22:00:00,2025-12-02 22:30:00,2025-12-02 23:15:00,16.168768,76.119515,"Incident of Assault reported in Bagalkot district at coordinates (16.1688, 76.1195)."
120,0120/2025,FIR/0120/2025,2025-07-13,1,1,1,1,1,1,1,1,2025-07-13 23:00:00,2025-07-13 23:30:00,2025-07-13 23:15:00,16.134379,75.503908,"Incident of Assault reported in Bagalkot district at coordinates (16.1344, 75.5039)."
121,0121/2025,FIR/0121/2025,2025-08-09,2,1,1,1,1,2,2,1,2025-08-09 09:00:00,2025-08-09 09:30:00,2025-08-09 10:15:00,16.293592,75.700621,"Incident of Assault reported in Bagalkot district at coordinates (16.2936, 75.7006)."
122,0122/2025,FIR/0122/2025,2025-03-25,1,1,1,1,1,1,2,1,2025-03-25 10:00:00,2025-03-25 10:30:00,2025-03-25 11:15:00,16.173185,75.506617,"Incident of Assault reported in Bagalkot district at coordinates (16.1732, 75.5066)."
123,0123/2025,FIR/0123/2025,2025-03-08,2,1,1,1,1,2,2,1,2025-03-08 04:00:00,2025-03-08 04:30:00,2025-03-08 05:15:00,16.146321,75.630548,"Incident of Assault reported in Bagalkot district at coordinates (16.1463, 75.6305)."
124,0124/2025,FIR/0124/2025,2025-10-13,1,1,1,1,1,1,2,1,2025-10-13 20:00:00,2025-10-13 20:30:00,2025-10-13 21:15:00,16.28039,75.701329,"Incident of Assault reported in Bagalkot district at coordinates (16.2804, 75.7013)."
125,0125/2025,FIR/0125/2025,2025-09-11,2,1,1,1,1,2,2,1,2025-09-11 01:00:00,2025-09-11 01:30:00,2025-09-11 02:15:00,16.174299,76.116365,"Incident of Assault reported in Bagalkot district at coordinates (16.1743, 76.1164)."
126,0126/2025,FIR/0126/2025,2025-08-17,3,2,1,2,5,9,1,2,2025-08-17 14:00:00,2025-08-17 14:30:00,2025-08-17 15:15:00,13.117715,77.913766,"Incident of Theft reported in Bangalore Rural district at coordinates (13.1177, 77.9138)."
127,0127/2025,FIR/0127/2025,2025-08-21,4,2,1,2,5,10,3,2,2025-08-21 12:00:00,2025-08-21 12:30:00,2025-08-21 13:15:00,12.632701,77.154524,"Incident of Theft reported in Bangalore Rural district at coordinates (12.6327, 77.1545)."
128,0128/2025,FIR/0128/2025,2025-08-30,3,2,1,2,5,9,2,2,2025-08-30 07:00:00,2025-08-30 07:30:00,2025-08-30 08:15:00,13.141323,77.913913,"Incident of Theft reported in Bangalore Rural district at coordinates (13.1413, 77.9139)."
129,0129/2025,FIR/0129/2025,2025-09-09,4,2,1,2,5,10,3,2,2025-09-09 19:00:00,2025-09-09 19:30:00,2025-09-09 20:15:00,12.910173,77.320388,"Incident of Theft reported in Bangalore Rural district at coordinates (12.9102, 77.3204)."
130,0130/2025,FIR/0130/2025,2025-09-19,3,2,1,2,5,9,2,2,2025-09-19 18:00:00,2025-09-19 18:30:00,2025-09-19 19:15:00,13.125221,77.917486,"Incident of Theft reported in Bangalore Rural district at coordinates (13.1252, 77.9175)."
131,0131/2025,FIR/0131/2025,2025-07-03,4,2,1,2,5,10,1,2,2025-07-03 16:00:00,2025-07-03 16:30:00,2025-07-03 17:15:00,12.513511,77.130355,"Incident of Theft reported in Bangalore Rural district at coordinates (12.5135, 77.1304)."
132,0132/2025,FIR/0132/2025,2025-01-05,3,2,1,2,5,9,1,2,2025-01-05 03:00:00,2025-01-05 03:30:00,2025-01-05 04:15:00,12.664956,77.522668,"Incident of Theft reported in Bangalore Rural district at coordinates (12.6650, 77.5227)."
133,0133/2025,FIR/0133/2025,2025-01-24,4,2,1,2,5,10,2,2,2025-01-24 09:00:00,2025-01-24 09:30:00,2025-01-24 10:15:00,12.650983,77.512845,"Incident of Theft reported in Bangalore Rural district at coordinates (12.6510, 77.5128)."
134,0134/2025,FIR/0134/2025,2025-10-07,3,2,1,2,5,9,1,2,2025-10-07 12:00:00,2025-10-07 12:30:00,2025-10-07 13:15:00,12.658417,77.527414,"Incident of Theft reported in Bangalore Rural district at coordinates (12.6584, 77.5274)."
135,0135/2025,FIR/0135/2025,2025-07-20,4,2,1,2,5,10,2,2,2025-07-20 01:00:00,2025-07-20 01:30:00,2025-07-20 02:15:00,13.106917,77.884986,"Incident of Theft reported in Bangalore Rural district at coordinates (13.1069, 77.8850)."
136,0136/2025,FIR/0136/2025,2025-05-26,3,2,1,2,5,9,2,2,2025-05-26 14:00:00,2025-05-26 14:30:00,2025-05-26 15:15:00,13.116755,77.89911,"Incident of Theft reported in Bangalore Rural district at coordinates (13.1168, 77.8991)."
137,0137/2025,FIR/0137/2025,2025-12-11,4,2,1,2,5,10,3,2,2025-12-11 05:00:00,2025-12-11 05:30:00,2025-12-11 06:15:00,13.130496,77.913172,"Incident of Theft reported in Bangalore Rural district at coordinates (13.1305, 77.9132)."
138,0138/2025,FIR/0138/2025,2025-12-10,3,2,1,2,5,9,1,2,2025-12-10 01:00:00,2025-12-10 01:30:00,2025-12-10 02:15:00,13.136877,77.908134,"Incident of Theft reported in Bangalore Rural district at coordinates (13.1369, 77.9081)."
139,0139/2025,FIR/0139/2025,2025-07-05,4,2,1,2,5,10,1,2,2025-07-05 04:00:00,2025-07-05 04:30:00,2025-07-05 05:15:00,12.630129,77.149809,"Incident of Theft reported in Bangalore Rural district at coordinates (12.6301, 77.1498)."
140,0140/2025,FIR/0140/2025,2025-06-18,3,2,1,2,5,9,2,2,2025-06-18 16:00:00,2025-06-18 16:30:00,2025-06-18 17:15:00,13.278958,77.430522,"Incident of Theft reported in Bangalore Rural district at coordinates (13.2790, 77.4305)."
141,0141/2025,FIR/0141/2025,2025-10-10,4,2,1,2,5,10,2,2,2025-10-10 21:00:00,2025-10-10 21:30:00,2025-10-10 22:15:00,13.10361,77.903643,"Incident of Theft reported in Bangalore Rural district at coordinates (13.1036, 77.9036)."
142,0142/2025,FIR/0142/2025,2025-03-23,3,2,1,2,5,9,3,2,2025-03-23 12:00:00,2025-03-23 12:30:00,2025-03-23 13:15:00,12.625496,77.162795,"Incident of Theft reported in Bangalore Rural district at coordinates (12.6255, 77.1628)."
143,0143/2025,FIR/0143/2025,2025-03-23,4,2,1,2,5,10,1,2,2025-03-23 22:00:00,2025-03-23 22:30:00,2025-03-23 23:15:00,13.30547,77.42805,"Incident of Theft reported in Bangalore Rural district at coordinates (13.3055, 77.4280)."
144,0144/2025,FIR/0144/2025,2025-05-11,3,2,1,2,5,9,1,2,2025-05-11 08:00:00,2025-05-11 08:30:00,2025-05-11 09:15:00,13.122302,77.916001,"Incident of Theft reported in Bangalore Rural district at coordinates (13.1223, 77.9160)."
145,0145/2025,FIR/0145/2025,2025-01-22,4,2,1,2,5,10,2,2,2025-01-22 16:00:00,2025-01-22 16:30:00,2025-01-22 17:15:00,12.469382,77.227597,"Incident of Theft reported in Bangalore Rural district at coordinates (12.4694, 77.2276)."
146,0146/2025,FIR/0146/2025,2025-11-24,3,2,1,2,5,9,1,2,2025-11-24 11:00:00,2025-11-24 11:30:00,2025-11-24 12:15:00,13.300414,77.415093,"Incident of Theft reported in Bangalore Rural district at coordinates (13.3004, 77.4151)."
147,0147/2025,FIR/0147/2025,2025-09-22,4,2,1,2,5,10,3,2,2025-09-22 07:00:00,2025-09-22 07:30:00,2025-09-22 08:15:00,12.850304,77.32825,"Incident of Theft reported in Bangalore Rural district at coordinates (12.8503, 77.3282)."
148,0148/2025,FIR/0148/2025,2025-04-01,3,2,1,2,5,9,2,2,2025-04-01 09:00:00,2025-04-01 09:30:00,2025-04-01 10:15:00,12.415068,77.559676,"Incident of Theft reported in Bangalore Rural district at coordinates (12.4151, 77.5597)."
149,0149/2025,FIR/0149/2025,2025-07-26,4,2,1,2,5,10,1,2,2025-07-26 10:00:00,2025-07-26 10:30:00,2025-07-26 11:15:00,12.625393,77.160205,"Incident of Theft reported in Bangalore Rural district at coordinates (12.6254, 77.1602)."
150,0150/2025,FIR/0150/2025,2025-08-05,3,2,1,2,5,9,3,2,2025-08-05 14:00:00,2025-08-05 14:30:00,2025-08-05 15:15:00,12.591779,77.334334,"Incident of Theft reported in Bangalore Rural district at coordinates (12.5918, 77.3343)."
151,0151/2025,FIR/0151/2025,2025-06-13,4,2,1,2,5,10,1,2,2025-06-13 00:00:00,2025-06-13 00:30:00,2025-06-13 01:15:00,12.649485,77.158117,"Incident of Theft reported in Bangalore Rural district at coordinates (12.6495, 77.1581)."
152,0152/2025,FIR/0152/2025,2025-04-23,3,2,1,2,5,9,2,2,2025-04-23 00:00:00,2025-04-23 00:30:00,2025-04-23 01:15:00,13.424952,77.408399,"Incident of Theft reported in Bangalore Rural district at coordinates (13.4250, 77.4084)."
153,0153/2025,FIR/0153/2025,2025-07-07,4,2,1,2,5,10,2,2,2025-07-07 16:00:00,2025-07-07 16:30:00,2025-07-07 17:15:00,12.661839,77.530805,"Incident of Theft reported in Bangalore Rural district at coordinates (12.6618, 77.5308)."
154,0154/2025,FIR/0154/2025,2025-06-25,3,2,1,2,5,9,1,2,2025-06-25 00:00:00,2025-06-25 00:30:00,2025-06-25 01:15:00,13.309622,77.42768,"Incident of Theft reported in Bangalore Rural district at coordinates (13.3096, 77.4277)."
155,0155/2025,FIR/0155/2025,2025-09-01,4,2,1,2,5,10,3,2,2025-09-01 11:00:00,2025-09-01 11:30:00,2025-09-01 12:15:00,12.591301,77.26564,"Incident of Theft reported in Bangalore Rural district at coordinates (12.5913, 77.2656)."
156,0156/2025,FIR/0156/2025,2025-01-03,3,2,1,2,5,9,3,2,2025-01-03 03:00:00,2025-01-03 03:30:00,2025-01-03 04:15:00,12.655397,77.526428,"Incident of Theft reported in Bangalore Rural district at coordinates (12.6554, 77.5264)."
157,0157/2025,FIR/0157/2025,2025-02-19,4,2,1,2,5,10,1,2,2025-02-19 21:00:00,2025-02-19 21:30:00,2025-02-19 22:15:00,13.315153,77.418459,"Incident of Theft reported in Bangalore Rural district at coordinates (13.3152, 77.4185)."
158,0158/2025,FIR/0158/2025,2025-06-28,3,2,1,2,5,9,2,2,2025-06-28 00:00:00,2025-06-28 00:30:00,2025-06-28 01:15:00,13.1348,77.921441,"Incident of Theft reported in Bangalore Rural district at coordinates (13.1348, 77.9214)."
159,0159/2025,FIR/0159/2025,2025-11-08,4,2,1,2,5,10,2,2,2025-11-08 05:00:00,2025-11-08 05:30:00,2025-11-08 06:15:00,12.287705,77.507389,"Incident of Theft reported in Bangalore Rural district at coordinates (12.2877, 77.5074)."
160,0160/2025,FIR/0160/2025,2025-03-13,3,2,1,2,5,9,2,2,2025-03-13 01:00:00,2025-03-13 01:30:00,2025-03-13 02:15:00,13.30083,77.415293,"Incident of Theft reported in Bangalore Rural district at coordinates (13.3008, 77.4153)."
161,0161/2025,FIR/0161/2025,2025-03-19,4,2,1,2,5,10,2,2,2025-03-19 02:00:00,2025-03-19 02:30:00,2025-03-19 03:15:00,12.706788,77.482932,"Incident of Theft reported in Bangalore Rural district at coordinates (12.7068, 77.4829)."
162,0162/2025,FIR/0162/2025,2025-06-19,3,2,1,2,5,9,1,2,2025-06-19 12:00:00,2025-06-19 12:30:00,2025-06-19 13:15:00,13.124591,77.919824,"Incident of Theft reported in Bangalore Rural district at coordinates (13.1246, 77.9198)."
163,0163/2025,FIR/0163/2025,2025-03-20,4,2,1,2,5,10,2,2,2025-03-20 17:00:00,2025-03-20 17:30:00,2025-03-20 18:15:00,13.104805,77.894455,"Incident of Theft reported in Bangalore Rural district at coordinates (13.1048, 77.8945)."
164,0164/2025,FIR/0164/2025,2025-11-18,3,2,1,2,5,9,1,2,2025-11-18 00:00:00,2025-11-18 00:30:00,2025-11-18 01:15:00,13.037511,77.109155,"Incident of Theft reported in Bangalore Rural district at coordinates (13.0375, 77.1092)."
165,0165/2025,FIR/0165/2025,2025-04-15,4,2,1,2,5,10,2,2,2025-04-15 22:00:00,2025-04-15 22:30:00,2025-04-15 23:15:00,12.944843,77.287901,"Incident of Theft reported in Bangalore Rural district at coordinates (12.9448, 77.2879)."
166,0166/2025,FIR/0166/2025,2025-02-10,3,2,1,2,5,9,1,2,2025-02-10 00:00:00,2025-02-10 00:30:00,2025-02-10 01:15:00,13.130183,77.919438,"Incident of Theft reported in Bangalore Rural district at coordinates (13.1302, 77.9194)."
167,0167/2025,FIR/0167/2025,2025-12-16,4,2,1,2,5,10,2,2,2025-12-16 20:00:00,2025-12-16 20:30:00,2025-12-16 21:15:00,12.651803,77.523562,"Incident of Theft reported in Bangalore Rural district at coordinates (12.6518, 77.5236)."
168,0168/2025,FIR/0168/2025,2025-11-09,3,2,1,2,5,9,2,2,2025-11-09 15:00:00,2025-11-09 15:30:00,2025-11-09 16:15:00,12.618528,77.357326,"Incident of Theft reported in Bangalore Rural district at coordinates (12.6185, 77.3573)."
169,0169/2025,FIR/0169/2025,2025-11-07,4,2,1,2,5,10,1,2,2025-11-07 23:00:00,2025-11-07 23:30:00,2025-11-07 23:15:00,12.659243,77.519685,"Incident of Theft reported in Bangalore Rural district at coordinates (12.6592, 77.5197)."
170,0170/2025,FIR/0170/2025,2025-06-07,3,2,1,2,5,9,2,2,2025-06-07 12:00:00,2025-06-07 12:30:00,2025-06-07 13:15:00,12.4061,77.473022,"Incident of Theft reported in Bangalore Rural district at coordinates (12.4061, 77.4730)."
171,0171/2025,FIR/0171/2025,2025-03-29,4,2,1,2,5,10,2,2,2025-03-29 19:00:00,2025-03-29 19:30:00,2025-03-29 20:15:00,13.287731,77.252195,"Incident of Theft reported in Bangalore Rural district at coordinates (13.2877, 77.2522)."
172,0172/2025,FIR/0172/2025,2025-05-14,3,2,1,2,5,9,2,2,2025-05-14 12:00:00,2025-05-14 12:30:00,2025-05-14 13:15:00,12.643039,77.529052,"Incident of Theft reported in Bangalore Rural district at coordinates (12.6430, 77.5291)."
173,0173/2025,FIR/0173/2025,2025-07-15,4,2,1,2,5,10,1,2,2025-07-15 12:00:00,2025-07-15 12:30:00,2025-07-15 13:15:00,13.107823,77.891654,"Incident of Theft reported in Bangalore Rural district at coordinates (13.1078, 77.8917)."
174,0174/2025,FIR/0174/2025,2025-04-12,3,2,1,2,5,9,3,2,2025-04-12 02:00:00,2025-04-12 02:30:00,2025-04-12 03:15:00,13.103123,77.886589,"Incident of Theft reported in Bangalore Rural district at coordinates (13.1031, 77.8866)."
175,0175/2025,FIR/0175/2025,2025-07-15,4,2,1,2,5,10,2,2,2025-07-15 20:00:00,2025-07-15 20:30:00,2025-07-15 21:15:00,12.627879,77.146141,"Incident of Theft reported in Bangalore Rural district at coordinates (12.6279, 77.1461)."
176,0176/2025,FIR/0176/2025,2025-04-08,3,2,1,2,5,9,3,2,2025-04-08 10:00:00,2025-04-08 10:30:00,2025-04-08 11:15:00,12.631776,77.148928,"Incident of Theft reported in Bangalore Rural district at coordinates (12.6318, 77.1489)."
177,0177/2025,FIR/0177/2025,2025-12-03,4,2,1,2,5,10,3,2,2025-12-03 07:00:00,2025-12-03 07:30:00,2025-12-03 08:15:00,12.627395,77.155976,"Incident of Theft reported in Bangalore Rural district at coordinates (12.6274, 77.1560)."
178,0178/2025,FIR/0178/2025,2025-05-17,3,2,1,2,5,9,1,2,2025-05-17 10:00:00,2025-05-17 10:30:00,2025-05-17 11:15:00,13.099653,77.894141,"Incident of Theft reported in Bangalore Rural district at coordinates (13.0997, 77.8941)."
179,0179/2025,FIR/0179/2025,2025-12-30,4,2,1,2,5,10,2,2,2025-12-30 18:00:00,2025-12-30 18:30:00,2025-12-30 19:15:00,12.661808,77.528295,"Incident of Theft reported in Bangalore Rural district at coordinates (12.6618, 77.5283)."
180,0180/2025,FIR/0180/2025,2025-05-09,3,2,1,2,5,9,2,2,2025-05-09 00:00:00,2025-05-09 00:30:00,2025-05-09 01:15:00,13.236202,77.615596,"Incident of Theft reported in Bangalore Rural district at coordinates (13.2362, 77.6156)."
181,0181/2025,FIR/0181/2025,2025-03-22,4,2,1,2,5,10,2,2,2025-03-22 19:00:00,2025-03-22 19:30:00,2025-03-22 20:15:00,13.139465,77.91647,"Incident of Theft reported in Bangalore Rural district at coordinates (13.1395, 77.9165)."
182,0182/2025,FIR/0182/2025,2025-11-08,3,2,1,2,5,9,3,2,2025-11-08 07:00:00,2025-11-08 07:30:00,2025-11-08 08:15:00,13.128973,77.91179,"Incident of Theft reported in Bangalore Rural district at coordinates (13.1290, 77.9118)."
183,0183/2025,FIR/0183/2025,2025-08-12,4,2,1,2,5,10,1,2,2025-08-12 15:00:00,2025-08-12 15:30:00,2025-08-12 16:15:00,12.640938,77.529083,"Incident of Theft reported in Bangalore Rural district at coordinates (12.6409, 77.5291)."
184,0184/2025,FIR/0184/2025,2025-06-30,3,2,1,2,5,9,2,2,2025-06-30 23:00:00,2025-06-30 23:30:00,2025-06-30 23:15:00,12.654083,77.520685,"Incident of Theft reported in Bangalore Rural district at coordinates (12.6541, 77.5207)."
185,0185/2025,FIR/0185/2025,2025-01-23,4,2,1,2,5,10,3,2,2025-01-23 09:00:00,2025-01-23 09:30:00,2025-01-23 10:15:00,12.657351,77.52958,"Incident of Theft reported in Bangalore Rural district at coordinates (12.6574, 77.5296)."
186,0186/2025,FIR/0186/2025,2025-10-31,3,2,1,2,5,9,2,2,2025-10-31 01:00:00,2025-10-31 01:30:00,2025-10-31 02:15:00,13.297921,77.421083,"Incident of Theft reported in Bangalore Rural district at coordinates (13.2979, 77.4211)."
187,0187/2025,FIR/0187/2025,2025-02-22,4,2,1,2,5,10,1,2,2025-02-22 22:00:00,2025-02-22 22:30:00,2025-02-22 23:15:00,12.888536,77.823843,"Incident of Theft reported in Bangalore Rural district at coordinates (12.8885, 77.8238)."
188,0188/2025,FIR/0188/2025,2025-12-02,3,2,1,2,5,9,1,2,2025-12-02 22:00:00,2025-12-02 22:30:00,2025-12-02 23:15:00,13.131379,77.916713,"Incident of Theft reported in Bangalore Rural district at coordinates (13.1314, 77.9167)."
189,0189/2025,FIR/0189/2025,2025-10-22,4,2,1,2,5,10,1,2,2025-10-22 17:00:00,2025-10-22 17:30:00,2025-10-22 18:15:00,12.971128,77.323599,"Incident of Theft reported in Bangalore Rural district at coordinates (12.9711, 77.3236)."
190,0190/2025,FIR/0190/2025,2025-08-11,3,2,1,2,5,9,1,2,2025-08-11 05:00:00,2025-08-11 05:30:00,2025-08-11 06:15:00,13.120623,77.92176,"Incident of Theft reported in Bangalore Rural district at coordinates (13.1206, 77.9218)."
191,0191/2025,FIR/0191/2025,2025-12-03,4,2,1,2,5,10,3,2,2025-12-03 04:00:00,2025-12-03 04:30:00,2025-12-03 05:15:00,12.636206,77.514595,"Incident of Theft reported in Bangalore Rural district at coordinates (12.6362, 77.5146)."
192,0192/2025,FIR/0192/2025,2025-03-28,3,2,1,2,5,9,3,2,2025-03-28 11:00:00,2025-03-28 11:30:00,2025-03-28 12:15:00,13.314937,77.417867,"Incident of Theft reported in Bangalore Rural district at coordinates (13.3149, 77.4179)."
193,0193/2025,FIR/0193/2025,2025-05-30,4,2,1,2,5,10,1,2,2025-05-30 03:00:00,2025-05-30 03:30:00,2025-05-30 04:15:00,12.651482,77.524038,"Incident of Theft reported in Bangalore Rural district at coordinates (12.6515, 77.5240)."
194,0194/2025,FIR/0194/2025,2025-07-15,3,2,1,2,5,9,3,2,2025-07-15 09:00:00,2025-07-15 09:30:00,2025-07-15 10:15:00,12.631502,77.144343,"Incident of Theft reported in Bangalore Rural district at coordinates (12.6315, 77.1443)."
195,0195/2025,FIR/0195/2025,2025-01-22,4,2,1,2,5,10,2,2,2025-01-22 19:00:00,2025-01-22 19:30:00,2025-01-22 20:15:00,13.225698,77.56935,"Incident of Theft reported in Bangalore Rural district at coordinates (13.2257, 77.5694)."
196,0196/2025,FIR/0196/2025,2025-02-13,3,2,1,2,5,9,1,2,2025-02-13 13:00:00,2025-02-13 13:30:00,2025-02-13 14:15:00,12.651478,77.535006,"Incident of Theft reported in Bangalore Rural district at coordinates (12.6515, 77.5350)."
197,0197/2025,FIR/0197/2025,2025-06-25,4,2,1,2,5,10,3,2,2025-06-25 09:00:00,2025-06-25 09:30:00,2025-06-25 10:15:00,13.24343,77.603617,"Incident of Theft reported in Bangalore Rural district at coordinates (13.2434, 77.6036)."
198,0198/2025,FIR/0198/2025,2025-06-04,3,2,1,2,5,9,1,2,2025-06-04 04:00:00,2025-06-04 04:30:00,2025-06-04 05:15:00,13.099359,77.897688,"Incident of Theft reported in Bangalore Rural district at coordinates (13.0994, 77.8977)."
199,0199/2025,FIR/0199/2025,2025-02-04,4,2,1,2,5,10,3,2,2025-02-04 20:00:00,2025-02-04 20:30:00,2025-02-04 21:15:00,13.128972,77.914198,"Incident of Theft reported in Bangalore Rural district at coordinates (13.1290, 77.9142)."
200,0200/2025,FIR/0200/2025,2025-01-31,3,2,1,2,5,9,3,2,2025-01-31 04:00:00,2025-01-31 04:30:00,2025-01-31 05:15:00,13.386771,77.52769,"Incident of Theft reported in Bangalore Rural district at coordinates (13.3868, 77.5277)."
201,0201/2025,FIR/0201/2025,2025-04-27,4,2,1,2,5,10,1,2,2025-04-27 04:00:00,2025-04-27 04:30:00,2025-04-27 05:15:00,13.019628,77.201543,"Incident of Theft reported in Bangalore Rural district at coordinates (13.0196, 77.2015)."
202,0202/2025,FIR/0202/2025,2025-04-23,3,2,1,2,5,9,2,2,2025-04-23 09:00:00,2025-04-23 09:30:00,2025-04-23 10:15:00,12.585701,77.441876,"Incident of Theft reported in Bangalore Rural district at coordinates (12.5857, 77.4419)."
203,0203/2025,FIR/0203/2025,2025-04-18,4,2,1,2,5,10,3,2,2025-04-18 23:00:00,2025-04-18 23:30:00,2025-04-18 23:15:00,13.097579,77.878121,"Incident of Theft reported in Bangalore Rural district at coordinates (13.0976, 77.8781)."
204,0204/2025,FIR/0204/2025,2025-12-18,3,2,1,2,5,9,2,2,2025-12-18 00:00:00,2025-12-18 00:30:00,2025-12-18 01:15:00,12.650525,77.529456,"Incident of Theft reported in Bangalore Rural district at coordinates (12.6505, 77.5295)."
205,0205/2025,FIR/0205/2025,2025-12-09,4,2,1,2,5,10,3,2,2025-12-09 02:00:00,2025-12-09 02:30:00,2025-12-09 03:15:00,12.942469,77.838897,"Incident of Theft reported in Bangalore Rural district at coordinates (12.9425, 77.8389)."
206,0206/2025,FIR/0206/2025,2025-11-29,3,2,1,2,5,9,2,2,2025-11-29 18:00:00,2025-11-29 18:30:00,2025-11-29 19:15:00,13.314087,77.430333,"Incident of Theft reported in Bangalore Rural district at coordinates (13.3141, 77.4303)."
207,0207/2025,FIR/0207/2025,2025-06-26,4,2,1,2,5,10,2,2,2025-06-26 01:00:00,2025-06-26 01:30:00,2025-06-26 02:15:00,13.21846,77.857556,"Incident of Theft reported in Bangalore Rural district at coordinates (13.2185, 77.8576)."
208,0208/2025,FIR/0208/2025,2025-05-08,3,2,1,2,5,9,2,2,2025-05-08 17:00:00,2025-05-08 17:30:00,2025-05-08 18:15:00,12.668753,77.515914,"Incident of Theft reported in Bangalore Rural district at coordinates (12.6688, 77.5159)."
209,0209/2025,FIR/0209/2025,2025-07-04,4,2,1,2,5,10,2,2,2025-07-04 18:00:00,2025-07-04 18:30:00,2025-07-04 19:15:00,13.306855,77.421405,"Incident of Theft reported in Bangalore Rural district at coordinates (13.3069, 77.4214)."
210,0210/2025,FIR/0210/2025,2025-02-26,3,2,1,2,5,9,2,2,2025-02-26 09:00:00,2025-02-26 09:30:00,2025-02-26 10:15:00,12.575925,77.43932,"Incident of Theft reported in Bangalore Rural district at coordinates (12.5759, 77.4393)."
211,0211/2025,FIR/0211/2025,2025-03-25,4,2,1,2,5,10,2,2,2025-03-25 08:00:00,2025-03-25 08:30:00,2025-03-25 09:15:00,13.134417,77.916835,"Incident of Theft reported in Bangalore Rural district at coordinates (13.1344, 77.9168)."
212,0212/2025,FIR/0212/2025,2025-06-01,3,2,1,2,5,9,2,2,2025-06-01 09:00:00,2025-06-01 09:30:00,2025-06-01 10:15:00,12.593771,77.427417,"Incident of Theft reported in Bangalore Rural district at coordinates (12.5938, 77.4274)."
213,0213/2025,FIR/0213/2025,2025-01-11,4,2,1,2,5,10,1,2,2025-01-11 03:00:00,2025-01-11 03:30:00,2025-01-11 04:15:00,12.655859,77.535198,"Incident of Theft reported in Bangalore Rural district at coordinates (12.6559, 77.5352)."
214,0214/2025,FIR/0214/2025,2025-11-16,3,2,1,2,5,9,3,2,2025-11-16 18:00:00,2025-11-16 18:30:00,2025-11-16 19:15:00,12.640437,77.163199,"Incident of Theft reported in Bangalore Rural district at coordinates (12.6404, 77.1632)."
215,0215/2025,FIR/0215/2025,2025-05-28,4,2,1,2,5,10,1,2,2025-05-28 05:00:00,2025-05-28 05:30:00,2025-05-28 06:15:00,13.321445,77.425993,"Incident of Theft reported in Bangalore Rural district at coordinates (13.3214, 77.4260)."
216,0216/2025,FIR/0216/2025,2025-10-09,3,2,1,1,4,7,2,2,2025-10-09 16:00:00,2025-10-09 16:30:00,2025-10-09 17:15:00,13.101318,77.885338,"Incident of Robbery reported in Bangalore Rural district at coordinates (13.1013, 77.8853)."
217,0217/2025,FIR/0217/2025,2025-10-18,4,2,1,1,4,8,2,2,2025-10-18 16:00:00,2025-10-18 16:30:00,2025-10-18 17:15:00,12.644213,77.151943,"Incident of Robbery reported in Bangalore Rural district at coordinates (12.6442, 77.1519)."
218,0218/2025,FIR/0218/2025,2025-06-12,3,2,1,1,4,7,3,2,2025-06-12 11:00:00,2025-06-12 11:30:00,2025-06-12 12:15:00,13.304532,77.437979,"Incident of Robbery reported in Bangalore Rural district at coordinates (13.3045, 77.4380)."
219,0219/2025,FIR/0219/2025,2025-11-13,4,2,1,1,4,8,3,2,2025-11-13 13:00:00,2025-11-13 13:30:00,2025-11-13 14:15:00,13.08569,77.895447,"Incident of Robbery reported in Bangalore Rural district at coordinates (13.0857, 77.8954)."
220,0220/2025,FIR/0220/2025,2025-05-29,3,2,1,1,4,7,2,2,2025-05-29 13:00:00,2025-05-29 13:30:00,2025-05-29 14:15:00,13.107,77.902872,"Incident of Robbery reported in Bangalore Rural district at coordinates (13.1070, 77.9029)."
221,0221/2025,FIR/0221/2025,2025-02-20,4,2,1,1,4,8,2,2,2025-02-20 13:00:00,2025-02-20 13:30:00,2025-02-20 14:15:00,12.662654,77.528241,"Incident of Robbery reported in Bangalore Rural district at coordinates (12.6627, 77.5282)."
222,0222/2025,FIR/0222/2025,2025-08-03,3,2,1,1,4,7,3,2,2025-08-03 15:00:00,2025-08-03 15:30:00,2025-08-03 16:15:00,12.634825,77.14117,"Incident of Robbery reported in Bangalore Rural district at coordinates (12.6348, 77.1412)."
223,0223/2025,FIR/0223/2025,2025-09-03,4,2,1,1,4,8,2,2,2025-09-03 11:00:00,2025-09-03 11:30:00,2025-09-03 12:15:00,13.096258,77.898882,"Incident of Robbery reported in Bangalore Rural district at coordinates (13.0963, 77.8989)."
224,0224/2025,FIR/0224/2025,2025-09-02,3,2,1,1,4,7,1,2,2025-09-02 23:00:00,2025-09-02 23:30:00,2025-09-02 23:15:00,13.11895,77.916005,"Incident of Robbery reported in Bangalore Rural district at coordinates (13.1189, 77.9160)."
225,0225/2025,FIR/0225/2025,2025-04-14,4,2,1,1,4,8,2,2,2025-04-14 19:00:00,2025-04-14 19:30:00,2025-04-14 20:15:00,12.629695,77.147181,"Incident of Robbery reported in Bangalore Rural district at coordinates (12.6297, 77.1472)."
226,0226/2025,FIR/0226/2025,2025-01-21,3,2,1,1,4,7,3,2,2025-01-21 05:00:00,2025-01-21 05:30:00,2025-01-21 06:15:00,13.106646,77.883919,"Incident of Robbery reported in Bangalore Rural district at coordinates (13.1066, 77.8839)."
227,0227/2025,FIR/0227/2025,2025-08-30,4,2,1,1,4,8,3,2,2025-08-30 21:00:00,2025-08-30 21:30:00,2025-08-30 22:15:00,12.655284,77.515335,"Incident of Robbery reported in Bangalore Rural district at coordinates (12.6553, 77.5153)."
228,0228/2025,FIR/0228/2025,2025-07-05,3,2,1,1,4,7,3,2,2025-07-05 05:00:00,2025-07-05 05:30:00,2025-07-05 06:15:00,12.414437,77.480274,"Incident of Robbery reported in Bangalore Rural district at coordinates (12.4144, 77.4803)."
229,0229/2025,FIR/0229/2025,2025-02-28,4,2,1,1,4,8,2,2,2025-02-28 08:00:00,2025-02-28 08:30:00,2025-02-28 09:15:00,13.10743,77.89358,"Incident of Robbery reported in Bangalore Rural district at coordinates (13.1074, 77.8936)."
230,0230/2025,FIR/0230/2025,2025-10-15,3,2,1,1,4,7,3,2,2025-10-15 17:00:00,2025-10-15 17:30:00,2025-10-15 18:15:00,12.55965,77.525899,"Incident of Robbery reported in Bangalore Rural district at coordinates (12.5596, 77.5259)."
231,0231/2025,FIR/0231/2025,2025-02-07,4,2,1,1,4,8,1,2,2025-02-07 09:00:00,2025-02-07 09:30:00,2025-02-07 10:15:00,13.297019,77.420591,"Incident of Robbery reported in Bangalore Rural district at coordinates (13.2970, 77.4206)."
232,0232/2025,FIR/0232/2025,2025-12-20,3,2,1,1,4,7,2,2,2025-12-20 05:00:00,2025-12-20 05:30:00,2025-12-20 06:15:00,13.097938,77.885412,"Incident of Robbery reported in Bangalore Rural district at coordinates (13.0979, 77.8854)."
233,0233/2025,FIR/0233/2025,2025-11-30,4,2,1,1,4,8,1,2,2025-11-30 07:00:00,2025-11-30 07:30:00,2025-11-30 08:15:00,12.642621,77.157622,"Incident of Robbery reported in Bangalore Rural district at coordinates (12.6426, 77.1576)."
234,0234/2025,FIR/0234/2025,2025-10-16,3,2,1,1,4,7,3,2,2025-10-16 17:00:00,2025-10-16 17:30:00,2025-10-16 18:15:00,13.302879,77.441383,"Incident of Robbery reported in Bangalore Rural district at coordinates (13.3029, 77.4414)."
235,0235/2025,FIR/0235/2025,2025-04-05,4,2,1,1,4,8,1,2,2025-04-05 03:00:00,2025-04-05 03:30:00,2025-04-05 04:15:00,12.740561,77.166111,"Incident of Robbery reported in Bangalore Rural district at coordinates (12.7406, 77.1661)."
236,0236/2025,FIR/0236/2025,2025-01-12,3,2,1,2,3,5,1,2,2025-01-12 03:00:00,2025-01-12 03:30:00,2025-01-12 04:15:00,12.662146,77.534622,"Incident of Chain Snatching reported in Bangalore Rural district at coordinates (12.6621, 77.5346)."
237,0237/2025,FIR/0237/2025,2025-09-05,4,2,1,2,3,6,2,2,2025-09-05 15:00:00,2025-09-05 15:30:00,2025-09-05 16:15:00,13.297301,77.430341,"Incident of Chain Snatching reported in Bangalore Rural district at coordinates (13.2973, 77.4303)."
238,0238/2025,FIR/0238/2025,2025-11-01,3,2,1,2,3,5,3,2,2025-11-01 04:00:00,2025-11-01 04:30:00,2025-11-01 05:15:00,12.303643,77.355696,"Incident of Chain Snatching reported in Bangalore Rural district at coordinates (12.3036, 77.3557)."
239,0239/2025,FIR/0239/2025,2025-05-09,4,2,1,2,3,6,3,2,2025-05-09 01:00:00,2025-05-09 01:30:00,2025-05-09 02:15:00,12.641904,77.514287,"Incident of Chain Snatching reported in Bangalore Rural district at coordinates (12.6419, 77.5143)."
240,0240/2025,FIR/0240/2025,2025-02-24,3,2,1,2,3,5,1,2,2025-02-24 18:00:00,2025-02-24 18:30:00,2025-02-24 19:15:00,13.179605,77.657686,"Incident of Chain Snatching reported in Bangalore Rural district at coordinates (13.1796, 77.6577)."
241,0241/2025,FIR/0241/2025,2025-06-17,4,2,1,2,3,6,3,2,2025-06-17 00:00:00,2025-06-17 00:30:00,2025-06-17 01:15:00,13.135476,77.921997,"Incident of Chain Snatching reported in Bangalore Rural district at coordinates (13.1355, 77.9220)."
242,0242/2025,FIR/0242/2025,2025-11-24,3,2,1,2,3,5,1,2,2025-11-24 21:00:00,2025-11-24 21:30:00,2025-11-24 22:15:00,12.651226,77.529994,"Incident of Chain Snatching reported in Bangalore Rural district at coordinates (12.6512, 77.5300)."
243,0243/2025,FIR/0243/2025,2025-05-12,4,2,1,2,3,6,1,2,2025-05-12 19:00:00,2025-05-12 19:30:00,2025-05-12 20:15:00,12.645341,77.158205,"Incident of Chain Snatching reported in Bangalore Rural district at coordinates (12.6453, 77.1582)."
244,0244/2025,FIR/0244/2025,2025-12-14,3,2,1,2,3,5,2,2,2025-12-14 22:00:00,2025-12-14 22:30:00,2025-12-14 23:15:00,12.637928,77.160817,"Incident of Chain Snatching reported in Bangalore Rural district at coordinates (12.6379, 77.1608)."
245,0245/2025,FIR/0245/2025,2025-05-24,4,2,1,2,3,6,1,2,2025-05-24 16:00:00,2025-05-24 16:30:00,2025-05-24 17:15:00,13.283064,77.426894,"Incident of Chain Snatching reported in Bangalore Rural district at coordinates (13.2831, 77.4269)."
246,0246/2025,FIR/0246/2025,2025-04-23,3,2,1,2,2,3,3,2,2025-04-23 04:00:00,2025-04-23 04:30:00,2025-04-23 05:15:00,12.647338,77.524732,"Incident of Burglary reported in Bangalore Rural district at coordinates (12.6473, 77.5247)."
247,0247/2025,FIR/0247/2025,2025-11-11,4,2,1,2,2,4,1,2,2025-11-11 07:00:00,2025-11-11 07:30:00,2025-11-11 08:15:00,13.307818,77.44064,"Incident of Burglary reported in Bangalore Rural district at coordinates (13.3078, 77.4406)."
248,0248/2025,FIR/0248/2025,2025-10-23,3,2,1,2,2,3,2,2,2025-10-23 15:00:00,2025-10-23 15:30:00,2025-10-23 16:15:00,13.121207,77.917484,"Incident of Burglary reported in Bangalore Rural district at coordinates (13.1212, 77.9175)."
249,0249/2025,FIR/0249/2025,2025-06-06,4,2,1,2,2,4,2,2,2025-06-06 10:00:00,2025-06-06 10:30:00,2025-06-06 11:15:00,13.144268,77.918317,"Incident of Burglary reported in Bangalore Rural district at coordinates (13.1443, 77.9183)."
250,0250/2025,FIR/0250/2025,2025-05-02,3,2,1,2,2,3,1,2,2025-05-02 13:00:00,2025-05-02 13:30:00,2025-05-02 14:15:00,13.284507,77.424891,"Incident of Burglary reported in Bangalore Rural district at coordinates (13.2845, 77.4249)."
251,0251/2025,FIR/0251/2025,2025-02-18,4,2,1,2,2,4,2,2,2025-02-18 03:00:00,2025-02-18 03:30:00,2025-02-18 04:15:00,12.637901,77.162851,"Incident of Burglary reported in Bangalore Rural district at coordinates (12.6379, 77.1629)."
252,0252/2025,FIR/0252/2025,2025-04-30,3,2,1,2,2,3,2,2,2025-04-30 22:00:00,2025-04-30 22:30:00,2025-04-30 23:15:00,12.647206,77.159531,"Incident of Burglary reported in Bangalore Rural district at coordinates (12.6472, 77.1595)."
253,0253/2025,FIR/0253/2025,2025-02-26,4,2,1,2,2,4,3,2,2025-02-26 19:00:00,2025-02-26 19:30:00,2025-02-26 20:15:00,13.215968,77.291212,"Incident of Burglary reported in Bangalore Rural district at coordinates (13.2160, 77.2912)."
254,0254/2025,FIR/0254/2025,2025-08-01,3,2,1,2,2,3,1,2,2025-08-01 08:00:00,2025-08-01 08:30:00,2025-08-01 09:15:00,13.29932,77.429213,"Incident of Burglary reported in Bangalore Rural district at coordinates (13.2993, 77.4292)."
255,0255/2025,FIR/0255/2025,2025-09-27,4,2,1,2,2,4,3,2,2025-09-27 12:00:00,2025-09-27 12:30:00,2025-09-27 13:15:00,13.1355,77.898927,"Incident of Burglary reported in Bangalore Rural district at coordinates (13.1355, 77.8989)."
256,0256/2025,FIR/0256/2025,2025-07-16,3,2,1,2,2,3,2,2,2025-07-16 14:00:00,2025-07-16 14:30:00,2025-07-16 15:15:00,12.530368,77.279318,"Incident of Burglary reported in Bangalore Rural district at coordinates (12.5304, 77.2793)."
257,0257/2025,FIR/0257/2025,2025-11-04,4,2,1,2,2,4,1,2,2025-11-04 02:00:00,2025-11-04 02:30:00,2025-11-04 03:15:00,12.62004,77.277462,"Incident of Burglary reported in Bangalore Rural district at coordinates (12.6200, 77.2775)."
258,0258/2025,FIR/0258/2025,2025-08-05,3,2,1,2,2,3,1,2,2025-08-05 10:00:00,2025-08-05 10:30:00,2025-08-05 11:15:00,12.629546,77.146891,"Incident of Burglary reported in Bangalore Rural district at coordinates (12.6295, 77.1469)."
259,0259/2025,FIR/0259/2025,2025-10-12,4,2,1,2,2,4,3,2,2025-10-12 03:00:00,2025-10-12 03:30:00,2025-10-12 04:15:00,13.300166,77.420576,"Incident of Burglary reported in Bangalore Rural district at coordinates (13.3002, 77.4206)."
260,0260/2025,FIR/0260/2025,2025-01-21,3,2,1,2,2,3,3,2,2025-01-21 22:00:00,2025-01-21 22:30:00,2025-01-21 23:15:00,13.138272,77.923546,"Incident of Burglary reported in Bangalore Rural district at coordinates (13.1383, 77.9235)."
261,0261/2025,FIR/0261/2025,2025-02-28,4,2,1,2,2,4,3,2,2025-02-28 20:00:00,2025-02-28 20:30:00,2025-02-28 21:15:00,12.633494,77.154715,"Incident of Burglary reported in Bangalore Rural district at coordinates (12.6335, 77.1547)."
262,0262/2025,FIR/0262/2025,2025-07-24,3,2,1,2,2,3,3,2,2025-07-24 12:00:00,2025-07-24 12:30:00,2025-07-24 13:15:00,12.65764,77.515951,"Incident of Burglary reported in Bangalore Rural district at coordinates (12.6576, 77.5160)."
263,0263/2025,FIR/0263/2025,2025-04-01,4,2,1,2,2,4,2,2,2025-04-01 23:00:00,2025-04-01 23:30:00,2025-04-01 23:15:00,13.11431,77.927679,"Incident of Burglary reported in Bangalore Rural district at coordinates (13.1143, 77.9277)."
264,0264/2025,FIR/0264/2025,2025-03-19,3,2,1,2,2,3,2,2,2025-03-19 09:00:00,2025-03-19 09:30:00,2025-03-19 10:15:00,12.665081,77.528851,"Incident of Burglary reported in Bangalore Rural district at coordinates (12.6651, 77.5289)."
265,0265/2025,FIR/0265/2025,2025-01-28,4,2,1,2,2,4,2,2,2025-01-28 01:00:00,2025-01-28 01:30:00,2025-01-28 02:15:00,13.112817,77.897407,"Incident of Burglary reported in Bangalore Rural district at coordinates (13.1128, 77.8974)."
266,0266/2025,FIR/0266/2025,2025-08-21,3,2,1,2,2,3,3,2,2025-08-21 18:00:00,2025-08-21 18:30:00,2025-08-21 19:15:00,12.666455,77.541983,"Incident of Burglary reported in Bangalore Rural district at coordinates (12.6665, 77.5420)."
267,0267/2025,FIR/0267/2025,2025-05-17,4,2,1,2,2,4,3,2,2025-05-17 15:00:00,2025-05-17 15:30:00,2025-05-17 16:15:00,13.097452,77.89434,"Incident of Burglary reported in Bangalore Rural district at coordinates (13.0975, 77.8943)."
268,0268/2025,FIR/0268/2025,2025-11-21,3,2,1,2,2,3,2,2,2025-11-21 05:00:00,2025-11-21 05:30:00,2025-11-21 06:15:00,12.64464,77.176391,"Incident of Burglary reported in Bangalore Rural district at coordinates (12.6446, 77.1764)."
269,0269/2025,FIR/0269/2025,2025-02-28,4,2,1,2,2,4,1,2,2025-02-28 12:00:00,2025-02-28 12:30:00,2025-02-28 13:15:00,13.307416,77.433334,"Incident of Burglary reported in Bangalore Rural district at coordinates (13.3074, 77.4333)."
270,0270/2025,FIR/0270/2025,2025-02-26,3,2,1,2,2,3,1,2,2025-02-26 03:00:00,2025-02-26 03:30:00,2025-02-26 04:15:00,12.719414,77.500506,"Incident of Burglary reported in Bangalore Rural district at coordinates (12.7194, 77.5005)."
271,0271/2025,FIR/0271/2025,2025-02-16,4,2,1,2,2,4,1,2,2025-02-16 12:00:00,2025-02-16 12:30:00,2025-02-16 13:15:00,13.108415,77.901798,"Incident of Burglary reported in Bangalore Rural district at coordinates (13.1084, 77.9018)."
272,0272/2025,FIR/0272/2025,2025-12-29,3,2,1,2,2,3,1,2,2025-12-29 03:00:00,2025-12-29 03:30:00,2025-12-29 04:15:00,12.636449,77.168848,"Incident of Burglary reported in Bangalore Rural district at coordinates (12.6364, 77.1688)."
273,0273/2025,FIR/0273/2025,2025-09-02,4,2,1,2,2,4,2,2,2025-09-02 00:00:00,2025-09-02 00:30:00,2025-09-02 01:15:00,13.298243,77.430885,"Incident of Burglary reported in Bangalore Rural district at coordinates (13.2982, 77.4309)."
274,0274/2025,FIR/0274/2025,2025-12-30,3,2,1,2,2,3,3,2,2025-12-30 06:00:00,2025-12-30 06:30:00,2025-12-30 07:15:00,12.638911,77.529795,"Incident of Burglary reported in Bangalore Rural district at coordinates (12.6389, 77.5298)."
275,0275/2025,FIR/0275/2025,2025-03-11,4,2,1,2,2,4,1,2,2025-03-11 02:00:00,2025-03-11 02:30:00,2025-03-11 03:15:00,13.307783,77.44071,"Incident of Burglary reported in Bangalore Rural district at coordinates (13.3078, 77.4407)."
276,0276/2025,FIR/0276/2025,2025-02-10,3,2,1,2,2,3,3,2,2025-02-10 18:00:00,2025-02-10 18:30:00,2025-02-10 19:15:00,12.638303,77.533467,"Incident of Burglary reported in Bangalore Rural district at coordinates (12.6383, 77.5335)."
277,0277/2025,FIR/0277/2025,2025-07-19,4,2,1,2,2,4,3,2,2025-07-19 04:00:00,2025-07-19 04:30:00,2025-07-19 05:15:00,12.646966,77.51081,"Incident of Burglary reported in Bangalore Rural district at coordinates (12.6470, 77.5108)."
278,0278/2025,FIR/0278/2025,2025-12-26,3,2,1,2,2,3,3,2,2025-12-26 12:00:00,2025-12-26 12:30:00,2025-12-26 13:15:00,12.661211,77.521069,"Incident of Burglary reported in Bangalore Rural district at coordinates (12.6612, 77.5211)."
279,0279/2025,FIR/0279/2025,2025-07-25,4,2,1,2,2,4,2,2,2025-07-25 07:00:00,2025-07-25 07:30:00,2025-07-25 08:15:00,12.623249,77.154618,"Incident of Burglary reported in Bangalore Rural district at coordinates (12.6232, 77.1546)."
280,0280/2025,FIR/0280/2025,2025-06-01,3,2,1,2,2,3,2,2,2025-06-01 21:00:00,2025-06-01 21:30:00,2025-06-01 22:15:00,12.642212,77.524282,"Incident of Burglary reported in Bangalore Rural district at coordinates (12.6422, 77.5243)."
281,0281/2025,FIR/0281/2025,2025-07-07,4,2,1,2,2,4,2,2,2025-07-07 03:00:00,2025-07-07 03:30:00,2025-07-07 04:15:00,12.654506,77.524667,"Incident of Burglary reported in Bangalore Rural district at coordinates (12.6545, 77.5247)."
282,0282/2025,FIR/0282/2025,2025-10-23,3,2,1,2,2,3,2,2,2025-10-23 14:00:00,2025-10-23 14:30:00,2025-10-23 15:15:00,12.63842,77.153064,"Incident of Burglary reported in Bangalore Rural district at coordinates (12.6384, 77.1531)."
283,0283/2025,FIR/0283/2025,2025-01-14,4,2,1,2,2,4,3,2,2025-01-14 18:00:00,2025-01-14 18:30:00,2025-01-14 19:15:00,12.655496,77.533611,"Incident of Burglary reported in Bangalore Rural district at coordinates (12.6555, 77.5336)."
284,0284/2025,FIR/0284/2025,2025-06-07,3,2,1,2,2,3,2,2,2025-06-07 17:00:00,2025-06-07 17:30:00,2025-06-07 18:15:00,13.146234,77.924958,"Incident of Burglary reported in Bangalore Rural district at coordinates (13.1462, 77.9250)."
285,0285/2025,FIR/0285/2025,2025-11-06,4,2,1,2,2,4,1,2,2025-11-06 15:00:00,2025-11-06 15:30:00,2025-11-06 16:15:00,12.647657,77.528426,"Incident of Burglary reported in Bangalore Rural district at coordinates (12.6477, 77.5284)."
286,0286/2025,FIR/0286/2025,2025-05-19,3,2,1,1,1,1,1,2,2025-05-19 22:00:00,2025-05-19 22:30:00,2025-05-19 23:15:00,12.663857,77.525569,"Incident of Assault reported in Bangalore Rural district at coordinates (12.6639, 77.5256)."
287,0287/2025,FIR/0287/2025,2025-05-17,4,2,1,1,1,2,1,2,2025-05-17 16:00:00,2025-05-17 16:30:00,2025-05-17 17:15:00,13.131136,77.919769,"Incident of Assault reported in Bangalore Rural district at coordinates (13.1311, 77.9198)."
288,0288/2025,FIR/0288/2025,2025-01-03,3,2,1,1,1,1,3,2,2025-01-03 11:00:00,2025-01-03 11:30:00,2025-01-03 12:15:00,13.106173,77.903864,"Incident of Assault reported in Bangalore Rural district at coordinates (13.1062, 77.9039)."
289,0289/2025,FIR/0289/2025,2025-12-12,4,2,1,1,1,2,3,2,2025-12-12 15:00:00,2025-12-12 15:30:00,2025-12-12 16:15:00,13.306205,77.435431,"Incident of Assault reported in Bangalore Rural district at coordinates (13.3062, 77.4354)."
290,0290/2025,FIR/0290/2025,2025-04-02,3,2,1,1,1,1,3,2,2025-04-02 01:00:00,2025-04-02 01:30:00,2025-04-02 02:15:00,13.00119,77.869697,"Incident of Assault reported in Bangalore Rural district at coordinates (13.0012, 77.8697)."
291,0291/2025,FIR/0291/2025,2025-09-11,4,2,1,1,1,2,3,2,2025-09-11 13:00:00,2025-09-11 13:30:00,2025-09-11 14:15:00,13.101198,77.888386,"Incident of Assault reported in Bangalore Rural district at coordinates (13.1012, 77.8884)."
292,0292/2025,FIR/0292/2025,2025-06-16,3,2,1,1,1,1,1,2,2025-06-16 12:00:00,2025-06-16 12:30:00,2025-06-16 13:15:00,12.636304,77.159695,"Incident of Assault reported in Bangalore Rural district at coordinates (12.6363, 77.1597)."
293,0293/2025,FIR/0293/2025,2025-04-23,4,2,1,1,1,2,2,2,2025-04-23 01:00:00,2025-04-23 01:30:00,2025-04-23 02:15:00,12.644875,77.160233,"Incident of Assault reported in Bangalore Rural district at coordinates (12.6449, 77.1602)."
294,0294/2025,FIR/0294/2025,2025-01-01,3,2,1,1,1,1,3,2,2025-01-01 10:00:00,2025-01-01 10:30:00,2025-01-01 11:15:00,13.11061,77.890751,"Incident of Assault reported in Bangalore Rural district at coordinates (13.1106, 77.8908)."
295,0295/2025,FIR/0295/2025,2025-09-05,4,2,1,1,1,2,1,2,2025-09-05 08:00:00,2025-09-05 08:30:00,2025-09-05 09:15:00,13.134031,77.913859,"Incident of Assault reported in Bangalore Rural district at coordinates (13.1340, 77.9139)."
296,0296/2025,FIR/0296/2025,2025-05-19,3,2,1,1,1,1,1,2,2025-05-19 14:00:00,2025-05-19 14:30:00,2025-05-19 15:15:00,12.411277,77.459139,"Incident of Assault reported in Bangalore Rural district at coordinates (12.4113, 77.4591)."
297,0297/2025,FIR/0297/2025,2025-07-05,4,2,1,1,1,2,3,2,2025-07-05 18:00:00,2025-07-05 18:30:00,2025-07-05 19:15:00,13.131464,77.915889,"Incident of Assault reported in Bangalore Rural district at coordinates (13.1315, 77.9159)."
298,0298/2025,FIR/0298/2025,2025-04-11,3,2,1,1,1,1,1,2,2025-04-11 22:00:00,2025-04-11 22:30:00,2025-04-11 23:15:00,13.277609,77.585879,"Incident of Assault reported in Bangalore Rural district at coordinates (13.2776, 77.5859)."
299,0299/2025,FIR/0299/2025,2025-11-25,4,2,1,1,1,2,2,2,2025-11-25 16:00:00,2025-11-25 16:30:00,2025-11-25 17:15:00,13.116711,77.899423,"Incident of Assault reported in Bangalore Rural district at coordinates (13.1167, 77.8994)."
300,0300/2025,FIR/0300/2025,2025-08-12,3,2,1,1,1,1,2,2,2025-08-12 15:00:00,2025-08-12 15:30:00,2025-08-12 16:15:00,12.65931,77.519951,"Incident of Assault reported in Bangalore Rural district at coordinates (12.6593, 77.5200)."
301,0301/2025,FIR/0301/2025,2025-05-18,4,2,1,1,1,2,3,2,2025-05-18 10:00:00,2025-05-18 10:30:00,2025-05-18 11:15:00,13.114795,77.919435,"Incident of Assault reported in Bangalore Rural district at coordinates (13.1148, 77.9194)."
302,0302/2025,FIR/0302/2025,2025-08-25,3,2,1,1,1,1,3,2,2025-08-25 18:00:00,2025-08-25 18:30:00,2025-08-25 19:15:00,13.275334,77.782111,"Incident of Assault reported in Bangalore Rural district at coordinates (13.2753, 77.7821)."
303,0303/2025,FIR/0303/2025,2025-12-15,4,2,1,1,1,2,3,2,2025-12-15 10:00:00,2025-12-15 10:30:00,2025-12-15 11:15:00,12.663374,77.538278,"Incident of Assault reported in Bangalore Rural district at coordinates (12.6634, 77.5383)."
304,0304/2025,FIR/0304/2025,2025-06-27,3,2,1,1,1,1,2,2,2025-06-27 10:00:00,2025-06-27 10:30:00,2025-06-27 11:15:00,13.315968,77.420369,"Incident of Assault reported in Bangalore Rural district at coordinates (13.3160, 77.4204)."
305,0305/2025,FIR/0305/2025,2025-05-26,4,2,1,1,1,2,2,2,2025-05-26 04:00:00,2025-05-26 04:30:00,2025-05-26 05:15:00,13.132352,77.92408,"Incident of Assault reported in Bangalore Rural district at coordinates (13.1324, 77.9241)."
306,0306/2025,FIR/0306/2025,2025-01-27,3,2,1,1,1,1,1,2,2025-01-27 18:00:00,2025-01-27 18:30:00,2025-01-27 19:15:00,13.125748,77.929293,"Incident of Assault reported in Bangalore Rural district at coordinates (13.1257, 77.9293)."
307,0307/2025,FIR/0307/2025,2025-10-07,4,2,1,1,1,2,1,2,2025-10-07 01:00:00,2025-10-07 01:30:00,2025-10-07 02:15:00,13.101808,77.904582,"Incident of Assault reported in Bangalore Rural district at coordinates (13.1018, 77.9046)."
308,0308/2025,FIR/0308/2025,2025-02-23,3,2,1,1,1,1,1,2,2025-02-23 01:00:00,2025-02-23 01:30:00,2025-02-23 02:15:00,12.626828,77.156459,"Incident of Assault reported in Bangalore Rural district at coordinates (12.6268, 77.1565)."
309,0309/2025,FIR/0309/2025,2025-05-11,4,2,1,1,1,2,2,2,2025-05-11 05:00:00,2025-05-11 05:30:00,2025-05-11 06:15:00,13.309322,77.435424,"Incident of Assault reported in Bangalore Rural district at coordinates (13.3093, 77.4354)."
310,0310/2025,FIR/0310/2025,2025-03-25,3,2,1,1,1,1,3,2,2025-03-25 02:00:00,2025-03-25 02:30:00,2025-03-25 03:15:00,12.63455,77.172721,"Incident of Assault reported in Bangalore Rural district at coordinates (12.6346, 77.1727)."
311,0311/2025,FIR/0311/2025,2025-06-04,4,2,1,1,1,2,2,2,2025-06-04 06:00:00,2025-06-04 06:30:00,2025-06-04 07:15:00,13.102733,77.902424,"Incident of Assault reported in Bangalore Rural district at coordinates (13.1027, 77.9024)."
312,0312/2025,FIR/0312/2025,2025-02-25,3,2,1,1,1,1,3,2,2025-02-25 09:00:00,2025-02-25 09:30:00,2025-02-25 10:15:00,13.124494,77.934493,"Incident of Assault reported in Bangalore Rural district at coordinates (13.1245, 77.9345)."
313,0313/2025,FIR/0313/2025,2025-01-05,4,2,1,1,1,2,2,2,2025-01-05 23:00:00,2025-01-05 23:30:00,2025-01-05 23:15:00,12.659973,77.525863,"Incident of Assault reported in Bangalore Rural district at coordinates (12.6600, 77.5259)."
314,0314/2025,FIR/0314/2025,2025-09-08,3,2,1,1,1,1,2,2,2025-09-08 05:00:00,2025-09-08 05:30:00,2025-09-08 06:15:00,13.100483,77.895913,"Incident of Assault reported in Bangalore Rural district at coordinates (13.1005, 77.8959)."
315,0315/2025,FIR/0315/2025,2025-11-28,4,2,1,1,1,2,1,2,2025-11-28 02:00:00,2025-11-28 02:30:00,2025-11-28 03:15:00,13.321864,77.434293,"Incident of Assault reported in Bangalore Rural district at coordinates (13.3219, 77.4343)."
316,0316/2025,FIR/0316/2025,2025-07-11,3,2,1,1,1,1,1,2,2025-07-11 14:00:00,2025-07-11 14:30:00,2025-07-11 15:15:00,12.639149,77.160829,"Incident of Assault reported in Bangalore Rural district at coordinates (12.6391, 77.1608)."
317,0317/2025,FIR/0317/2025,2025-09-07,4,2,1,1,1,2,2,2,2025-09-07 17:00:00,2025-09-07 17:30:00,2025-09-07 18:15:00,13.295518,77.419305,"Incident of Assault reported in Bangalore Rural district at coordinates (13.2955, 77.4193)."
318,0318/2025,FIR/0318/2025,2025-05-01,3,2,1,1,1,1,1,2,2025-05-01 13:00:00,2025-05-01 13:30:00,2025-05-01 14:15:00,12.974318,77.209008,"Incident of Assault reported in Bangalore Rural district at coordinates (12.9743, 77.2090)."
319,0319/2025,FIR/0319/2025,2025-11-27,4,2,1,1,1,2,1,2,2025-11-27 05:00:00,2025-11-27 05:30:00,2025-11-27 06:15:00,12.637977,77.147482,"Incident of Assault reported in Bangalore Rural district at coordinates (12.6380, 77.1475)."
320,0320/2025,FIR/0320/2025,2025-05-16,3,2,1,1,1,1,3,2,2025-05-16 05:00:00,2025-05-16 05:30:00,2025-05-16 06:15:00,13.130988,77.918327,"Incident of Assault reported in Bangalore Rural district at coordinates (13.1310, 77.9183)."
321,0321/2025,FIR/0321/2025,2025-08-16,4,2,1,1,1,2,2,2,2025-08-16 06:00:00,2025-08-16 06:30:00,2025-08-16 07:15:00,13.100778,77.89434,"Incident of Assault reported in Bangalore Rural district at coordinates (13.1008, 77.8943)."
322,0322/2025,FIR/0322/2025,2025-05-07,3,2,1,1,1,1,3,2,2025-05-07 05:00:00,2025-05-07 05:30:00,2025-05-07 06:15:00,12.649152,77.512606,"Incident of Assault reported in Bangalore Rural district at coordinates (12.6492, 77.5126)."
323,0323/2025,FIR/0323/2025,2025-03-26,4,2,1,1,1,2,3,2,2025-03-26 05:00:00,2025-03-26 05:30:00,2025-03-26 06:15:00,13.099936,77.894054,"Incident of Assault reported in Bangalore Rural district at coordinates (13.0999, 77.8941)."
324,0324/2025,FIR/0324/2025,2025-05-15,3,2,1,1,1,1,3,2,2025-05-15 17:00:00,2025-05-15 17:30:00,2025-05-15 18:15:00,12.773558,77.547315,"Incident of Assault reported in Bangalore Rural district at coordinates (12.7736, 77.5473)."
325,0325/2025,FIR/0325/2025,2025-04-04,4,2,1,1,1,2,3,2,2025-04-04 21:00:00,2025-04-04 21:30:00,2025-04-04 22:15:00,13.194908,77.312108,"Incident of Assault reported in Bangalore Rural district at coordinates (13.1949, 77.3121)."
326,0326/2025,FIR/0326/2025,2025-08-04,3,2,1,1,1,1,1,2,2025-08-04 01:00:00,2025-08-04 01:30:00,2025-08-04 02:15:00,13.110296,77.890425,"Incident of Assault reported in Bangalore Rural district at coordinates (13.1103, 77.8904)."
327,0327/2025,FIR/0327/2025,2025-06-08,4,2,1,1,1,2,2,2,2025-06-08 08:00:00,2025-06-08 08:30:00,2025-06-08 09:15:00,12.919361,77.215372,"Incident of Assault reported in Bangalore Rural district at coordinates (12.9194, 77.2154)."
328,0328/2025,FIR/0328/2025,2025-08-19,3,2,1,1,1,1,3,2,2025-08-19 03:00:00,2025-08-19 03:30:00,2025-08-19 04:15:00,13.306495,77.426086,"Incident of Assault reported in Bangalore Rural district at coordinates (13.3065, 77.4261)."
329,0329/2025,FIR/0329/2025,2025-06-11,4,2,1,1,1,2,3,2,2025-06-11 02:00:00,2025-06-11 02:30:00,2025-06-11 03:15:00,12.630624,77.158413,"Incident of Assault reported in Bangalore Rural district at coordinates (12.6306, 77.1584)."
330,0330/2025,FIR/0330/2025,2025-04-20,3,2,1,1,1,1,2,2,2025-04-20 22:00:00,2025-04-20 22:30:00,2025-04-20 23:15:00,13.134552,77.915749,"Incident of Assault reported in Bangalore Rural district at coordinates (13.1346, 77.9157)."
331,0331/2025,FIR/0331/2025,2025-05-27,4,2,1,1,1,2,2,2,2025-05-27 09:00:00,2025-05-27 09:30:00,2025-05-27 10:15:00,12.639938,77.154518,"Incident of Assault reported in Bangalore Rural district at coordinates (12.6399, 77.1545)."
332,0332/2025,FIR/0332/2025,2025-10-01,3,2,1,1,1,1,1,2,2025-10-01 00:00:00,2025-10-01 00:30:00,2025-10-01 01:15:00,13.097632,77.88391,"Incident of Assault reported in Bangalore Rural district at coordinates (13.0976, 77.8839)."
333,0333/2025,FIR/0333/2025,2025-12-07,4,2,1,1,1,2,1,2,2025-12-07 03:00:00,2025-12-07 03:30:00,2025-12-07 04:15:00,12.651951,77.151714,"Incident of Assault reported in Bangalore Rural district at coordinates (12.6520, 77.1517)."
334,0334/2025,FIR/0334/2025,2025-11-21,3,2,1,1,1,1,3,2,2025-11-21 12:00:00,2025-11-21 12:30:00,2025-11-21 13:15:00,13.046478,77.792955,"Incident of Assault reported in Bangalore Rural district at coordinates (13.0465, 77.7930)."
335,0335/2025,FIR/0335/2025,2025-03-28,4,2,1,1,1,2,1,2,2025-03-28 08:00:00,2025-03-28 08:30:00,2025-03-28 09:15:00,13.323559,77.543868,"Incident of Assault reported in Bangalore Rural district at coordinates (13.3236, 77.5439)."
336,0336/2025,FIR/0336/2025,2025-01-20,3,2,1,1,1,1,1,2,2025-01-20 21:00:00,2025-01-20 21:30:00,2025-01-20 22:15:00,13.197133,77.435662,"Incident of Assault reported in Bangalore Rural district at coordinates (13.1971, 77.4357)."
337,0337/2025,FIR/0337/2025,2025-10-17,4,2,1,1,1,2,1,2,2025-10-17 12:00:00,2025-10-17 12:30:00,2025-10-17 13:15:00,12.650742,77.159649,"Incident of Assault reported in Bangalore Rural district at coordinates (12.6507, 77.1596)."
338,0338/2025,FIR/0338/2025,2025-10-27,3,2,1,1,1,1,3,2,2025-10-27 22:00:00,2025-10-27 22:30:00,2025-10-27 23:15:00,13.136202,77.91308,"Incident of Assault reported in Bangalore Rural district at coordinates (13.1362, 77.9131)."
339,0339/2025,FIR/0339/2025,2025-03-30,4,2,1,1,1,2,2,2,2025-03-30 13:00:00,2025-03-30 13:30:00,2025-03-30 14:15:00,13.200763,77.645199,"Incident of Assault reported in Bangalore Rural district at coordinates (13.2008, 77.6452)."
340,0340/2025,FIR/0340/2025,2025-03-24,3,2,1,1,1,1,1,2,2025-03-24 16:00:00,2025-03-24 16:30:00,2025-03-24 17:15:00,13.302776,77.422182,"Incident of Assault reported in Bangalore Rural district at coordinates (13.3028, 77.4222)."
341,0341/2025,FIR/0341/2025,2025-01-25,6,3,1,2,5,10,1,3,2025-01-25 22:00:00,2025-01-25 22:30:00,2025-01-25 23:15:00,13.035837,77.725233,"Incident of Theft reported in Bangalore Urban district at coordinates (13.0358, 77.7252)."
342,0342/2025,FIR/0342/2025,2025-06-02,5,3,1,2,5,9,3,3,2025-06-02 06:00:00,2025-06-02 06:30:00,2025-06-02 07:15:00,12.755801,77.511758,"Incident of Theft reported in Bangalore Urban district at coordinates (12.7558, 77.5118)."
343,0343/2025,FIR/0343/2025,2025-02-15,6,3,1,2,5,10,2,3,2025-02-15 20:00:00,2025-02-15 20:30:00,2025-02-15 21:15:00,12.938976,77.359693,"Incident of Theft reported in Bangalore Urban district at coordinates (12.9390, 77.3597)."
344,0344/2025,FIR/0344/2025,2025-12-22,5,3,1,2,5,9,2,3,2025-12-22 06:00:00,2025-12-22 06:30:00,2025-12-22 07:15:00,12.783099,77.620148,"Incident of Theft reported in Bangalore Urban district at coordinates (12.7831, 77.6201)."
345,0345/2025,FIR/0345/2025,2025-12-28,6,3,1,2,5,10,1,3,2025-12-28 21:00:00,2025-12-28 21:30:00,2025-12-28 22:15:00,13.007798,77.705578,"Incident of Theft reported in Bangalore Urban district at coordinates (13.0078, 77.7056)."
346,0346/2025,FIR/0346/2025,2025-02-01,5,3,1,2,5,9,2,3,2025-02-01 09:00:00,2025-02-01 09:30:00,2025-02-01 10:15:00,13.000954,77.696938,"Incident of Theft reported in Bangalore Urban district at coordinates (13.0010, 77.6969)."
347,0347/2025,FIR/0347/2025,2025-11-04,6,3,1,2,5,10,3,3,2025-11-04 09:00:00,2025-11-04 09:30:00,2025-11-04 10:15:00,12.92786,77.354382,"Incident of Theft reported in Bangalore Urban district at coordinates (12.9279, 77.3544)."
348,0348/2025,FIR/0348/2025,2025-06-27,5,3,1,2,5,9,2,3,2025-06-27 07:00:00,2025-06-27 07:30:00,2025-06-27 08:15:00,12.931583,77.360111,"Incident of Theft reported in Bangalore Urban district at coordinates (12.9316, 77.3601)."
349,0349/2025,FIR/0349/2025,2025-02-20,6,3,1,2,5,10,2,3,2025-02-20 12:00:00,2025-02-20 12:30:00,2025-02-20 13:15:00,13.082317,77.525372,"Incident of Theft reported in Bangalore Urban district at coordinates (13.0823, 77.5254)."
350,0350/2025,FIR/0350/2025,2025-06-23,5,3,1,2,5,9,2,3,2025-06-23 19:00:00,2025-06-23 19:30:00,2025-06-23 20:15:00,13.017556,77.697501,"Incident of Theft reported in Bangalore Urban district at coordinates (13.0176, 77.6975)."
351,0351/2025,FIR/0351/2025,2025-12-21,6,3,1,2,5,10,3,3,2025-12-21 19:00:00,2025-12-21 19:30:00,2025-12-21 20:15:00,13.005405,77.695526,"Incident of Theft reported in Bangalore Urban district at coordinates (13.0054, 77.6955)."
352,0352/2025,FIR/0352/2025,2025-09-06,5,3,1,2,5,9,3,3,2025-09-06 01:00:00,2025-09-06 01:30:00,2025-09-06 02:15:00,13.002773,77.689444,"Incident of Theft reported in Bangalore Urban district at coordinates (13.0028, 77.6894)."
353,0353/2025,FIR/0353/2025,2025-12-07,6,3,1,2,5,10,2,3,2025-12-07 12:00:00,2025-12-07 12:30:00,2025-12-07 13:15:00,13.011708,77.693326,"Incident of Theft reported in Bangalore Urban district at coordinates (13.0117, 77.6933)."
354,0354/2025,FIR/0354/2025,2025-11-02,5,3,1,2,5,9,2,3,2025-11-02 23:00:00,2025-11-02 23:30:00,2025-11-02 23:15:00,12.931976,77.360432,"Incident of Theft reported in Bangalore Urban district at coordinates (12.9320, 77.3604)."
355,0355/2025,FIR/0355/2025,2025-08-09,6,3,1,2,5,10,2,3,2025-08-09 09:00:00,2025-08-09 09:30:00,2025-08-09 10:15:00,13.142415,77.6998,"Incident of Theft reported in Bangalore Urban district at coordinates (13.1424, 77.6998)."
356,0356/2025,FIR/0356/2025,2025-08-03,5,3,1,2,5,9,2,3,2025-08-03 08:00:00,2025-08-03 08:30:00,2025-08-03 09:15:00,13.00658,77.689253,"Incident of Theft reported in Bangalore Urban district at coordinates (13.0066, 77.6893)."
357,0357/2025,FIR/0357/2025,2025-10-24,6,3,1,2,5,10,1,3,2025-10-24 19:00:00,2025-10-24 19:30:00,2025-10-24 20:15:00,13.099179,77.51169,"Incident of Theft reported in Bangalore Urban district at coordinates (13.0992, 77.5117)."
358,0358/2025,FIR/0358/2025,2025-05-27,5,3,1,2,5,9,2,3,2025-05-27 13:00:00,2025-05-27 13:30:00,2025-05-27 14:15:00,13.049872,77.710312,"Incident of Theft reported in Bangalore Urban district at coordinates (13.0499, 77.7103)."
359,0359/2025,FIR/0359/2025,2025-02-15,6,3,1,2,5,10,1,3,2025-02-15 03:00:00,2025-02-15 03:30:00,2025-02-15 04:15:00,13.120047,77.719211,"Incident of Theft reported in Bangalore Urban district at coordinates (13.1200, 77.7192)."
360,0360/2025,FIR/0360/2025,2025-08-30,5,3,1,2,5,9,3,3,2025-08-30 15:00:00,2025-08-30 15:30:00,2025-08-30 16:15:00,13.091963,77.520163,"Incident of Theft reported in Bangalore Urban district at coordinates (13.0920, 77.5202)."
361,0361/2025,FIR/0361/2025,2025-09-15,6,3,1,2,5,10,1,3,2025-09-15 06:00:00,2025-09-15 06:30:00,2025-09-15 07:15:00,13.099212,77.50864,"Incident of Theft reported in Bangalore Urban district at coordinates (13.0992, 77.5086)."
362,0362/2025,FIR/0362/2025,2025-06-18,5,3,1,2,5,9,1,3,2025-06-18 06:00:00,2025-06-18 06:30:00,2025-06-18 07:15:00,13.02333,77.682812,"Incident of Theft reported in Bangalore Urban district at coordinates (13.0233, 77.6828)."
363,0363/2025,FIR/0363/2025,2025-08-30,6,3,1,2,5,10,2,3,2025-08-30 05:00:00,2025-08-30 05:30:00,2025-08-30 06:15:00,13.014448,77.692303,"Incident of Theft reported in Bangalore Urban district at coordinates (13.0144, 77.6923)."
364,0364/2025,FIR/0364/2025,2025-03-29,5,3,1,2,5,9,2,3,2025-03-29 22:00:00,2025-03-29 22:30:00,2025-03-29 23:15:00,13.111628,77.700887,"Incident of Theft reported in Bangalore Urban district at coordinates (13.1116, 77.7009)."
365,0365/2025,FIR/0365/2025,2025-06-06,6,3,1,2,5,10,1,3,2025-06-06 09:00:00,2025-06-06 09:30:00,2025-06-06 10:15:00,13.021887,77.680813,"Incident of Theft reported in Bangalore Urban district at coordinates (13.0219, 77.6808)."
366,0366/2025,FIR/0366/2025,2025-09-26,5,3,1,2,5,9,2,3,2025-09-26 13:00:00,2025-09-26 13:30:00,2025-09-26 14:15:00,13.00718,77.682969,"Incident of Theft reported in Bangalore Urban district at coordinates (13.0072, 77.6830)."
367,0367/2025,FIR/0367/2025,2025-06-24,6,3,1,2,5,10,1,3,2025-06-24 10:00:00,2025-06-24 10:30:00,2025-06-24 11:15:00,13.12308,77.712055,"Incident of Theft reported in Bangalore Urban district at coordinates (13.1231, 77.7121)."
368,0368/2025,FIR/0368/2025,2025-04-16,5,3,1,2,5,9,3,3,2025-04-16 11:00:00,2025-04-16 11:30:00,2025-04-16 12:15:00,13.009575,77.696792,"Incident of Theft reported in Bangalore Urban district at coordinates (13.0096, 77.6968)."
369,0369/2025,FIR/0369/2025,2025-05-04,6,3,1,2,5,10,2,3,2025-05-04 06:00:00,2025-05-04 06:30:00,2025-05-04 07:15:00,13.08123,77.522777,"Incident of Theft reported in Bangalore Urban district at coordinates (13.0812, 77.5228)."
370,0370/2025,FIR/0370/2025,2025-01-22,5,3,1,2,5,9,1,3,2025-01-22 23:00:00,2025-01-22 23:30:00,2025-01-22 23:15:00,13.083161,77.526871,"Incident of Theft reported in Bangalore Urban district at coordinates (13.0832, 77.5269)."
371,0371/2025,FIR/0371/2025,2025-02-12,6,3,1,2,5,10,3,3,2025-02-12 07:00:00,2025-02-12 07:30:00,2025-02-12 08:15:00,13.082122,77.515193,"Incident of Theft reported in Bangalore Urban district at coordinates (13.0821, 77.5152)."
372,0372/2025,FIR/0372/2025,2025-02-17,5,3,1,2,5,9,2,3,2025-02-17 23:00:00,2025-02-17 23:30:00,2025-02-17 23:15:00,12.91383,77.376653,"Incident of Theft reported in Bangalore Urban district at coordinates (12.9138, 77.3767)."
373,0373/2025,FIR/0373/2025,2025-02-17,6,3,1,2,5,10,3,3,2025-02-17 17:00:00,2025-02-17 17:30:00,2025-02-17 18:15:00,13.050426,77.727359,"Incident of Theft reported in Bangalore Urban district at coordinates (13.0504, 77.7274)."
374,0374/2025,FIR/0374/2025,2025-10-29,5,3,1,2,5,9,2,3,2025-10-29 03:00:00,2025-10-29 03:30:00,2025-10-29 04:15:00,13.137888,77.722952,"Incident of Theft reported in Bangalore Urban district at coordinates (13.1379, 77.7230)."
375,0375/2025,FIR/0375/2025,2025-03-10,6,3,1,2,5,10,3,3,2025-03-10 23:00:00,2025-03-10 23:30:00,2025-03-10 23:15:00,13.099931,77.518204,"Incident of Theft reported in Bangalore Urban district at coordinates (13.0999, 77.5182)."
376,0376/2025,FIR/0376/2025,2025-07-16,5,3,1,2,5,9,3,3,2025-07-16 10:00:00,2025-07-16 10:30:00,2025-07-16 11:15:00,12.934526,77.351431,"Incident of Theft reported in Bangalore Urban district at coordinates (12.9345, 77.3514)."
377,0377/2025,FIR/0377/2025,2025-05-23,6,3,1,2,5,10,2,3,2025-05-23 02:00:00,2025-05-23 02:30:00,2025-05-23 03:15:00,12.758305,77.471551,"Incident of Theft reported in Bangalore Urban district at coordinates (12.7583, 77.4716)."
378,0378/2025,FIR/0378/2025,2025-12-12,5,3,1,2,5,9,2,3,2025-12-12 16:00:00,2025-12-12 16:30:00,2025-12-12 17:15:00,13.110284,77.723707,"Incident of Theft reported in Bangalore Urban district at coordinates (13.1103, 77.7237)."
379,0379/2025,FIR/0379/2025,2025-01-26,6,3,1,2,5,10,1,3,2025-01-26 12:00:00,2025-01-26 12:30:00,2025-01-26 13:15:00,12.904516,77.495085,"Incident of Theft reported in Bangalore Urban district at coordinates (12.9045, 77.4951)."
380,0380/2025,FIR/0380/2025,2025-11-26,5,3,1,2,5,9,2,3,2025-11-26 23:00:00,2025-11-26 23:30:00,2025-11-26 23:15:00,13.102595,77.517705,"Incident of Theft reported in Bangalore Urban district at coordinates (13.1026, 77.5177)."
381,0381/2025,FIR/0381/2025,2025-08-15,6,3,1,2,5,10,2,3,2025-08-15 15:00:00,2025-08-15 15:30:00,2025-08-15 16:15:00,13.041465,77.716109,"Incident of Theft reported in Bangalore Urban district at coordinates (13.0415, 77.7161)."
382,0382/2025,FIR/0382/2025,2025-04-21,5,3,1,2,5,9,3,3,2025-04-21 06:00:00,2025-04-21 06:30:00,2025-04-21 07:15:00,12.995204,77.653836,"Incident of Theft reported in Bangalore Urban district at coordinates (12.9952, 77.6538)."
383,0383/2025,FIR/0383/2025,2025-03-07,6,3,1,2,5,10,3,3,2025-03-07 02:00:00,2025-03-07 02:30:00,2025-03-07 03:15:00,13.040441,77.71551,"Incident of Theft reported in Bangalore Urban district at coordinates (13.0404, 77.7155)."
384,0384/2025,FIR/0384/2025,2025-01-27,5,3,1,2,5,9,1,3,2025-01-27 17:00:00,2025-01-27 17:30:00,2025-01-27 18:15:00,12.923881,77.336711,"Incident of Theft reported in Bangalore Urban district at coordinates (12.9239, 77.3367)."
385,0385/2025,FIR/0385/2025,2025-09-30,6,3,1,2,5,10,3,3,2025-09-30 02:00:00,2025-09-30 02:30:00,2025-09-30 03:15:00,13.009265,77.678919,"Incident of Theft reported in Bangalore Urban district at coordinates (13.0093, 77.6789)."
386,0386/2025,FIR/0386/2025,2025-03-06,5,3,1,2,5,9,2,3,2025-03-06 09:00:00,2025-03-06 09:30:00,2025-03-06 10:15:00,13.014698,77.686798,"Incident of Theft reported in Bangalore Urban district at coordinates (13.0147, 77.6868)."
387,0387/2025,FIR/0387/2025,2025-08-26,6,3,1,2,5,10,2,3,2025-08-26 05:00:00,2025-08-26 05:30:00,2025-08-26 06:15:00,13.115659,77.508094,"Incident of Theft reported in Bangalore Urban district at coordinates (13.1157, 77.5081)."
388,0388/2025,FIR/0388/2025,2025-07-19,5,3,1,2,5,9,3,3,2025-07-19 17:00:00,2025-07-19 17:30:00,2025-07-19 18:15:00,13.037014,77.707516,"Incident of Theft reported in Bangalore Urban district at coordinates (13.0370, 77.7075)."
389,0389/2025,FIR/0389/2025,2025-02-23,6,3,1,2,5,10,3,3,2025-02-23 23:00:00,2025-02-23 23:30:00,2025-02-23 23:15:00,12.916311,77.35128,"Incident of Theft reported in Bangalore Urban district at coordinates (12.9163, 77.3513)."
390,0390/2025,FIR/0390/2025,2025-11-15,5,3,1,2,5,9,1,3,2025-11-15 05:00:00,2025-11-15 05:30:00,2025-11-15 06:15:00,12.925847,77.358396,"Incident of Theft reported in Bangalore Urban district at coordinates (12.9258, 77.3584)."
391,0391/2025,FIR/0391/2025,2025-05-12,6,3,1,2,5,10,2,3,2025-05-12 11:00:00,2025-05-12 11:30:00,2025-05-12 12:15:00,13.078501,77.517811,"Incident of Theft reported in Bangalore Urban district at coordinates (13.0785, 77.5178)."
392,0392/2025,FIR/0392/2025,2025-04-20,5,3,1,2,5,9,1,3,2025-04-20 12:00:00,2025-04-20 12:30:00,2025-04-20 13:15:00,13.00296,77.705259,"Incident of Theft reported in Bangalore Urban district at coordinates (13.0030, 77.7053)."
393,0393/2025,FIR/0393/2025,2025-06-01,6,3,1,2,5,10,3,3,2025-06-01 08:00:00,2025-06-01 08:30:00,2025-06-01 09:15:00,12.932314,77.343683,"Incident of Theft reported in Bangalore Urban district at coordinates (12.9323, 77.3437)."
394,0394/2025,FIR/0394/2025,2025-10-25,5,3,1,2,5,9,1,3,2025-10-25 06:00:00,2025-10-25 06:30:00,2025-10-25 07:15:00,13.124376,77.4112,"Incident of Theft reported in Bangalore Urban district at coordinates (13.1244, 77.4112)."
395,0395/2025,FIR/0395/2025,2025-12-08,6,3,1,2,5,10,2,3,2025-12-08 14:00:00,2025-12-08 14:30:00,2025-12-08 15:15:00,13.139872,77.556238,"Incident of Theft reported in Bangalore Urban district at coordinates (13.1399, 77.5562)."
396,0396/2025,FIR/0396/2025,2025-09-05,5,3,1,2,5,9,3,3,2025-09-05 08:00:00,2025-09-05 08:30:00,2025-09-05 09:15:00,13.122715,77.717996,"Incident of Theft reported in Bangalore Urban district at coordinates (13.1227, 77.7180)."
397,0397/2025,FIR/0397/2025,2025-02-18,6,3,1,2,5,10,1,3,2025-02-18 03:00:00,2025-02-18 03:30:00,2025-02-18 04:15:00,13.128485,77.7156,"Incident of Theft reported in Bangalore Urban district at coordinates (13.1285, 77.7156)."
398,0398/2025,FIR/0398/2025,2025-03-25,5,3,1,2,5,9,2,3,2025-03-25 10:00:00,2025-03-25 10:30:00,2025-03-25 11:15:00,13.126037,77.715823,"Incident of Theft reported in Bangalore Urban district at coordinates (13.1260, 77.7158)."
399,0399/2025,FIR/0399/2025,2025-03-27,6,3,1,2,5,10,1,3,2025-03-27 18:00:00,2025-03-27 18:30:00,2025-03-27 19:15:00,13.007904,77.689416,"Incident of Theft reported in Bangalore Urban district at coordinates (13.0079, 77.6894)."
400,0400/2025,FIR/0400/2025,2025-04-10,5,3,1,2,5,9,3,3,2025-04-10 04:00:00,2025-04-10 04:30:00,2025-04-10 05:15:00,13.011844,77.71854,"Incident of Theft reported in Bangalore Urban district at coordinates (13.0118, 77.7185)."
401,0401/2025,FIR/0401/2025,2025-07-03,6,3,1,2,5,10,1,3,2025-07-03 21:00:00,2025-07-03 21:30:00,2025-07-03 22:15:00,12.920806,77.362667,"Incident of Theft reported in Bangalore Urban district at coordinates (12.9208, 77.3627)."
402,0402/2025,FIR/0402/2025,2025-03-29,5,3,1,2,5,9,2,3,2025-03-29 12:00:00,2025-03-29 12:30:00,2025-03-29 13:15:00,13.033623,77.719187,"Incident of Theft reported in Bangalore Urban district at coordinates (13.0336, 77.7192)."
403,0403/2025,FIR/0403/2025,2025-02-10,6,3,1,2,5,10,1,3,2025-02-10 00:00:00,2025-02-10 00:30:00,2025-02-10 01:15:00,13.135048,77.700181,"Incident of Theft reported in Bangalore Urban district at coordinates (13.1350, 77.7002)."
404,0404/2025,FIR/0404/2025,2025-01-21,5,3,1,2,5,9,3,3,2025-01-21 17:00:00,2025-01-21 17:30:00,2025-01-21 18:15:00,12.933294,77.351924,"Incident of Theft reported in Bangalore Urban district at coordinates (12.9333, 77.3519)."
405,0405/2025,FIR/0405/2025,2025-08-11,6,3,1,2,5,10,3,3,2025-08-11 10:00:00,2025-08-11 10:30:00,2025-08-11 11:15:00,12.901954,77.414692,"Incident of Theft reported in Bangalore Urban district at coordinates (12.9020, 77.4147)."
406,0406/2025,FIR/0406/2025,2025-07-31,5,3,1,2,5,9,2,3,2025-07-31 00:00:00,2025-07-31 00:30:00,2025-07-31 01:15:00,13.002261,77.708049,"Incident of Theft reported in Bangalore Urban district at coordinates (13.0023, 77.7080)."
407,0407/2025,FIR/0407/2025,2025-11-15,6,3,1,2,5,10,3,3,2025-11-15 10:00:00,2025-11-15 10:30:00,2025-11-15 11:15:00,12.943189,77.420504,"Incident of Theft reported in Bangalore Urban district at coordinates (12.9432, 77.4205)."
408,0408/2025,FIR/0408/2025,2025-11-27,5,3,1,2,5,9,2,3,2025-11-27 10:00:00,2025-11-27 10:30:00,2025-11-27 11:15:00,13.121094,77.717762,"Incident of Theft reported in Bangalore Urban district at coordinates (13.1211, 77.7178)."
409,0409/2025,FIR/0409/2025,2025-12-14,6,3,1,2,5,10,1,3,2025-12-14 23:00:00,2025-12-14 23:30:00,2025-12-14 23:15:00,13.132752,77.715975,"Incident of Theft reported in Bangalore Urban district at coordinates (13.1328, 77.7160)."
410,0410/2025,FIR/0410/2025,2025-10-15,5,3,1,2,5,9,3,3,2025-10-15 13:00:00,2025-10-15 13:30:00,2025-10-15 14:15:00,13.008611,77.693249,"Incident of Theft reported in Bangalore Urban district at coordinates (13.0086, 77.6932)."
411,0411/2025,FIR/0411/2025,2025-10-09,6,3,1,2,5,10,1,3,2025-10-09 20:00:00,2025-10-09 20:30:00,2025-10-09 21:15:00,13.095723,77.504186,"Incident of Theft reported in Bangalore Urban district at coordinates (13.0957, 77.5042)."
412,0412/2025,FIR/0412/2025,2025-01-31,5,3,1,2,5,9,3,3,2025-01-31 14:00:00,2025-01-31 14:30:00,2025-01-31 15:15:00,13.05954,77.701997,"Incident of Theft reported in Bangalore Urban district at coordinates (13.0595, 77.7020)."
413,0413/2025,FIR/0413/2025,2025-08-14,6,3,1,2,5,10,2,3,2025-08-14 06:00:00,2025-08-14 06:30:00,2025-08-14 07:15:00,12.939663,77.35856,"Incident of Theft reported in Bangalore Urban district at coordinates (12.9397, 77.3586)."
414,0414/2025,FIR/0414/2025,2025-06-19,5,3,1,2,5,9,3,3,2025-06-19 05:00:00,2025-06-19 05:30:00,2025-06-19 06:15:00,13.123902,77.712291,"Incident of Theft reported in Bangalore Urban district at coordinates (13.1239, 77.7123)."
415,0415/2025,FIR/0415/2025,2025-12-18,6,3,1,2,5,10,3,3,2025-12-18 19:00:00,2025-12-18 19:30:00,2025-12-18 20:15:00,13.117866,77.715037,"Incident of Theft reported in Bangalore Urban district at coordinates (13.1179, 77.7150)."
416,0416/2025,FIR/0416/2025,2025-01-23,5,3,1,2,5,9,1,3,2025-01-23 06:00:00,2025-01-23 06:30:00,2025-01-23 07:15:00,12.917492,77.364462,"Incident of Theft reported in Bangalore Urban district at coordinates (12.9175, 77.3645)."
417,0417/2025,FIR/0417/2025,2025-05-22,6,3,1,2,5,10,1,3,2025-05-22 03:00:00,2025-05-22 03:30:00,2025-05-22 04:15:00,13.124484,77.705871,"Incident of Theft reported in Bangalore Urban district at coordinates (13.1245, 77.7059)."
418,0418/2025,FIR/0418/2025,2025-06-19,5,3,1,2,5,9,3,3,2025-06-19 03:00:00,2025-06-19 03:30:00,2025-06-19 04:15:00,12.922057,77.364696,"Incident of Theft reported in Bangalore Urban district at coordinates (12.9221, 77.3647)."
419,0419/2025,FIR/0419/2025,2025-06-15,6,3,1,2,5,10,3,3,2025-06-15 03:00:00,2025-06-15 03:30:00,2025-06-15 04:15:00,12.933576,77.344467,"Incident of Theft reported in Bangalore Urban district at coordinates (12.9336, 77.3445)."
420,0420/2025,FIR/0420/2025,2025-11-14,5,3,1,2,5,9,3,3,2025-11-14 01:00:00,2025-11-14 01:30:00,2025-11-14 02:15:00,12.755789,77.760983,"Incident of Theft reported in Bangalore Urban district at coordinates (12.7558, 77.7610)."
421,0421/2025,FIR/0421/2025,2025-09-20,6,3,1,2,5,10,2,3,2025-09-20 09:00:00,2025-09-20 09:30:00,2025-09-20 10:15:00,13.113924,77.709089,"Incident of Theft reported in Bangalore Urban district at coordinates (13.1139, 77.7091)."
422,0422/2025,FIR/0422/2025,2025-12-19,5,3,1,2,5,9,1,3,2025-12-19 12:00:00,2025-12-19 12:30:00,2025-12-19 13:15:00,12.937567,77.355581,"Incident of Theft reported in Bangalore Urban district at coordinates (12.9376, 77.3556)."
423,0423/2025,FIR/0423/2025,2025-11-16,6,3,1,2,5,10,1,3,2025-11-16 20:00:00,2025-11-16 20:30:00,2025-11-16 21:15:00,12.846439,77.724046,"Incident of Theft reported in Bangalore Urban district at coordinates (12.8464, 77.7240)."
424,0424/2025,FIR/0424/2025,2025-01-13,5,3,1,2,5,9,3,3,2025-01-13 21:00:00,2025-01-13 21:30:00,2025-01-13 22:15:00,13.014073,77.694183,"Incident of Theft reported in Bangalore Urban district at coordinates (13.0141, 77.6942)."
425,0425/2025,FIR/0425/2025,2025-10-17,6,3,1,2,5,10,1,3,2025-10-17 06:00:00,2025-10-17 06:30:00,2025-10-17 07:15:00,13.143018,77.700622,"Incident of Theft reported in Bangalore Urban district at coordinates (13.1430, 77.7006)."
426,0426/2025,FIR/0426/2025,2025-08-04,5,3,1,2,5,9,2,3,2025-08-04 10:00:00,2025-08-04 10:30:00,2025-08-04 11:15:00,13.0354,77.717448,"Incident of Theft reported in Bangalore Urban district at coordinates (13.0354, 77.7174)."
427,0427/2025,FIR/0427/2025,2025-01-30,6,3,1,2,5,10,2,3,2025-01-30 22:00:00,2025-01-30 22:30:00,2025-01-30 23:15:00,13.083873,77.504486,"Incident of Theft reported in Bangalore Urban district at coordinates (13.0839, 77.5045)."
428,0428/2025,FIR/0428/2025,2025-11-19,5,3,1,2,5,9,3,3,2025-11-19 03:00:00,2025-11-19 03:30:00,2025-11-19 04:15:00,13.005208,77.69411,"Incident of Theft reported in Bangalore Urban district at coordinates (13.0052, 77.6941)."
429,0429/2025,FIR/0429/2025,2025-04-27,6,3,1,2,5,10,2,3,2025-04-27 21:00:00,2025-04-27 21:30:00,2025-04-27 22:15:00,13.041902,77.709154,"Incident of Theft reported in Bangalore Urban district at coordinates (13.0419, 77.7092)."
430,0430/2025,FIR/0430/2025,2025-03-30,5,3,1,2,5,9,1,3,2025-03-30 10:00:00,2025-03-30 10:30:00,2025-03-30 11:15:00,13.120071,77.650421,"Incident of Theft reported in Bangalore Urban district at coordinates (13.1201, 77.6504)."
431,0431/2025,FIR/0431/2025,2025-08-12,6,3,1,2,5,10,1,3,2025-08-12 05:00:00,2025-08-12 05:30:00,2025-08-12 06:15:00,12.905936,77.798076,"Incident of Theft reported in Bangalore Urban district at coordinates (12.9059, 77.7981)."
432,0432/2025,FIR/0432/2025,2025-12-10,5,3,1,2,5,9,3,3,2025-12-10 08:00:00,2025-12-10 08:30:00,2025-12-10 09:15:00,13.016297,77.693989,"Incident of Theft reported in Bangalore Urban district at coordinates (13.0163, 77.6940)."
433,0433/2025,FIR/0433/2025,2025-01-28,6,3,1,2,5,10,3,3,2025-01-28 22:00:00,2025-01-28 22:30:00,2025-01-28 23:15:00,13.129809,77.715972,"Incident of Theft reported in Bangalore Urban district at coordinates (13.1298, 77.7160)."
434,0434/2025,FIR/0434/2025,2025-04-05,5,3,1,2,5,9,2,3,2025-04-05 20:00:00,2025-04-05 20:30:00,2025-04-05 21:15:00,13.029065,77.711005,"Incident of Theft reported in Bangalore Urban district at coordinates (13.0291, 77.7110)."
435,0435/2025,FIR/0435/2025,2025-06-16,6,3,1,2,5,10,3,3,2025-06-16 12:00:00,2025-06-16 12:30:00,2025-06-16 13:15:00,13.011851,77.69679,"Incident of Theft reported in Bangalore Urban district at coordinates (13.0119, 77.6968)."
436,0436/2025,FIR/0436/2025,2025-04-23,5,3,1,2,5,9,1,3,2025-04-23 11:00:00,2025-04-23 11:30:00,2025-04-23 12:15:00,13.032059,77.717863,"Incident of Theft reported in Bangalore Urban district at coordinates (13.0321, 77.7179)."
437,0437/2025,FIR/0437/2025,2025-05-01,6,3,1,2,5,10,3,3,2025-05-01 08:00:00,2025-05-01 08:30:00,2025-05-01 09:15:00,13.001306,77.68734,"Incident of Theft reported in Bangalore Urban district at coordinates (13.0013, 77.6873)."
438,0438/2025,FIR/0438/2025,2025-10-01,5,3,1,2,5,9,1,3,2025-10-01 03:00:00,2025-10-01 03:30:00,2025-10-01 04:15:00,12.948151,77.368686,"Incident of Theft reported in Bangalore Urban district at coordinates (12.9482, 77.3687)."
439,0439/2025,FIR/0439/2025,2025-10-06,6,3,1,2,5,10,1,3,2025-10-06 15:00:00,2025-10-06 15:30:00,2025-10-06 16:15:00,13.02059,77.692219,"Incident of Theft reported in Bangalore Urban district at coordinates (13.0206, 77.6922)."
440,0440/2025,FIR/0440/2025,2025-12-05,5,3,1,2,5,9,2,3,2025-12-05 06:00:00,2025-12-05 06:30:00,2025-12-05 07:15:00,13.006568,77.703627,"Incident of Theft reported in Bangalore Urban district at coordinates (13.0066, 77.7036)."
441,0441/2025,FIR/0441/2025,2025-11-15,6,3,1,2,5,10,2,3,2025-11-15 14:00:00,2025-11-15 14:30:00,2025-11-15 15:15:00,13.008077,77.693131,"Incident of Theft reported in Bangalore Urban district at coordinates (13.0081, 77.6931)."
442,0442/2025,FIR/0442/2025,2025-04-13,5,3,1,2,5,9,1,3,2025-04-13 18:00:00,2025-04-13 18:30:00,2025-04-13 19:15:00,13.075775,77.461065,"Incident of Theft reported in Bangalore Urban district at coordinates (13.0758, 77.4611)."
443,0443/2025,FIR/0443/2025,2025-12-17,6,3,1,2,5,10,3,3,2025-12-17 17:00:00,2025-12-17 17:30:00,2025-12-17 18:15:00,13.011868,77.680052,"Incident of Theft reported in Bangalore Urban district at coordinates (13.0119, 77.6801)."
444,0444/2025,FIR/0444/2025,2025-12-20,5,3,1,2,5,9,3,3,2025-12-20 22:00:00,2025-12-20 22:30:00,2025-12-20 23:15:00,13.089029,77.511365,"Incident of Theft reported in Bangalore Urban district at coordinates (13.0890, 77.5114)."
445,0445/2025,FIR/0445/2025,2025-01-09,6,3,1,2,5,10,2,3,2025-01-09 23:00:00,2025-01-09 23:30:00,2025-01-09 23:15:00,12.940759,77.361307,"Incident of Theft reported in Bangalore Urban district at coordinates (12.9408, 77.3613)."
446,0446/2025,FIR/0446/2025,2025-11-27,5,3,1,2,5,9,2,3,2025-11-27 00:00:00,2025-11-27 00:30:00,2025-11-27 01:15:00,12.83434,77.684681,"Incident of Theft reported in Bangalore Urban district at coordinates (12.8343, 77.6847)."
447,0447/2025,FIR/0447/2025,2025-12-26,6,3,1,2,5,10,3,3,2025-12-26 22:00:00,2025-12-26 22:30:00,2025-12-26 23:15:00,12.786444,77.503118,"Incident of Theft reported in Bangalore Urban district at coordinates (12.7864, 77.5031)."
448,0448/2025,FIR/0448/2025,2025-01-21,5,3,1,2,5,9,1,3,2025-01-21 22:00:00,2025-01-21 22:30:00,2025-01-21 23:15:00,13.142046,77.709053,"Incident of Theft reported in Bangalore Urban district at coordinates (13.1420, 77.7091)."
449,0449/2025,FIR/0449/2025,2025-11-02,6,3,1,2,5,10,1,3,2025-11-02 10:00:00,2025-11-02 10:30:00,2025-11-02 11:15:00,13.023044,77.691926,"Incident of Theft reported in Bangalore Urban district at coordinates (13.0230, 77.6919)."
450,0450/2025,FIR/0450/2025,2025-04-02,5,3,1,2,5,9,3,3,2025-04-02 20:00:00,2025-04-02 20:30:00,2025-04-02 21:15:00,12.905648,77.646347,"Incident of Theft reported in Bangalore Urban district at coordinates (12.9056, 77.6463)."
451,0451/2025,FIR/0451/2025,2025-08-28,6,3,1,2,5,10,2,3,2025-08-28 03:00:00,2025-08-28 03:30:00,2025-08-28 04:15:00,12.955324,77.57414,"Incident of Theft reported in Bangalore Urban district at coordinates (12.9553, 77.5741)."
452,0452/2025,FIR/0452/2025,2025-06-23,5,3,1,2,5,9,3,3,2025-06-23 20:00:00,2025-06-23 20:30:00,2025-06-23 21:15:00,13.078189,77.520205,"Incident of Theft reported in Bangalore Urban district at coordinates (13.0782, 77.5202)."
453,0453/2025,FIR/0453/2025,2025-03-01,6,3,1,2,5,10,2,3,2025-03-01 16:00:00,2025-03-01 16:30:00,2025-03-01 17:15:00,13.132573,77.699798,"Incident of Theft reported in Bangalore Urban district at coordinates (13.1326, 77.6998)."
454,0454/2025,FIR/0454/2025,2025-07-26,5,3,1,2,5,9,2,3,2025-07-26 21:00:00,2025-07-26 21:30:00,2025-07-26 22:15:00,13.025756,77.692165,"Incident of Theft reported in Bangalore Urban district at coordinates (13.0258, 77.6922)."
455,0455/2025,FIR/0455/2025,2025-01-17,6,3,1,2,5,10,3,3,2025-01-17 13:00:00,2025-01-17 13:30:00,2025-01-17 14:15:00,13.04759,77.716325,"Incident of Theft reported in Bangalore Urban district at coordinates (13.0476, 77.7163)."
456,0456/2025,FIR/0456/2025,2025-06-28,5,3,1,2,5,9,3,3,2025-06-28 02:00:00,2025-06-28 02:30:00,2025-06-28 03:15:00,12.857151,77.719279,"Incident of Theft reported in Bangalore Urban district at coordinates (12.8572, 77.7193)."
457,0457/2025,FIR/0457/2025,2025-09-12,6,3,1,2,5,10,3,3,2025-09-12 04:00:00,2025-09-12 04:30:00,2025-09-12 05:15:00,12.898309,77.56136,"Incident of Theft reported in Bangalore Urban district at coordinates (12.8983, 77.5614)."
458,0458/2025,FIR/0458/2025,2025-12-16,5,3,1,2,5,9,2,3,2025-12-16 00:00:00,2025-12-16 00:30:00,2025-12-16 01:15:00,13.139008,77.707756,"Incident of Theft reported in Bangalore Urban district at coordinates (13.1390, 77.7078)."
459,0459/2025,FIR/0459/2025,2025-03-17,6,3,1,2,5,10,3,3,2025-03-17 13:00:00,2025-03-17 13:30:00,2025-03-17 14:15:00,13.116131,77.698302,"Incident of Theft reported in Bangalore Urban district at coordinates (13.1161, 77.6983)."
460,0460/2025,FIR/0460/2025,2025-01-29,5,3,1,2,5,9,2,3,2025-01-29 05:00:00,2025-01-29 05:30:00,2025-01-29 06:15:00,13.13043,77.715651,"Incident of Theft reported in Bangalore Urban district at coordinates (13.1304, 77.7157)."
461,0461/2025,FIR/0461/2025,2025-12-01,6,3,1,2,5,10,3,3,2025-12-01 19:00:00,2025-12-01 19:30:00,2025-12-01 20:15:00,13.005224,77.702479,"Incident of Theft reported in Bangalore Urban district at coordinates (13.0052, 77.7025)."
462,0462/2025,FIR/0462/2025,2025-12-21,5,3,1,2,5,9,1,3,2025-12-21 18:00:00,2025-12-21 18:30:00,2025-12-21 19:15:00,13.131166,77.711444,"Incident of Theft reported in Bangalore Urban district at coordinates (13.1312, 77.7114)."
463,0463/2025,FIR/0463/2025,2025-01-30,6,3,1,2,5,10,3,3,2025-01-30 02:00:00,2025-01-30 02:30:00,2025-01-30 03:15:00,13.091763,77.515155,"Incident of Theft reported in Bangalore Urban district at coordinates (13.0918, 77.5152)."
464,0464/2025,FIR/0464/2025,2025-12-01,5,3,1,2,5,9,2,3,2025-12-01 16:00:00,2025-12-01 16:30:00,2025-12-01 17:15:00,13.015766,77.706629,"Incident of Theft reported in Bangalore Urban district at coordinates (13.0158, 77.7066)."
465,0465/2025,FIR/0465/2025,2025-06-02,6,3,1,2,5,10,2,3,2025-06-02 01:00:00,2025-06-02 01:30:00,2025-06-02 02:15:00,13.0384,77.712643,"Incident of Theft reported in Bangalore Urban district at coordinates (13.0384, 77.7126)."
466,0466/2025,FIR/0466/2025,2025-07-25,5,3,1,2,5,9,1,3,2025-07-25 23:00:00,2025-07-25 23:30:00,2025-07-25 23:15:00,13.127808,77.712218,"Incident of Theft reported in Bangalore Urban district at coordinates (13.1278, 77.7122)."
467,0467/2025,FIR/0467/2025,2025-04-11,6,3,1,2,5,10,1,3,2025-04-11 06:00:00,2025-04-11 06:30:00,2025-04-11 07:15:00,13.123306,77.707478,"Incident of Theft reported in Bangalore Urban district at coordinates (13.1233, 77.7075)."
468,0468/2025,FIR/0468/2025,2025-11-08,5,3,1,2,5,9,3,3,2025-11-08 04:00:00,2025-11-08 04:30:00,2025-11-08 05:15:00,13.049184,77.716378,"Incident of Theft reported in Bangalore Urban district at coordinates (13.0492, 77.7164)."
469,0469/2025,FIR/0469/2025,2025-04-22,6,3,1,2,5,10,2,3,2025-04-22 15:00:00,2025-04-22 15:30:00,2025-04-22 16:15:00,13.128759,77.716296,"Incident of Theft reported in Bangalore Urban district at coordinates (13.1288, 77.7163)."
470,0470/2025,FIR/0470/2025,2025-01-03,5,3,1,2,5,9,2,3,2025-01-03 07:00:00,2025-01-03 07:30:00,2025-01-03 08:15:00,13.02331,77.766,"Incident of Theft reported in Bangalore Urban district at coordinates (13.0233, 77.7660)."
471,0471/2025,FIR/0471/2025,2025-08-04,6,3,1,2,5,10,1,3,2025-08-04 01:00:00,2025-08-04 01:30:00,2025-08-04 02:15:00,13.020891,77.69924,"Incident of Theft reported in Bangalore Urban district at coordinates (13.0209, 77.6992)."
472,0472/2025,FIR/0472/2025,2025-04-08,5,3,1,2,5,9,2,3,2025-04-08 21:00:00,2025-04-08 21:30:00,2025-04-08 22:15:00,12.928198,77.35014,"Incident of Theft reported in Bangalore Urban district at coordinates (12.9282, 77.3501)."
473,0473/2025,FIR/0473/2025,2025-10-10,6,3,1,2,5,10,2,3,2025-10-10 11:00:00,2025-10-10 11:30:00,2025-10-10 12:15:00,12.782588,77.672639,"Incident of Theft reported in Bangalore Urban district at coordinates (12.7826, 77.6726)."
474,0474/2025,FIR/0474/2025,2025-11-07,5,3,1,2,5,9,1,3,2025-11-07 02:00:00,2025-11-07 02:30:00,2025-11-07 03:15:00,12.93483,77.347336,"Incident of Theft reported in Bangalore Urban district at coordinates (12.9348, 77.3473)."
475,0475/2025,FIR/0475/2025,2025-06-26,6,3,1,2,5,10,3,3,2025-06-26 18:00:00,2025-06-26 18:30:00,2025-06-26 19:15:00,12.921397,77.351781,"Incident of Theft reported in Bangalore Urban district at coordinates (12.9214, 77.3518)."
476,0476/2025,FIR/0476/2025,2025-03-12,5,3,1,2,5,9,2,3,2025-03-12 05:00:00,2025-03-12 05:30:00,2025-03-12 06:15:00,13.127086,77.711386,"Incident of Theft reported in Bangalore Urban district at coordinates (13.1271, 77.7114)."
477,0477/2025,FIR/0477/2025,2025-03-06,6,3,1,2,5,10,1,3,2025-03-06 12:00:00,2025-03-06 12:30:00,2025-03-06 13:15:00,13.001379,77.68521,"Incident of Theft reported in Bangalore Urban district at coordinates (13.0014, 77.6852)."
478,0478/2025,FIR/0478/2025,2025-10-30,5,3,1,2,5,9,3,3,2025-10-30 14:00:00,2025-10-30 14:30:00,2025-10-30 15:15:00,13.09399,77.518614,"Incident of Theft reported in Bangalore Urban district at coordinates (13.0940, 77.5186)."
479,0479/2025,FIR/0479/2025,2025-03-11,6,3,1,2,5,10,1,3,2025-03-11 20:00:00,2025-03-11 20:30:00,2025-03-11 21:15:00,12.926487,77.34947,"Incident of Theft reported in Bangalore Urban district at coordinates (12.9265, 77.3495)."
480,0480/2025,FIR/0480/2025,2025-08-29,5,3,1,2,5,9,2,3,2025-08-29 08:00:00,2025-08-29 08:30:00,2025-08-29 09:15:00,13.032805,77.714562,"Incident of Theft reported in Bangalore Urban district at coordinates (13.0328, 77.7146)."
481,0481/2025,FIR/0481/2025,2025-01-04,6,3,1,2,5,10,3,3,2025-01-04 07:00:00,2025-01-04 07:30:00,2025-01-04 08:15:00,13.092682,77.524886,"Incident of Theft reported in Bangalore Urban district at coordinates (13.0927, 77.5249)."
482,0482/2025,FIR/0482/2025,2025-09-04,5,3,1,2,5,9,1,3,2025-09-04 17:00:00,2025-09-04 17:30:00,2025-09-04 18:15:00,13.09265,77.521651,"Incident of Theft reported in Bangalore Urban district at coordinates (13.0927, 77.5217)."
483,0483/2025,FIR/0483/2025,2025-02-25,6,3,1,2,5,10,2,3,2025-02-25 16:00:00,2025-02-25 16:30:00,2025-02-25 17:15:00,12.835621,77.728783,"Incident of Theft reported in Bangalore Urban district at coordinates (12.8356, 77.7288)."
484,0484/2025,FIR/0484/2025,2025-11-10,5,3,1,2,5,9,3,3,2025-11-10 06:00:00,2025-11-10 06:30:00,2025-11-10 07:15:00,13.002694,77.694442,"Incident of Theft reported in Bangalore Urban district at coordinates (13.0027, 77.6944)."
485,0485/2025,FIR/0485/2025,2025-11-26,6,3,1,2,5,10,2,3,2025-11-26 08:00:00,2025-11-26 08:30:00,2025-11-26 09:15:00,12.933584,77.35366,"Incident of Theft reported in Bangalore Urban district at coordinates (12.9336, 77.3537)."
486,0486/2025,FIR/0486/2025,2025-11-01,5,3,1,2,5,9,1,3,2025-11-01 23:00:00,2025-11-01 23:30:00,2025-11-01 23:15:00,12.927501,77.361606,"Incident of Theft reported in Bangalore Urban district at coordinates (12.9275, 77.3616)."
487,0487/2025,FIR/0487/2025,2025-01-15,6,3,1,2,5,10,2,3,2025-01-15 20:00:00,2025-01-15 20:30:00,2025-01-15 21:15:00,13.029589,77.714976,"Incident of Theft reported in Bangalore Urban district at coordinates (13.0296, 77.7150)."
488,0488/2025,FIR/0488/2025,2025-11-30,5,3,1,2,5,9,1,3,2025-11-30 12:00:00,2025-11-30 12:30:00,2025-11-30 13:15:00,12.933313,77.362177,"Incident of Theft reported in Bangalore Urban district at coordinates (12.9333, 77.3622)."
489,0489/2025,FIR/0489/2025,2025-09-17,6,3,1,2,5,10,1,3,2025-09-17 13:00:00,2025-09-17 13:30:00,2025-09-17 14:15:00,13.033307,77.710027,"Incident of Theft reported in Bangalore Urban district at coordinates (13.0333, 77.7100)."
490,0490/2025,FIR/0490/2025,2025-04-23,5,3,1,2,5,9,1,3,2025-04-23 23:00:00,2025-04-23 23:30:00,2025-04-23 23:15:00,12.990877,77.711757,"Incident of Theft reported in Bangalore Urban district at coordinates (12.9909, 77.7118)."
491,0491/2025,FIR/0491/2025,2025-10-03,6,3,1,2,5,10,2,3,2025-10-03 21:00:00,2025-10-03 21:30:00,2025-10-03 22:15:00,13.08089,77.519826,"Incident of Theft reported in Bangalore Urban district at coordinates (13.0809, 77.5198)."
492,0492/2025,FIR/0492/2025,2025-07-31,5,3,1,2,5,9,3,3,2025-07-31 01:00:00,2025-07-31 01:30:00,2025-07-31 02:15:00,13.002517,77.68854,"Incident of Theft reported in Bangalore Urban district at coordinates (13.0025, 77.6885)."
493,0493/2025,FIR/0493/2025,2025-06-04,6,3,1,2,5,10,1,3,2025-06-04 16:00:00,2025-06-04 16:30:00,2025-06-04 17:15:00,12.93862,77.341254,"Incident of Theft reported in Bangalore Urban district at coordinates (12.9386, 77.3413)."
494,0494/2025,FIR/0494/2025,2025-11-19,5,3,1,2,5,9,3,3,2025-11-19 22:00:00,2025-11-19 22:30:00,2025-11-19 23:15:00,12.975746,77.744513,"Incident of Theft reported in Bangalore Urban district at coordinates (12.9757, 77.7445)."
495,0495/2025,FIR/0495/2025,2025-05-16,6,3,1,2,5,10,3,3,2025-05-16 04:00:00,2025-05-16 04:30:00,2025-05-16 05:15:00,13.100275,77.513416,"Incident of Theft reported in Bangalore Urban district at coordinates (13.1003, 77.5134)."
496,0496/2025,FIR/0496/2025,2025-10-27,5,3,1,2,5,9,3,3,2025-10-27 17:00:00,2025-10-27 17:30:00,2025-10-27 18:15:00,12.924388,77.371467,"Incident of Theft reported in Bangalore Urban district at coordinates (12.9244, 77.3715)."
497,0497/2025,FIR/0497/2025,2025-05-20,6,3,1,2,5,10,3,3,2025-05-20 11:00:00,2025-05-20 11:30:00,2025-05-20 12:15:00,13.085016,77.520548,"Incident of Theft reported in Bangalore Urban district at coordinates (13.0850, 77.5205)."
498,0498/2025,FIR/0498/2025,2025-07-17,5,3,1,2,5,9,3,3,2025-07-17 20:00:00,2025-07-17 20:30:00,2025-07-17 21:15:00,12.931907,77.339397,"Incident of Theft reported in Bangalore Urban district at coordinates (12.9319, 77.3394)."
499,0499/2025,FIR/0499/2025,2025-10-26,6,3,1,2,5,10,1,3,2025-10-26 23:00:00,2025-10-26 23:30:00,2025-10-26 23:15:00,13.016441,77.695838,"Incident of Theft reported in Bangalore Urban district at coordinates (13.0164, 77.6958)."
500,0500/2025,FIR/0500/2025,2025-03-22,5,3,1,2,5,9,1,3,2025-03-22 22:00:00,2025-03-22 22:30:00,2025-03-22 23:15:00,13.012003,77.69984,"Incident of Theft reported in Bangalore Urban district at coordinates (13.0120, 77.6998)."
501,0501/2025,FIR/0501/2025,2025-04-25,6,3,1,2,5,10,1,3,2025-04-25 08:00:00,2025-04-25 08:30:00,2025-04-25 09:15:00,13.086589,77.520628,"Incident of Theft reported in Bangalore Urban district at coordinates (13.0866, 77.5206)."
502,0502/2025,FIR/0502/2025,2025-08-05,5,3,1,2,5,9,3,3,2025-08-05 15:00:00,2025-08-05 15:30:00,2025-08-05 16:15:00,13.100425,77.690711,"Incident of Theft reported in Bangalore Urban district at coordinates (13.1004, 77.6907)."
503,0503/2025,FIR/0503/2025,2025-02-23,6,3,1,2,5,10,3,3,2025-02-23 18:00:00,2025-02-23 18:30:00,2025-02-23 19:15:00,13.039707,77.720405,"Incident of Theft reported in Bangalore Urban district at coordinates (13.0397, 77.7204)."
504,0504/2025,FIR/0504/2025,2025-12-09,5,3,1,2,5,9,1,3,2025-12-09 19:00:00,2025-12-09 19:30:00,2025-12-09 20:15:00,12.990027,77.499821,"Incident of Theft reported in Bangalore Urban district at coordinates (12.9900, 77.4998)."
505,0505/2025,FIR/0505/2025,2025-11-13,6,3,1,2,5,10,3,3,2025-11-13 14:00:00,2025-11-13 14:30:00,2025-11-13 15:15:00,13.096096,77.516316,"Incident of Theft reported in Bangalore Urban district at coordinates (13.0961, 77.5163)."
506,0506/2025,FIR/0506/2025,2025-06-04,5,3,1,2,5,9,2,3,2025-06-04 09:00:00,2025-06-04 09:30:00,2025-06-04 10:15:00,13.096024,77.515786,"Incident of Theft reported in Bangalore Urban district at coordinates (13.0960, 77.5158)."
507,0507/2025,FIR/0507/2025,2025-12-19,6,3,1,2,5,10,3,3,2025-12-19 22:00:00,2025-12-19 22:30:00,2025-12-19 23:15:00,13.119462,77.715317,"Incident of Theft reported in Bangalore Urban district at coordinates (13.1195, 77.7153)."
508,0508/2025,FIR/0508/2025,2025-03-28,5,3,1,2,5,9,2,3,2025-03-28 03:00:00,2025-03-28 03:30:00,2025-03-28 04:15:00,13.045807,77.721413,"Incident of Theft reported in Bangalore Urban district at coordinates (13.0458, 77.7214)."
509,0509/2025,FIR/0509/2025,2025-08-20,6,3,1,2,5,10,2,3,2025-08-20 15:00:00,2025-08-20 15:30:00,2025-08-20 16:15:00,12.925803,77.358087,"Incident of Theft reported in Bangalore Urban district at coordinates (12.9258, 77.3581)."
510,0510/2025,FIR/0510/2025,2025-11-16,5,3,1,2,5,9,2,3,2025-11-16 10:00:00,2025-11-16 10:30:00,2025-11-16 11:15:00,12.99762,77.704356,"Incident of Theft reported in Bangalore Urban district at coordinates (12.9976, 77.7044)."
511,0511/2025,FIR/0511/2025,2025-12-04,6,3,1,2,5,10,2,3,2025-12-04 22:00:00,2025-12-04 22:30:00,2025-12-04 23:15:00,12.929014,77.359625,"Incident of Theft reported in Bangalore Urban district at coordinates (12.9290, 77.3596)."
512,0512/2025,FIR/0512/2025,2025-01-08,5,3,1,2,5,9,3,3,2025-01-08 00:00:00,2025-01-08 00:30:00,2025-01-08 01:15:00,13.034568,77.702949,"Incident of Theft reported in Bangalore Urban district at coordinates (13.0346, 77.7029)."
513,0513/2025,FIR/0513/2025,2025-10-04,6,3,1,2,5,10,3,3,2025-10-04 02:00:00,2025-10-04 02:30:00,2025-10-04 03:15:00,12.766137,77.708012,"Incident of Theft reported in Bangalore Urban district at coordinates (12.7661, 77.7080)."
514,0514/2025,FIR/0514/2025,2025-06-09,5,3,1,2,5,9,1,3,2025-06-09 09:00:00,2025-06-09 09:30:00,2025-06-09 10:15:00,13.094776,77.532484,"Incident of Theft reported in Bangalore Urban district at coordinates (13.0948, 77.5325)."
515,0515/2025,FIR/0515/2025,2025-09-20,6,3,1,2,5,10,3,3,2025-09-20 13:00:00,2025-09-20 13:30:00,2025-09-20 14:15:00,12.697591,77.65976,"Incident of Theft reported in Bangalore Urban district at coordinates (12.6976, 77.6598)."
516,0516/2025,FIR/0516/2025,2025-09-28,5,3,1,2,5,9,1,3,2025-09-28 17:00:00,2025-09-28 17:30:00,2025-09-28 18:15:00,13.093188,77.5165,"Incident of Theft reported in Bangalore Urban district at coordinates (13.0932, 77.5165)."
517,0517/2025,FIR/0517/2025,2025-05-26,6,3,1,2,5,10,2,3,2025-05-26 23:00:00,2025-05-26 23:30:00,2025-05-26 23:15:00,12.930614,77.359025,"Incident of Theft reported in Bangalore Urban district at coordinates (12.9306, 77.3590)."
518,0518/2025,FIR/0518/2025,2025-01-24,5,3,1,2,5,9,1,3,2025-01-24 09:00:00,2025-01-24 09:30:00,2025-01-24 10:15:00,13.051975,77.702162,"Incident of Theft reported in Bangalore Urban district at coordinates (13.0520, 77.7022)."
519,0519/2025,FIR/0519/2025,2025-07-25,6,3,1,2,5,10,3,3,2025-07-25 17:00:00,2025-07-25 17:30:00,2025-07-25 18:15:00,12.935971,77.354634,"Incident of Theft reported in Bangalore Urban district at coordinates (12.9360, 77.3546)."
520,0520/2025,FIR/0520/2025,2025-06-15,5,3,1,2,5,9,2,3,2025-06-15 15:00:00,2025-06-15 15:30:00,2025-06-15 16:15:00,12.931553,77.370045,"Incident of Theft reported in Bangalore Urban district at coordinates (12.9316, 77.3700)."
521,0521/2025,FIR/0521/2025,2025-08-21,6,3,1,2,5,10,1,3,2025-08-21 05:00:00,2025-08-21 05:30:00,2025-08-21 06:15:00,13.09775,77.503964,"Incident of Theft reported in Bangalore Urban district at coordinates (13.0977, 77.5040)."
522,0522/2025,FIR/0522/2025,2025-09-30,5,3,1,2,5,9,1,3,2025-09-30 11:00:00,2025-09-30 11:30:00,2025-09-30 12:15:00,12.998809,77.695091,"Incident of Theft reported in Bangalore Urban district at coordinates (12.9988, 77.6951)."
523,0523/2025,FIR/0523/2025,2025-06-05,6,3,1,2,5,10,3,3,2025-06-05 08:00:00,2025-06-05 08:30:00,2025-06-05 09:15:00,13.08299,77.42253,"Incident of Theft reported in Bangalore Urban district at coordinates (13.0830, 77.4225)."
524,0524/2025,FIR/0524/2025,2025-02-09,5,3,1,2,5,9,3,3,2025-02-09 14:00:00,2025-02-09 14:30:00,2025-02-09 15:15:00,13.008375,77.682788,"Incident of Theft reported in Bangalore Urban district at coordinates (13.0084, 77.6828)."
525,0525/2025,FIR/0525/2025,2025-06-26,6,3,1,2,5,10,3,3,2025-06-26 07:00:00,2025-06-26 07:30:00,2025-06-26 08:15:00,13.094629,77.51948,"Incident of Theft reported in Bangalore Urban district at coordinates (13.0946, 77.5195)."
526,0526/2025,FIR/0526/2025,2025-05-21,5,3,1,2,5,9,1,3,2025-05-21 21:00:00,2025-05-21 21:30:00,2025-05-21 22:15:00,13.127307,77.462144,"Incident of Theft reported in Bangalore Urban district at coordinates (13.1273, 77.4621)."
527,0527/2025,FIR/0527/2025,2025-02-03,6,3,1,2,5,10,3,3,2025-02-03 01:00:00,2025-02-03 01:30:00,2025-02-03 02:15:00,12.827708,77.499765,"Incident of Theft reported in Bangalore Urban district at coordinates (12.8277, 77.4998)."
528,0528/2025,FIR/0528/2025,2025-05-27,5,3,1,2,5,9,2,3,2025-05-27 03:00:00,2025-05-27 03:30:00,2025-05-27 04:15:00,13.122768,77.712035,"Incident of Theft reported in Bangalore Urban district at coordinates (13.1228, 77.7120)."
529,0529/2025,FIR/0529/2025,2025-12-06,6,3,1,2,5,10,2,3,2025-12-06 13:00:00,2025-12-06 13:30:00,2025-12-06 14:15:00,12.795891,77.483277,"Incident of Theft reported in Bangalore Urban district at coordinates (12.7959, 77.4833)."
530,0530/2025,FIR/0530/2025,2025-09-24,5,3,1,2,5,9,3,3,2025-09-24 15:00:00,2025-09-24 15:30:00,2025-09-24 16:15:00,13.108697,77.519512,"Incident of Theft reported in Bangalore Urban district at coordinates (13.1087, 77.5195)."
531,0531/2025,FIR/0531/2025,2025-07-21,6,3,1,2,5,10,1,3,2025-07-21 19:00:00,2025-07-21 19:30:00,2025-07-21 20:15:00,13.02001,77.526706,"Incident of Theft reported in Bangalore Urban district at coordinates (13.0200, 77.5267)."
532,0532/2025,FIR/0532/2025,2025-08-01,5,3,1,2,5,9,1,3,2025-08-01 19:00:00,2025-08-01 19:30:00,2025-08-01 20:15:00,13.127488,77.574179,"Incident of Theft reported in Bangalore Urban district at coordinates (13.1275, 77.5742)."
533,0533/2025,FIR/0533/2025,2025-08-19,6,3,1,2,5,10,1,3,2025-08-19 08:00:00,2025-08-19 08:30:00,2025-08-19 09:15:00,13.011794,77.688108,"Incident of Theft reported in Bangalore Urban district at coordinates (13.0118, 77.6881)."
534,0534/2025,FIR/0534/2025,2025-04-21,5,3,1,2,5,9,2,3,2025-04-21 09:00:00,2025-04-21 09:30:00,2025-04-21 10:15:00,13.040806,77.712756,"Incident of Theft reported in Bangalore Urban district at coordinates (13.0408, 77.7128)."
535,0535/2025,FIR/0535/2025,2025-07-11,6,3,1,2,5,10,3,3,2025-07-11 19:00:00,2025-07-11 19:30:00,2025-07-11 20:15:00,13.098206,77.51882,"Incident of Theft reported in Bangalore Urban district at coordinates (13.0982, 77.5188)."
536,0536/2025,FIR/0536/2025,2025-10-20,5,3,1,2,5,9,2,3,2025-10-20 05:00:00,2025-10-20 05:30:00,2025-10-20 06:15:00,13.099252,77.509761,"Incident of Theft reported in Bangalore Urban district at coordinates (13.0993, 77.5098)."
537,0537/2025,FIR/0537/2025,2025-11-23,6,3,1,2,5,10,2,3,2025-11-23 16:00:00,2025-11-23 16:30:00,2025-11-23 17:15:00,13.096695,77.525179,"Incident of Theft reported in Bangalore Urban district at coordinates (13.0967, 77.5252)."
538,0538/2025,FIR/0538/2025,2025-07-30,5,3,1,2,5,9,1,3,2025-07-30 21:00:00,2025-07-30 21:30:00,2025-07-30 22:15:00,12.920033,77.36235,"Incident of Theft reported in Bangalore Urban district at coordinates (12.9200, 77.3624)."
539,0539/2025,FIR/0539/2025,2025-05-12,6,3,1,2,5,10,1,3,2025-05-12 17:00:00,2025-05-12 17:30:00,2025-05-12 18:15:00,13.097422,77.525308,"Incident of Theft reported in Bangalore Urban district at coordinates (13.0974, 77.5253)."
540,0540/2025,FIR/0540/2025,2025-12-06,5,3,1,2,5,9,2,3,2025-12-06 12:00:00,2025-12-06 12:30:00,2025-12-06 13:15:00,13.135502,77.708729,"Incident of Theft reported in Bangalore Urban district at coordinates (13.1355, 77.7087)."
541,0541/2025,FIR/0541/2025,2025-06-17,6,3,1,2,5,10,3,3,2025-06-17 19:00:00,2025-06-17 19:30:00,2025-06-17 20:15:00,12.820614,77.788135,"Incident of Theft reported in Bangalore Urban district at coordinates (12.8206, 77.7881)."
542,0542/2025,FIR/0542/2025,2025-12-24,5,3,1,2,5,9,2,3,2025-12-24 06:00:00,2025-12-24 06:30:00,2025-12-24 07:15:00,13.010436,77.707157,"Incident of Theft reported in Bangalore Urban district at coordinates (13.0104, 77.7072)."
543,0543/2025,FIR/0543/2025,2025-01-09,6,3,1,2,5,10,2,3,2025-01-09 03:00:00,2025-01-09 03:30:00,2025-01-09 04:15:00,13.083242,77.452282,"Incident of Theft reported in Bangalore Urban district at coordinates (13.0832, 77.4523)."
544,0544/2025,FIR/0544/2025,2025-08-25,5,3,1,2,5,9,3,3,2025-08-25 15:00:00,2025-08-25 15:30:00,2025-08-25 16:15:00,13.031839,77.709343,"Incident of Theft reported in Bangalore Urban district at coordinates (13.0318, 77.7093)."
545,0545/2025,FIR/0545/2025,2025-09-23,6,3,1,2,5,10,1,3,2025-09-23 10:00:00,2025-09-23 10:30:00,2025-09-23 11:15:00,13.117421,77.720648,"Incident of Theft reported in Bangalore Urban district at coordinates (13.1174, 77.7206)."
546,0546/2025,FIR/0546/2025,2025-11-15,5,3,1,2,5,9,2,3,2025-11-15 03:00:00,2025-11-15 03:30:00,2025-11-15 04:15:00,13.035346,77.720697,"Incident of Theft reported in Bangalore Urban district at coordinates (13.0353, 77.7207)."
547,0547/2025,FIR/0547/2025,2025-10-12,6,3,1,2,5,10,2,3,2025-10-12 12:00:00,2025-10-12 12:30:00,2025-10-12 13:15:00,12.926871,77.346435,"Incident of Theft reported in Bangalore Urban district at coordinates (12.9269, 77.3464)."
548,0548/2025,FIR/0548/2025,2025-05-22,5,3,1,2,5,9,2,3,2025-05-22 10:00:00,2025-05-22 10:30:00,2025-05-22 11:15:00,12.935689,77.366851,"Incident of Theft reported in Bangalore Urban district at coordinates (12.9357, 77.3669)."
549,0549/2025,FIR/0549/2025,2025-07-15,6,3,1,2,5,10,2,3,2025-07-15 00:00:00,2025-07-15 00:30:00,2025-07-15 01:15:00,13.10617,77.722562,"Incident of Theft reported in Bangalore Urban district at coordinates (13.1062, 77.7226)."
550,0550/2025,FIR/0550/2025,2025-07-21,5,3,1,2,5,9,2,3,2025-07-21 16:00:00,2025-07-21 16:30:00,2025-07-21 17:15:00,13.022261,77.678899,"Incident of Theft reported in Bangalore Urban district at coordinates (13.0223, 77.6789)."
551,0551/2025,FIR/0551/2025,2025-11-17,6,3,1,2,5,10,3,3,2025-11-17 05:00:00,2025-11-17 05:30:00,2025-11-17 06:15:00,13.098682,77.496949,"Incident of Theft reported in Bangalore Urban district at coordinates (13.0987, 77.4969)."
552,0552/2025,FIR/0552/2025,2025-09-19,5,3,1,2,5,9,3,3,2025-09-19 00:00:00,2025-09-19 00:30:00,2025-09-19 01:15:00,13.090111,77.688764,"Incident of Theft reported in Bangalore Urban district at coordinates (13.0901, 77.6888)."
553,0553/2025,FIR/0553/2025,2025-02-20,6,3,1,2,5,10,2,3,2025-02-20 17:00:00,2025-02-20 17:30:00,2025-02-20 18:15:00,13.134193,77.695003,"Incident of Theft reported in Bangalore Urban district at coordinates (13.1342, 77.6950)."
554,0554/2025,FIR/0554/2025,2025-06-23,5,3,1,2,5,9,3,3,2025-06-23 15:00:00,2025-06-23 15:30:00,2025-06-23 16:15:00,12.996688,77.685153,"Incident of Theft reported in Bangalore Urban district at coordinates (12.9967, 77.6852)."
555,0555/2025,FIR/0555/2025,2025-11-23,6,3,1,2,5,10,1,3,2025-11-23 18:00:00,2025-11-23 18:30:00,2025-11-23 19:15:00,12.783916,77.58642,"Incident of Theft reported in Bangalore Urban district at coordinates (12.7839, 77.5864)."
556,0556/2025,FIR/0556/2025,2025-07-02,5,3,1,2,5,9,3,3,2025-07-02 13:00:00,2025-07-02 13:30:00,2025-07-02 14:15:00,13.015995,77.709802,"Incident of Theft reported in Bangalore Urban district at coordinates (13.0160, 77.7098)."
557,0557/2025,FIR/0557/2025,2025-05-12,6,3,1,2,5,10,2,3,2025-05-12 02:00:00,2025-05-12 02:30:00,2025-05-12 03:15:00,12.949679,77.743854,"Incident of Theft reported in Bangalore Urban district at coordinates (12.9497, 77.7439)."
558,0558/2025,FIR/0558/2025,2025-04-06,5,3,1,2,5,9,1,3,2025-04-06 00:00:00,2025-04-06 00:30:00,2025-04-06 01:15:00,13.133861,77.716375,"Incident of Theft reported in Bangalore Urban district at coordinates (13.1339, 77.7164)."
559,0559/2025,FIR/0559/2025,2025-10-11,6,3,1,2,5,10,2,3,2025-10-11 03:00:00,2025-10-11 03:30:00,2025-10-11 04:15:00,13.041225,77.716387,"Incident of Theft reported in Bangalore Urban district at coordinates (13.0412, 77.7164)."
560,0560/2025,FIR/0560/2025,2025-09-23,5,3,1,2,5,9,2,3,2025-09-23 23:00:00,2025-09-23 23:30:00,2025-09-23 23:15:00,13.096395,77.518869,"Incident of Theft reported in Bangalore Urban district at coordinates (13.0964, 77.5189)."
561,0561/2025,FIR/0561/2025,2025-01-09,6,3,1,2,5,10,2,3,2025-01-09 17:00:00,2025-01-09 17:30:00,2025-01-09 18:15:00,13.052597,77.710381,"Incident of Theft reported in Bangalore Urban district at coordinates (13.0526, 77.7104)."
562,0562/2025,FIR/0562/2025,2025-02-05,5,3,1,2,5,9,1,3,2025-02-05 04:00:00,2025-02-05 04:30:00,2025-02-05 05:15:00,13.009423,77.70079,"Incident of Theft reported in Bangalore Urban district at coordinates (13.0094, 77.7008)."
563,0563/2025,FIR/0563/2025,2025-01-09,6,3,1,2,5,10,1,3,2025-01-09 05:00:00,2025-01-09 05:30:00,2025-01-09 06:15:00,13.097135,77.529249,"Incident of Theft reported in Bangalore Urban district at coordinates (13.0971, 77.5292)."
564,0564/2025,FIR/0564/2025,2025-01-14,5,3,1,2,5,9,2,3,2025-01-14 01:00:00,2025-01-14 01:30:00,2025-01-14 02:15:00,13.01189,77.684739,"Incident of Theft reported in Bangalore Urban district at coordinates (13.0119, 77.6847)."
565,0565/2025,FIR/0565/2025,2025-11-08,6,3,1,2,5,10,1,3,2025-11-08 01:00:00,2025-11-08 01:30:00,2025-11-08 02:15:00,12.940527,77.357212,"Incident of Theft reported in Bangalore Urban district at coordinates (12.9405, 77.3572)."
566,0566/2025,FIR/0566/2025,2025-04-03,5,3,1,2,5,9,2,3,2025-04-03 14:00:00,2025-04-03 14:30:00,2025-04-03 15:15:00,13.10058,77.500956,"Incident of Theft reported in Bangalore Urban district at coordinates (13.1006, 77.5010)."
567,0567/2025,FIR/0567/2025,2025-04-10,6,3,1,2,5,10,2,3,2025-04-10 23:00:00,2025-04-10 23:30:00,2025-04-10 23:15:00,13.024555,77.69787,"Incident of Theft reported in Bangalore Urban district at coordinates (13.0246, 77.6979)."
568,0568/2025,FIR/0568/2025,2025-05-02,5,3,1,2,5,9,3,3,2025-05-02 02:00:00,2025-05-02 02:30:00,2025-05-02 03:15:00,13.120414,77.721617,"Incident of Theft reported in Bangalore Urban district at coordinates (13.1204, 77.7216)."
569,0569/2025,FIR/0569/2025,2025-09-07,6,3,1,2,5,10,3,3,2025-09-07 19:00:00,2025-09-07 19:30:00,2025-09-07 20:15:00,13.126891,77.645078,"Incident of Theft reported in Bangalore Urban district at coordinates (13.1269, 77.6451)."
570,0570/2025,FIR/0570/2025,2025-01-26,5,3,1,2,5,9,2,3,2025-01-26 20:00:00,2025-01-26 20:30:00,2025-01-26 21:15:00,12.917566,77.355465,"Incident of Theft reported in Bangalore Urban district at coordinates (12.9176, 77.3555)."
571,0571/2025,FIR/0571/2025,2025-09-27,6,3,1,2,5,10,2,3,2025-09-27 04:00:00,2025-09-27 04:30:00,2025-09-27 05:15:00,13.096472,77.517403,"Incident of Theft reported in Bangalore Urban district at coordinates (13.0965, 77.5174)."
572,0572/2025,FIR/0572/2025,2025-02-08,5,3,1,2,5,9,1,3,2025-02-08 00:00:00,2025-02-08 00:30:00,2025-02-08 01:15:00,13.039964,77.708635,"Incident of Theft reported in Bangalore Urban district at coordinates (13.0400, 77.7086)."
573,0573/2025,FIR/0573/2025,2025-08-23,6,3,1,2,5,10,2,3,2025-08-23 07:00:00,2025-08-23 07:30:00,2025-08-23 08:15:00,12.69758,77.669751,"Incident of Theft reported in Bangalore Urban district at coordinates (12.6976, 77.6698)."
574,0574/2025,FIR/0574/2025,2025-01-25,5,3,1,2,5,9,3,3,2025-01-25 19:00:00,2025-01-25 19:30:00,2025-01-25 20:15:00,13.090544,77.525403,"Incident of Theft reported in Bangalore Urban district at coordinates (13.0905, 77.5254)."
575,0575/2025,FIR/0575/2025,2025-12-23,6,3,1,2,5,10,2,3,2025-12-23 03:00:00,2025-12-23 03:30:00,2025-12-23 04:15:00,13.088951,77.510983,"Incident of Theft reported in Bangalore Urban district at coordinates (13.0890, 77.5110)."
576,0576/2025,FIR/0576/2025,2025-12-19,5,3,1,2,5,9,1,3,2025-12-19 03:00:00,2025-12-19 03:30:00,2025-12-19 04:15:00,12.933657,77.364242,"Incident of Theft reported in Bangalore Urban district at coordinates (12.9337, 77.3642)."
577,0577/2025,FIR/0577/2025,2025-12-18,6,3,1,2,5,10,3,3,2025-12-18 13:00:00,2025-12-18 13:30:00,2025-12-18 14:15:00,12.991107,77.692644,"Incident of Theft reported in Bangalore Urban district at coordinates (12.9911, 77.6926)."
578,0578/2025,FIR/0578/2025,2025-12-07,5,3,1,2,5,9,1,3,2025-12-07 18:00:00,2025-12-07 18:30:00,2025-12-07 19:15:00,13.008105,77.691172,"Incident of Theft reported in Bangalore Urban district at coordinates (13.0081, 77.6912)."
579,0579/2025,FIR/0579/2025,2025-08-12,6,3,1,2,5,10,1,3,2025-08-12 02:00:00,2025-08-12 02:30:00,2025-08-12 03:15:00,12.941097,77.364543,"Incident of Theft reported in Bangalore Urban district at coordinates (12.9411, 77.3645)."
580,0580/2025,FIR/0580/2025,2025-07-01,5,3,1,2,5,9,3,3,2025-07-01 20:00:00,2025-07-01 20:30:00,2025-07-01 21:15:00,13.118145,77.699792,"Incident of Theft reported in Bangalore Urban district at coordinates (13.1181, 77.6998)."
581,0581/2025,FIR/0581/2025,2025-09-16,6,3,1,2,5,10,3,3,2025-09-16 13:00:00,2025-09-16 13:30:00,2025-09-16 14:15:00,13.096449,77.513174,"Incident of Theft reported in Bangalore Urban district at coordinates (13.0964, 77.5132)."
582,0582/2025,FIR/0582/2025,2025-03-04,5,3,1,2,5,9,1,3,2025-03-04 17:00:00,2025-03-04 17:30:00,2025-03-04 18:15:00,13.044455,77.739858,"Incident of Theft reported in Bangalore Urban district at coordinates (13.0445, 77.7399)."
583,0583/2025,FIR/0583/2025,2025-04-01,6,3,1,2,5,10,1,3,2025-04-01 03:00:00,2025-04-01 03:30:00,2025-04-01 04:15:00,13.085817,77.524197,"Incident of Theft reported in Bangalore Urban district at coordinates (13.0858, 77.5242)."
584,0584/2025,FIR/0584/2025,2025-10-03,5,3,1,2,5,9,2,3,2025-10-03 18:00:00,2025-10-03 18:30:00,2025-10-03 19:15:00,13.114469,77.70405,"Incident of Theft reported in Bangalore Urban district at coordinates (13.1145, 77.7040)."
585,0585/2025,FIR/0585/2025,2025-06-21,6,3,1,2,5,10,1,3,2025-06-21 20:00:00,2025-06-21 20:30:00,2025-06-21 21:15:00,12.935948,77.364832,"Incident of Theft reported in Bangalore Urban district at coordinates (12.9359, 77.3648)."
586,0586/2025,FIR/0586/2025,2025-04-22,5,3,1,2,5,9,1,3,2025-04-22 02:00:00,2025-04-22 02:30:00,2025-04-22 03:15:00,13.054614,77.714779,"Incident of Theft reported in Bangalore Urban district at coordinates (13.0546, 77.7148)."
587,0587/2025,FIR/0587/2025,2025-03-23,6,3,1,2,5,10,3,3,2025-03-23 14:00:00,2025-03-23 14:30:00,2025-03-23 15:15:00,13.013095,77.691913,"Incident of Theft reported in Bangalore Urban district at coordinates (13.0131, 77.6919)."
588,0588/2025,FIR/0588/2025,2025-08-11,5,3,1,2,5,9,2,3,2025-08-11 02:00:00,2025-08-11 02:30:00,2025-08-11 03:15:00,13.073827,77.523005,"Incident of Theft reported in Bangalore Urban district at coordinates (13.0738, 77.5230)."
589,0589/2025,FIR/0589/2025,2025-07-07,6,3,1,2,5,10,3,3,2025-07-07 09:00:00,2025-07-07 09:30:00,2025-07-07 10:15:00,13.022846,77.685843,"Incident of Theft reported in Bangalore Urban district at coordinates (13.0228, 77.6858)."
590,0590/2025,FIR/0590/2025,2025-11-14,5,3,1,2,5,9,3,3,2025-11-14 08:00:00,2025-11-14 08:30:00,2025-11-14 09:15:00,12.772742,77.670367,"Incident of Theft reported in Bangalore Urban district at coordinates (12.7727, 77.6704)."
591,0591/2025,FIR/0591/2025,2025-04-07,6,3,1,2,5,10,2,3,2025-04-07 13:00:00,2025-04-07 13:30:00,2025-04-07 14:15:00,12.864613,77.491568,"Incident of Theft reported in Bangalore Urban district at coordinates (12.8646, 77.4916)."
592,0592/2025,FIR/0592/2025,2025-08-02,5,3,1,2,5,9,1,3,2025-08-02 00:00:00,2025-08-02 00:30:00,2025-08-02 01:15:00,12.998172,77.685543,"Incident of Theft reported in Bangalore Urban district at coordinates (12.9982, 77.6855)."
593,0593/2025,FIR/0593/2025,2025-12-13,6,3,1,2,5,10,1,3,2025-12-13 01:00:00,2025-12-13 01:30:00,2025-12-13 02:15:00,12.936608,77.349194,"Incident of Theft reported in Bangalore Urban district at coordinates (12.9366, 77.3492)."
594,0594/2025,FIR/0594/2025,2025-10-23,5,3,1,2,5,9,1,3,2025-10-23 18:00:00,2025-10-23 18:30:00,2025-10-23 19:15:00,13.095603,77.519033,"Incident of Theft reported in Bangalore Urban district at coordinates (13.0956, 77.5190)."
595,0595/2025,FIR/0595/2025,2025-06-06,6,3,1,2,5,10,2,3,2025-06-06 23:00:00,2025-06-06 23:30:00,2025-06-06 23:15:00,13.040868,77.716,"Incident of Theft reported in Bangalore Urban district at coordinates (13.0409, 77.7160)."
596,0596/2025,FIR/0596/2025,2025-02-27,5,3,1,2,5,9,3,3,2025-02-27 00:00:00,2025-02-27 00:30:00,2025-02-27 01:15:00,13.111742,77.494703,"Incident of Theft reported in Bangalore Urban district at coordinates (13.1117, 77.4947)."
597,0597/2025,FIR/0597/2025,2025-05-02,6,3,1,2,5,10,1,3,2025-05-02 07:00:00,2025-05-02 07:30:00,2025-05-02 08:15:00,13.137188,77.718551,"Incident of Theft reported in Bangalore Urban district at coordinates (13.1372, 77.7186)."
598,0598/2025,FIR/0598/2025,2025-08-16,5,3,1,2,5,9,1,3,2025-08-16 08:00:00,2025-08-16 08:30:00,2025-08-16 09:15:00,13.151805,77.427558,"Incident of Theft reported in Bangalore Urban district at coordinates (13.1518, 77.4276)."
599,0599/2025,FIR/0599/2025,2025-10-16,6,3,1,2,5,10,1,3,2025-10-16 20:00:00,2025-10-16 20:30:00,2025-10-16 21:15:00,13.125125,77.69873,"Incident of Theft reported in Bangalore Urban district at coordinates (13.1251, 77.6987)."
600,0600/2025,FIR/0600/2025,2025-08-24,5,3,1,2,5,9,1,3,2025-08-24 16:00:00,2025-08-24 16:30:00,2025-08-24 17:15:00,13.089503,77.516449,"Incident of Theft reported in Bangalore Urban district at coordinates (13.0895, 77.5164)."
601,0601/2025,FIR/0601/2025,2025-06-09,6,3,1,2,5,10,1,3,2025-06-09 11:00:00,2025-06-09 11:30:00,2025-06-09 12:15:00,12.948483,77.514305,"Incident of Theft reported in Bangalore Urban district at coordinates (12.9485, 77.5143)."
602,0602/2025,FIR/0602/2025,2025-07-25,5,3,1,2,5,9,1,3,2025-07-25 13:00:00,2025-07-25 13:30:00,2025-07-25 14:15:00,13.075301,77.517351,"Incident of Theft reported in Bangalore Urban district at coordinates (13.0753, 77.5174)."
603,0603/2025,FIR/0603/2025,2025-07-22,6,3,1,2,5,10,1,3,2025-07-22 22:00:00,2025-07-22 22:30:00,2025-07-22 23:15:00,13.080396,77.54112,"Incident of Theft reported in Bangalore Urban district at coordinates (13.0804, 77.5411)."
604,0604/2025,FIR/0604/2025,2025-11-19,5,3,1,2,5,9,3,3,2025-11-19 05:00:00,2025-11-19 05:30:00,2025-11-19 06:15:00,13.118824,77.70226,"Incident of Theft reported in Bangalore Urban district at coordinates (13.1188, 77.7023)."
605,0605/2025,FIR/0605/2025,2025-12-26,6,3,1,2,5,10,2,3,2025-12-26 18:00:00,2025-12-26 18:30:00,2025-12-26 19:15:00,13.083806,77.527744,"Incident of Theft reported in Bangalore Urban district at coordinates (13.0838, 77.5277)."
606,0606/2025,FIR/0606/2025,2025-04-09,5,3,1,2,5,9,2,3,2025-04-09 14:00:00,2025-04-09 14:30:00,2025-04-09 15:15:00,13.112762,77.712762,"Incident of Theft reported in Bangalore Urban district at coordinates (13.1128, 77.7128)."
607,0607/2025,FIR/0607/2025,2025-05-24,6,3,1,2,5,10,2,3,2025-05-24 13:00:00,2025-05-24 13:30:00,2025-05-24 14:15:00,13.036097,77.72394,"Incident of Theft reported in Bangalore Urban district at coordinates (13.0361, 77.7239)."
608,0608/2025,FIR/0608/2025,2025-09-15,5,3,1,2,5,9,2,3,2025-09-15 22:00:00,2025-09-15 22:30:00,2025-09-15 23:15:00,12.921203,77.356601,"Incident of Theft reported in Bangalore Urban district at coordinates (12.9212, 77.3566)."
609,0609/2025,FIR/0609/2025,2025-04-18,6,3,1,2,5,10,1,3,2025-04-18 20:00:00,2025-04-18 20:30:00,2025-04-18 21:15:00,13.064495,77.721161,"Incident of Theft reported in Bangalore Urban district at coordinates (13.0645, 77.7212)."
610,0610/2025,FIR/0610/2025,2025-10-18,5,3,1,2,5,9,1,3,2025-10-18 08:00:00,2025-10-18 08:30:00,2025-10-18 09:15:00,13.108815,77.668255,"Incident of Theft reported in Bangalore Urban district at coordinates (13.1088, 77.6683)."
611,0611/2025,FIR/0611/2025,2025-09-09,6,3,1,2,5,10,1,3,2025-09-09 15:00:00,2025-09-09 15:30:00,2025-09-09 16:15:00,12.965299,77.513689,"Incident of Theft reported in Bangalore Urban district at coordinates (12.9653, 77.5137)."
612,0612/2025,FIR/0612/2025,2025-08-04,5,3,1,2,5,9,2,3,2025-08-04 08:00:00,2025-08-04 08:30:00,2025-08-04 09:15:00,13.041023,77.710246,"Incident of Theft reported in Bangalore Urban district at coordinates (13.0410, 77.7102)."
613,0613/2025,FIR/0613/2025,2025-03-27,6,3,1,2,5,10,3,3,2025-03-27 06:00:00,2025-03-27 06:30:00,2025-03-27 07:15:00,13.03643,77.699732,"Incident of Theft reported in Bangalore Urban district at coordinates (13.0364, 77.6997)."
614,0614/2025,FIR/0614/2025,2025-03-24,5,3,1,2,5,9,3,3,2025-03-24 14:00:00,2025-03-24 14:30:00,2025-03-24 15:15:00,13.004403,77.706671,"Incident of Theft reported in Bangalore Urban district at coordinates (13.0044, 77.7067)."
615,0615/2025,FIR/0615/2025,2025-02-08,6,3,1,2,5,10,2,3,2025-02-08 08:00:00,2025-02-08 08:30:00,2025-02-08 09:15:00,13.000419,77.654935,"Incident of Theft reported in Bangalore Urban district at coordinates (13.0004, 77.6549)."
616,0616/2025,FIR/0616/2025,2025-01-09,5,3,1,2,5,9,1,3,2025-01-09 22:00:00,2025-01-09 22:30:00,2025-01-09 23:15:00,12.72648,77.635249,"Incident of Theft reported in Bangalore Urban district at coordinates (12.7265, 77.6352)."
617,0617/2025,FIR/0617/2025,2025-09-27,6,3,1,2,5,10,1,3,2025-09-27 21:00:00,2025-09-27 21:30:00,2025-09-27 22:15:00,12.936339,77.32983,"Incident of Theft reported in Bangalore Urban district at coordinates (12.9363, 77.3298)."
618,0618/2025,FIR/0618/2025,2025-03-03,5,3,1,2,5,9,3,3,2025-03-03 20:00:00,2025-03-03 20:30:00,2025-03-03 21:15:00,13.016137,77.694203,"Incident of Theft reported in Bangalore Urban district at coordinates (13.0161, 77.6942)."
619,0619/2025,FIR/0619/2025,2025-03-20,6,3,1,2,5,10,1,3,2025-03-20 20:00:00,2025-03-20 20:30:00,2025-03-20 21:15:00,13.124001,77.699587,"Incident of Theft reported in Bangalore Urban district at coordinates (13.1240, 77.6996)."
620,0620/2025,FIR/0620/2025,2025-05-02,5,3,1,2,5,9,2,3,2025-05-02 14:00:00,2025-05-02 14:30:00,2025-05-02 15:15:00,13.014127,77.680333,"Incident of Theft reported in Bangalore Urban district at coordinates (13.0141, 77.6803)."
621,0621/2025,FIR/0621/2025,2025-07-11,6,3,1,2,5,10,1,3,2025-07-11 20:00:00,2025-07-11 20:30:00,2025-07-11 21:15:00,13.038652,77.700454,"Incident of Theft reported in Bangalore Urban district at coordinates (13.0387, 77.7005)."
622,0622/2025,FIR/0622/2025,2025-05-15,5,3,1,2,5,9,1,3,2025-05-15 19:00:00,2025-05-15 19:30:00,2025-05-15 20:15:00,12.936923,77.362898,"Incident of Theft reported in Bangalore Urban district at coordinates (12.9369, 77.3629)."
623,0623/2025,FIR/0623/2025,2025-01-17,6,3,1,2,5,10,1,3,2025-01-17 01:00:00,2025-01-17 01:30:00,2025-01-17 02:15:00,12.939646,77.343729,"Incident of Theft reported in Bangalore Urban district at coordinates (12.9396, 77.3437)."
624,0624/2025,FIR/0624/2025,2025-12-04,5,3,1,2,5,9,1,3,2025-12-04 21:00:00,2025-12-04 21:30:00,2025-12-04 22:15:00,13.104666,77.521487,"Incident of Theft reported in Bangalore Urban district at coordinates (13.1047, 77.5215)."
625,0625/2025,FIR/0625/2025,2025-01-14,6,3,1,2,5,10,2,3,2025-01-14 02:00:00,2025-01-14 02:30:00,2025-01-14 03:15:00,13.103911,77.532688,"Incident of Theft reported in Bangalore Urban district at coordinates (13.1039, 77.5327)."
626,0626/2025,FIR/0626/2025,2025-01-23,5,3,1,2,5,9,1,3,2025-01-23 16:00:00,2025-01-23 16:30:00,2025-01-23 17:15:00,13.02931,77.718565,"Incident of Theft reported in Bangalore Urban district at coordinates (13.0293, 77.7186)."
627,0627/2025,FIR/0627/2025,2025-01-18,6,3,1,2,5,10,1,3,2025-01-18 05:00:00,2025-01-18 05:30:00,2025-01-18 06:15:00,13.035799,77.729077,"Incident of Theft reported in Bangalore Urban district at coordinates (13.0358, 77.7291)."
628,0628/2025,FIR/0628/2025,2025-03-31,5,3,1,2,5,9,1,3,2025-03-31 14:00:00,2025-03-31 14:30:00,2025-03-31 15:15:00,13.174397,77.536406,"Incident of Theft reported in Bangalore Urban district at coordinates (13.1744, 77.5364)."
629,0629/2025,FIR/0629/2025,2025-10-02,6,3,1,2,5,10,2,3,2025-10-02 09:00:00,2025-10-02 09:30:00,2025-10-02 10:15:00,12.718108,77.732358,"Incident of Theft reported in Bangalore Urban district at coordinates (12.7181, 77.7324)."
630,0630/2025,FIR/0630/2025,2025-12-16,5,3,1,2,5,9,2,3,2025-12-16 19:00:00,2025-12-16 19:30:00,2025-12-16 20:15:00,13.081935,77.515517,"Incident of Theft reported in Bangalore Urban district at coordinates (13.0819, 77.5155)."
631,0631/2025,FIR/0631/2025,2025-11-15,6,3,1,2,5,10,3,3,2025-11-15 07:00:00,2025-11-15 07:30:00,2025-11-15 08:15:00,13.053505,77.712602,"Incident of Theft reported in Bangalore Urban district at coordinates (13.0535, 77.7126)."
632,0632/2025,FIR/0632/2025,2025-12-19,5,3,1,2,5,9,2,3,2025-12-19 19:00:00,2025-12-19 19:30:00,2025-12-19 20:15:00,12.938409,77.362251,"Incident of Theft reported in Bangalore Urban district at coordinates (12.9384, 77.3623)."
633,0633/2025,FIR/0633/2025,2025-05-30,6,3,1,2,5,10,1,3,2025-05-30 23:00:00,2025-05-30 23:30:00,2025-05-30 23:15:00,13.032873,77.702643,"Incident of Theft reported in Bangalore Urban district at coordinates (13.0329, 77.7026)."
634,0634/2025,FIR/0634/2025,2025-05-11,5,3,1,2,5,9,2,3,2025-05-11 17:00:00,2025-05-11 17:30:00,2025-05-11 18:15:00,13.090343,77.524406,"Incident of Theft reported in Bangalore Urban district at coordinates (13.0903, 77.5244)."
635,0635/2025,FIR/0635/2025,2025-01-27,6,3,1,2,5,10,2,3,2025-01-27 12:00:00,2025-01-27 12:30:00,2025-01-27 13:15:00,13.014384,77.697107,"Incident of Theft reported in Bangalore Urban district at coordinates (13.0144, 77.6971)."
636,0636/2025,FIR/0636/2025,2025-09-19,5,3,1,2,5,9,2,3,2025-09-19 05:00:00,2025-09-19 05:30:00,2025-09-19 06:15:00,13.037285,77.718609,"Incident of Theft reported in Bangalore Urban district at coordinates (13.0373, 77.7186)."
637,0637/2025,FIR/0637/2025,2025-10-01,6,3,1,2,5,10,1,3,2025-10-01 01:00:00,2025-10-01 01:30:00,2025-10-01 02:15:00,13.085644,77.510732,"Incident of Theft reported in Bangalore Urban district at coordinates (13.0856, 77.5107)."
638,0638/2025,FIR/0638/2025,2025-09-11,5,3,1,2,5,9,3,3,2025-09-11 11:00:00,2025-09-11 11:30:00,2025-09-11 12:15:00,13.038501,77.72572,"Incident of Theft reported in Bangalore Urban district at coordinates (13.0385, 77.7257)."
639,0639/2025,FIR/0639/2025,2025-05-22,6,3,1,2,5,10,1,3,2025-05-22 05:00:00,2025-05-22 05:30:00,2025-05-22 06:15:00,13.003194,77.689208,"Incident of Theft reported in Bangalore Urban district at coordinates (13.0032, 77.6892)."
640,0640/2025,FIR/0640/2025,2025-09-26,5,3,1,2,5,9,1,3,2025-09-26 01:00:00,2025-09-26 01:30:00,2025-09-26 02:15:00,13.140159,77.708354,"Incident of Theft reported in Bangalore Urban district at coordinates (13.1402, 77.7084)."
641,0641/2025,FIR/0641/2025,2025-02-28,6,3,1,2,5,10,3,3,2025-02-28 18:00:00,2025-02-28 18:30:00,2025-02-28 19:15:00,13.005683,77.685315,"Incident of Theft reported in Bangalore Urban district at coordinates (13.0057, 77.6853)."
642,0642/2025,FIR/0642/2025,2025-06-27,5,3,1,2,5,9,3,3,2025-06-27 05:00:00,2025-06-27 05:30:00,2025-06-27 06:15:00,13.083773,77.510243,"Incident of Theft reported in Bangalore Urban district at coordinates (13.0838, 77.5102)."
643,0643/2025,FIR/0643/2025,2025-10-07,6,3,1,2,5,10,3,3,2025-10-07 06:00:00,2025-10-07 06:30:00,2025-10-07 07:15:00,12.93576,77.363534,"Incident of Theft reported in Bangalore Urban district at coordinates (12.9358, 77.3635)."
644,0644/2025,FIR/0644/2025,2025-10-15,5,3,1,2,5,9,3,3,2025-10-15 03:00:00,2025-10-15 03:30:00,2025-10-15 04:15:00,13.124751,77.707142,"Incident of Theft reported in Bangalore Urban district at coordinates (13.1248, 77.7071)."
645,0645/2025,FIR/0645/2025,2025-12-17,6,3,1,2,5,10,1,3,2025-12-17 19:00:00,2025-12-17 19:30:00,2025-12-17 20:15:00,13.007232,77.691659,"Incident of Theft reported in Bangalore Urban district at coordinates (13.0072, 77.6917)."
646,0646/2025,FIR/0646/2025,2025-12-23,5,3,1,2,5,9,3,3,2025-12-23 22:00:00,2025-12-23 22:30:00,2025-12-23 23:15:00,13.043664,77.71726,"Incident of Theft reported in Bangalore Urban district at coordinates (13.0437, 77.7173)."
647,0647/2025,FIR/0647/2025,2025-08-30,6,3,1,2,5,10,3,3,2025-08-30 16:00:00,2025-08-30 16:30:00,2025-08-30 17:15:00,13.147639,77.69687,"Incident of Theft reported in Bangalore Urban district at coordinates (13.1476, 77.6969)."
648,0648/2025,FIR/0648/2025,2025-11-29,5,3,1,2,5,9,1,3,2025-11-29 09:00:00,2025-11-29 09:30:00,2025-11-29 10:15:00,13.106614,77.52127,"Incident of Theft reported in Bangalore Urban district at coordinates (13.1066, 77.5213)."
649,0649/2025,FIR/0649/2025,2025-06-26,6,3,1,2,5,10,3,3,2025-06-26 16:00:00,2025-06-26 16:30:00,2025-06-26 17:15:00,13.096891,77.514506,"Incident of Theft reported in Bangalore Urban district at coordinates (13.0969, 77.5145)."
650,0650/2025,FIR/0650/2025,2025-08-25,5,3,1,2,5,9,2,3,2025-08-25 09:00:00,2025-08-25 09:30:00,2025-08-25 10:15:00,12.991176,77.524041,"Incident of Theft reported in Bangalore Urban district at coordinates (12.9912, 77.5240)."
651,0651/2025,FIR/0651/2025,2025-05-29,6,3,1,2,5,10,1,3,2025-05-29 04:00:00,2025-05-29 04:30:00,2025-05-29 05:15:00,13.012864,77.692628,"Incident of Theft reported in Bangalore Urban district at coordinates (13.0129, 77.6926)."
652,0652/2025,FIR/0652/2025,2025-06-25,5,3,1,2,5,9,3,3,2025-06-25 14:00:00,2025-06-25 14:30:00,2025-06-25 15:15:00,13.044263,77.713059,"Incident of Theft reported in Bangalore Urban district at coordinates (13.0443, 77.7131)."
653,0653/2025,FIR/0653/2025,2025-10-23,6,3,1,2,5,10,2,3,2025-10-23 23:00:00,2025-10-23 23:30:00,2025-10-23 23:15:00,12.921721,77.335826,"Incident of Theft reported in Bangalore Urban district at coordinates (12.9217, 77.3358)."
654,0654/2025,FIR/0654/2025,2025-07-15,5,3,1,2,5,9,2,3,2025-07-15 22:00:00,2025-07-15 22:30:00,2025-07-15 23:15:00,13.094752,77.50906,"Incident of Theft reported in Bangalore Urban district at coordinates (13.0948, 77.5091)."
655,0655/2025,FIR/0655/2025,2025-04-09,6,3,1,2,5,10,1,3,2025-04-09 07:00:00,2025-04-09 07:30:00,2025-04-09 08:15:00,13.034411,77.711902,"Incident of Theft reported in Bangalore Urban district at coordinates (13.0344, 77.7119)."
656,0656/2025,FIR/0656/2025,2025-08-28,5,3,1,2,5,9,1,3,2025-08-28 06:00:00,2025-08-28 06:30:00,2025-08-28 07:15:00,12.93052,77.348708,"Incident of Theft reported in Bangalore Urban district at coordinates (12.9305, 77.3487)."
657,0657/2025,FIR/0657/2025,2025-06-21,6,3,1,2,5,10,3,3,2025-06-21 13:00:00,2025-06-21 13:30:00,2025-06-21 14:15:00,12.913231,77.369116,"Incident of Theft reported in Bangalore Urban district at coordinates (12.9132, 77.3691)."
658,0658/2025,FIR/0658/2025,2025-06-27,5,3,1,2,5,9,1,3,2025-06-27 11:00:00,2025-06-27 11:30:00,2025-06-27 12:15:00,13.10562,77.52666,"Incident of Theft reported in Bangalore Urban district at coordinates (13.1056, 77.5267)."
659,0659/2025,FIR/0659/2025,2025-08-26,6,3,1,2,5,10,3,3,2025-08-26 16:00:00,2025-08-26 16:30:00,2025-08-26 17:15:00,13.127428,77.693964,"Incident of Theft reported in Bangalore Urban district at coordinates (13.1274, 77.6940)."
660,0660/2025,FIR/0660/2025,2025-11-24,5,3,1,2,5,9,3,3,2025-11-24 21:00:00,2025-11-24 21:30:00,2025-11-24 22:15:00,13.139217,77.413775,"Incident of Theft reported in Bangalore Urban district at coordinates (13.1392, 77.4138)."
661,0661/2025,FIR/0661/2025,2025-02-22,6,3,1,2,5,10,1,3,2025-02-22 22:00:00,2025-02-22 22:30:00,2025-02-22 23:15:00,13.120839,77.709323,"Incident of Theft reported in Bangalore Urban district at coordinates (13.1208, 77.7093)."
662,0662/2025,FIR/0662/2025,2025-09-12,5,3,1,2,5,9,2,3,2025-09-12 00:00:00,2025-09-12 00:30:00,2025-09-12 01:15:00,12.934867,77.349085,"Incident of Theft reported in Bangalore Urban district at coordinates (12.9349, 77.3491)."
663,0663/2025,FIR/0663/2025,2025-03-19,6,3,1,2,5,10,2,3,2025-03-19 14:00:00,2025-03-19 14:30:00,2025-03-19 15:15:00,13.129344,77.701664,"Incident of Theft reported in Bangalore Urban district at coordinates (13.1293, 77.7017)."
664,0664/2025,FIR/0664/2025,2025-01-27,5,3,1,2,5,9,2,3,2025-01-27 16:00:00,2025-01-27 16:30:00,2025-01-27 17:15:00,13.022706,77.699969,"Incident of Theft reported in Bangalore Urban district at coordinates (13.0227, 77.7000)."
665,0665/2025,FIR/0665/2025,2025-09-24,6,3,1,2,5,10,2,3,2025-09-24 10:00:00,2025-09-24 10:30:00,2025-09-24 11:15:00,13.040286,77.712632,"Incident of Theft reported in Bangalore Urban district at coordinates (13.0403, 77.7126)."
666,0666/2025,FIR/0666/2025,2025-06-19,5,3,1,2,5,9,3,3,2025-06-19 07:00:00,2025-06-19 07:30:00,2025-06-19 08:15:00,13.013522,77.701299,"Incident of Theft reported in Bangalore Urban district at coordinates (13.0135, 77.7013)."
667,0667/2025,FIR/0667/2025,2025-02-04,6,3,1,2,5,10,3,3,2025-02-04 01:00:00,2025-02-04 01:30:00,2025-02-04 02:15:00,13.026485,77.697706,"Incident of Theft reported in Bangalore Urban district at coordinates (13.0265, 77.6977)."
668,0668/2025,FIR/0668/2025,2025-09-24,5,3,1,2,5,9,2,3,2025-09-24 14:00:00,2025-09-24 14:30:00,2025-09-24 15:15:00,13.094461,77.521504,"Incident of Theft reported in Bangalore Urban district at coordinates (13.0945, 77.5215)."
669,0669/2025,FIR/0669/2025,2025-11-12,6,3,1,2,5,10,3,3,2025-11-12 19:00:00,2025-11-12 19:30:00,2025-11-12 20:15:00,13.12878,77.720304,"Incident of Theft reported in Bangalore Urban district at coordinates (13.1288, 77.7203)."
670,0670/2025,FIR/0670/2025,2025-01-20,5,3,1,2,5,9,3,3,2025-01-20 22:00:00,2025-01-20 22:30:00,2025-01-20 23:15:00,12.695845,77.640882,"Incident of Theft reported in Bangalore Urban district at coordinates (12.6958, 77.6409)."
671,0671/2025,FIR/0671/2025,2025-05-05,6,3,1,2,5,10,1,3,2025-05-05 21:00:00,2025-05-05 21:30:00,2025-05-05 22:15:00,13.085708,77.515581,"Incident of Theft reported in Bangalore Urban district at coordinates (13.0857, 77.5156)."
672,0672/2025,FIR/0672/2025,2025-06-02,5,3,1,2,5,9,1,3,2025-06-02 14:00:00,2025-06-02 14:30:00,2025-06-02 15:15:00,13.006824,77.699597,"Incident of Theft reported in Bangalore Urban district at coordinates (13.0068, 77.6996)."
673,0673/2025,FIR/0673/2025,2025-10-25,6,3,1,2,5,10,2,3,2025-10-25 08:00:00,2025-10-25 08:30:00,2025-10-25 09:15:00,13.146291,77.626906,"Incident of Theft reported in Bangalore Urban district at coordinates (13.1463, 77.6269)."
674,0674/2025,FIR/0674/2025,2025-07-23,5,3,1,2,5,9,1,3,2025-07-23 16:00:00,2025-07-23 16:30:00,2025-07-23 17:15:00,13.04617,77.716977,"Incident of Theft reported in Bangalore Urban district at coordinates (13.0462, 77.7170)."
675,0675/2025,FIR/0675/2025,2025-07-17,6,3,1,2,5,10,2,3,2025-07-17 06:00:00,2025-07-17 06:30:00,2025-07-17 07:15:00,12.921043,77.340712,"Incident of Theft reported in Bangalore Urban district at coordinates (12.9210, 77.3407)."
676,0676/2025,FIR/0676/2025,2025-07-03,5,3,1,2,5,9,1,3,2025-07-03 08:00:00,2025-07-03 08:30:00,2025-07-03 09:15:00,13.005499,77.704486,"Incident of Theft reported in Bangalore Urban district at coordinates (13.0055, 77.7045)."
677,0677/2025,FIR/0677/2025,2025-11-06,6,3,1,2,5,10,2,3,2025-11-06 01:00:00,2025-11-06 01:30:00,2025-11-06 02:15:00,13.12171,77.706087,"Incident of Theft reported in Bangalore Urban district at coordinates (13.1217, 77.7061)."
678,0678/2025,FIR/0678/2025,2025-03-07,5,3,1,2,5,9,1,3,2025-03-07 21:00:00,2025-03-07 21:30:00,2025-03-07 22:15:00,13.04935,77.718635,"Incident of Theft reported in Bangalore Urban district at coordinates (13.0494, 77.7186)."
679,0679/2025,FIR/0679/2025,2025-12-06,6,3,1,2,5,10,3,3,2025-12-06 01:00:00,2025-12-06 01:30:00,2025-12-06 02:15:00,13.123663,77.701517,"Incident of Theft reported in Bangalore Urban district at coordinates (13.1237, 77.7015)."
680,0680/2025,FIR/0680/2025,2025-12-05,5,3,1,2,5,9,2,3,2025-12-05 05:00:00,2025-12-05 05:30:00,2025-12-05 06:15:00,12.932183,77.354269,"Incident of Theft reported in Bangalore Urban district at coordinates (12.9322, 77.3543)."
681,0681/2025,FIR/0681/2025,2025-05-14,6,3,1,2,5,10,2,3,2025-05-14 00:00:00,2025-05-14 00:30:00,2025-05-14 01:15:00,13.131635,77.711087,"Incident of Theft reported in Bangalore Urban district at coordinates (13.1316, 77.7111)."
682,0682/2025,FIR/0682/2025,2025-12-16,5,3,1,2,5,9,1,3,2025-12-16 12:00:00,2025-12-16 12:30:00,2025-12-16 13:15:00,13.117645,77.716951,"Incident of Theft reported in Bangalore Urban district at coordinates (13.1176, 77.7170)."
683,0683/2025,FIR/0683/2025,2025-10-21,6,3,1,2,5,10,3,3,2025-10-21 18:00:00,2025-10-21 18:30:00,2025-10-21 19:15:00,12.923691,77.353459,"Incident of Theft reported in Bangalore Urban district at coordinates (12.9237, 77.3535)."
684,0684/2025,FIR/0684/2025,2025-10-10,5,3,1,2,5,9,3,3,2025-10-10 09:00:00,2025-10-10 09:30:00,2025-10-10 10:15:00,13.114165,77.715357,"Incident of Theft reported in Bangalore Urban district at coordinates (13.1142, 77.7154)."
685,0685/2025,FIR/0685/2025,2025-01-02,6,3,1,2,5,10,2,3,2025-01-02 05:00:00,2025-01-02 05:30:00,2025-01-02 06:15:00,13.134834,77.70993,"Incident of Theft reported in Bangalore Urban district at coordinates (13.1348, 77.7099)."
686,0686/2025,FIR/0686/2025,2025-10-23,5,3,1,2,5,9,1,3,2025-10-23 04:00:00,2025-10-23 04:30:00,2025-10-23 05:15:00,13.12523,77.703248,"Incident of Theft reported in Bangalore Urban district at coordinates (13.1252, 77.7032)."
687,0687/2025,FIR/0687/2025,2025-02-15,6,3,1,2,5,10,3,3,2025-02-15 22:00:00,2025-02-15 22:30:00,2025-02-15 23:15:00,13.091136,77.52475,"Incident of Theft reported in Bangalore Urban district at coordinates (13.0911, 77.5247)."
688,0688/2025,FIR/0688/2025,2025-06-25,5,3,1,2,5,9,2,3,2025-06-25 21:00:00,2025-06-25 21:30:00,2025-06-25 22:15:00,13.040951,77.719631,"Incident of Theft reported in Bangalore Urban district at coordinates (13.0410, 77.7196)."
689,0689/2025,FIR/0689/2025,2025-01-02,6,3,1,2,5,10,3,3,2025-01-02 03:00:00,2025-01-02 03:30:00,2025-01-02 04:15:00,12.926979,77.345208,"Incident of Theft reported in Bangalore Urban district at coordinates (12.9270, 77.3452)."
690,0690/2025,FIR/0690/2025,2025-10-05,5,3,1,2,5,9,1,3,2025-10-05 09:00:00,2025-10-05 09:30:00,2025-10-05 10:15:00,12.716999,77.677442,"Incident of Theft reported in Bangalore Urban district at coordinates (12.7170, 77.6774)."
691,0691/2025,FIR/0691/2025,2025-02-16,6,3,1,2,5,10,3,3,2025-02-16 23:00:00,2025-02-16 23:30:00,2025-02-16 23:15:00,13.129717,77.717131,"Incident of Theft reported in Bangalore Urban district at coordinates (13.1297, 77.7171)."
692,0692/2025,FIR/0692/2025,2025-08-06,5,3,1,2,5,9,1,3,2025-08-06 22:00:00,2025-08-06 22:30:00,2025-08-06 23:15:00,13.083034,77.510673,"Incident of Theft reported in Bangalore Urban district at coordinates (13.0830, 77.5107)."
693,0693/2025,FIR/0693/2025,2025-08-05,6,3,1,2,5,10,1,3,2025-08-05 01:00:00,2025-08-05 01:30:00,2025-08-05 02:15:00,12.948103,77.397999,"Incident of Theft reported in Bangalore Urban district at coordinates (12.9481, 77.3980)."
694,0694/2025,FIR/0694/2025,2025-01-06,5,3,1,2,5,9,2,3,2025-01-06 16:00:00,2025-01-06 16:30:00,2025-01-06 17:15:00,13.039739,77.485927,"Incident of Theft reported in Bangalore Urban district at coordinates (13.0397, 77.4859)."
695,0695/2025,FIR/0695/2025,2025-05-24,6,3,1,2,5,10,3,3,2025-05-24 09:00:00,2025-05-24 09:30:00,2025-05-24 10:15:00,12.915946,77.356909,"Incident of Theft reported in Bangalore Urban district at coordinates (12.9159, 77.3569)."
696,0696/2025,FIR/0696/2025,2025-12-25,5,3,1,2,5,9,2,3,2025-12-25 02:00:00,2025-12-25 02:30:00,2025-12-25 03:15:00,13.074707,77.687908,"Incident of Theft reported in Bangalore Urban district at coordinates (13.0747, 77.6879)."
697,0697/2025,FIR/0697/2025,2025-11-11,6,3,1,2,5,10,2,3,2025-11-11 13:00:00,2025-11-11 13:30:00,2025-11-11 14:15:00,13.026306,77.69206,"Incident of Theft reported in Bangalore Urban district at coordinates (13.0263, 77.6921)."
698,0698/2025,FIR/0698/2025,2025-10-01,5,3,1,2,5,9,3,3,2025-10-01 12:00:00,2025-10-01 12:30:00,2025-10-01 13:15:00,13.018269,77.693961,"Incident of Theft reported in Bangalore Urban district at coordinates (13.0183, 77.6940)."
699,0699/2025,FIR/0699/2025,2025-12-06,6,3,1,2,5,10,1,3,2025-12-06 10:00:00,2025-12-06 10:30:00,2025-12-06 11:15:00,13.111936,77.722463,"Incident of Theft reported in Bangalore Urban district at coordinates (13.1119, 77.7225)."
700,0700/2025,FIR/0700/2025,2025-06-10,5,3,1,2,5,9,1,3,2025-06-10 01:00:00,2025-06-10 01:30:00,2025-06-10 02:15:00,13.019012,77.689354,"Incident of Theft reported in Bangalore Urban district at coordinates (13.0190, 77.6894)."
701,0701/2025,FIR/0701/2025,2025-10-14,6,3,1,2,5,10,1,3,2025-10-14 17:00:00,2025-10-14 17:30:00,2025-10-14 18:15:00,13.006883,77.684687,"Incident of Theft reported in Bangalore Urban district at coordinates (13.0069, 77.6847)."
702,0702/2025,FIR/0702/2025,2025-09-30,5,3,1,2,5,9,2,3,2025-09-30 10:00:00,2025-09-30 10:30:00,2025-09-30 11:15:00,13.051604,77.711014,"Incident of Theft reported in Bangalore Urban district at coordinates (13.0516, 77.7110)."
703,0703/2025,FIR/0703/2025,2025-05-12,6,3,1,2,5,10,2,3,2025-05-12 01:00:00,2025-05-12 01:30:00,2025-05-12 02:15:00,13.017945,77.681594,"Incident of Theft reported in Bangalore Urban district at coordinates (13.0179, 77.6816)."
704,0704/2025,FIR/0704/2025,2025-08-21,5,3,1,2,5,9,3,3,2025-08-21 20:00:00,2025-08-21 20:30:00,2025-08-21 21:15:00,12.941423,77.357486,"Incident of Theft reported in Bangalore Urban district at coordinates (12.9414, 77.3575)."
705,0705/2025,FIR/0705/2025,2025-04-22,6,3,1,2,5,10,3,3,2025-04-22 16:00:00,2025-04-22 16:30:00,2025-04-22 17:15:00,13.087547,77.503099,"Incident of Theft reported in Bangalore Urban district at coordinates (13.0875, 77.5031)."
706,0706/2025,FIR/0706/2025,2025-06-27,5,3,1,2,5,9,3,3,2025-06-27 12:00:00,2025-06-27 12:30:00,2025-06-27 13:15:00,12.93994,77.358752,"Incident of Theft reported in Bangalore Urban district at coordinates (12.9399, 77.3588)."
707,0707/2025,FIR/0707/2025,2025-10-06,6,3,1,2,5,10,3,3,2025-10-06 23:00:00,2025-10-06 23:30:00,2025-10-06 23:15:00,12.923696,77.363998,"Incident of Theft reported in Bangalore Urban district at coordinates (12.9237, 77.3640)."
708,0708/2025,FIR/0708/2025,2025-02-21,5,3,1,2,5,9,2,3,2025-02-21 01:00:00,2025-02-21 01:30:00,2025-02-21 02:15:00,13.121067,77.697697,"Incident of Theft reported in Bangalore Urban district at coordinates (13.1211, 77.6977)."
709,0709/2025,FIR/0709/2025,2025-09-09,6,3,1,2,5,10,1,3,2025-09-09 01:00:00,2025-09-09 01:30:00,2025-09-09 02:15:00,13.005634,77.607223,"Incident of Theft reported in Bangalore Urban district at coordinates (13.0056, 77.6072)."
710,0710/2025,FIR/0710/2025,2025-02-05,5,3,1,2,5,9,1,3,2025-02-05 11:00:00,2025-02-05 11:30:00,2025-02-05 12:15:00,13.090841,77.516655,"Incident of Theft reported in Bangalore Urban district at coordinates (13.0908, 77.5167)."
711,0711/2025,FIR/0711/2025,2025-03-02,6,3,1,2,5,10,1,3,2025-03-02 13:00:00,2025-03-02 13:30:00,2025-03-02 14:15:00,12.93133,77.357871,"Incident of Theft reported in Bangalore Urban district at coordinates (12.9313, 77.3579)."
712,0712/2025,FIR/0712/2025,2025-02-05,5,3,1,2,5,9,2,3,2025-02-05 05:00:00,2025-02-05 05:30:00,2025-02-05 06:15:00,13.019201,77.684984,"Incident of Theft reported in Bangalore Urban district at coordinates (13.0192, 77.6850)."
713,0713/2025,FIR/0713/2025,2025-03-13,6,3,1,2,5,10,1,3,2025-03-13 05:00:00,2025-03-13 05:30:00,2025-03-13 06:15:00,12.932096,77.348901,"Incident of Theft reported in Bangalore Urban district at coordinates (12.9321, 77.3489)."
714,0714/2025,FIR/0714/2025,2025-10-19,5,3,1,2,5,9,2,3,2025-10-19 09:00:00,2025-10-19 09:30:00,2025-10-19 10:15:00,13.118747,77.701576,"Incident of Theft reported in Bangalore Urban district at coordinates (13.1187, 77.7016)."
715,0715/2025,FIR/0715/2025,2025-06-26,6,3,1,2,5,10,2,3,2025-06-26 21:00:00,2025-06-26 21:30:00,2025-06-26 22:15:00,12.935998,77.355954,"Incident of Theft reported in Bangalore Urban district at coordinates (12.9360, 77.3560)."
716,0716/2025,FIR/0716/2025,2025-11-20,5,3,1,2,5,9,3,3,2025-11-20 22:00:00,2025-11-20 22:30:00,2025-11-20 23:15:00,13.1333,77.714058,"Incident of Theft reported in Bangalore Urban district at coordinates (13.1333, 77.7141)."
717,0717/2025,FIR/0717/2025,2025-01-23,6,3,1,2,5,10,1,3,2025-01-23 21:00:00,2025-01-23 21:30:00,2025-01-23 22:15:00,13.040822,77.718626,"Incident of Theft reported in Bangalore Urban district at coordinates (13.0408, 77.7186)."
718,0718/2025,FIR/0718/2025,2025-12-29,5,3,1,2,5,9,3,3,2025-12-29 20:00:00,2025-12-29 20:30:00,2025-12-29 21:15:00,13.087883,77.509948,"Incident of Theft reported in Bangalore Urban district at coordinates (13.0879, 77.5099)."
719,0719/2025,FIR/0719/2025,2025-03-07,6,3,1,2,5,10,2,3,2025-03-07 22:00:00,2025-03-07 22:30:00,2025-03-07 23:15:00,13.136195,77.713079,"Incident of Theft reported in Bangalore Urban district at coordinates (13.1362, 77.7131)."
720,0720/2025,FIR/0720/2025,2025-09-14,5,3,1,2,5,9,3,3,2025-09-14 21:00:00,2025-09-14 21:30:00,2025-09-14 22:15:00,12.9274,77.348559,"Incident of Theft reported in Bangalore Urban district at coordinates (12.9274, 77.3486)."
721,0721/2025,FIR/0721/2025,2025-12-28,6,3,1,2,5,10,2,3,2025-12-28 18:00:00,2025-12-28 18:30:00,2025-12-28 19:15:00,13.0374,77.714034,"Incident of Theft reported in Bangalore Urban district at coordinates (13.0374, 77.7140)."
722,0722/2025,FIR/0722/2025,2025-09-29,5,3,1,2,5,9,1,3,2025-09-29 15:00:00,2025-09-29 15:30:00,2025-09-29 16:15:00,13.092845,77.512506,"Incident of Theft reported in Bangalore Urban district at coordinates (13.0928, 77.5125)."
723,0723/2025,FIR/0723/2025,2025-03-11,6,3,1,2,5,10,2,3,2025-03-11 20:00:00,2025-03-11 20:30:00,2025-03-11 21:15:00,12.928104,77.345063,"Incident of Theft reported in Bangalore Urban district at coordinates (12.9281, 77.3451)."
724,0724/2025,FIR/0724/2025,2025-07-06,5,3,1,2,5,9,1,3,2025-07-06 17:00:00,2025-07-06 17:30:00,2025-07-06 18:15:00,13.103568,77.526555,"Incident of Theft reported in Bangalore Urban district at coordinates (13.1036, 77.5266)."
725,0725/2025,FIR/0725/2025,2025-04-14,6,3,1,2,5,10,1,3,2025-04-14 00:00:00,2025-04-14 00:30:00,2025-04-14 01:15:00,13.038734,77.722402,"Incident of Theft reported in Bangalore Urban district at coordinates (13.0387, 77.7224)."
726,0726/2025,FIR/0726/2025,2025-06-10,5,3,1,2,5,9,3,3,2025-06-10 11:00:00,2025-06-10 11:30:00,2025-06-10 12:15:00,12.929365,77.361042,"Incident of Theft reported in Bangalore Urban district at coordinates (12.9294, 77.3610)."
727,0727/2025,FIR/0727/2025,2025-06-28,6,3,1,2,5,10,1,3,2025-06-28 13:00:00,2025-06-28 13:30:00,2025-06-28 14:15:00,13.004319,77.689258,"Incident of Theft reported in Bangalore Urban district at coordinates (13.0043, 77.6893)."
728,0728/2025,FIR/0728/2025,2025-08-08,5,3,1,2,5,9,2,3,2025-08-08 13:00:00,2025-08-08 13:30:00,2025-08-08 14:15:00,13.034178,77.714599,"Incident of Theft reported in Bangalore Urban district at coordinates (13.0342, 77.7146)."
729,0729/2025,FIR/0729/2025,2025-11-18,6,3,1,2,5,10,1,3,2025-11-18 22:00:00,2025-11-18 22:30:00,2025-11-18 23:15:00,13.132194,77.704934,"Incident of Theft reported in Bangalore Urban district at coordinates (13.1322, 77.7049)."
730,0730/2025,FIR/0730/2025,2025-10-09,5,3,1,2,5,9,3,3,2025-10-09 04:00:00,2025-10-09 04:30:00,2025-10-09 05:15:00,12.838807,77.558569,"Incident of Theft reported in Bangalore Urban district at coordinates (12.8388, 77.5586)."
731,0731/2025,FIR/0731/2025,2025-02-15,6,3,1,2,5,10,2,3,2025-02-15 09:00:00,2025-02-15 09:30:00,2025-02-15 10:15:00,13.092353,77.524401,"Incident of Theft reported in Bangalore Urban district at coordinates (13.0924, 77.5244)."
732,0732/2025,FIR/0732/2025,2025-06-15,5,3,1,2,5,9,2,3,2025-06-15 23:00:00,2025-06-15 23:30:00,2025-06-15 23:15:00,12.923642,77.362645,"Incident of Theft reported in Bangalore Urban district at coordinates (12.9236, 77.3626)."
733,0733/2025,FIR/0733/2025,2025-12-30,6,3,1,2,5,10,3,3,2025-12-30 16:00:00,2025-12-30 16:30:00,2025-12-30 17:15:00,12.927426,77.352104,"Incident of Theft reported in Bangalore Urban district at coordinates (12.9274, 77.3521)."
734,0734/2025,FIR/0734/2025,2025-06-01,5,3,1,2,5,9,2,3,2025-06-01 02:00:00,2025-06-01 02:30:00,2025-06-01 03:15:00,12.752844,77.514089,"Incident of Theft reported in Bangalore Urban district at coordinates (12.7528, 77.5141)."
735,0735/2025,FIR/0735/2025,2025-08-01,6,3,1,2,5,10,2,3,2025-08-01 04:00:00,2025-08-01 04:30:00,2025-08-01 05:15:00,13.008328,77.695652,"Incident of Theft reported in Bangalore Urban district at coordinates (13.0083, 77.6957)."
736,0736/2025,FIR/0736/2025,2025-03-27,5,3,1,2,5,9,1,3,2025-03-27 10:00:00,2025-03-27 10:30:00,2025-03-27 11:15:00,13.016339,77.70244,"Incident of Theft reported in Bangalore Urban district at coordinates (13.0163, 77.7024)."
737,0737/2025,FIR/0737/2025,2025-06-16,6,3,1,2,5,10,1,3,2025-06-16 00:00:00,2025-06-16 00:30:00,2025-06-16 01:15:00,13.090119,77.536361,"Incident of Theft reported in Bangalore Urban district at coordinates (13.0901, 77.5364)."
738,0738/2025,FIR/0738/2025,2025-06-20,5,3,1,2,5,9,1,3,2025-06-20 00:00:00,2025-06-20 00:30:00,2025-06-20 01:15:00,12.936294,77.34551,"Incident of Theft reported in Bangalore Urban district at coordinates (12.9363, 77.3455)."
739,0739/2025,FIR/0739/2025,2025-07-31,6,3,1,2,5,10,1,3,2025-07-31 08:00:00,2025-07-31 08:30:00,2025-07-31 09:15:00,13.092187,77.522624,"Incident of Theft reported in Bangalore Urban district at coordinates (13.0922, 77.5226)."
740,0740/2025,FIR/0740/2025,2025-03-30,5,3,1,2,5,9,3,3,2025-03-30 14:00:00,2025-03-30 14:30:00,2025-03-30 15:15:00,13.031716,77.72467,"Incident of Theft reported in Bangalore Urban district at coordinates (13.0317, 77.7247)."
741,0741/2025,FIR/0741/2025,2025-11-24,6,3,1,2,5,10,1,3,2025-11-24 16:00:00,2025-11-24 16:30:00,2025-11-24 17:15:00,13.004957,77.69969,"Incident of Theft reported in Bangalore Urban district at coordinates (13.0050, 77.6997)."
742,0742/2025,FIR/0742/2025,2025-06-18,5,3,1,2,5,9,1,3,2025-06-18 16:00:00,2025-06-18 16:30:00,2025-06-18 17:15:00,13.05774,77.71092,"Incident of Theft reported in Bangalore Urban district at coordinates (13.0577, 77.7109)."
743,0743/2025,FIR/0743/2025,2025-08-17,6,3,1,2,5,10,1,3,2025-08-17 10:00:00,2025-08-17 10:30:00,2025-08-17 11:15:00,13.050322,77.718261,"Incident of Theft reported in Bangalore Urban district at coordinates (13.0503, 77.7183)."
744,0744/2025,FIR/0744/2025,2025-09-21,5,3,1,2,5,9,1,3,2025-09-21 05:00:00,2025-09-21 05:30:00,2025-09-21 06:15:00,13.090902,77.421516,"Incident of Theft reported in Bangalore Urban district at coordinates (13.0909, 77.4215)."
745,0745/2025,FIR/0745/2025,2025-06-19,6,3,1,2,5,10,2,3,2025-06-19 01:00:00,2025-06-19 01:30:00,2025-06-19 02:15:00,12.752894,77.623537,"Incident of Theft reported in Bangalore Urban district at coordinates (12.7529, 77.6235)."
746,0746/2025,FIR/0746/2025,2025-10-02,5,3,1,2,5,9,1,3,2025-10-02 14:00:00,2025-10-02 14:30:00,2025-10-02 15:15:00,13.135888,77.7118,"Incident of Theft reported in Bangalore Urban district at coordinates (13.1359, 77.7118)."
747,0747/2025,FIR/0747/2025,2025-06-17,6,3,1,2,5,10,3,3,2025-06-17 04:00:00,2025-06-17 04:30:00,2025-06-17 05:15:00,13.037879,77.731739,"Incident of Theft reported in Bangalore Urban district at coordinates (13.0379, 77.7317)."
748,0748/2025,FIR/0748/2025,2025-07-29,5,3,1,2,5,9,2,3,2025-07-29 20:00:00,2025-07-29 20:30:00,2025-07-29 21:15:00,13.096896,77.526648,"Incident of Theft reported in Bangalore Urban district at coordinates (13.0969, 77.5266)."
749,0749/2025,FIR/0749/2025,2025-03-04,6,3,1,2,5,10,1,3,2025-03-04 22:00:00,2025-03-04 22:30:00,2025-03-04 23:15:00,13.119689,77.707061,"Incident of Theft reported in Bangalore Urban district at coordinates (13.1197, 77.7071)."
750,0750/2025,FIR/0750/2025,2025-07-26,5,3,1,2,5,9,3,3,2025-07-26 03:00:00,2025-07-26 03:30:00,2025-07-26 04:15:00,13.005879,77.690633,"Incident of Theft reported in Bangalore Urban district at coordinates (13.0059, 77.6906)."
751,0751/2025,FIR/0751/2025,2025-12-08,6,3,1,2,5,10,2,3,2025-12-08 00:00:00,2025-12-08 00:30:00,2025-12-08 01:15:00,12.941795,77.338217,"Incident of Theft reported in Bangalore Urban district at coordinates (12.9418, 77.3382)."
752,0752/2025,FIR/0752/2025,2025-09-16,5,3,1,2,5,9,3,3,2025-09-16 06:00:00,2025-09-16 06:30:00,2025-09-16 07:15:00,13.097452,77.534054,"Incident of Theft reported in Bangalore Urban district at coordinates (13.0975, 77.5341)."
753,0753/2025,FIR/0753/2025,2025-11-22,6,3,1,2,5,10,2,3,2025-11-22 22:00:00,2025-11-22 22:30:00,2025-11-22 23:15:00,13.124438,77.712728,"Incident of Theft reported in Bangalore Urban district at coordinates (13.1244, 77.7127)."
754,0754/2025,FIR/0754/2025,2025-05-05,5,3,1,2,5,9,3,3,2025-05-05 22:00:00,2025-05-05 22:30:00,2025-05-05 23:15:00,13.139414,77.533866,"Incident of Theft reported in Bangalore Urban district at coordinates (13.1394, 77.5339)."
755,0755/2025,FIR/0755/2025,2025-01-01,6,3,1,2,5,10,2,3,2025-01-01 10:00:00,2025-01-01 10:30:00,2025-01-01 11:15:00,12.928138,77.350352,"Incident of Theft reported in Bangalore Urban district at coordinates (12.9281, 77.3504)."
756,0756/2025,FIR/0756/2025,2025-07-23,5,3,1,2,5,9,2,3,2025-07-23 13:00:00,2025-07-23 13:30:00,2025-07-23 14:15:00,13.004617,77.414454,"Incident of Theft reported in Bangalore Urban district at coordinates (13.0046, 77.4145)."
757,0757/2025,FIR/0757/2025,2025-12-05,6,3,1,2,5,10,2,3,2025-12-05 13:00:00,2025-12-05 13:30:00,2025-12-05 14:15:00,13.005184,77.677092,"Incident of Theft reported in Bangalore Urban district at coordinates (13.0052, 77.6771)."
758,0758/2025,FIR/0758/2025,2025-11-14,5,3,1,2,5,9,1,3,2025-11-14 07:00:00,2025-11-14 07:30:00,2025-11-14 08:15:00,13.05276,77.714722,"Incident of Theft reported in Bangalore Urban district at coordinates (13.0528, 77.7147)."
759,0759/2025,FIR/0759/2025,2025-12-27,6,3,1,2,5,10,2,3,2025-12-27 18:00:00,2025-12-27 18:30:00,2025-12-27 19:15:00,13.093117,77.531477,"Incident of Theft reported in Bangalore Urban district at coordinates (13.0931, 77.5315)."
760,0760/2025,FIR/0760/2025,2025-04-05,5,3,1,2,5,9,3,3,2025-04-05 04:00:00,2025-04-05 04:30:00,2025-04-05 05:15:00,13.088752,77.529628,"Incident of Theft reported in Bangalore Urban district at coordinates (13.0888, 77.5296)."
761,0761/2025,FIR/0761/2025,2025-01-02,6,3,1,1,4,8,2,3,2025-01-02 22:00:00,2025-01-02 22:30:00,2025-01-02 23:15:00,13.013214,77.688446,"Incident of Robbery reported in Bangalore Urban district at coordinates (13.0132, 77.6884)."
762,0762/2025,FIR/0762/2025,2025-05-17,5,3,1,1,4,7,2,3,2025-05-17 11:00:00,2025-05-17 11:30:00,2025-05-17 12:15:00,13.025005,77.697563,"Incident of Robbery reported in Bangalore Urban district at coordinates (13.0250, 77.6976)."
763,0763/2025,FIR/0763/2025,2025-05-07,6,3,1,1,4,8,3,3,2025-05-07 03:00:00,2025-05-07 03:30:00,2025-05-07 04:15:00,13.005301,77.688901,"Incident of Robbery reported in Bangalore Urban district at coordinates (13.0053, 77.6889)."
764,0764/2025,FIR/0764/2025,2025-01-25,5,3,1,1,4,7,1,3,2025-01-25 01:00:00,2025-01-25 01:30:00,2025-01-25 02:15:00,13.001614,77.479591,"Incident of Robbery reported in Bangalore Urban district at coordinates (13.0016, 77.4796)."
765,0765/2025,FIR/0765/2025,2025-06-29,6,3,1,1,4,8,2,3,2025-06-29 21:00:00,2025-06-29 21:30:00,2025-06-29 22:15:00,12.916418,77.358189,"Incident of Robbery reported in Bangalore Urban district at coordinates (12.9164, 77.3582)."
766,0766/2025,FIR/0766/2025,2025-03-28,5,3,1,1,4,7,2,3,2025-03-28 13:00:00,2025-03-28 13:30:00,2025-03-28 14:15:00,13.0758,77.518212,"Incident of Robbery reported in Bangalore Urban district at coordinates (13.0758, 77.5182)."
767,0767/2025,FIR/0767/2025,2025-06-04,6,3,1,1,4,8,3,3,2025-06-04 12:00:00,2025-06-04 12:30:00,2025-06-04 13:15:00,13.123682,77.715427,"Incident of Robbery reported in Bangalore Urban district at coordinates (13.1237, 77.7154)."
768,0768/2025,FIR/0768/2025,2025-08-03,5,3,1,1,4,7,3,3,2025-08-03 21:00:00,2025-08-03 21:30:00,2025-08-03 22:15:00,13.094466,77.509694,"Incident of Robbery reported in Bangalore Urban district at coordinates (13.0945, 77.5097)."
769,0769/2025,FIR/0769/2025,2025-08-13,6,3,1,1,4,8,3,3,2025-08-13 21:00:00,2025-08-13 21:30:00,2025-08-13 22:15:00,13.09138,77.512886,"Incident of Robbery reported in Bangalore Urban district at coordinates (13.0914, 77.5129)."
770,0770/2025,FIR/0770/2025,2025-08-17,5,3,1,1,4,7,3,3,2025-08-17 06:00:00,2025-08-17 06:30:00,2025-08-17 07:15:00,13.097273,77.53967,"Incident of Robbery reported in Bangalore Urban district at coordinates (13.0973, 77.5397)."
771,0771/2025,FIR/0771/2025,2025-09-17,6,3,1,1,4,8,2,3,2025-09-17 21:00:00,2025-09-17 21:30:00,2025-09-17 22:15:00,13.132342,77.709163,"Incident of Robbery reported in Bangalore Urban district at coordinates (13.1323, 77.7092)."
772,0772/2025,FIR/0772/2025,2025-07-25,5,3,1,1,4,7,1,3,2025-07-25 18:00:00,2025-07-25 18:30:00,2025-07-25 19:15:00,13.038123,77.705003,"Incident of Robbery reported in Bangalore Urban district at coordinates (13.0381, 77.7050)."
773,0773/2025,FIR/0773/2025,2025-06-26,6,3,1,1,4,8,3,3,2025-06-26 04:00:00,2025-06-26 04:30:00,2025-06-26 05:15:00,12.876032,77.426944,"Incident of Robbery reported in Bangalore Urban district at coordinates (12.8760, 77.4269)."
774,0774/2025,FIR/0774/2025,2025-02-02,5,3,1,1,4,7,3,3,2025-02-02 19:00:00,2025-02-02 19:30:00,2025-02-02 20:15:00,13.087026,77.512857,"Incident of Robbery reported in Bangalore Urban district at coordinates (13.0870, 77.5129)."
775,0775/2025,FIR/0775/2025,2025-03-08,6,3,1,1,4,8,3,3,2025-03-08 07:00:00,2025-03-08 07:30:00,2025-03-08 08:15:00,12.929868,77.362772,"Incident of Robbery reported in Bangalore Urban district at coordinates (12.9299, 77.3628)."
776,0776/2025,FIR/0776/2025,2025-10-30,5,3,1,1,4,7,2,3,2025-10-30 07:00:00,2025-10-30 07:30:00,2025-10-30 08:15:00,12.924592,77.353079,"Incident of Robbery reported in Bangalore Urban district at coordinates (12.9246, 77.3531)."
777,0777/2025,FIR/0777/2025,2025-09-05,6,3,1,1,4,8,2,3,2025-09-05 07:00:00,2025-09-05 07:30:00,2025-09-05 08:15:00,13.100036,77.523567,"Incident of Robbery reported in Bangalore Urban district at coordinates (13.1000, 77.5236)."
778,0778/2025,FIR/0778/2025,2025-10-12,5,3,1,1,4,7,2,3,2025-10-12 04:00:00,2025-10-12 04:30:00,2025-10-12 05:15:00,13.08409,77.502561,"Incident of Robbery reported in Bangalore Urban district at coordinates (13.0841, 77.5026)."
779,0779/2025,FIR/0779/2025,2025-08-09,6,3,1,1,4,8,2,3,2025-08-09 01:00:00,2025-08-09 01:30:00,2025-08-09 02:15:00,12.939075,77.368525,"Incident of Robbery reported in Bangalore Urban district at coordinates (12.9391, 77.3685)."
780,0780/2025,FIR/0780/2025,2025-04-26,5,3,1,1,4,7,1,3,2025-04-26 01:00:00,2025-04-26 01:30:00,2025-04-26 02:15:00,12.806696,77.768815,"Incident of Robbery reported in Bangalore Urban district at coordinates (12.8067, 77.7688)."
781,0781/2025,FIR/0781/2025,2025-12-29,6,3,1,1,4,8,2,3,2025-12-29 13:00:00,2025-12-29 13:30:00,2025-12-29 14:15:00,13.098768,77.532081,"Incident of Robbery reported in Bangalore Urban district at coordinates (13.0988, 77.5321)."
782,0782/2025,FIR/0782/2025,2025-09-16,5,3,1,1,4,7,3,3,2025-09-16 07:00:00,2025-09-16 07:30:00,2025-09-16 08:15:00,13.102895,77.510356,"Incident of Robbery reported in Bangalore Urban district at coordinates (13.1029, 77.5104)."
783,0783/2025,FIR/0783/2025,2025-08-20,6,3,1,1,4,8,1,3,2025-08-20 10:00:00,2025-08-20 10:30:00,2025-08-20 11:15:00,12.992074,77.49838,"Incident of Robbery reported in Bangalore Urban district at coordinates (12.9921, 77.4984)."
784,0784/2025,FIR/0784/2025,2025-12-20,5,3,1,1,4,7,3,3,2025-12-20 07:00:00,2025-12-20 07:30:00,2025-12-20 08:15:00,13.051619,77.729619,"Incident of Robbery reported in Bangalore Urban district at coordinates (13.0516, 77.7296)."
785,0785/2025,FIR/0785/2025,2025-06-30,6,3,1,1,4,8,3,3,2025-06-30 01:00:00,2025-06-30 01:30:00,2025-06-30 02:15:00,13.052979,77.728839,"Incident of Robbery reported in Bangalore Urban district at coordinates (13.0530, 77.7288)."
786,0786/2025,FIR/0786/2025,2025-12-22,5,3,1,1,4,7,2,3,2025-12-22 21:00:00,2025-12-22 21:30:00,2025-12-22 22:15:00,13.098066,77.529767,"Incident of Robbery reported in Bangalore Urban district at coordinates (13.0981, 77.5298)."
787,0787/2025,FIR/0787/2025,2025-01-24,6,3,1,1,4,8,3,3,2025-01-24 11:00:00,2025-01-24 11:30:00,2025-01-24 12:15:00,13.013851,77.683522,"Incident of Robbery reported in Bangalore Urban district at coordinates (13.0139, 77.6835)."
788,0788/2025,FIR/0788/2025,2025-03-16,5,3,1,1,4,7,3,3,2025-03-16 01:00:00,2025-03-16 01:30:00,2025-03-16 02:15:00,12.945622,77.358891,"Incident of Robbery reported in Bangalore Urban district at coordinates (12.9456, 77.3589)."
789,0789/2025,FIR/0789/2025,2025-09-14,6,3,1,1,4,8,3,3,2025-09-14 23:00:00,2025-09-14 23:30:00,2025-09-14 23:15:00,12.999827,77.69801,"Incident of Robbery reported in Bangalore Urban district at coordinates (12.9998, 77.6980)."
790,0790/2025,FIR/0790/2025,2025-04-17,5,3,1,1,4,7,2,3,2025-04-17 23:00:00,2025-04-17 23:30:00,2025-04-17 23:15:00,13.167193,77.678978,"Incident of Robbery reported in Bangalore Urban district at coordinates (13.1672, 77.6790)."
791,0791/2025,FIR/0791/2025,2025-05-06,6,3,1,1,4,8,2,3,2025-05-06 11:00:00,2025-05-06 11:30:00,2025-05-06 12:15:00,13.019022,77.423825,"Incident of Robbery reported in Bangalore Urban district at coordinates (13.0190, 77.4238)."
792,0792/2025,FIR/0792/2025,2025-03-12,5,3,1,1,4,7,3,3,2025-03-12 04:00:00,2025-03-12 04:30:00,2025-03-12 05:15:00,13.113548,77.691179,"Incident of Robbery reported in Bangalore Urban district at coordinates (13.1135, 77.6912)."
793,0793/2025,FIR/0793/2025,2025-11-26,6,3,1,1,4,8,3,3,2025-11-26 00:00:00,2025-11-26 00:30:00,2025-11-26 01:15:00,13.014373,77.691712,"Incident of Robbery reported in Bangalore Urban district at coordinates (13.0144, 77.6917)."
794,0794/2025,FIR/0794/2025,2025-11-16,5,3,1,1,4,7,3,3,2025-11-16 14:00:00,2025-11-16 14:30:00,2025-11-16 15:15:00,13.013625,77.697464,"Incident of Robbery reported in Bangalore Urban district at coordinates (13.0136, 77.6975)."
795,0795/2025,FIR/0795/2025,2025-01-15,6,3,1,1,4,8,1,3,2025-01-15 22:00:00,2025-01-15 22:30:00,2025-01-15 23:15:00,13.131342,77.706219,"Incident of Robbery reported in Bangalore Urban district at coordinates (13.1313, 77.7062)."
796,0796/2025,FIR/0796/2025,2025-09-11,5,3,1,1,4,7,3,3,2025-09-11 05:00:00,2025-09-11 05:30:00,2025-09-11 06:15:00,12.802418,77.483017,"Incident of Robbery reported in Bangalore Urban district at coordinates (12.8024, 77.4830)."
797,0797/2025,FIR/0797/2025,2025-03-07,6,3,1,1,4,8,2,3,2025-03-07 02:00:00,2025-03-07 02:30:00,2025-03-07 03:15:00,13.100758,77.517385,"Incident of Robbery reported in Bangalore Urban district at coordinates (13.1008, 77.5174)."
798,0798/2025,FIR/0798/2025,2025-09-23,5,3,1,1,4,7,1,3,2025-09-23 10:00:00,2025-09-23 10:30:00,2025-09-23 11:15:00,13.008073,77.693748,"Incident of Robbery reported in Bangalore Urban district at coordinates (13.0081, 77.6937)."
799,0799/2025,FIR/0799/2025,2025-03-31,6,3,1,1,4,8,1,3,2025-03-31 13:00:00,2025-03-31 13:30:00,2025-03-31 14:15:00,12.949277,77.462075,"Incident of Robbery reported in Bangalore Urban district at coordinates (12.9493, 77.4621)."
800,0800/2025,FIR/0800/2025,2025-11-20,5,3,1,1,4,7,1,3,2025-11-20 11:00:00,2025-11-20 11:30:00,2025-11-20 12:15:00,13.09041,77.523945,"Incident of Robbery reported in Bangalore Urban district at coordinates (13.0904, 77.5239)."
801,0801/2025,FIR/0801/2025,2025-10-09,6,3,1,1,4,8,2,3,2025-10-09 23:00:00,2025-10-09 23:30:00,2025-10-09 23:15:00,13.042014,77.71868,"Incident of Robbery reported in Bangalore Urban district at coordinates (13.0420, 77.7187)."
802,0802/2025,FIR/0802/2025,2025-04-08,5,3,1,1,4,7,2,3,2025-04-08 10:00:00,2025-04-08 10:30:00,2025-04-08 11:15:00,13.027556,77.706882,"Incident of Robbery reported in Bangalore Urban district at coordinates (13.0276, 77.7069)."
803,0803/2025,FIR/0803/2025,2025-05-11,6,3,1,1,4,8,1,3,2025-05-11 19:00:00,2025-05-11 19:30:00,2025-05-11 20:15:00,13.056816,77.729259,"Incident of Robbery reported in Bangalore Urban district at coordinates (13.0568, 77.7293)."
804,0804/2025,FIR/0804/2025,2025-03-06,5,3,1,1,4,7,2,3,2025-03-06 13:00:00,2025-03-06 13:30:00,2025-03-06 14:15:00,12.922117,77.348657,"Incident of Robbery reported in Bangalore Urban district at coordinates (12.9221, 77.3487)."
805,0805/2025,FIR/0805/2025,2025-11-23,6,3,1,1,4,8,3,3,2025-11-23 00:00:00,2025-11-23 00:30:00,2025-11-23 01:15:00,12.700027,77.664735,"Incident of Robbery reported in Bangalore Urban district at coordinates (12.7000, 77.6647)."
806,0806/2025,FIR/0806/2025,2025-10-26,5,3,1,1,4,7,1,3,2025-10-26 12:00:00,2025-10-26 12:30:00,2025-10-26 13:15:00,12.939734,77.361394,"Incident of Robbery reported in Bangalore Urban district at coordinates (12.9397, 77.3614)."
807,0807/2025,FIR/0807/2025,2025-04-11,6,3,1,1,4,8,3,3,2025-04-11 19:00:00,2025-04-11 19:30:00,2025-04-11 20:15:00,13.027044,77.696657,"Incident of Robbery reported in Bangalore Urban district at coordinates (13.0270, 77.6967)."
808,0808/2025,FIR/0808/2025,2025-11-12,5,3,1,1,4,7,2,3,2025-11-12 02:00:00,2025-11-12 02:30:00,2025-11-12 03:15:00,13.131723,77.710354,"Incident of Robbery reported in Bangalore Urban district at coordinates (13.1317, 77.7104)."
809,0809/2025,FIR/0809/2025,2025-07-30,6,3,1,1,4,8,3,3,2025-07-30 06:00:00,2025-07-30 06:30:00,2025-07-30 07:15:00,12.671579,77.624037,"Incident of Robbery reported in Bangalore Urban district at coordinates (12.6716, 77.6240)."
810,0810/2025,FIR/0810/2025,2025-12-25,5,3,1,1,4,7,1,3,2025-12-25 07:00:00,2025-12-25 07:30:00,2025-12-25 08:15:00,13.039623,77.70887,"Incident of Robbery reported in Bangalore Urban district at coordinates (13.0396, 77.7089)."
811,0811/2025,FIR/0811/2025,2025-05-19,6,3,1,1,4,8,2,3,2025-05-19 05:00:00,2025-05-19 05:30:00,2025-05-19 06:15:00,13.005624,77.706598,"Incident of Robbery reported in Bangalore Urban district at coordinates (13.0056, 77.7066)."
812,0812/2025,FIR/0812/2025,2025-09-23,5,3,1,1,4,7,2,3,2025-09-23 20:00:00,2025-09-23 20:30:00,2025-09-23 21:15:00,13.017509,77.690739,"Incident of Robbery reported in Bangalore Urban district at coordinates (13.0175, 77.6907)."
813,0813/2025,FIR/0813/2025,2025-08-25,6,3,1,1,4,8,1,3,2025-08-25 17:00:00,2025-08-25 17:30:00,2025-08-25 18:15:00,12.92793,77.359364,"Incident of Robbery reported in Bangalore Urban district at coordinates (12.9279, 77.3594)."
814,0814/2025,FIR/0814/2025,2025-04-03,5,3,1,1,4,7,3,3,2025-04-03 07:00:00,2025-04-03 07:30:00,2025-04-03 08:15:00,13.125002,77.709473,"Incident of Robbery reported in Bangalore Urban district at coordinates (13.1250, 77.7095)."
815,0815/2025,FIR/0815/2025,2025-09-26,6,3,1,1,4,8,2,3,2025-09-26 10:00:00,2025-09-26 10:30:00,2025-09-26 11:15:00,12.946541,77.350795,"Incident of Robbery reported in Bangalore Urban district at coordinates (12.9465, 77.3508)."
816,0816/2025,FIR/0816/2025,2025-12-12,5,3,1,1,4,7,3,3,2025-12-12 22:00:00,2025-12-12 22:30:00,2025-12-12 23:15:00,13.098877,77.512227,"Incident of Robbery reported in Bangalore Urban district at coordinates (13.0989, 77.5122)."
817,0817/2025,FIR/0817/2025,2025-12-05,6,3,1,1,4,8,2,3,2025-12-05 14:00:00,2025-12-05 14:30:00,2025-12-05 15:15:00,12.999798,77.682541,"Incident of Robbery reported in Bangalore Urban district at coordinates (12.9998, 77.6825)."
818,0818/2025,FIR/0818/2025,2025-08-26,5,3,1,1,4,7,2,3,2025-08-26 16:00:00,2025-08-26 16:30:00,2025-08-26 17:15:00,13.114203,77.711781,"Incident of Robbery reported in Bangalore Urban district at coordinates (13.1142, 77.7118)."
819,0819/2025,FIR/0819/2025,2025-06-26,6,3,1,1,4,8,1,3,2025-06-26 16:00:00,2025-06-26 16:30:00,2025-06-26 17:15:00,12.99712,77.678017,"Incident of Robbery reported in Bangalore Urban district at coordinates (12.9971, 77.6780)."
820,0820/2025,FIR/0820/2025,2025-10-08,5,3,1,1,4,7,1,3,2025-10-08 12:00:00,2025-10-08 12:30:00,2025-10-08 13:15:00,13.104317,77.510496,"Incident of Robbery reported in Bangalore Urban district at coordinates (13.1043, 77.5105)."
821,0821/2025,FIR/0821/2025,2025-01-02,6,3,1,1,4,8,2,3,2025-01-02 00:00:00,2025-01-02 00:30:00,2025-01-02 01:15:00,12.748668,77.651164,"Incident of Robbery reported in Bangalore Urban district at coordinates (12.7487, 77.6512)."
822,0822/2025,FIR/0822/2025,2025-06-13,5,3,1,1,4,7,3,3,2025-06-13 18:00:00,2025-06-13 18:30:00,2025-06-13 19:15:00,12.972052,77.388254,"Incident of Robbery reported in Bangalore Urban district at coordinates (12.9721, 77.3883)."
823,0823/2025,FIR/0823/2025,2025-03-19,6,3,1,1,4,8,1,3,2025-03-19 20:00:00,2025-03-19 20:30:00,2025-03-19 21:15:00,13.095399,77.519837,"Incident of Robbery reported in Bangalore Urban district at coordinates (13.0954, 77.5198)."
824,0824/2025,FIR/0824/2025,2025-11-08,5,3,1,1,4,7,1,3,2025-11-08 22:00:00,2025-11-08 22:30:00,2025-11-08 23:15:00,12.936738,77.466196,"Incident of Robbery reported in Bangalore Urban district at coordinates (12.9367, 77.4662)."
825,0825/2025,FIR/0825/2025,2025-08-13,6,3,1,1,4,8,3,3,2025-08-13 19:00:00,2025-08-13 19:30:00,2025-08-13 20:15:00,13.03336,77.72584,"Incident of Robbery reported in Bangalore Urban district at coordinates (13.0334, 77.7258)."
826,0826/2025,FIR/0826/2025,2025-10-30,5,3,1,1,4,7,2,3,2025-10-30 07:00:00,2025-10-30 07:30:00,2025-10-30 08:15:00,12.938553,77.356932,"Incident of Robbery reported in Bangalore Urban district at coordinates (12.9386, 77.3569)."
827,0827/2025,FIR/0827/2025,2025-04-01,6,3,1,1,4,8,1,3,2025-04-01 09:00:00,2025-04-01 09:30:00,2025-04-01 10:15:00,13.119246,77.722736,"Incident of Robbery reported in Bangalore Urban district at coordinates (13.1192, 77.7227)."
828,0828/2025,FIR/0828/2025,2025-12-05,5,3,1,1,4,7,1,3,2025-12-05 07:00:00,2025-12-05 07:30:00,2025-12-05 08:15:00,13.12418,77.723296,"Incident of Robbery reported in Bangalore Urban district at coordinates (13.1242, 77.7233)."
829,0829/2025,FIR/0829/2025,2025-04-24,6,3,1,1,4,8,1,3,2025-04-24 03:00:00,2025-04-24 03:30:00,2025-04-24 04:15:00,13.118251,77.704992,"Incident of Robbery reported in Bangalore Urban district at coordinates (13.1183, 77.7050)."
830,0830/2025,FIR/0830/2025,2025-03-08,5,3,1,1,4,7,2,3,2025-03-08 15:00:00,2025-03-08 15:30:00,2025-03-08 16:15:00,12.843914,77.741589,"Incident of Robbery reported in Bangalore Urban district at coordinates (12.8439, 77.7416)."
831,0831/2025,FIR/0831/2025,2025-12-18,6,3,1,1,4,8,2,3,2025-12-18 20:00:00,2025-12-18 20:30:00,2025-12-18 21:15:00,13.052315,77.715362,"Incident of Robbery reported in Bangalore Urban district at coordinates (13.0523, 77.7154)."
832,0832/2025,FIR/0832/2025,2025-02-24,5,3,1,1,4,7,1,3,2025-02-24 03:00:00,2025-02-24 03:30:00,2025-02-24 04:15:00,13.085878,77.518377,"Incident of Robbery reported in Bangalore Urban district at coordinates (13.0859, 77.5184)."
833,0833/2025,FIR/0833/2025,2025-04-05,6,3,1,1,4,8,1,3,2025-04-05 21:00:00,2025-04-05 21:30:00,2025-04-05 22:15:00,12.935703,77.375831,"Incident of Robbery reported in Bangalore Urban district at coordinates (12.9357, 77.3758)."
834,0834/2025,FIR/0834/2025,2025-05-09,5,3,1,1,4,7,2,3,2025-05-09 17:00:00,2025-05-09 17:30:00,2025-05-09 18:15:00,12.860251,77.647842,"Incident of Robbery reported in Bangalore Urban district at coordinates (12.8603, 77.6478)."
835,0835/2025,FIR/0835/2025,2025-07-23,6,3,1,1,4,8,3,3,2025-07-23 07:00:00,2025-07-23 07:30:00,2025-07-23 08:15:00,12.910628,77.501418,"Incident of Robbery reported in Bangalore Urban district at coordinates (12.9106, 77.5014)."
836,0836/2025,FIR/0836/2025,2025-12-14,5,3,1,1,4,7,3,3,2025-12-14 09:00:00,2025-12-14 09:30:00,2025-12-14 10:15:00,13.034009,77.707712,"Incident of Robbery reported in Bangalore Urban district at coordinates (13.0340, 77.7077)."
837,0837/2025,FIR/0837/2025,2025-10-25,6,3,1,1,4,8,3,3,2025-10-25 07:00:00,2025-10-25 07:30:00,2025-10-25 08:15:00,12.997297,77.68397,"Incident of Robbery reported in Bangalore Urban district at coordinates (12.9973, 77.6840)."
838,0838/2025,FIR/0838/2025,2025-09-17,5,3,1,1,4,7,1,3,2025-09-17 09:00:00,2025-09-17 09:30:00,2025-09-17 10:15:00,12.995834,77.604074,"Incident of Robbery reported in Bangalore Urban district at coordinates (12.9958, 77.6041)."
839,0839/2025,FIR/0839/2025,2025-03-23,6,3,1,1,4,8,3,3,2025-03-23 02:00:00,2025-03-23 02:30:00,2025-03-23 03:15:00,13.003345,77.697584,"Incident of Robbery reported in Bangalore Urban district at coordinates (13.0033, 77.6976)."
840,0840/2025,FIR/0840/2025,2025-04-30,5,3,1,1,4,7,2,3,2025-04-30 04:00:00,2025-04-30 04:30:00,2025-04-30 05:15:00,12.917991,77.35916,"Incident of Robbery reported in Bangalore Urban district at coordinates (12.9180, 77.3592)."
841,0841/2025,FIR/0841/2025,2025-02-08,6,3,1,1,4,8,1,3,2025-02-08 14:00:00,2025-02-08 14:30:00,2025-02-08 15:15:00,12.953773,77.559228,"Incident of Robbery reported in Bangalore Urban district at coordinates (12.9538, 77.5592)."
842,0842/2025,FIR/0842/2025,2025-09-10,5,3,1,1,4,7,1,3,2025-09-10 21:00:00,2025-09-10 21:30:00,2025-09-10 22:15:00,13.115005,77.715392,"Incident of Robbery reported in Bangalore Urban district at coordinates (13.1150, 77.7154)."
843,0843/2025,FIR/0843/2025,2025-12-07,6,3,1,1,4,8,3,3,2025-12-07 07:00:00,2025-12-07 07:30:00,2025-12-07 08:15:00,13.051627,77.719548,"Incident of Robbery reported in Bangalore Urban district at coordinates (13.0516, 77.7195)."
844,0844/2025,FIR/0844/2025,2025-12-14,5,3,1,1,4,7,3,3,2025-12-14 06:00:00,2025-12-14 06:30:00,2025-12-14 07:15:00,13.051795,77.722388,"Incident of Robbery reported in Bangalore Urban district at coordinates (13.0518, 77.7224)."
845,0845/2025,FIR/0845/2025,2025-07-08,6,3,1,1,4,8,2,3,2025-07-08 17:00:00,2025-07-08 17:30:00,2025-07-08 18:15:00,12.99801,77.681851,"Incident of Robbery reported in Bangalore Urban district at coordinates (12.9980, 77.6819)."
846,0846/2025,FIR/0846/2025,2025-02-25,5,3,1,2,3,5,3,3,2025-02-25 00:00:00,2025-02-25 00:30:00,2025-02-25 01:15:00,12.914815,77.627829,"Incident of Chain Snatching reported in Bangalore Urban district at coordinates (12.9148, 77.6278)."
847,0847/2025,FIR/0847/2025,2025-09-04,6,3,1,2,3,6,3,3,2025-09-04 17:00:00,2025-09-04 17:30:00,2025-09-04 18:15:00,13.095265,77.519025,"Incident of Chain Snatching reported in Bangalore Urban district at coordinates (13.0953, 77.5190)."
848,0848/2025,FIR/0848/2025,2025-03-03,5,3,1,2,3,5,1,3,2025-03-03 01:00:00,2025-03-03 01:30:00,2025-03-03 02:15:00,13.047303,77.713985,"Incident of Chain Snatching reported in Bangalore Urban district at coordinates (13.0473, 77.7140)."
849,0849/2025,FIR/0849/2025,2025-03-30,6,3,1,2,3,6,3,3,2025-03-30 21:00:00,2025-03-30 21:30:00,2025-03-30 22:15:00,12.92909,77.355522,"Incident of Chain Snatching reported in Bangalore Urban district at coordinates (12.9291, 77.3555)."
850,0850/2025,FIR/0850/2025,2025-03-08,5,3,1,2,3,5,3,3,2025-03-08 10:00:00,2025-03-08 10:30:00,2025-03-08 11:15:00,13.013105,77.693655,"Incident of Chain Snatching reported in Bangalore Urban district at coordinates (13.0131, 77.6937)."
851,0851/2025,FIR/0851/2025,2025-01-06,6,3,1,2,3,6,1,3,2025-01-06 17:00:00,2025-01-06 17:30:00,2025-01-06 18:15:00,13.128532,77.700787,"Incident of Chain Snatching reported in Bangalore Urban district at coordinates (13.1285, 77.7008)."
852,0852/2025,FIR/0852/2025,2025-05-19,5,3,1,2,3,5,2,3,2025-05-19 08:00:00,2025-05-19 08:30:00,2025-05-19 09:15:00,13.023466,77.693515,"Incident of Chain Snatching reported in Bangalore Urban district at coordinates (13.0235, 77.6935)."
853,0853/2025,FIR/0853/2025,2025-01-09,6,3,1,2,3,6,1,3,2025-01-09 14:00:00,2025-01-09 14:30:00,2025-01-09 15:15:00,12.916829,77.744508,"Incident of Chain Snatching reported in Bangalore Urban district at coordinates (12.9168, 77.7445)."
854,0854/2025,FIR/0854/2025,2025-07-05,5,3,1,2,3,5,1,3,2025-07-05 23:00:00,2025-07-05 23:30:00,2025-07-05 23:15:00,13.000386,77.710419,"Incident of Chain Snatching reported in Bangalore Urban district at coordinates (13.0004, 77.7104)."
855,0855/2025,FIR/0855/2025,2025-11-21,6,3,1,2,3,6,3,3,2025-11-21 17:00:00,2025-11-21 17:30:00,2025-11-21 18:15:00,13.132955,77.710114,"Incident of Chain Snatching reported in Bangalore Urban district at coordinates (13.1330, 77.7101)."
856,0856/2025,FIR/0856/2025,2025-04-07,5,3,1,2,3,5,2,3,2025-04-07 17:00:00,2025-04-07 17:30:00,2025-04-07 18:15:00,13.051471,77.709853,"Incident of Chain Snatching reported in Bangalore Urban district at coordinates (13.0515, 77.7099)."
857,0857/2025,FIR/0857/2025,2025-04-03,6,3,1,2,3,6,3,3,2025-04-03 09:00:00,2025-04-03 09:30:00,2025-04-03 10:15:00,13.083711,77.517732,"Incident of Chain Snatching reported in Bangalore Urban district at coordinates (13.0837, 77.5177)."
858,0858/2025,FIR/0858/2025,2025-01-21,5,3,1,2,3,5,3,3,2025-01-21 23:00:00,2025-01-21 23:30:00,2025-01-21 23:15:00,13.119392,77.701196,"Incident of Chain Snatching reported in Bangalore Urban district at coordinates (13.1194, 77.7012)."
859,0859/2025,FIR/0859/2025,2025-12-15,6,3,1,2,3,6,1,3,2025-12-15 09:00:00,2025-12-15 09:30:00,2025-12-15 10:15:00,13.073799,77.718101,"Incident of Chain Snatching reported in Bangalore Urban district at coordinates (13.0738, 77.7181)."
860,0860/2025,FIR/0860/2025,2025-05-17,5,3,1,2,3,5,1,3,2025-05-17 12:00:00,2025-05-17 12:30:00,2025-05-17 13:15:00,13.092502,77.513631,"Incident of Chain Snatching reported in Bangalore Urban district at coordinates (13.0925, 77.5136)."
861,0861/2025,FIR/0861/2025,2025-12-06,6,3,1,2,3,6,1,3,2025-12-06 18:00:00,2025-12-06 18:30:00,2025-12-06 19:15:00,13.122285,77.703664,"Incident of Chain Snatching reported in Bangalore Urban district at coordinates (13.1223, 77.7037)."
862,0862/2025,FIR/0862/2025,2025-04-06,5,3,1,2,3,5,3,3,2025-04-06 10:00:00,2025-04-06 10:30:00,2025-04-06 11:15:00,12.912608,77.598748,"Incident of Chain Snatching reported in Bangalore Urban district at coordinates (12.9126, 77.5987)."
863,0863/2025,FIR/0863/2025,2025-01-16,6,3,1,2,3,6,3,3,2025-01-16 06:00:00,2025-01-16 06:30:00,2025-01-16 07:15:00,13.087833,77.521971,"Incident of Chain Snatching reported in Bangalore Urban district at coordinates (13.0878, 77.5220)."
864,0864/2025,FIR/0864/2025,2025-04-25,5,3,1,2,3,5,3,3,2025-04-25 00:00:00,2025-04-25 00:30:00,2025-04-25 01:15:00,13.132471,77.722571,"Incident of Chain Snatching reported in Bangalore Urban district at coordinates (13.1325, 77.7226)."
865,0865/2025,FIR/0865/2025,2025-07-08,6,3,1,2,3,6,2,3,2025-07-08 11:00:00,2025-07-08 11:30:00,2025-07-08 12:15:00,13.11839,77.707914,"Incident of Chain Snatching reported in Bangalore Urban district at coordinates (13.1184, 77.7079)."
866,0866/2025,FIR/0866/2025,2025-12-09,5,3,1,2,3,5,1,3,2025-12-09 03:00:00,2025-12-09 03:30:00,2025-12-09 04:15:00,13.109784,77.713327,"Incident of Chain Snatching reported in Bangalore Urban district at coordinates (13.1098, 77.7133)."
867,0867/2025,FIR/0867/2025,2025-05-09,6,3,1,2,3,6,1,3,2025-05-09 12:00:00,2025-05-09 12:30:00,2025-05-09 13:15:00,13.002971,77.696773,"Incident of Chain Snatching reported in Bangalore Urban district at coordinates (13.0030, 77.6968)."
868,0868/2025,FIR/0868/2025,2025-08-05,5,3,1,2,3,5,3,3,2025-08-05 13:00:00,2025-08-05 13:30:00,2025-08-05 14:15:00,12.907716,77.437474,"Incident of Chain Snatching reported in Bangalore Urban district at coordinates (12.9077, 77.4375)."
869,0869/2025,FIR/0869/2025,2025-03-20,6,3,1,2,3,6,3,3,2025-03-20 23:00:00,2025-03-20 23:30:00,2025-03-20 23:15:00,13.006344,77.661999,"Incident of Chain Snatching reported in Bangalore Urban district at coordinates (13.0063, 77.6620)."
870,0870/2025,FIR/0870/2025,2025-07-26,5,3,1,2,3,5,2,3,2025-07-26 18:00:00,2025-07-26 18:30:00,2025-07-26 19:15:00,13.030626,77.713548,"Incident of Chain Snatching reported in Bangalore Urban district at coordinates (13.0306, 77.7135)."
871,0871/2025,FIR/0871/2025,2025-01-01,6,3,1,2,3,6,2,3,2025-01-01 03:00:00,2025-01-01 03:30:00,2025-01-01 04:15:00,12.940399,77.350317,"Incident of Chain Snatching reported in Bangalore Urban district at coordinates (12.9404, 77.3503)."
872,0872/2025,FIR/0872/2025,2025-06-02,5,3,1,2,3,5,2,3,2025-06-02 12:00:00,2025-06-02 12:30:00,2025-06-02 13:15:00,13.122328,77.702359,"Incident of Chain Snatching reported in Bangalore Urban district at coordinates (13.1223, 77.7024)."
873,0873/2025,FIR/0873/2025,2025-12-15,6,3,1,2,3,6,3,3,2025-12-15 09:00:00,2025-12-15 09:30:00,2025-12-15 10:15:00,12.929969,77.359985,"Incident of Chain Snatching reported in Bangalore Urban district at coordinates (12.9300, 77.3600)."
874,0874/2025,FIR/0874/2025,2025-01-07,5,3,1,2,3,5,3,3,2025-01-07 22:00:00,2025-01-07 22:30:00,2025-01-07 23:15:00,12.949959,77.67298,"Incident of Chain Snatching reported in Bangalore Urban district at coordinates (12.9500, 77.6730)."
875,0875/2025,FIR/0875/2025,2025-07-17,6,3,1,2,3,6,3,3,2025-07-17 01:00:00,2025-07-17 01:30:00,2025-07-17 02:15:00,13.019352,77.699284,"Incident of Chain Snatching reported in Bangalore Urban district at coordinates (13.0194, 77.6993)."
876,0876/2025,FIR/0876/2025,2025-06-30,5,3,1,2,3,5,2,3,2025-06-30 04:00:00,2025-06-30 04:30:00,2025-06-30 05:15:00,13.005595,77.705438,"Incident of Chain Snatching reported in Bangalore Urban district at coordinates (13.0056, 77.7054)."
877,0877/2025,FIR/0877/2025,2025-03-30,6,3,1,2,3,6,3,3,2025-03-30 01:00:00,2025-03-30 01:30:00,2025-03-30 02:15:00,12.905082,77.508753,"Incident of Chain Snatching reported in Bangalore Urban district at coordinates (12.9051, 77.5088)."
878,0878/2025,FIR/0878/2025,2025-06-06,5,3,1,2,3,5,3,3,2025-06-06 06:00:00,2025-06-06 06:30:00,2025-06-06 07:15:00,13.019012,77.690065,"Incident of Chain Snatching reported in Bangalore Urban district at coordinates (13.0190, 77.6901)."
879,0879/2025,FIR/0879/2025,2025-09-24,6,3,1,2,3,6,3,3,2025-09-24 23:00:00,2025-09-24 23:30:00,2025-09-24 23:15:00,12.944824,77.358604,"Incident of Chain Snatching reported in Bangalore Urban district at coordinates (12.9448, 77.3586)."
880,0880/2025,FIR/0880/2025,2025-01-29,5,3,1,2,3,5,1,3,2025-01-29 09:00:00,2025-01-29 09:30:00,2025-01-29 10:15:00,12.930834,77.362015,"Incident of Chain Snatching reported in Bangalore Urban district at coordinates (12.9308, 77.3620)."
881,0881/2025,FIR/0881/2025,2025-08-15,6,3,1,2,3,6,2,3,2025-08-15 12:00:00,2025-08-15 12:30:00,2025-08-15 13:15:00,13.139788,77.715397,"Incident of Chain Snatching reported in Bangalore Urban district at coordinates (13.1398, 77.7154)."
882,0882/2025,FIR/0882/2025,2025-12-05,5,3,1,2,3,5,2,3,2025-12-05 01:00:00,2025-12-05 01:30:00,2025-12-05 02:15:00,13.080575,77.512074,"Incident of Chain Snatching reported in Bangalore Urban district at coordinates (13.0806, 77.5121)."
883,0883/2025,FIR/0883/2025,2025-03-08,6,3,1,2,3,6,1,3,2025-03-08 01:00:00,2025-03-08 01:30:00,2025-03-08 02:15:00,13.020584,77.701144,"Incident of Chain Snatching reported in Bangalore Urban district at coordinates (13.0206, 77.7011)."
884,0884/2025,FIR/0884/2025,2025-09-01,5,3,1,2,3,5,2,3,2025-09-01 03:00:00,2025-09-01 03:30:00,2025-09-01 04:15:00,13.039806,77.714281,"Incident of Chain Snatching reported in Bangalore Urban district at coordinates (13.0398, 77.7143)."
885,0885/2025,FIR/0885/2025,2025-11-09,6,3,1,2,3,6,3,3,2025-11-09 09:00:00,2025-11-09 09:30:00,2025-11-09 10:15:00,12.923094,77.346599,"Incident of Chain Snatching reported in Bangalore Urban district at coordinates (12.9231, 77.3466)."
886,0886/2025,FIR/0886/2025,2025-02-19,5,3,1,2,3,5,1,3,2025-02-19 06:00:00,2025-02-19 06:30:00,2025-02-19 07:15:00,13.126198,77.706502,"Incident of Chain Snatching reported in Bangalore Urban district at coordinates (13.1262, 77.7065)."
887,0887/2025,FIR/0887/2025,2025-10-20,6,3,1,2,3,6,2,3,2025-10-20 18:00:00,2025-10-20 18:30:00,2025-10-20 19:15:00,13.024743,77.398548,"Incident of Chain Snatching reported in Bangalore Urban district at coordinates (13.0247, 77.3985)."
888,0888/2025,FIR/0888/2025,2025-07-01,5,3,1,2,3,5,3,3,2025-07-01 02:00:00,2025-07-01 02:30:00,2025-07-01 03:15:00,13.136276,77.715891,"Incident of Chain Snatching reported in Bangalore Urban district at coordinates (13.1363, 77.7159)."
889,0889/2025,FIR/0889/2025,2025-11-20,6,3,1,2,3,6,3,3,2025-11-20 21:00:00,2025-11-20 21:30:00,2025-11-20 22:15:00,12.919189,77.365303,"Incident of Chain Snatching reported in Bangalore Urban district at coordinates (12.9192, 77.3653)."
890,0890/2025,FIR/0890/2025,2025-07-29,5,3,1,2,3,5,1,3,2025-07-29 17:00:00,2025-07-29 17:30:00,2025-07-29 18:15:00,13.04181,77.712321,"Incident of Chain Snatching reported in Bangalore Urban district at coordinates (13.0418, 77.7123)."
891,0891/2025,FIR/0891/2025,2025-01-11,6,3,1,2,3,6,1,3,2025-01-11 06:00:00,2025-01-11 06:30:00,2025-01-11 07:15:00,13.092969,77.536171,"Incident of Chain Snatching reported in Bangalore Urban district at coordinates (13.0930, 77.5362)."
892,0892/2025,FIR/0892/2025,2025-12-10,5,3,1,2,3,5,3,3,2025-12-10 08:00:00,2025-12-10 08:30:00,2025-12-10 09:15:00,12.912859,77.662907,"Incident of Chain Snatching reported in Bangalore Urban district at coordinates (12.9129, 77.6629)."
893,0893/2025,FIR/0893/2025,2025-11-30,6,3,1,2,3,6,2,3,2025-11-30 01:00:00,2025-11-30 01:30:00,2025-11-30 02:15:00,12.672902,77.628903,"Incident of Chain Snatching reported in Bangalore Urban district at coordinates (12.6729, 77.6289)."
894,0894/2025,FIR/0894/2025,2025-12-25,5,3,1,2,3,5,2,3,2025-12-25 15:00:00,2025-12-25 15:30:00,2025-12-25 16:15:00,13.086947,77.544557,"Incident of Chain Snatching reported in Bangalore Urban district at coordinates (13.0869, 77.5446)."
895,0895/2025,FIR/0895/2025,2025-05-09,6,3,1,2,3,6,3,3,2025-05-09 04:00:00,2025-05-09 04:30:00,2025-05-09 05:15:00,12.930045,77.345483,"Incident of Chain Snatching reported in Bangalore Urban district at coordinates (12.9300, 77.3455)."
896,0896/2025,FIR/0896/2025,2025-05-17,5,3,1,2,3,5,2,3,2025-05-17 18:00:00,2025-05-17 18:30:00,2025-05-17 19:15:00,13.003644,77.703331,"Incident of Chain Snatching reported in Bangalore Urban district at coordinates (13.0036, 77.7033)."
897,0897/2025,FIR/0897/2025,2025-03-28,6,3,1,2,3,6,3,3,2025-03-28 04:00:00,2025-03-28 04:30:00,2025-03-28 05:15:00,13.083134,77.518202,"Incident of Chain Snatching reported in Bangalore Urban district at coordinates (13.0831, 77.5182)."
898,0898/2025,FIR/0898/2025,2025-03-31,5,3,1,2,3,5,1,3,2025-03-31 06:00:00,2025-03-31 06:30:00,2025-03-31 07:15:00,12.993635,77.68198,"Incident of Chain Snatching reported in Bangalore Urban district at coordinates (12.9936, 77.6820)."
899,0899/2025,FIR/0899/2025,2025-07-20,6,3,1,2,3,6,2,3,2025-07-20 05:00:00,2025-07-20 05:30:00,2025-07-20 06:15:00,13.127433,77.714846,"Incident of Chain Snatching reported in Bangalore Urban district at coordinates (13.1274, 77.7148)."
900,0900/2025,FIR/0900/2025,2025-05-02,5,3,1,2,3,5,2,3,2025-05-02 16:00:00,2025-05-02 16:30:00,2025-05-02 17:15:00,13.120297,77.706327,"Incident of Chain Snatching reported in Bangalore Urban district at coordinates (13.1203, 77.7063)."
901,0901/2025,FIR/0901/2025,2025-01-01,6,3,1,2,3,6,1,3,2025-01-01 17:00:00,2025-01-01 17:30:00,2025-01-01 18:15:00,12.882363,77.601458,"Incident of Chain Snatching reported in Bangalore Urban district at coordinates (12.8824, 77.6015)."
902,0902/2025,FIR/0902/2025,2025-02-26,5,3,1,2,3,5,1,3,2025-02-26 10:00:00,2025-02-26 10:30:00,2025-02-26 11:15:00,13.006774,77.700202,"Incident of Chain Snatching reported in Bangalore Urban district at coordinates (13.0068, 77.7002)."
903,0903/2025,FIR/0903/2025,2025-05-07,6,3,1,2,3,6,3,3,2025-05-07 17:00:00,2025-05-07 17:30:00,2025-05-07 18:15:00,12.860807,77.76068,"Incident of Chain Snatching reported in Bangalore Urban district at coordinates (12.8608, 77.7607)."
904,0904/2025,FIR/0904/2025,2025-01-23,5,3,1,2,3,5,1,3,2025-01-23 15:00:00,2025-01-23 15:30:00,2025-01-23 16:15:00,12.997524,77.686598,"Incident of Chain Snatching reported in Bangalore Urban district at coordinates (12.9975, 77.6866)."
905,0905/2025,FIR/0905/2025,2025-04-20,6,3,1,2,3,6,1,3,2025-04-20 15:00:00,2025-04-20 15:30:00,2025-04-20 16:15:00,13.132853,77.704974,"Incident of Chain Snatching reported in Bangalore Urban district at coordinates (13.1329, 77.7050)."
906,0906/2025,FIR/0906/2025,2025-10-25,5,3,1,2,2,3,3,3,2025-10-25 00:00:00,2025-10-25 00:30:00,2025-10-25 01:15:00,13.087088,77.50998,"Incident of Burglary reported in Bangalore Urban district at coordinates (13.0871, 77.5100)."
907,0907/2025,FIR/0907/2025,2025-05-09,6,3,1,2,2,4,3,3,2025-05-09 21:00:00,2025-05-09 21:30:00,2025-05-09 22:15:00,12.918797,77.355282,"Incident of Burglary reported in Bangalore Urban district at coordinates (12.9188, 77.3553)."
908,0908/2025,FIR/0908/2025,2025-03-26,5,3,1,2,2,3,3,3,2025-03-26 06:00:00,2025-03-26 06:30:00,2025-03-26 07:15:00,13.119436,77.712568,"Incident of Burglary reported in Bangalore Urban district at coordinates (13.1194, 77.7126)."
909,0909/2025,FIR/0909/2025,2025-06-21,6,3,1,2,2,4,2,3,2025-06-21 16:00:00,2025-06-21 16:30:00,2025-06-21 17:15:00,12.924607,77.359966,"Incident of Burglary reported in Bangalore Urban district at coordinates (12.9246, 77.3600)."
910,0910/2025,FIR/0910/2025,2025-10-25,5,3,1,2,2,3,1,3,2025-10-25 04:00:00,2025-10-25 04:30:00,2025-10-25 05:15:00,13.004263,77.682457,"Incident of Burglary reported in Bangalore Urban district at coordinates (13.0043, 77.6825)."
911,0911/2025,FIR/0911/2025,2025-04-28,6,3,1,2,2,4,2,3,2025-04-28 13:00:00,2025-04-28 13:30:00,2025-04-28 14:15:00,13.125742,77.711838,"Incident of Burglary reported in Bangalore Urban district at coordinates (13.1257, 77.7118)."
912,0912/2025,FIR/0912/2025,2025-08-29,5,3,1,2,2,3,1,3,2025-08-29 15:00:00,2025-08-29 15:30:00,2025-08-29 16:15:00,13.053634,77.715581,"Incident of Burglary reported in Bangalore Urban district at coordinates (13.0536, 77.7156)."
913,0913/2025,FIR/0913/2025,2025-02-18,6,3,1,2,2,4,1,3,2025-02-18 17:00:00,2025-02-18 17:30:00,2025-02-18 18:15:00,13.09072,77.52702,"Incident of Burglary reported in Bangalore Urban district at coordinates (13.0907, 77.5270)."
914,0914/2025,FIR/0914/2025,2025-06-08,5,3,1,2,2,3,1,3,2025-06-08 06:00:00,2025-06-08 06:30:00,2025-06-08 07:15:00,13.036836,77.719089,"Incident of Burglary reported in Bangalore Urban district at coordinates (13.0368, 77.7191)."
915,0915/2025,FIR/0915/2025,2025-12-06,6,3,1,2,2,4,1,3,2025-12-06 04:00:00,2025-12-06 04:30:00,2025-12-06 05:15:00,13.018859,77.684323,"Incident of Burglary reported in Bangalore Urban district at coordinates (13.0189, 77.6843)."
916,0916/2025,FIR/0916/2025,2025-11-21,5,3,1,2,2,3,3,3,2025-11-21 17:00:00,2025-11-21 17:30:00,2025-11-21 18:15:00,12.720284,77.586179,"Incident of Burglary reported in Bangalore Urban district at coordinates (12.7203, 77.5862)."
917,0917/2025,FIR/0917/2025,2025-03-05,6,3,1,2,2,4,3,3,2025-03-05 00:00:00,2025-03-05 00:30:00,2025-03-05 01:15:00,12.930351,77.370516,"Incident of Burglary reported in Bangalore Urban district at coordinates (12.9304, 77.3705)."
918,0918/2025,FIR/0918/2025,2025-12-11,5,3,1,2,2,3,2,3,2025-12-11 13:00:00,2025-12-11 13:30:00,2025-12-11 14:15:00,12.95303,77.43847,"Incident of Burglary reported in Bangalore Urban district at coordinates (12.9530, 77.4385)."
919,0919/2025,FIR/0919/2025,2025-04-03,6,3,1,2,2,4,3,3,2025-04-03 07:00:00,2025-04-03 07:30:00,2025-04-03 08:15:00,13.137743,77.706428,"Incident of Burglary reported in Bangalore Urban district at coordinates (13.1377, 77.7064)."
920,0920/2025,FIR/0920/2025,2025-06-17,5,3,1,2,2,3,1,3,2025-06-17 09:00:00,2025-06-17 09:30:00,2025-06-17 10:15:00,13.140482,77.710938,"Incident of Burglary reported in Bangalore Urban district at coordinates (13.1405, 77.7109)."
921,0921/2025,FIR/0921/2025,2025-05-07,6,3,1,2,2,4,2,3,2025-05-07 19:00:00,2025-05-07 19:30:00,2025-05-07 20:15:00,13.031385,77.703076,"Incident of Burglary reported in Bangalore Urban district at coordinates (13.0314, 77.7031)."
922,0922/2025,FIR/0922/2025,2025-12-10,5,3,1,2,2,3,3,3,2025-12-10 08:00:00,2025-12-10 08:30:00,2025-12-10 09:15:00,13.06938,77.544633,"Incident of Burglary reported in Bangalore Urban district at coordinates (13.0694, 77.5446)."
923,0923/2025,FIR/0923/2025,2025-09-09,6,3,1,2,2,4,1,3,2025-09-09 16:00:00,2025-09-09 16:30:00,2025-09-09 17:15:00,12.757222,77.746979,"Incident of Burglary reported in Bangalore Urban district at coordinates (12.7572, 77.7470)."
924,0924/2025,FIR/0924/2025,2025-04-09,5,3,1,2,2,3,3,3,2025-04-09 21:00:00,2025-04-09 21:30:00,2025-04-09 22:15:00,13.120423,77.702525,"Incident of Burglary reported in Bangalore Urban district at coordinates (13.1204, 77.7025)."
925,0925/2025,FIR/0925/2025,2025-02-20,6,3,1,2,2,4,3,3,2025-02-20 12:00:00,2025-02-20 12:30:00,2025-02-20 13:15:00,13.020896,77.708837,"Incident of Burglary reported in Bangalore Urban district at coordinates (13.0209, 77.7088)."
926,0926/2025,FIR/0926/2025,2025-03-21,5,3,1,2,2,3,1,3,2025-03-21 08:00:00,2025-03-21 08:30:00,2025-03-21 09:15:00,13.049937,77.728146,"Incident of Burglary reported in Bangalore Urban district at coordinates (13.0499, 77.7281)."
927,0927/2025,FIR/0927/2025,2025-12-17,6,3,1,2,2,4,3,3,2025-12-17 21:00:00,2025-12-17 21:30:00,2025-12-17 22:15:00,12.997593,77.738857,"Incident of Burglary reported in Bangalore Urban district at coordinates (12.9976, 77.7389)."
928,0928/2025,FIR/0928/2025,2025-03-22,5,3,1,2,2,3,1,3,2025-03-22 03:00:00,2025-03-22 03:30:00,2025-03-22 04:15:00,13.038298,77.725253,"Incident of Burglary reported in Bangalore Urban district at coordinates (13.0383, 77.7253)."
929,0929/2025,FIR/0929/2025,2025-10-22,6,3,1,2,2,4,2,3,2025-10-22 11:00:00,2025-10-22 11:30:00,2025-10-22 12:15:00,12.923404,77.39132,"Incident of Burglary reported in Bangalore Urban district at coordinates (12.9234, 77.3913)."
930,0930/2025,FIR/0930/2025,2025-03-20,5,3,1,2,2,3,2,3,2025-03-20 21:00:00,2025-03-20 21:30:00,2025-03-20 22:15:00,13.04649,77.710958,"Incident of Burglary reported in Bangalore Urban district at coordinates (13.0465, 77.7110)."
931,0931/2025,FIR/0931/2025,2025-12-11,6,3,1,2,2,4,2,3,2025-12-11 11:00:00,2025-12-11 11:30:00,2025-12-11 12:15:00,13.013568,77.38341,"Incident of Burglary reported in Bangalore Urban district at coordinates (13.0136, 77.3834)."
932,0932/2025,FIR/0932/2025,2025-01-19,5,3,1,2,2,3,1,3,2025-01-19 08:00:00,2025-01-19 08:30:00,2025-01-19 09:15:00,13.129743,77.696583,"Incident of Burglary reported in Bangalore Urban district at coordinates (13.1297, 77.6966)."
933,0933/2025,FIR/0933/2025,2025-05-08,6,3,1,2,2,4,3,3,2025-05-08 16:00:00,2025-05-08 16:30:00,2025-05-08 17:15:00,13.123227,77.696468,"Incident of Burglary reported in Bangalore Urban district at coordinates (13.1232, 77.6965)."
934,0934/2025,FIR/0934/2025,2025-07-14,5,3,1,2,2,3,1,3,2025-07-14 04:00:00,2025-07-14 04:30:00,2025-07-14 05:15:00,13.039757,77.718279,"Incident of Burglary reported in Bangalore Urban district at coordinates (13.0398, 77.7183)."
935,0935/2025,FIR/0935/2025,2025-09-04,6,3,1,2,2,4,1,3,2025-09-04 06:00:00,2025-09-04 06:30:00,2025-09-04 07:15:00,13.002924,77.7046,"Incident of Burglary reported in Bangalore Urban district at coordinates (13.0029, 77.7046)."
936,0936/2025,FIR/0936/2025,2025-02-28,5,3,1,2,2,3,2,3,2025-02-28 18:00:00,2025-02-28 18:30:00,2025-02-28 19:15:00,12.953791,77.453074,"Incident of Burglary reported in Bangalore Urban district at coordinates (12.9538, 77.4531)."
937,0937/2025,FIR/0937/2025,2025-09-01,6,3,1,2,2,4,3,3,2025-09-01 00:00:00,2025-09-01 00:30:00,2025-09-01 01:15:00,13.001694,77.688779,"Incident of Burglary reported in Bangalore Urban district at coordinates (13.0017, 77.6888)."
938,0938/2025,FIR/0938/2025,2025-09-09,5,3,1,2,2,3,1,3,2025-09-09 20:00:00,2025-09-09 20:30:00,2025-09-09 21:15:00,13.031621,77.721508,"Incident of Burglary reported in Bangalore Urban district at coordinates (13.0316, 77.7215)."
939,0939/2025,FIR/0939/2025,2025-04-09,6,3,1,2,2,4,2,3,2025-04-09 12:00:00,2025-04-09 12:30:00,2025-04-09 13:15:00,13.01547,77.688885,"Incident of Burglary reported in Bangalore Urban district at coordinates (13.0155, 77.6889)."
940,0940/2025,FIR/0940/2025,2025-10-21,5,3,1,2,2,3,2,3,2025-10-21 08:00:00,2025-10-21 08:30:00,2025-10-21 09:15:00,13.136732,77.701846,"Incident of Burglary reported in Bangalore Urban district at coordinates (13.1367, 77.7018)."
941,0941/2025,FIR/0941/2025,2025-10-07,6,3,1,2,2,4,3,3,2025-10-07 04:00:00,2025-10-07 04:30:00,2025-10-07 05:15:00,12.842637,77.443375,"Incident of Burglary reported in Bangalore Urban district at coordinates (12.8426, 77.4434)."
942,0942/2025,FIR/0942/2025,2025-01-13,5,3,1,2,2,3,3,3,2025-01-13 01:00:00,2025-01-13 01:30:00,2025-01-13 02:15:00,13.087141,77.509648,"Incident of Burglary reported in Bangalore Urban district at coordinates (13.0871, 77.5096)."
943,0943/2025,FIR/0943/2025,2025-07-02,6,3,1,2,2,4,1,3,2025-07-02 22:00:00,2025-07-02 22:30:00,2025-07-02 23:15:00,12.931159,77.362028,"Incident of Burglary reported in Bangalore Urban district at coordinates (12.9312, 77.3620)."
944,0944/2025,FIR/0944/2025,2025-04-20,5,3,1,2,2,3,2,3,2025-04-20 13:00:00,2025-04-20 13:30:00,2025-04-20 14:15:00,13.117542,77.694871,"Incident of Burglary reported in Bangalore Urban district at coordinates (13.1175, 77.6949)."
945,0945/2025,FIR/0945/2025,2025-03-24,6,3,1,2,2,4,3,3,2025-03-24 19:00:00,2025-03-24 19:30:00,2025-03-24 20:15:00,13.008319,77.696311,"Incident of Burglary reported in Bangalore Urban district at coordinates (13.0083, 77.6963)."
946,0946/2025,FIR/0946/2025,2025-03-12,5,3,1,2,2,3,1,3,2025-03-12 15:00:00,2025-03-12 15:30:00,2025-03-12 16:15:00,13.016559,77.672455,"Incident of Burglary reported in Bangalore Urban district at coordinates (13.0166, 77.6725)."
947,0947/2025,FIR/0947/2025,2025-04-30,6,3,1,2,2,4,2,3,2025-04-30 03:00:00,2025-04-30 03:30:00,2025-04-30 04:15:00,12.817885,77.53257,"Incident of Burglary reported in Bangalore Urban district at coordinates (12.8179, 77.5326)."
948,0948/2025,FIR/0948/2025,2025-03-10,5,3,1,2,2,3,1,3,2025-03-10 23:00:00,2025-03-10 23:30:00,2025-03-10 23:15:00,13.038325,77.706927,"Incident of Burglary reported in Bangalore Urban district at coordinates (13.0383, 77.7069)."
949,0949/2025,FIR/0949/2025,2025-02-25,6,3,1,2,2,4,3,3,2025-02-25 03:00:00,2025-02-25 03:30:00,2025-02-25 04:15:00,13.005846,77.681144,"Incident of Burglary reported in Bangalore Urban district at coordinates (13.0058, 77.6811)."
950,0950/2025,FIR/0950/2025,2025-09-04,5,3,1,2,2,3,1,3,2025-09-04 23:00:00,2025-09-04 23:30:00,2025-09-04 23:15:00,12.943521,77.346261,"Incident of Burglary reported in Bangalore Urban district at coordinates (12.9435, 77.3463)."
951,0951/2025,FIR/0951/2025,2025-09-20,6,3,1,2,2,4,3,3,2025-09-20 01:00:00,2025-09-20 01:30:00,2025-09-20 02:15:00,13.08809,77.52339,"Incident of Burglary reported in Bangalore Urban district at coordinates (13.0881, 77.5234)."
952,0952/2025,FIR/0952/2025,2025-09-20,5,3,1,2,2,3,1,3,2025-09-20 01:00:00,2025-09-20 01:30:00,2025-09-20 02:15:00,13.042553,77.718516,"Incident of Burglary reported in Bangalore Urban district at coordinates (13.0426, 77.7185)."
953,0953/2025,FIR/0953/2025,2025-05-14,6,3,1,2,2,4,2,3,2025-05-14 07:00:00,2025-05-14 07:30:00,2025-05-14 08:15:00,12.811889,77.790853,"Incident of Burglary reported in Bangalore Urban district at coordinates (12.8119, 77.7909)."
954,0954/2025,FIR/0954/2025,2025-11-22,5,3,1,2,2,3,3,3,2025-11-22 08:00:00,2025-11-22 08:30:00,2025-11-22 09:15:00,13.072594,77.522552,"Incident of Burglary reported in Bangalore Urban district at coordinates (13.0726, 77.5226)."
955,0955/2025,FIR/0955/2025,2025-01-31,6,3,1,2,2,4,3,3,2025-01-31 11:00:00,2025-01-31 11:30:00,2025-01-31 12:15:00,12.95178,77.421065,"Incident of Burglary reported in Bangalore Urban district at coordinates (12.9518, 77.4211)."
956,0956/2025,FIR/0956/2025,2025-10-20,5,3,1,2,2,3,3,3,2025-10-20 23:00:00,2025-10-20 23:30:00,2025-10-20 23:15:00,13.108581,77.517896,"Incident of Burglary reported in Bangalore Urban district at coordinates (13.1086, 77.5179)."
957,0957/2025,FIR/0957/2025,2025-03-20,6,3,1,2,2,4,3,3,2025-03-20 07:00:00,2025-03-20 07:30:00,2025-03-20 08:15:00,13.047541,77.716856,"Incident of Burglary reported in Bangalore Urban district at coordinates (13.0475, 77.7169)."
958,0958/2025,FIR/0958/2025,2025-02-22,5,3,1,2,2,3,1,3,2025-02-22 13:00:00,2025-02-22 13:30:00,2025-02-22 14:15:00,13.115634,77.71693,"Incident of Burglary reported in Bangalore Urban district at coordinates (13.1156, 77.7169)."
959,0959/2025,FIR/0959/2025,2025-12-03,6,3,1,2,2,4,3,3,2025-12-03 06:00:00,2025-12-03 06:30:00,2025-12-03 07:15:00,13.095068,77.521676,"Incident of Burglary reported in Bangalore Urban district at coordinates (13.0951, 77.5217)."
960,0960/2025,FIR/0960/2025,2025-05-16,5,3,1,2,2,3,1,3,2025-05-16 09:00:00,2025-05-16 09:30:00,2025-05-16 10:15:00,13.044399,77.699571,"Incident of Burglary reported in Bangalore Urban district at coordinates (13.0444, 77.6996)."
961,0961/2025,FIR/0961/2025,2025-09-09,6,3,1,2,2,4,1,3,2025-09-09 20:00:00,2025-09-09 20:30:00,2025-09-09 21:15:00,13.125574,77.718451,"Incident of Burglary reported in Bangalore Urban district at coordinates (13.1256, 77.7185)."
962,0962/2025,FIR/0962/2025,2025-11-20,5,3,1,2,2,3,3,3,2025-11-20 02:00:00,2025-11-20 02:30:00,2025-11-20 03:15:00,13.056256,77.72049,"Incident of Burglary reported in Bangalore Urban district at coordinates (13.0563, 77.7205)."
963,0963/2025,FIR/0963/2025,2025-04-04,6,3,1,2,2,4,3,3,2025-04-04 03:00:00,2025-04-04 03:30:00,2025-04-04 04:15:00,13.120166,77.704948,"Incident of Burglary reported in Bangalore Urban district at coordinates (13.1202, 77.7049)."
964,0964/2025,FIR/0964/2025,2025-09-10,5,3,1,2,2,3,2,3,2025-09-10 07:00:00,2025-09-10 07:30:00,2025-09-10 08:15:00,13.099352,77.516236,"Incident of Burglary reported in Bangalore Urban district at coordinates (13.0994, 77.5162)."
965,0965/2025,FIR/0965/2025,2025-02-05,6,3,1,2,2,4,3,3,2025-02-05 02:00:00,2025-02-05 02:30:00,2025-02-05 03:15:00,13.102111,77.526509,"Incident of Burglary reported in Bangalore Urban district at coordinates (13.1021, 77.5265)."
966,0966/2025,FIR/0966/2025,2025-10-09,5,3,1,2,2,3,3,3,2025-10-09 21:00:00,2025-10-09 21:30:00,2025-10-09 22:15:00,13.125608,77.7096,"Incident of Burglary reported in Bangalore Urban district at coordinates (13.1256, 77.7096)."
967,0967/2025,FIR/0967/2025,2025-05-23,6,3,1,2,2,4,1,3,2025-05-23 07:00:00,2025-05-23 07:30:00,2025-05-23 08:15:00,13.007192,77.685465,"Incident of Burglary reported in Bangalore Urban district at coordinates (13.0072, 77.6855)."
968,0968/2025,FIR/0968/2025,2025-07-20,5,3,1,2,2,3,3,3,2025-07-20 09:00:00,2025-07-20 09:30:00,2025-07-20 10:15:00,13.042222,77.714148,"Incident of Burglary reported in Bangalore Urban district at coordinates (13.0422, 77.7141)."
969,0969/2025,FIR/0969/2025,2025-12-11,6,3,1,2,2,4,3,3,2025-12-11 04:00:00,2025-12-11 04:30:00,2025-12-11 05:15:00,13.121081,77.720192,"Incident of Burglary reported in Bangalore Urban district at coordinates (13.1211, 77.7202)."
970,0970/2025,FIR/0970/2025,2025-03-30,5,3,1,2,2,3,3,3,2025-03-30 17:00:00,2025-03-30 17:30:00,2025-03-30 18:15:00,13.032212,77.729674,"Incident of Burglary reported in Bangalore Urban district at coordinates (13.0322, 77.7297)."
971,0971/2025,FIR/0971/2025,2025-03-15,6,3,1,2,2,4,2,3,2025-03-15 06:00:00,2025-03-15 06:30:00,2025-03-15 07:15:00,13.000828,77.711337,"Incident of Burglary reported in Bangalore Urban district at coordinates (13.0008, 77.7113)."
972,0972/2025,FIR/0972/2025,2025-05-10,5,3,1,2,2,3,2,3,2025-05-10 02:00:00,2025-05-10 02:30:00,2025-05-10 03:15:00,13.021939,77.683251,"Incident of Burglary reported in Bangalore Urban district at coordinates (13.0219, 77.6833)."
973,0973/2025,FIR/0973/2025,2025-11-12,6,3,1,2,2,4,1,3,2025-11-12 07:00:00,2025-11-12 07:30:00,2025-11-12 08:15:00,13.13269,77.709435,"Incident of Burglary reported in Bangalore Urban district at coordinates (13.1327, 77.7094)."
974,0974/2025,FIR/0974/2025,2025-06-30,5,3,1,2,2,3,2,3,2025-06-30 18:00:00,2025-06-30 18:30:00,2025-06-30 19:15:00,13.127608,77.705207,"Incident of Burglary reported in Bangalore Urban district at coordinates (13.1276, 77.7052)."
975,0975/2025,FIR/0975/2025,2025-11-27,6,3,1,2,2,4,3,3,2025-11-27 04:00:00,2025-11-27 04:30:00,2025-11-27 05:15:00,13.125268,77.702275,"Incident of Burglary reported in Bangalore Urban district at coordinates (13.1253, 77.7023)."
976,0976/2025,FIR/0976/2025,2025-11-23,5,3,1,2,2,3,1,3,2025-11-23 16:00:00,2025-11-23 16:30:00,2025-11-23 17:15:00,13.021972,77.689234,"Incident of Burglary reported in Bangalore Urban district at coordinates (13.0220, 77.6892)."
977,0977/2025,FIR/0977/2025,2025-08-22,6,3,1,2,2,4,2,3,2025-08-22 01:00:00,2025-08-22 01:30:00,2025-08-22 02:15:00,13.092475,77.508532,"Incident of Burglary reported in Bangalore Urban district at coordinates (13.0925, 77.5085)."
978,0978/2025,FIR/0978/2025,2025-03-16,5,3,1,2,2,3,2,3,2025-03-16 14:00:00,2025-03-16 14:30:00,2025-03-16 15:15:00,13.108165,77.517616,"Incident of Burglary reported in Bangalore Urban district at coordinates (13.1082, 77.5176)."
979,0979/2025,FIR/0979/2025,2025-12-10,6,3,1,2,2,4,1,3,2025-12-10 06:00:00,2025-12-10 06:30:00,2025-12-10 07:15:00,12.991675,77.679084,"Incident of Burglary reported in Bangalore Urban district at coordinates (12.9917, 77.6791)."
980,0980/2025,FIR/0980/2025,2025-04-12,5,3,1,2,2,3,3,3,2025-04-12 00:00:00,2025-04-12 00:30:00,2025-04-12 01:15:00,13.008861,77.701121,"Incident of Burglary reported in Bangalore Urban district at coordinates (13.0089, 77.7011)."
981,0981/2025,FIR/0981/2025,2025-08-29,6,3,1,2,2,4,1,3,2025-08-29 23:00:00,2025-08-29 23:30:00,2025-08-29 23:15:00,12.940698,77.359511,"Incident of Burglary reported in Bangalore Urban district at coordinates (12.9407, 77.3595)."
982,0982/2025,FIR/0982/2025,2025-05-11,5,3,1,2,2,3,1,3,2025-05-11 20:00:00,2025-05-11 20:30:00,2025-05-11 21:15:00,13.129266,77.710088,"Incident of Burglary reported in Bangalore Urban district at coordinates (13.1293, 77.7101)."
983,0983/2025,FIR/0983/2025,2025-05-31,6,3,1,2,2,4,3,3,2025-05-31 06:00:00,2025-05-31 06:30:00,2025-05-31 07:15:00,13.008406,77.437067,"Incident of Burglary reported in Bangalore Urban district at coordinates (13.0084, 77.4371)."
984,0984/2025,FIR/0984/2025,2025-05-16,5,3,1,2,2,3,2,3,2025-05-16 02:00:00,2025-05-16 02:30:00,2025-05-16 03:15:00,12.91465,77.745712,"Incident of Burglary reported in Bangalore Urban district at coordinates (12.9146, 77.7457)."
985,0985/2025,FIR/0985/2025,2025-04-08,6,3,1,2,2,4,2,3,2025-04-08 21:00:00,2025-04-08 21:30:00,2025-04-08 22:15:00,13.122117,77.719309,"Incident of Burglary reported in Bangalore Urban district at coordinates (13.1221, 77.7193)."
986,0986/2025,FIR/0986/2025,2025-06-17,5,3,1,2,2,3,2,3,2025-06-17 10:00:00,2025-06-17 10:30:00,2025-06-17 11:15:00,12.959303,77.562061,"Incident of Burglary reported in Bangalore Urban district at coordinates (12.9593, 77.5621)."
987,0987/2025,FIR/0987/2025,2025-01-31,6,3,1,2,2,4,2,3,2025-01-31 02:00:00,2025-01-31 02:30:00,2025-01-31 03:15:00,13.038715,77.722475,"Incident of Burglary reported in Bangalore Urban district at coordinates (13.0387, 77.7225)."
988,0988/2025,FIR/0988/2025,2025-07-28,5,3,1,2,2,3,3,3,2025-07-28 21:00:00,2025-07-28 21:30:00,2025-07-28 22:15:00,12.936507,77.369537,"Incident of Burglary reported in Bangalore Urban district at coordinates (12.9365, 77.3695)."
989,0989/2025,FIR/0989/2025,2025-10-31,6,3,1,2,2,4,1,3,2025-10-31 02:00:00,2025-10-31 02:30:00,2025-10-31 03:15:00,13.123708,77.712449,"Incident of Burglary reported in Bangalore Urban district at coordinates (13.1237, 77.7124)."
990,0990/2025,FIR/0990/2025,2025-11-27,5,3,1,2,2,3,1,3,2025-11-27 13:00:00,2025-11-27 13:30:00,2025-11-27 14:15:00,13.020427,77.702048,"Incident of Burglary reported in Bangalore Urban district at coordinates (13.0204, 77.7020)."
991,0991/2025,FIR/0991/2025,2025-02-07,6,3,1,2,2,4,2,3,2025-02-07 07:00:00,2025-02-07 07:30:00,2025-02-07 08:15:00,13.034919,77.71415,"Incident of Burglary reported in Bangalore Urban district at coordinates (13.0349, 77.7142)."
992,0992/2025,FIR/0992/2025,2025-10-28,5,3,1,2,2,3,3,3,2025-10-28 13:00:00,2025-10-28 13:30:00,2025-10-28 14:15:00,13.043492,77.7179,"Incident of Burglary reported in Bangalore Urban district at coordinates (13.0435, 77.7179)."
993,0993/2025,FIR/0993/2025,2025-12-07,6,3,1,2,2,4,1,3,2025-12-07 01:00:00,2025-12-07 01:30:00,2025-12-07 02:15:00,13.057466,77.713355,"Incident of Burglary reported in Bangalore Urban district at coordinates (13.0575, 77.7134)."
994,0994/2025,FIR/0994/2025,2025-12-21,5,3,1,2,2,3,1,3,2025-12-21 05:00:00,2025-12-21 05:30:00,2025-12-21 06:15:00,13.004992,77.628451,"Incident of Burglary reported in Bangalore Urban district at coordinates (13.0050, 77.6285)."
995,0995/2025,FIR/0995/2025,2025-01-26,6,3,1,2,2,4,1,3,2025-01-26 20:00:00,2025-01-26 20:30:00,2025-01-26 21:15:00,13.105042,77.519306,"Incident of Burglary reported in Bangalore Urban district at coordinates (13.1050, 77.5193)."
996,0996/2025,FIR/0996/2025,2025-12-11,5,3,1,2,2,3,3,3,2025-12-11 13:00:00,2025-12-11 13:30:00,2025-12-11 14:15:00,13.13773,77.703313,"Incident of Burglary reported in Bangalore Urban district at coordinates (13.1377, 77.7033)."
997,0997/2025,FIR/0997/2025,2025-02-16,6,3,1,2,2,4,2,3,2025-02-16 03:00:00,2025-02-16 03:30:00,2025-02-16 04:15:00,12.864553,77.791539,"Incident of Burglary reported in Bangalore Urban district at coordinates (12.8646, 77.7915)."
998,0998/2025,FIR/0998/2025,2025-04-15,5,3,1,2,2,3,1,3,2025-04-15 02:00:00,2025-04-15 02:30:00,2025-04-15 03:15:00,13.096213,77.517265,"Incident of Burglary reported in Bangalore Urban district at coordinates (13.0962, 77.5173)."
999,0999/2025,FIR/0999/2025,2025-03-14,6,3,1,2,2,4,2,3,2025-03-14 14:00:00,2025-03-14 14:30:00,2025-03-14 15:15:00,12.703461,77.730171,"Incident of Burglary reported in Bangalore Urban district at coordinates (12.7035, 77.7302)."
1000,1000/2025,FIR/1000/2025,2025-01-31,5,3,1,2,2,3,3,3,2025-01-31 06:00:00,2025-01-31 06:30:00,2025-01-31 07:15:00,12.923895,77.356167,"Incident of Burglary reported in Bangalore Urban district at coordinates (12.9239, 77.3562)."
1001,1001/2025,FIR/1001/2025,2025-04-26,6,3,1,2,2,4,1,3,2025-04-26 18:00:00,2025-04-26 18:30:00,2025-04-26 19:15:00,12.936779,77.364251,"Incident of Burglary reported in Bangalore Urban district at coordinates (12.9368, 77.3643)."
1002,1002/2025,FIR/1002/2025,2025-08-28,5,3,1,2,2,3,1,3,2025-08-28 01:00:00,2025-08-28 01:30:00,2025-08-28 02:15:00,13.051604,77.716646,"Incident of Burglary reported in Bangalore Urban district at coordinates (13.0516, 77.7166)."
1003,1003/2025,FIR/1003/2025,2025-08-26,6,3,1,2,2,4,3,3,2025-08-26 15:00:00,2025-08-26 15:30:00,2025-08-26 16:15:00,13.038967,77.717747,"Incident of Burglary reported in Bangalore Urban district at coordinates (13.0390, 77.7177)."
1004,1004/2025,FIR/1004/2025,2025-10-17,5,3,1,2,2,3,3,3,2025-10-17 08:00:00,2025-10-17 08:30:00,2025-10-17 09:15:00,12.939697,77.351938,"Incident of Burglary reported in Bangalore Urban district at coordinates (12.9397, 77.3519)."
1005,1005/2025,FIR/1005/2025,2025-06-07,6,3,1,2,2,4,2,3,2025-06-07 17:00:00,2025-06-07 17:30:00,2025-06-07 18:15:00,13.044071,77.710026,"Incident of Burglary reported in Bangalore Urban district at coordinates (13.0441, 77.7100)."
1006,1006/2025,FIR/1006/2025,2025-11-10,5,3,1,2,2,3,1,3,2025-11-10 07:00:00,2025-11-10 07:30:00,2025-11-10 08:15:00,13.029394,77.714275,"Incident of Burglary reported in Bangalore Urban district at coordinates (13.0294, 77.7143)."
1007,1007/2025,FIR/1007/2025,2025-09-03,6,3,1,2,2,4,2,3,2025-09-03 17:00:00,2025-09-03 17:30:00,2025-09-03 18:15:00,13.136268,77.697399,"Incident of Burglary reported in Bangalore Urban district at coordinates (13.1363, 77.6974)."
1008,1008/2025,FIR/1008/2025,2025-11-14,5,3,1,2,2,3,2,3,2025-11-14 22:00:00,2025-11-14 22:30:00,2025-11-14 23:15:00,13.095261,77.514257,"Incident of Burglary reported in Bangalore Urban district at coordinates (13.0953, 77.5143)."
1009,1009/2025,FIR/1009/2025,2025-11-15,6,3,1,2,2,4,2,3,2025-11-15 08:00:00,2025-11-15 08:30:00,2025-11-15 09:15:00,13.085884,77.512818,"Incident of Burglary reported in Bangalore Urban district at coordinates (13.0859, 77.5128)."
1010,1010/2025,FIR/1010/2025,2025-10-17,5,3,1,2,2,3,3,3,2025-10-17 12:00:00,2025-10-17 12:30:00,2025-10-17 13:15:00,12.939839,77.353598,"Incident of Burglary reported in Bangalore Urban district at coordinates (12.9398, 77.3536)."
1011,1011/2025,FIR/1011/2025,2025-04-28,6,3,1,2,2,4,3,3,2025-04-28 03:00:00,2025-04-28 03:30:00,2025-04-28 04:15:00,13.095153,77.520131,"Incident of Burglary reported in Bangalore Urban district at coordinates (13.0952, 77.5201)."
1012,1012/2025,FIR/1012/2025,2025-08-02,5,3,1,2,2,3,2,3,2025-08-02 05:00:00,2025-08-02 05:30:00,2025-08-02 06:15:00,12.942495,77.352822,"Incident of Burglary reported in Bangalore Urban district at coordinates (12.9425, 77.3528)."
1013,1013/2025,FIR/1013/2025,2025-04-15,6,3,1,2,2,4,1,3,2025-04-15 09:00:00,2025-04-15 09:30:00,2025-04-15 10:15:00,12.907651,77.552888,"Incident of Burglary reported in Bangalore Urban district at coordinates (12.9077, 77.5529)."
1014,1014/2025,FIR/1014/2025,2025-02-10,5,3,1,2,2,3,1,3,2025-02-10 16:00:00,2025-02-10 16:30:00,2025-02-10 17:15:00,13.044858,77.723217,"Incident of Burglary reported in Bangalore Urban district at coordinates (13.0449, 77.7232)."
1015,1015/2025,FIR/1015/2025,2025-06-15,6,3,1,2,2,4,3,3,2025-06-15 20:00:00,2025-06-15 20:30:00,2025-06-15 21:15:00,13.134943,77.712583,"Incident of Burglary reported in Bangalore Urban district at coordinates (13.1349, 77.7126)."
1016,1016/2025,FIR/1016/2025,2025-01-09,5,3,1,2,2,3,1,3,2025-01-09 23:00:00,2025-01-09 23:30:00,2025-01-09 23:15:00,13.050171,77.539543,"Incident of Burglary reported in Bangalore Urban district at coordinates (13.0502, 77.5395)."
1017,1017/2025,FIR/1017/2025,2025-07-11,6,3,1,2,2,4,1,3,2025-07-11 12:00:00,2025-07-11 12:30:00,2025-07-11 13:15:00,13.117525,77.705993,"Incident of Burglary reported in Bangalore Urban district at coordinates (13.1175, 77.7060)."
1018,1018/2025,FIR/1018/2025,2025-03-08,5,3,1,2,2,3,2,3,2025-03-08 20:00:00,2025-03-08 20:30:00,2025-03-08 21:15:00,12.930678,77.34729,"Incident of Burglary reported in Bangalore Urban district at coordinates (12.9307, 77.3473)."
1019,1019/2025,FIR/1019/2025,2025-07-15,6,3,1,2,2,4,3,3,2025-07-15 16:00:00,2025-07-15 16:30:00,2025-07-15 17:15:00,12.937832,77.342544,"Incident of Burglary reported in Bangalore Urban district at coordinates (12.9378, 77.3425)."
1020,1020/2025,FIR/1020/2025,2025-10-29,5,3,1,2,2,3,1,3,2025-10-29 07:00:00,2025-10-29 07:30:00,2025-10-29 08:15:00,12.997011,77.702052,"Incident of Burglary reported in Bangalore Urban district at coordinates (12.9970, 77.7021)."
1021,1021/2025,FIR/1021/2025,2025-01-17,6,3,1,2,2,4,1,3,2025-01-17 22:00:00,2025-01-17 22:30:00,2025-01-17 23:15:00,13.006278,77.692995,"Incident of Burglary reported in Bangalore Urban district at coordinates (13.0063, 77.6930)."
1022,1022/2025,FIR/1022/2025,2025-07-27,5,3,1,2,2,3,1,3,2025-07-27 12:00:00,2025-07-27 12:30:00,2025-07-27 13:15:00,13.023512,77.725223,"Incident of Burglary reported in Bangalore Urban district at coordinates (13.0235, 77.7252)."
1023,1023/2025,FIR/1023/2025,2025-02-18,6,3,1,2,2,4,2,3,2025-02-18 14:00:00,2025-02-18 14:30:00,2025-02-18 15:15:00,13.038421,77.72464,"Incident of Burglary reported in Bangalore Urban district at coordinates (13.0384, 77.7246)."
1024,1024/2025,FIR/1024/2025,2025-07-27,5,3,1,2,2,3,3,3,2025-07-27 03:00:00,2025-07-27 03:30:00,2025-07-27 04:15:00,13.05177,77.722647,"Incident of Burglary reported in Bangalore Urban district at coordinates (13.0518, 77.7226)."
1025,1025/2025,FIR/1025/2025,2025-03-12,6,3,1,2,2,4,2,3,2025-03-12 00:00:00,2025-03-12 00:30:00,2025-03-12 01:15:00,13.048977,77.704765,"Incident of Burglary reported in Bangalore Urban district at coordinates (13.0490, 77.7048)."
1026,1026/2025,FIR/1026/2025,2025-12-13,5,3,1,2,2,3,1,3,2025-12-13 02:00:00,2025-12-13 02:30:00,2025-12-13 03:15:00,13.101144,77.517385,"Incident of Burglary reported in Bangalore Urban district at coordinates (13.1011, 77.5174)."
1027,1027/2025,FIR/1027/2025,2025-11-01,6,3,1,2,2,4,2,3,2025-11-01 20:00:00,2025-11-01 20:30:00,2025-11-01 21:15:00,13.039118,77.715007,"Incident of Burglary reported in Bangalore Urban district at coordinates (13.0391, 77.7150)."
1028,1028/2025,FIR/1028/2025,2025-07-25,5,3,1,2,2,3,2,3,2025-07-25 03:00:00,2025-07-25 03:30:00,2025-07-25 04:15:00,12.934398,77.361545,"Incident of Burglary reported in Bangalore Urban district at coordinates (12.9344, 77.3615)."
1029,1029/2025,FIR/1029/2025,2025-01-01,6,3,1,2,2,4,2,3,2025-01-01 21:00:00,2025-01-01 21:30:00,2025-01-01 22:15:00,12.931757,77.347112,"Incident of Burglary reported in Bangalore Urban district at coordinates (12.9318, 77.3471)."
1030,1030/2025,FIR/1030/2025,2025-04-12,5,3,1,2,2,3,3,3,2025-04-12 04:00:00,2025-04-12 04:30:00,2025-04-12 05:15:00,13.010193,77.702989,"Incident of Burglary reported in Bangalore Urban district at coordinates (13.0102, 77.7030)."
1031,1031/2025,FIR/1031/2025,2025-06-09,6,3,1,2,2,4,1,3,2025-06-09 13:00:00,2025-06-09 13:30:00,2025-06-09 14:15:00,13.092867,77.514322,"Incident of Burglary reported in Bangalore Urban district at coordinates (13.0929, 77.5143)."
1032,1032/2025,FIR/1032/2025,2025-03-11,5,3,1,2,2,3,3,3,2025-03-11 11:00:00,2025-03-11 11:30:00,2025-03-11 12:15:00,13.124976,77.708702,"Incident of Burglary reported in Bangalore Urban district at coordinates (13.1250, 77.7087)."
1033,1033/2025,FIR/1033/2025,2025-08-28,6,3,1,2,2,4,3,3,2025-08-28 04:00:00,2025-08-28 04:30:00,2025-08-28 05:15:00,13.098305,77.514279,"Incident of Burglary reported in Bangalore Urban district at coordinates (13.0983, 77.5143)."
1034,1034/2025,FIR/1034/2025,2025-03-30,5,3,1,2,2,3,2,3,2025-03-30 02:00:00,2025-03-30 02:30:00,2025-03-30 03:15:00,13.132168,77.701608,"Incident of Burglary reported in Bangalore Urban district at coordinates (13.1322, 77.7016)."
1035,1035/2025,FIR/1035/2025,2025-12-20,6,3,1,2,2,4,3,3,2025-12-20 04:00:00,2025-12-20 04:30:00,2025-12-20 05:15:00,12.890375,77.426062,"Incident of Burglary reported in Bangalore Urban district at coordinates (12.8904, 77.4261)."
1036,1036/2025,FIR/1036/2025,2025-06-23,5,3,1,2,2,3,2,3,2025-06-23 11:00:00,2025-06-23 11:30:00,2025-06-23 12:15:00,12.86798,77.40282,"Incident of Burglary reported in Bangalore Urban district at coordinates (12.8680, 77.4028)."
1037,1037/2025,FIR/1037/2025,2025-11-15,6,3,1,2,2,4,3,3,2025-11-15 16:00:00,2025-11-15 16:30:00,2025-11-15 17:15:00,13.1124,77.709931,"Incident of Burglary reported in Bangalore Urban district at coordinates (13.1124, 77.7099)."
1038,1038/2025,FIR/1038/2025,2025-02-09,5,3,1,2,2,3,2,3,2025-02-09 09:00:00,2025-02-09 09:30:00,2025-02-09 10:15:00,13.098325,77.429692,"Incident of Burglary reported in Bangalore Urban district at coordinates (13.0983, 77.4297)."
1039,1039/2025,FIR/1039/2025,2025-09-22,6,3,1,2,2,4,2,3,2025-09-22 12:00:00,2025-09-22 12:30:00,2025-09-22 13:15:00,12.932861,77.360672,"Incident of Burglary reported in Bangalore Urban district at coordinates (12.9329, 77.3607)."
1040,1040/2025,FIR/1040/2025,2025-07-15,5,3,1,2,2,3,1,3,2025-07-15 03:00:00,2025-07-15 03:30:00,2025-07-15 04:15:00,12.925192,77.360069,"Incident of Burglary reported in Bangalore Urban district at coordinates (12.9252, 77.3601)."
1041,1041/2025,FIR/1041/2025,2025-08-01,6,3,1,2,2,4,3,3,2025-08-01 01:00:00,2025-08-01 01:30:00,2025-08-01 02:15:00,13.127523,77.699741,"Incident of Burglary reported in Bangalore Urban district at coordinates (13.1275, 77.6997)."
1042,1042/2025,FIR/1042/2025,2025-01-05,5,3,1,2,2,3,3,3,2025-01-05 14:00:00,2025-01-05 14:30:00,2025-01-05 15:15:00,13.121898,77.696746,"Incident of Burglary reported in Bangalore Urban district at coordinates (13.1219, 77.6967)."
1043,1043/2025,FIR/1043/2025,2025-06-29,6,3,1,2,2,4,1,3,2025-06-29 13:00:00,2025-06-29 13:30:00,2025-06-29 14:15:00,13.009201,77.696403,"Incident of Burglary reported in Bangalore Urban district at coordinates (13.0092, 77.6964)."
1044,1044/2025,FIR/1044/2025,2025-02-16,5,3,1,2,2,3,1,3,2025-02-16 08:00:00,2025-02-16 08:30:00,2025-02-16 09:15:00,12.969442,77.731728,"Incident of Burglary reported in Bangalore Urban district at coordinates (12.9694, 77.7317)."
1045,1045/2025,FIR/1045/2025,2025-10-05,6,3,1,2,2,4,1,3,2025-10-05 13:00:00,2025-10-05 13:30:00,2025-10-05 14:15:00,13.033449,77.720253,"Incident of Burglary reported in Bangalore Urban district at coordinates (13.0334, 77.7203)."
1046,1046/2025,FIR/1046/2025,2025-10-24,5,3,1,2,2,3,1,3,2025-10-24 17:00:00,2025-10-24 17:30:00,2025-10-24 18:15:00,13.022435,77.692274,"Incident of Burglary reported in Bangalore Urban district at coordinates (13.0224, 77.6923)."
1047,1047/2025,FIR/1047/2025,2025-02-22,6,3,1,2,2,4,3,3,2025-02-22 17:00:00,2025-02-22 17:30:00,2025-02-22 18:15:00,13.121476,77.700674,"Incident of Burglary reported in Bangalore Urban district at coordinates (13.1215, 77.7007)."
1048,1048/2025,FIR/1048/2025,2025-02-20,5,3,1,2,2,3,1,3,2025-02-20 15:00:00,2025-02-20 15:30:00,2025-02-20 16:15:00,12.999684,77.698714,"Incident of Burglary reported in Bangalore Urban district at coordinates (12.9997, 77.6987)."
1049,1049/2025,FIR/1049/2025,2025-05-28,6,3,1,2,2,4,1,3,2025-05-28 01:00:00,2025-05-28 01:30:00,2025-05-28 02:15:00,13.019556,77.686974,"Incident of Burglary reported in Bangalore Urban district at coordinates (13.0196, 77.6870)."
1050,1050/2025,FIR/1050/2025,2025-12-22,5,3,1,2,2,3,3,3,2025-12-22 18:00:00,2025-12-22 18:30:00,2025-12-22 19:15:00,12.943412,77.356094,"Incident of Burglary reported in Bangalore Urban district at coordinates (12.9434, 77.3561)."
1051,1051/2025,FIR/1051/2025,2025-01-08,6,3,1,2,2,4,1,3,2025-01-08 14:00:00,2025-01-08 14:30:00,2025-01-08 15:15:00,13.012981,77.691593,"Incident of Burglary reported in Bangalore Urban district at coordinates (13.0130, 77.6916)."
1052,1052/2025,FIR/1052/2025,2025-06-22,5,3,1,2,2,3,1,3,2025-06-22 22:00:00,2025-06-22 22:30:00,2025-06-22 23:15:00,12.926726,77.361584,"Incident of Burglary reported in Bangalore Urban district at coordinates (12.9267, 77.3616)."
1053,1053/2025,FIR/1053/2025,2025-09-25,6,3,1,2,2,4,1,3,2025-09-25 11:00:00,2025-09-25 11:30:00,2025-09-25 12:15:00,13.076781,77.753677,"Incident of Burglary reported in Bangalore Urban district at coordinates (13.0768, 77.7537)."
1054,1054/2025,FIR/1054/2025,2025-09-06,5,3,1,2,2,3,2,3,2025-09-06 20:00:00,2025-09-06 20:30:00,2025-09-06 21:15:00,13.100355,77.512128,"Incident of Burglary reported in Bangalore Urban district at coordinates (13.1004, 77.5121)."
1055,1055/2025,FIR/1055/2025,2025-07-10,6,3,1,2,2,4,1,3,2025-07-10 09:00:00,2025-07-10 09:30:00,2025-07-10 10:15:00,12.925709,77.466858,"Incident of Burglary reported in Bangalore Urban district at coordinates (12.9257, 77.4669)."
1056,1056/2025,FIR/1056/2025,2025-01-25,5,3,1,1,1,1,2,3,2025-01-25 10:00:00,2025-01-25 10:30:00,2025-01-25 11:15:00,13.117085,77.720525,"Incident of Assault reported in Bangalore Urban district at coordinates (13.1171, 77.7205)."
1057,1057/2025,FIR/1057/2025,2025-12-08,6,3,1,1,1,2,1,3,2025-12-08 15:00:00,2025-12-08 15:30:00,2025-12-08 16:15:00,13.090923,77.521342,"Incident of Assault reported in Bangalore Urban district at coordinates (13.0909, 77.5213)."
1058,1058/2025,FIR/1058/2025,2025-05-02,5,3,1,1,1,1,3,3,2025-05-02 23:00:00,2025-05-02 23:30:00,2025-05-02 23:15:00,13.101894,77.522851,"Incident of Assault reported in Bangalore Urban district at coordinates (13.1019, 77.5229)."
1059,1059/2025,FIR/1059/2025,2025-08-12,6,3,1,1,1,2,1,3,2025-08-12 04:00:00,2025-08-12 04:30:00,2025-08-12 05:15:00,13.131958,77.719738,"Incident of Assault reported in Bangalore Urban district at coordinates (13.1320, 77.7197)."
1060,1060/2025,FIR/1060/2025,2025-01-04,5,3,1,1,1,1,2,3,2025-01-04 18:00:00,2025-01-04 18:30:00,2025-01-04 19:15:00,13.045746,77.710142,"Incident of Assault reported in Bangalore Urban district at coordinates (13.0457, 77.7101)."
1061,1061/2025,FIR/1061/2025,2025-07-06,6,3,1,1,1,2,1,3,2025-07-06 05:00:00,2025-07-06 05:30:00,2025-07-06 06:15:00,13.006022,77.69151,"Incident of Assault reported in Bangalore Urban district at coordinates (13.0060, 77.6915)."
1062,1062/2025,FIR/1062/2025,2025-12-22,5,3,1,1,1,1,1,3,2025-12-22 16:00:00,2025-12-22 16:30:00,2025-12-22 17:15:00,12.930235,77.360538,"Incident of Assault reported in Bangalore Urban district at coordinates (12.9302, 77.3605)."
1063,1063/2025,FIR/1063/2025,2025-01-25,6,3,1,1,1,2,1,3,2025-01-25 09:00:00,2025-01-25 09:30:00,2025-01-25 10:15:00,13.023339,77.722556,"Incident of Assault reported in Bangalore Urban district at coordinates (13.0233, 77.7226)."
1064,1064/2025,FIR/1064/2025,2025-12-27,5,3,1,1,1,1,3,3,2025-12-27 10:00:00,2025-12-27 10:30:00,2025-12-27 11:15:00,12.930177,77.346938,"Incident of Assault reported in Bangalore Urban district at coordinates (12.9302, 77.3469)."
1065,1065/2025,FIR/1065/2025,2025-09-22,6,3,1,1,1,2,1,3,2025-09-22 12:00:00,2025-09-22 12:30:00,2025-09-22 13:15:00,12.861641,77.440837,"Incident of Assault reported in Bangalore Urban district at coordinates (12.8616, 77.4408)."
1066,1066/2025,FIR/1066/2025,2025-06-19,5,3,1,1,1,1,2,3,2025-06-19 19:00:00,2025-06-19 19:30:00,2025-06-19 20:15:00,13.118134,77.705383,"Incident of Assault reported in Bangalore Urban district at coordinates (13.1181, 77.7054)."
1067,1067/2025,FIR/1067/2025,2025-08-08,6,3,1,1,1,2,2,3,2025-08-08 22:00:00,2025-08-08 22:30:00,2025-08-08 23:15:00,12.674715,77.699037,"Incident of Assault reported in Bangalore Urban district at coordinates (12.6747, 77.6990)."
1068,1068/2025,FIR/1068/2025,2025-07-26,5,3,1,1,1,1,1,3,2025-07-26 18:00:00,2025-07-26 18:30:00,2025-07-26 19:15:00,12.936587,77.354762,"Incident of Assault reported in Bangalore Urban district at coordinates (12.9366, 77.3548)."
1069,1069/2025,FIR/1069/2025,2025-02-24,6,3,1,1,1,2,1,3,2025-02-24 01:00:00,2025-02-24 01:30:00,2025-02-24 02:15:00,12.902381,77.661892,"Incident of Assault reported in Bangalore Urban district at coordinates (12.9024, 77.6619)."
1070,1070/2025,FIR/1070/2025,2025-10-27,5,3,1,1,1,1,2,3,2025-10-27 15:00:00,2025-10-27 15:30:00,2025-10-27 16:15:00,13.0124,77.693186,"Incident of Assault reported in Bangalore Urban district at coordinates (13.0124, 77.6932)."
1071,1071/2025,FIR/1071/2025,2025-12-15,6,3,1,1,1,2,2,3,2025-12-15 21:00:00,2025-12-15 21:30:00,2025-12-15 22:15:00,13.005883,77.695432,"Incident of Assault reported in Bangalore Urban district at coordinates (13.0059, 77.6954)."
1072,1072/2025,FIR/1072/2025,2025-06-19,5,3,1,1,1,1,1,3,2025-06-19 01:00:00,2025-06-19 01:30:00,2025-06-19 02:15:00,12.969056,77.64849,"Incident of Assault reported in Bangalore Urban district at coordinates (12.9691, 77.6485)."
1073,1073/2025,FIR/1073/2025,2025-07-23,6,3,1,1,1,2,1,3,2025-07-23 18:00:00,2025-07-23 18:30:00,2025-07-23 19:15:00,13.134136,77.714823,"Incident of Assault reported in Bangalore Urban district at coordinates (13.1341, 77.7148)."
1074,1074/2025,FIR/1074/2025,2025-07-08,5,3,1,1,1,1,1,3,2025-07-08 14:00:00,2025-07-08 14:30:00,2025-07-08 15:15:00,13.009481,77.689711,"Incident of Assault reported in Bangalore Urban district at coordinates (13.0095, 77.6897)."
1075,1075/2025,FIR/1075/2025,2025-08-25,6,3,1,1,1,2,3,3,2025-08-25 12:00:00,2025-08-25 12:30:00,2025-08-25 13:15:00,12.928186,77.35804,"Incident of Assault reported in Bangalore Urban district at coordinates (12.9282, 77.3580)."
1076,1076/2025,FIR/1076/2025,2025-07-19,5,3,1,1,1,1,2,3,2025-07-19 22:00:00,2025-07-19 22:30:00,2025-07-19 23:15:00,13.042825,77.728011,"Incident of Assault reported in Bangalore Urban district at coordinates (13.0428, 77.7280)."
1077,1077/2025,FIR/1077/2025,2025-10-10,6,3,1,1,1,2,1,3,2025-10-10 00:00:00,2025-10-10 00:30:00,2025-10-10 01:15:00,13.043869,77.721021,"Incident of Assault reported in Bangalore Urban district at coordinates (13.0439, 77.7210)."
1078,1078/2025,FIR/1078/2025,2025-01-04,5,3,1,1,1,1,2,3,2025-01-04 14:00:00,2025-01-04 14:30:00,2025-01-04 15:15:00,13.126312,77.707161,"Incident of Assault reported in Bangalore Urban district at coordinates (13.1263, 77.7072)."
1079,1079/2025,FIR/1079/2025,2025-10-18,6,3,1,1,1,2,3,3,2025-10-18 00:00:00,2025-10-18 00:30:00,2025-10-18 01:15:00,13.007377,77.679628,"Incident of Assault reported in Bangalore Urban district at coordinates (13.0074, 77.6796)."
1080,1080/2025,FIR/1080/2025,2025-03-26,5,3,1,1,1,1,3,3,2025-03-26 05:00:00,2025-03-26 05:30:00,2025-03-26 06:15:00,12.930024,77.339731,"Incident of Assault reported in Bangalore Urban district at coordinates (12.9300, 77.3397)."
1081,1081/2025,FIR/1081/2025,2025-05-26,6,3,1,1,1,2,2,3,2025-05-26 19:00:00,2025-05-26 19:30:00,2025-05-26 20:15:00,13.130332,77.709462,"Incident of Assault reported in Bangalore Urban district at coordinates (13.1303, 77.7095)."
1082,1082/2025,FIR/1082/2025,2025-09-07,5,3,1,1,1,1,2,3,2025-09-07 10:00:00,2025-09-07 10:30:00,2025-09-07 11:15:00,13.08877,77.525601,"Incident of Assault reported in Bangalore Urban district at coordinates (13.0888, 77.5256)."
1083,1083/2025,FIR/1083/2025,2025-09-02,6,3,1,1,1,2,2,3,2025-09-02 06:00:00,2025-09-02 06:30:00,2025-09-02 07:15:00,13.086724,77.516267,"Incident of Assault reported in Bangalore Urban district at coordinates (13.0867, 77.5163)."
1084,1084/2025,FIR/1084/2025,2025-04-09,5,3,1,1,1,1,2,3,2025-04-09 19:00:00,2025-04-09 19:30:00,2025-04-09 20:15:00,13.072049,77.596986,"Incident of Assault reported in Bangalore Urban district at coordinates (13.0720, 77.5970)."
1085,1085/2025,FIR/1085/2025,2025-04-20,6,3,1,1,1,2,3,3,2025-04-20 05:00:00,2025-04-20 05:30:00,2025-04-20 06:15:00,13.04509,77.718371,"Incident of Assault reported in Bangalore Urban district at coordinates (13.0451, 77.7184)."
1086,1086/2025,FIR/1086/2025,2025-02-09,5,3,1,1,1,1,1,3,2025-02-09 06:00:00,2025-02-09 06:30:00,2025-02-09 07:15:00,13.011971,77.680984,"Incident of Assault reported in Bangalore Urban district at coordinates (13.0120, 77.6810)."
1087,1087/2025,FIR/1087/2025,2025-05-18,6,3,1,1,1,2,1,3,2025-05-18 03:00:00,2025-05-18 03:30:00,2025-05-18 04:15:00,13.087639,77.50925,"Incident of Assault reported in Bangalore Urban district at coordinates (13.0876, 77.5092)."
1088,1088/2025,FIR/1088/2025,2025-04-21,5,3,1,1,1,1,1,3,2025-04-21 11:00:00,2025-04-21 11:30:00,2025-04-21 12:15:00,13.136488,77.56807,"Incident of Assault reported in Bangalore Urban district at coordinates (13.1365, 77.5681)."
1089,1089/2025,FIR/1089/2025,2025-11-19,6,3,1,1,1,2,1,3,2025-11-19 06:00:00,2025-11-19 06:30:00,2025-11-19 07:15:00,13.115666,77.415903,"Incident of Assault reported in Bangalore Urban district at coordinates (13.1157, 77.4159)."
1090,1090/2025,FIR/1090/2025,2025-04-02,5,3,1,1,1,1,3,3,2025-04-02 20:00:00,2025-04-02 20:30:00,2025-04-02 21:15:00,12.921061,77.363528,"Incident of Assault reported in Bangalore Urban district at coordinates (12.9211, 77.3635)."
1091,1091/2025,FIR/1091/2025,2025-09-06,6,3,1,1,1,2,3,3,2025-09-06 04:00:00,2025-09-06 04:30:00,2025-09-06 05:15:00,12.803088,77.652141,"Incident of Assault reported in Bangalore Urban district at coordinates (12.8031, 77.6521)."
1092,1092/2025,FIR/1092/2025,2025-12-03,5,3,1,1,1,1,3,3,2025-12-03 20:00:00,2025-12-03 20:30:00,2025-12-03 21:15:00,13.041084,77.70777,"Incident of Assault reported in Bangalore Urban district at coordinates (13.0411, 77.7078)."
1093,1093/2025,FIR/1093/2025,2025-09-21,6,3,1,1,1,2,3,3,2025-09-21 07:00:00,2025-09-21 07:30:00,2025-09-21 08:15:00,13.144837,77.713643,"Incident of Assault reported in Bangalore Urban district at coordinates (13.1448, 77.7136)."
1094,1094/2025,FIR/1094/2025,2025-12-06,5,3,1,1,1,1,3,3,2025-12-06 11:00:00,2025-12-06 11:30:00,2025-12-06 12:15:00,13.002385,77.698478,"Incident of Assault reported in Bangalore Urban district at coordinates (13.0024, 77.6985)."
1095,1095/2025,FIR/1095/2025,2025-01-09,6,3,1,1,1,2,1,3,2025-01-09 07:00:00,2025-01-09 07:30:00,2025-01-09 08:15:00,13.101397,77.564415,"Incident of Assault reported in Bangalore Urban district at coordinates (13.1014, 77.5644)."
1096,1096/2025,FIR/1096/2025,2025-07-10,5,3,1,1,1,1,1,3,2025-07-10 19:00:00,2025-07-10 19:30:00,2025-07-10 20:15:00,13.041566,77.708453,"Incident of Assault reported in Bangalore Urban district at coordinates (13.0416, 77.7085)."
1097,1097/2025,FIR/1097/2025,2025-05-06,6,3,1,1,1,2,1,3,2025-05-06 16:00:00,2025-05-06 16:30:00,2025-05-06 17:15:00,13.045779,77.724479,"Incident of Assault reported in Bangalore Urban district at coordinates (13.0458, 77.7245)."
1098,1098/2025,FIR/1098/2025,2025-02-22,5,3,1,1,1,1,3,3,2025-02-22 23:00:00,2025-02-22 23:30:00,2025-02-22 23:15:00,13.014967,77.704931,"Incident of Assault reported in Bangalore Urban district at coordinates (13.0150, 77.7049)."
1099,1099/2025,FIR/1099/2025,2025-04-05,6,3,1,1,1,2,1,3,2025-04-05 07:00:00,2025-04-05 07:30:00,2025-04-05 08:15:00,13.125235,77.71696,"Incident of Assault reported in Bangalore Urban district at coordinates (13.1252, 77.7170)."
1100,1100/2025,FIR/1100/2025,2025-09-02,5,3,1,1,1,1,1,3,2025-09-02 01:00:00,2025-09-02 01:30:00,2025-09-02 02:15:00,13.09232,77.513078,"Incident of Assault reported in Bangalore Urban district at coordinates (13.0923, 77.5131)."
1101,1101/2025,FIR/1101/2025,2025-06-05,6,3,1,1,1,2,1,3,2025-06-05 00:00:00,2025-06-05 00:30:00,2025-06-05 01:15:00,12.925016,77.352602,"Incident of Assault reported in Bangalore Urban district at coordinates (12.9250, 77.3526)."
1102,1102/2025,FIR/1102/2025,2025-09-16,5,3,1,1,1,1,1,3,2025-09-16 08:00:00,2025-09-16 08:30:00,2025-09-16 09:15:00,12.93554,77.365042,"Incident of Assault reported in Bangalore Urban district at coordinates (12.9355, 77.3650)."
1103,1103/2025,FIR/1103/2025,2025-04-04,6,3,1,1,1,2,3,3,2025-04-04 03:00:00,2025-04-04 03:30:00,2025-04-04 04:15:00,13.13118,77.713264,"Incident of Assault reported in Bangalore Urban district at coordinates (13.1312, 77.7133)."
1104,1104/2025,FIR/1104/2025,2025-04-18,5,3,1,1,1,1,1,3,2025-04-18 17:00:00,2025-04-18 17:30:00,2025-04-18 18:15:00,13.149792,77.529444,"Incident of Assault reported in Bangalore Urban district at coordinates (13.1498, 77.5294)."
1105,1105/2025,FIR/1105/2025,2025-01-20,6,3,1,1,1,2,1,3,2025-01-20 20:00:00,2025-01-20 20:30:00,2025-01-20 21:15:00,13.081627,77.509606,"Incident of Assault reported in Bangalore Urban district at coordinates (13.0816, 77.5096)."
1106,1106/2025,FIR/1106/2025,2025-02-01,5,3,1,1,1,1,1,3,2025-02-01 05:00:00,2025-02-01 05:30:00,2025-02-01 06:15:00,13.109773,77.447569,"Incident of Assault reported in Bangalore Urban district at coordinates (13.1098, 77.4476)."
1107,1107/2025,FIR/1107/2025,2025-02-02,6,3,1,1,1,2,1,3,2025-02-02 14:00:00,2025-02-02 14:30:00,2025-02-02 15:15:00,13.083548,77.521921,"Incident of Assault reported in Bangalore Urban district at coordinates (13.0835, 77.5219)."
1108,1108/2025,FIR/1108/2025,2025-12-08,5,3,1,1,1,1,2,3,2025-12-08 01:00:00,2025-12-08 01:30:00,2025-12-08 02:15:00,13.118002,77.715346,"Incident of Assault reported in Bangalore Urban district at coordinates (13.1180, 77.7153)."
1109,1109/2025,FIR/1109/2025,2025-04-04,6,3,1,1,1,2,1,3,2025-04-04 00:00:00,2025-04-04 00:30:00,2025-04-04 01:15:00,12.873202,77.631132,"Incident of Assault reported in Bangalore Urban district at coordinates (12.8732, 77.6311)."
1110,1110/2025,FIR/1110/2025,2025-05-16,5,3,1,1,1,1,3,3,2025-05-16 10:00:00,2025-05-16 10:30:00,2025-05-16 11:15:00,13.112372,77.705611,"Incident of Assault reported in Bangalore Urban district at coordinates (13.1124, 77.7056)."
1111,1111/2025,FIR/1111/2025,2025-01-02,6,3,1,1,1,2,3,3,2025-01-02 15:00:00,2025-01-02 15:30:00,2025-01-02 16:15:00,12.775328,77.696451,"Incident of Assault reported in Bangalore Urban district at coordinates (12.7753, 77.6965)."
1112,1112/2025,FIR/1112/2025,2025-01-29,5,3,1,1,1,1,2,3,2025-01-29 13:00:00,2025-01-29 13:30:00,2025-01-29 14:15:00,13.110494,77.709724,"Incident of Assault reported in Bangalore Urban district at coordinates (13.1105, 77.7097)."
1113,1113/2025,FIR/1113/2025,2025-03-04,6,3,1,1,1,2,3,3,2025-03-04 21:00:00,2025-03-04 21:30:00,2025-03-04 22:15:00,13.076424,77.520859,"Incident of Assault reported in Bangalore Urban district at coordinates (13.0764, 77.5209)."
1114,1114/2025,FIR/1114/2025,2025-08-11,5,3,1,1,1,1,1,3,2025-08-11 13:00:00,2025-08-11 13:30:00,2025-08-11 14:15:00,12.942537,77.37788,"Incident of Assault reported in Bangalore Urban district at coordinates (12.9425, 77.3779)."
1115,1115/2025,FIR/1115/2025,2025-01-28,6,3,1,1,1,2,3,3,2025-01-28 13:00:00,2025-01-28 13:30:00,2025-01-28 14:15:00,13.010975,77.689308,"Incident of Assault reported in Bangalore Urban district at coordinates (13.0110, 77.6893)."
1116,1116/2025,FIR/1116/2025,2025-06-17,5,3,1,1,1,1,3,3,2025-06-17 02:00:00,2025-06-17 02:30:00,2025-06-17 03:15:00,13.063885,77.720762,"Incident of Assault reported in Bangalore Urban district at coordinates (13.0639, 77.7208)."
1117,1117/2025,FIR/1117/2025,2025-05-03,6,3,1,1,1,2,3,3,2025-05-03 09:00:00,2025-05-03 09:30:00,2025-05-03 10:15:00,12.81605,77.676668,"Incident of Assault reported in Bangalore Urban district at coordinates (12.8161, 77.6767)."
1118,1118/2025,FIR/1118/2025,2025-10-07,5,3,1,1,1,1,1,3,2025-10-07 11:00:00,2025-10-07 11:30:00,2025-10-07 12:15:00,12.879499,77.679095,"Incident of Assault reported in Bangalore Urban district at coordinates (12.8795, 77.6791)."
1119,1119/2025,FIR/1119/2025,2025-06-05,6,3,1,1,1,2,3,3,2025-06-05 09:00:00,2025-06-05 09:30:00,2025-06-05 10:15:00,12.934927,77.361227,"Incident of Assault reported in Bangalore Urban district at coordinates (12.9349, 77.3612)."
1120,1120/2025,FIR/1120/2025,2025-06-24,5,3,1,1,1,1,2,3,2025-06-24 23:00:00,2025-06-24 23:30:00,2025-06-24 23:15:00,13.129125,77.690309,"Incident of Assault reported in Bangalore Urban district at coordinates (13.1291, 77.6903)."
1121,1121/2025,FIR/1121/2025,2025-07-20,6,3,1,1,1,2,3,3,2025-07-20 08:00:00,2025-07-20 08:30:00,2025-07-20 09:15:00,13.061398,77.718119,"Incident of Assault reported in Bangalore Urban district at coordinates (13.0614, 77.7181)."
1122,1122/2025,FIR/1122/2025,2025-11-23,5,3,1,1,1,1,1,3,2025-11-23 11:00:00,2025-11-23 11:30:00,2025-11-23 12:15:00,13.045354,77.708219,"Incident of Assault reported in Bangalore Urban district at coordinates (13.0454, 77.7082)."
1123,1123/2025,FIR/1123/2025,2025-09-06,6,3,1,1,1,2,2,3,2025-09-06 10:00:00,2025-09-06 10:30:00,2025-09-06 11:15:00,12.883157,77.436146,"Incident of Assault reported in Bangalore Urban district at coordinates (12.8832, 77.4361)."
1124,1124/2025,FIR/1124/2025,2025-12-10,5,3,1,1,1,1,1,3,2025-12-10 06:00:00,2025-12-10 06:30:00,2025-12-10 07:15:00,12.724362,77.580385,"Incident of Assault reported in Bangalore Urban district at coordinates (12.7244, 77.5804)."
1125,1125/2025,FIR/1125/2025,2025-01-04,6,3,1,1,1,2,1,3,2025-01-04 13:00:00,2025-01-04 13:30:00,2025-01-04 14:15:00,12.995533,77.68909,"Incident of Assault reported in Bangalore Urban district at coordinates (12.9955, 77.6891)."
1126,1126/2025,FIR/1126/2025,2025-06-08,5,3,1,1,1,1,3,3,2025-06-08 22:00:00,2025-06-08 22:30:00,2025-06-08 23:15:00,12.979718,77.689802,"Incident of Assault reported in Bangalore Urban district at coordinates (12.9797, 77.6898)."
1127,1127/2025,FIR/1127/2025,2025-12-11,6,3,1,1,1,2,3,3,2025-12-11 15:00:00,2025-12-11 15:30:00,2025-12-11 16:15:00,13.096604,77.51773,"Incident of Assault reported in Bangalore Urban district at coordinates (13.0966, 77.5177)."
1128,1128/2025,FIR/1128/2025,2025-11-04,5,3,1,1,1,1,2,3,2025-11-04 04:00:00,2025-11-04 04:30:00,2025-11-04 05:15:00,13.036799,77.69724,"Incident of Assault reported in Bangalore Urban district at coordinates (13.0368, 77.6972)."
1129,1129/2025,FIR/1129/2025,2025-08-22,6,3,1,1,1,2,3,3,2025-08-22 05:00:00,2025-08-22 05:30:00,2025-08-22 06:15:00,13.044958,77.709136,"Incident of Assault reported in Bangalore Urban district at coordinates (13.0450, 77.7091)."
1130,1130/2025,FIR/1130/2025,2025-12-03,5,3,1,1,1,1,3,3,2025-12-03 20:00:00,2025-12-03 20:30:00,2025-12-03 21:15:00,13.03508,77.724317,"Incident of Assault reported in Bangalore Urban district at coordinates (13.0351, 77.7243)."
1131,1131/2025,FIR/1131/2025,2025-07-06,6,3,1,1,1,2,3,3,2025-07-06 20:00:00,2025-07-06 20:30:00,2025-07-06 21:15:00,13.01776,77.690808,"Incident of Assault reported in Bangalore Urban district at coordinates (13.0178, 77.6908)."
1132,1132/2025,FIR/1132/2025,2025-12-05,5,3,1,1,1,1,3,3,2025-12-05 22:00:00,2025-12-05 22:30:00,2025-12-05 23:15:00,13.058589,77.727659,"Incident of Assault reported in Bangalore Urban district at coordinates (13.0586, 77.7277)."
1133,1133/2025,FIR/1133/2025,2025-08-08,6,3,1,1,1,2,1,3,2025-08-08 09:00:00,2025-08-08 09:30:00,2025-08-08 10:15:00,13.050945,77.70793,"Incident of Assault reported in Bangalore Urban district at coordinates (13.0509, 77.7079)."
1134,1134/2025,FIR/1134/2025,2025-07-18,5,3,1,1,1,1,1,3,2025-07-18 13:00:00,2025-07-18 13:30:00,2025-07-18 14:15:00,13.011028,77.700856,"Incident of Assault reported in Bangalore Urban district at coordinates (13.0110, 77.7009)."
1135,1135/2025,FIR/1135/2025,2025-11-01,6,3,1,1,1,2,3,3,2025-11-01 09:00:00,2025-11-01 09:30:00,2025-11-01 10:15:00,13.043257,77.713626,"Incident of Assault reported in Bangalore Urban district at coordinates (13.0433, 77.7136)."
1136,1136/2025,FIR/1136/2025,2025-04-09,5,3,1,1,1,1,3,3,2025-04-09 07:00:00,2025-04-09 07:30:00,2025-04-09 08:15:00,12.940986,77.348174,"Incident of Assault reported in Bangalore Urban district at coordinates (12.9410, 77.3482)."
1137,1137/2025,FIR/1137/2025,2025-03-28,6,3,1,1,1,2,1,3,2025-03-28 13:00:00,2025-03-28 13:30:00,2025-03-28 14:15:00,13.03145,77.71593,"Incident of Assault reported in Bangalore Urban district at coordinates (13.0314, 77.7159)."
1138,1138/2025,FIR/1138/2025,2025-04-28,5,3,1,1,1,1,3,3,2025-04-28 15:00:00,2025-04-28 15:30:00,2025-04-28 16:15:00,12.876257,77.368333,"Incident of Assault reported in Bangalore Urban district at coordinates (12.8763, 77.3683)."
1139,1139/2025,FIR/1139/2025,2025-09-21,6,3,1,1,1,2,2,3,2025-09-21 17:00:00,2025-09-21 17:30:00,2025-09-21 18:15:00,13.012322,77.68991,"Incident of Assault reported in Bangalore Urban district at coordinates (13.0123, 77.6899)."
1140,1140/2025,FIR/1140/2025,2025-02-17,5,3,1,1,1,1,1,3,2025-02-17 14:00:00,2025-02-17 14:30:00,2025-02-17 15:15:00,13.087951,77.515554,"Incident of Assault reported in Bangalore Urban district at coordinates (13.0880, 77.5156)."
1141,1141/2025,FIR/1141/2025,2025-03-16,6,3,1,1,1,2,2,3,2025-03-16 18:00:00,2025-03-16 18:30:00,2025-03-16 19:15:00,13.03397,77.72267,"Incident of Assault reported in Bangalore Urban district at coordinates (13.0340, 77.7227)."
1142,1142/2025,FIR/1142/2025,2025-06-09,5,3,1,1,1,1,1,3,2025-06-09 22:00:00,2025-06-09 22:30:00,2025-06-09 23:15:00,12.93599,77.372089,"Incident of Assault reported in Bangalore Urban district at coordinates (12.9360, 77.3721)."
1143,1143/2025,FIR/1143/2025,2025-06-03,6,3,1,1,1,2,2,3,2025-06-03 00:00:00,2025-06-03 00:30:00,2025-06-03 01:15:00,12.807735,77.547658,"Incident of Assault reported in Bangalore Urban district at coordinates (12.8077, 77.5477)."
1144,1144/2025,FIR/1144/2025,2025-07-10,5,3,1,1,1,1,2,3,2025-07-10 20:00:00,2025-07-10 20:30:00,2025-07-10 21:15:00,13.134663,77.702184,"Incident of Assault reported in Bangalore Urban district at coordinates (13.1347, 77.7022)."
1145,1145/2025,FIR/1145/2025,2025-01-06,6,3,1,1,1,2,3,3,2025-01-06 14:00:00,2025-01-06 14:30:00,2025-01-06 15:15:00,13.055996,77.577506,"Incident of Assault reported in Bangalore Urban district at coordinates (13.0560, 77.5775)."
1146,1146/2025,FIR/1146/2025,2025-07-11,5,3,1,1,1,1,3,3,2025-07-11 17:00:00,2025-07-11 17:30:00,2025-07-11 18:15:00,13.135896,77.705299,"Incident of Assault reported in Bangalore Urban district at coordinates (13.1359, 77.7053)."
1147,1147/2025,FIR/1147/2025,2025-04-13,6,3,1,1,1,2,3,3,2025-04-13 01:00:00,2025-04-13 01:30:00,2025-04-13 02:15:00,13.046697,77.72452,"Incident of Assault reported in Bangalore Urban district at coordinates (13.0467, 77.7245)."
1148,1148/2025,FIR/1148/2025,2025-01-15,5,3,1,1,1,1,2,3,2025-01-15 04:00:00,2025-01-15 04:30:00,2025-01-15 05:15:00,12.925411,77.36532,"Incident of Assault reported in Bangalore Urban district at coordinates (12.9254, 77.3653)."
1149,1149/2025,FIR/1149/2025,2025-06-01,6,3,1,1,1,2,3,3,2025-06-01 17:00:00,2025-06-01 17:30:00,2025-06-01 18:15:00,13.006131,77.696014,"Incident of Assault reported in Bangalore Urban district at coordinates (13.0061, 77.6960)."
1150,1150/2025,FIR/1150/2025,2025-08-03,5,3,1,1,1,1,3,3,2025-08-03 14:00:00,2025-08-03 14:30:00,2025-08-03 15:15:00,13.013691,77.698701,"Incident of Assault reported in Bangalore Urban district at coordinates (13.0137, 77.6987)."
1151,1151/2025,FIR/1151/2025,2025-04-11,6,3,1,1,1,2,1,3,2025-04-11 11:00:00,2025-04-11 11:30:00,2025-04-11 12:15:00,13.03963,77.721685,"Incident of Assault reported in Bangalore Urban district at coordinates (13.0396, 77.7217)."
1152,1152/2025,FIR/1152/2025,2025-09-02,5,3,1,1,1,1,3,3,2025-09-02 14:00:00,2025-09-02 14:30:00,2025-09-02 15:15:00,12.99956,77.698482,"Incident of Assault reported in Bangalore Urban district at coordinates (12.9996, 77.6985)."
1153,1153/2025,FIR/1153/2025,2025-11-07,6,3,1,1,1,2,2,3,2025-11-07 06:00:00,2025-11-07 06:30:00,2025-11-07 07:15:00,13.120761,77.470627,"Incident of Assault reported in Bangalore Urban district at coordinates (13.1208, 77.4706)."
1154,1154/2025,FIR/1154/2025,2025-04-03,5,3,1,1,1,1,1,3,2025-04-03 22:00:00,2025-04-03 22:30:00,2025-04-03 23:15:00,13.025373,77.714579,"Incident of Assault reported in Bangalore Urban district at coordinates (13.0254, 77.7146)."
1155,1155/2025,FIR/1155/2025,2025-05-22,6,3,1,1,1,2,1,3,2025-05-22 13:00:00,2025-05-22 13:30:00,2025-05-22 14:15:00,12.92915,77.347157,"Incident of Assault reported in Bangalore Urban district at coordinates (12.9291, 77.3472)."
1156,1156/2025,FIR/1156/2025,2025-03-03,5,3,1,1,1,1,2,3,2025-03-03 17:00:00,2025-03-03 17:30:00,2025-03-03 18:15:00,13.084067,77.525762,"Incident of Assault reported in Bangalore Urban district at coordinates (13.0841, 77.5258)."
1157,1157/2025,FIR/1157/2025,2025-01-26,6,3,1,1,1,2,1,3,2025-01-26 10:00:00,2025-01-26 10:30:00,2025-01-26 11:15:00,13.115835,77.709332,"Incident of Assault reported in Bangalore Urban district at coordinates (13.1158, 77.7093)."
1158,1158/2025,FIR/1158/2025,2025-02-27,5,3,1,1,1,1,1,3,2025-02-27 01:00:00,2025-02-27 01:30:00,2025-02-27 02:15:00,12.797289,77.524575,"Incident of Assault reported in Bangalore Urban district at coordinates (12.7973, 77.5246)."
1159,1159/2025,FIR/1159/2025,2025-07-31,6,3,1,1,1,2,2,3,2025-07-31 16:00:00,2025-07-31 16:30:00,2025-07-31 17:15:00,13.098035,77.520329,"Incident of Assault reported in Bangalore Urban district at coordinates (13.0980, 77.5203)."
1160,1160/2025,FIR/1160/2025,2025-06-10,5,3,1,1,1,1,3,3,2025-06-10 22:00:00,2025-06-10 22:30:00,2025-06-10 23:15:00,13.094673,77.519855,"Incident of Assault reported in Bangalore Urban district at coordinates (13.0947, 77.5199)."
1161,1161/2025,FIR/1161/2025,2025-12-26,6,3,1,1,1,2,2,3,2025-12-26 05:00:00,2025-12-26 05:30:00,2025-12-26 06:15:00,13.097936,77.513363,"Incident of Assault reported in Bangalore Urban district at coordinates (13.0979, 77.5134)."
1162,1162/2025,FIR/1162/2025,2025-06-14,5,3,1,1,1,1,3,3,2025-06-14 11:00:00,2025-06-14 11:30:00,2025-06-14 12:15:00,13.050161,77.713542,"Incident of Assault reported in Bangalore Urban district at coordinates (13.0502, 77.7135)."
1163,1163/2025,FIR/1163/2025,2025-06-14,6,3,1,1,1,2,1,3,2025-06-14 08:00:00,2025-06-14 08:30:00,2025-06-14 09:15:00,13.135723,77.687784,"Incident of Assault reported in Bangalore Urban district at coordinates (13.1357, 77.6878)."
1164,1164/2025,FIR/1164/2025,2025-12-10,5,3,1,1,1,1,2,3,2025-12-10 19:00:00,2025-12-10 19:30:00,2025-12-10 20:15:00,13.088291,77.525449,"Incident of Assault reported in Bangalore Urban district at coordinates (13.0883, 77.5254)."
1165,1165/2025,FIR/1165/2025,2025-05-29,6,3,1,1,1,2,1,3,2025-05-29 19:00:00,2025-05-29 19:30:00,2025-05-29 20:15:00,12.897908,77.333703,"Incident of Assault reported in Bangalore Urban district at coordinates (12.8979, 77.3337)."
1166,1166/2025,FIR/1166/2025,2025-06-24,5,3,1,1,1,1,1,3,2025-06-24 16:00:00,2025-06-24 16:30:00,2025-06-24 17:15:00,12.93845,77.35732,"Incident of Assault reported in Bangalore Urban district at coordinates (12.9384, 77.3573)."
1167,1167/2025,FIR/1167/2025,2025-08-25,6,3,1,1,1,2,1,3,2025-08-25 20:00:00,2025-08-25 20:30:00,2025-08-25 21:15:00,13.097709,77.523962,"Incident of Assault reported in Bangalore Urban district at coordinates (13.0977, 77.5240)."
1168,1168/2025,FIR/1168/2025,2025-09-27,5,3,1,1,1,1,1,3,2025-09-27 01:00:00,2025-09-27 01:30:00,2025-09-27 02:15:00,12.9825,77.595329,"Incident of Assault reported in Bangalore Urban district at coordinates (12.9825, 77.5953)."
1169,1169/2025,FIR/1169/2025,2025-08-18,6,3,1,1,1,2,2,3,2025-08-18 06:00:00,2025-08-18 06:30:00,2025-08-18 07:15:00,12.941474,77.37434,"Incident of Assault reported in Bangalore Urban district at coordinates (12.9415, 77.3743)."
1170,1170/2025,FIR/1170/2025,2025-11-26,5,3,1,1,1,1,3,3,2025-11-26 16:00:00,2025-11-26 16:30:00,2025-11-26 17:15:00,13.08058,77.518517,"Incident of Assault reported in Bangalore Urban district at coordinates (13.0806, 77.5185)."
1171,1171/2025,FIR/1171/2025,2025-06-08,6,3,1,1,1,2,3,3,2025-06-08 13:00:00,2025-06-08 13:30:00,2025-06-08 14:15:00,13.097252,77.516541,"Incident of Assault reported in Bangalore Urban district at coordinates (13.0973, 77.5165)."
1172,1172/2025,FIR/1172/2025,2025-01-27,5,3,1,1,1,1,3,3,2025-01-27 17:00:00,2025-01-27 17:30:00,2025-01-27 18:15:00,12.846751,77.590968,"Incident of Assault reported in Bangalore Urban district at coordinates (12.8468, 77.5910)."
1173,1173/2025,FIR/1173/2025,2025-09-28,6,3,1,1,1,2,3,3,2025-09-28 15:00:00,2025-09-28 15:30:00,2025-09-28 16:15:00,12.974761,77.507603,"Incident of Assault reported in Bangalore Urban district at coordinates (12.9748, 77.5076)."
1174,1174/2025,FIR/1174/2025,2025-03-26,5,3,1,1,1,1,2,3,2025-03-26 14:00:00,2025-03-26 14:30:00,2025-03-26 15:15:00,13.018558,77.704918,"Incident of Assault reported in Bangalore Urban district at coordinates (13.0186, 77.7049)."
1175,1175/2025,FIR/1175/2025,2025-09-06,6,3,1,1,1,2,1,3,2025-09-06 15:00:00,2025-09-06 15:30:00,2025-09-06 16:15:00,12.926305,77.353038,"Incident of Assault reported in Bangalore Urban district at coordinates (12.9263, 77.3530)."
1176,1176/2025,FIR/1176/2025,2025-06-11,5,3,1,1,1,1,2,3,2025-06-11 09:00:00,2025-06-11 09:30:00,2025-06-11 10:15:00,13.033748,77.730235,"Incident of Assault reported in Bangalore Urban district at coordinates (13.0337, 77.7302)."
1177,1177/2025,FIR/1177/2025,2025-08-29,6,3,1,1,1,2,1,3,2025-08-29 14:00:00,2025-08-29 14:30:00,2025-08-29 15:15:00,13.033285,77.715157,"Incident of Assault reported in Bangalore Urban district at coordinates (13.0333, 77.7152)."
1178,1178/2025,FIR/1178/2025,2025-11-09,5,3,1,1,1,1,2,3,2025-11-09 17:00:00,2025-11-09 17:30:00,2025-11-09 18:15:00,13.100926,77.51249,"Incident of Assault reported in Bangalore Urban district at coordinates (13.1009, 77.5125)."
1179,1179/2025,FIR/1179/2025,2025-01-28,6,3,1,1,1,2,2,3,2025-01-28 05:00:00,2025-01-28 05:30:00,2025-01-28 06:15:00,13.051537,77.714136,"Incident of Assault reported in Bangalore Urban district at coordinates (13.0515, 77.7141)."
1180,1180/2025,FIR/1180/2025,2025-12-09,5,3,1,1,1,1,1,3,2025-12-09 01:00:00,2025-12-09 01:30:00,2025-12-09 02:15:00,13.03863,77.716378,"Incident of Assault reported in Bangalore Urban district at coordinates (13.0386, 77.7164)."
1181,1181/2025,FIR/1181/2025,2025-06-16,6,3,1,1,1,2,1,3,2025-06-16 06:00:00,2025-06-16 06:30:00,2025-06-16 07:15:00,13.13467,77.708923,"Incident of Assault reported in Bangalore Urban district at coordinates (13.1347, 77.7089)."
1182,1182/2025,FIR/1182/2025,2025-09-29,5,3,1,1,1,1,2,3,2025-09-29 04:00:00,2025-09-29 04:30:00,2025-09-29 05:15:00,13.093538,77.514024,"Incident of Assault reported in Bangalore Urban district at coordinates (13.0935, 77.5140)."
1183,1183/2025,FIR/1183/2025,2025-10-06,6,3,1,1,1,2,2,3,2025-10-06 20:00:00,2025-10-06 20:30:00,2025-10-06 21:15:00,13.010292,77.686739,"Incident of Assault reported in Bangalore Urban district at coordinates (13.0103, 77.6867)."
1184,1184/2025,FIR/1184/2025,2025-04-19,5,3,1,1,1,1,2,3,2025-04-19 03:00:00,2025-04-19 03:30:00,2025-04-19 04:15:00,13.048446,77.700035,"Incident of Assault reported in Bangalore Urban district at coordinates (13.0484, 77.7000)."
1185,1185/2025,FIR/1185/2025,2025-03-03,6,3,1,1,1,2,2,3,2025-03-03 09:00:00,2025-03-03 09:30:00,2025-03-03 10:15:00,13.100659,77.523111,"Incident of Assault reported in Bangalore Urban district at coordinates (13.1007, 77.5231)."
1186,1186/2025,FIR/1186/2025,2025-09-04,5,3,1,1,1,1,2,3,2025-09-04 13:00:00,2025-09-04 13:30:00,2025-09-04 14:15:00,13.000897,77.376899,"Incident of Assault reported in Bangalore Urban district at coordinates (13.0009, 77.3769)."
1187,1187/2025,FIR/1187/2025,2025-06-24,6,3,1,1,1,2,3,3,2025-06-24 18:00:00,2025-06-24 18:30:00,2025-06-24 19:15:00,13.047478,77.540399,"Incident of Assault reported in Bangalore Urban district at coordinates (13.0475, 77.5404)."
1188,1188/2025,FIR/1188/2025,2025-08-01,5,3,1,1,1,1,2,3,2025-08-01 03:00:00,2025-08-01 03:30:00,2025-08-01 04:15:00,12.929503,77.358012,"Incident of Assault reported in Bangalore Urban district at coordinates (12.9295, 77.3580)."
1189,1189/2025,FIR/1189/2025,2025-04-21,6,3,1,1,1,2,1,3,2025-04-21 13:00:00,2025-04-21 13:30:00,2025-04-21 14:15:00,13.130299,77.666563,"Incident of Assault reported in Bangalore Urban district at coordinates (13.1303, 77.6666)."
1190,1190/2025,FIR/1190/2025,2025-08-28,5,3,1,1,1,1,1,3,2025-08-28 10:00:00,2025-08-28 10:30:00,2025-08-28 11:15:00,13.107798,77.53328,"Incident of Assault reported in Bangalore Urban district at coordinates (13.1078, 77.5333)."
1191,1191/2025,FIR/1191/2025,2025-03-29,6,3,1,1,1,2,1,3,2025-03-29 11:00:00,2025-03-29 11:30:00,2025-03-29 12:15:00,12.92468,77.363004,"Incident of Assault reported in Bangalore Urban district at coordinates (12.9247, 77.3630)."
1192,1192/2025,FIR/1192/2025,2025-11-14,5,3,1,1,1,1,2,3,2025-11-14 19:00:00,2025-11-14 19:30:00,2025-11-14 20:15:00,13.087921,77.53397,"Incident of Assault reported in Bangalore Urban district at coordinates (13.0879, 77.5340)."
1193,1193/2025,FIR/1193/2025,2025-06-19,6,3,1,1,1,2,2,3,2025-06-19 09:00:00,2025-06-19 09:30:00,2025-06-19 10:15:00,13.033973,77.711004,"Incident of Assault reported in Bangalore Urban district at coordinates (13.0340, 77.7110)."
1194,1194/2025,FIR/1194/2025,2025-06-19,5,3,1,1,1,1,3,3,2025-06-19 07:00:00,2025-06-19 07:30:00,2025-06-19 08:15:00,12.930679,77.362083,"Incident of Assault reported in Bangalore Urban district at coordinates (12.9307, 77.3621)."
1195,1195/2025,FIR/1195/2025,2025-08-27,6,3,1,1,1,2,2,3,2025-08-27 00:00:00,2025-08-27 00:30:00,2025-08-27 01:15:00,12.925343,77.366457,"Incident of Assault reported in Bangalore Urban district at coordinates (12.9253, 77.3665)."
1196,1196/2025,FIR/1196/2025,2025-06-22,5,3,1,1,1,1,2,3,2025-06-22 12:00:00,2025-06-22 12:30:00,2025-06-22 13:15:00,12.912343,77.652629,"Incident of Assault reported in Bangalore Urban district at coordinates (12.9123, 77.6526)."
1197,1197/2025,FIR/1197/2025,2025-11-19,6,3,1,1,1,2,3,3,2025-11-19 20:00:00,2025-11-19 20:30:00,2025-11-19 21:15:00,12.938279,77.370165,"Incident of Assault reported in Bangalore Urban district at coordinates (12.9383, 77.3702)."
1198,1198/2025,FIR/1198/2025,2025-09-01,5,3,1,1,1,1,2,3,2025-09-01 03:00:00,2025-09-01 03:30:00,2025-09-01 04:15:00,13.129518,77.708297,"Incident of Assault reported in Bangalore Urban district at coordinates (13.1295, 77.7083)."
1199,1199/2025,FIR/1199/2025,2025-12-06,6,3,1,1,1,2,2,3,2025-12-06 07:00:00,2025-12-06 07:30:00,2025-12-06 08:15:00,13.009818,77.69453,"Incident of Assault reported in Bangalore Urban district at coordinates (13.0098, 77.6945)."
1200,1200/2025,FIR/1200/2025,2025-04-15,5,3,1,1,1,1,3,3,2025-04-15 10:00:00,2025-04-15 10:30:00,2025-04-15 11:15:00,13.092627,77.513603,"Incident of Assault reported in Bangalore Urban district at coordinates (13.0926, 77.5136)."
1201,1201/2025,FIR/1201/2025,2025-02-03,6,3,1,1,1,2,1,3,2025-02-03 19:00:00,2025-02-03 19:30:00,2025-02-03 20:15:00,12.923979,77.368586,"Incident of Assault reported in Bangalore Urban district at coordinates (12.9240, 77.3686)."
1202,1202/2025,FIR/1202/2025,2025-10-22,5,3,1,1,1,1,1,3,2025-10-22 02:00:00,2025-10-22 02:30:00,2025-10-22 03:15:00,12.920951,77.353703,"Incident of Assault reported in Bangalore Urban district at coordinates (12.9210, 77.3537)."
1203,1203/2025,FIR/1203/2025,2025-12-26,6,3,1,1,1,2,3,3,2025-12-26 22:00:00,2025-12-26 22:30:00,2025-12-26 23:15:00,13.054229,77.717117,"Incident of Assault reported in Bangalore Urban district at coordinates (13.0542, 77.7171)."
1204,1204/2025,FIR/1204/2025,2025-07-10,5,3,1,1,1,1,1,3,2025-07-10 01:00:00,2025-07-10 01:30:00,2025-07-10 02:15:00,12.991235,77.693169,"Incident of Assault reported in Bangalore Urban district at coordinates (12.9912, 77.6932)."
1205,1205/2025,FIR/1205/2025,2025-10-27,6,3,1,1,1,2,2,3,2025-10-27 22:00:00,2025-10-27 22:30:00,2025-10-27 23:15:00,12.904106,77.349298,"Incident of Assault reported in Bangalore Urban district at coordinates (12.9041, 77.3493)."
1206,1206/2025,FIR/1206/2025,2025-12-24,5,3,1,1,1,1,2,3,2025-12-24 04:00:00,2025-12-24 04:30:00,2025-12-24 05:15:00,13.048852,77.581274,"Incident of Assault reported in Bangalore Urban district at coordinates (13.0489, 77.5813)."
1207,1207/2025,FIR/1207/2025,2025-08-30,6,3,1,1,1,2,1,3,2025-08-30 20:00:00,2025-08-30 20:30:00,2025-08-30 21:15:00,12.831004,77.472011,"Incident of Assault reported in Bangalore Urban district at coordinates (12.8310, 77.4720)."
1208,1208/2025,FIR/1208/2025,2025-08-15,5,3,1,1,1,1,1,3,2025-08-15 12:00:00,2025-08-15 12:30:00,2025-08-15 13:15:00,13.029,77.612084,"Incident of Assault reported in Bangalore Urban district at coordinates (13.0290, 77.6121)."
1209,1209/2025,FIR/1209/2025,2025-12-07,6,3,1,1,1,2,2,3,2025-12-07 15:00:00,2025-12-07 15:30:00,2025-12-07 16:15:00,12.930664,77.354476,"Incident of Assault reported in Bangalore Urban district at coordinates (12.9307, 77.3545)."
1210,1210/2025,FIR/1210/2025,2025-10-20,5,3,1,1,1,1,1,3,2025-10-20 23:00:00,2025-10-20 23:30:00,2025-10-20 23:15:00,12.938875,77.348371,"Incident of Assault reported in Bangalore Urban district at coordinates (12.9389, 77.3484)."
1211,1211/2025,FIR/1211/2025,2025-07-31,6,3,1,1,1,2,2,3,2025-07-31 19:00:00,2025-07-31 19:30:00,2025-07-31 20:15:00,13.132834,77.718058,"Incident of Assault reported in Bangalore Urban district at coordinates (13.1328, 77.7181)."
1212,1212/2025,FIR/1212/2025,2025-11-29,5,3,1,1,1,1,2,3,2025-11-29 08:00:00,2025-11-29 08:30:00,2025-11-29 09:15:00,12.947328,77.351942,"Incident of Assault reported in Bangalore Urban district at coordinates (12.9473, 77.3519)."
1213,1213/2025,FIR/1213/2025,2025-04-05,6,3,1,1,1,2,3,3,2025-04-05 02:00:00,2025-04-05 02:30:00,2025-04-05 03:15:00,13.121314,77.713472,"Incident of Assault reported in Bangalore Urban district at coordinates (13.1213, 77.7135)."
1214,1214/2025,FIR/1214/2025,2025-11-29,5,3,1,1,1,1,2,3,2025-11-29 17:00:00,2025-11-29 17:30:00,2025-11-29 18:15:00,12.935142,77.343033,"Incident of Assault reported in Bangalore Urban district at coordinates (12.9351, 77.3430)."
1215,1215/2025,FIR/1215/2025,2025-02-12,6,3,1,1,1,2,2,3,2025-02-12 15:00:00,2025-02-12 15:30:00,2025-02-12 16:15:00,13.129809,77.716682,"Incident of Assault reported in Bangalore Urban district at coordinates (13.1298, 77.7167)."
1216,1216/2025,FIR/1216/2025,2025-02-07,5,3,1,1,1,1,3,3,2025-02-07 20:00:00,2025-02-07 20:30:00,2025-02-07 21:15:00,13.090661,77.516769,"Incident of Assault reported in Bangalore Urban district at coordinates (13.0907, 77.5168)."
1217,1217/2025,FIR/1217/2025,2025-02-08,6,3,1,1,1,2,1,3,2025-02-08 15:00:00,2025-02-08 15:30:00,2025-02-08 16:15:00,13.105581,77.51496,"Incident of Assault reported in Bangalore Urban district at coordinates (13.1056, 77.5150)."
1218,1218/2025,FIR/1218/2025,2025-10-06,5,3,1,1,1,1,2,3,2025-10-06 14:00:00,2025-10-06 14:30:00,2025-10-06 15:15:00,12.941167,77.357333,"Incident of Assault reported in Bangalore Urban district at coordinates (12.9412, 77.3573)."
1219,1219/2025,FIR/1219/2025,2025-10-29,6,3,1,1,1,2,1,3,2025-10-29 14:00:00,2025-10-29 14:30:00,2025-10-29 15:15:00,13.088769,77.519046,"Incident of Assault reported in Bangalore Urban district at coordinates (13.0888, 77.5190)."
1220,1220/2025,FIR/1220/2025,2025-12-11,5,3,1,1,1,1,3,3,2025-12-11 20:00:00,2025-12-11 20:30:00,2025-12-11 21:15:00,13.003769,77.701709,"Incident of Assault reported in Bangalore Urban district at coordinates (13.0038, 77.7017)."
1221,1221/2025,FIR/1221/2025,2025-01-22,6,3,1,1,1,2,3,3,2025-01-22 09:00:00,2025-01-22 09:30:00,2025-01-22 10:15:00,13.124586,77.715899,"Incident of Assault reported in Bangalore Urban district at coordinates (13.1246, 77.7159)."
1222,1222/2025,FIR/1222/2025,2025-07-04,5,3,1,1,1,1,2,3,2025-07-04 02:00:00,2025-07-04 02:30:00,2025-07-04 03:15:00,12.93654,77.36162,"Incident of Assault reported in Bangalore Urban district at coordinates (12.9365, 77.3616)."
1223,1223/2025,FIR/1223/2025,2025-11-03,6,3,1,1,1,2,2,3,2025-11-03 06:00:00,2025-11-03 06:30:00,2025-11-03 07:15:00,13.12913,77.721186,"Incident of Assault reported in Bangalore Urban district at coordinates (13.1291, 77.7212)."
1224,1224/2025,FIR/1224/2025,2025-03-10,5,3,1,1,1,1,1,3,2025-03-10 21:00:00,2025-03-10 21:30:00,2025-03-10 22:15:00,13.012494,77.685396,"Incident of Assault reported in Bangalore Urban district at coordinates (13.0125, 77.6854)."
1225,1225/2025,FIR/1225/2025,2025-01-30,6,3,1,1,1,2,3,3,2025-01-30 08:00:00,2025-01-30 08:30:00,2025-01-30 09:15:00,12.877787,77.591549,"Incident of Assault reported in Bangalore Urban district at coordinates (12.8778, 77.5915)."
1226,1226/2025,FIR/1226/2025,2025-03-11,5,3,1,1,1,1,1,3,2025-03-11 18:00:00,2025-03-11 18:30:00,2025-03-11 19:15:00,13.092542,77.52923,"Incident of Assault reported in Bangalore Urban district at coordinates (13.0925, 77.5292)."
1227,1227/2025,FIR/1227/2025,2025-11-23,6,3,1,1,1,2,2,3,2025-11-23 22:00:00,2025-11-23 22:30:00,2025-11-23 23:15:00,13.009424,77.700762,"Incident of Assault reported in Bangalore Urban district at coordinates (13.0094, 77.7008)."
1228,1228/2025,FIR/1228/2025,2025-08-15,5,3,1,1,1,1,2,3,2025-08-15 18:00:00,2025-08-15 18:30:00,2025-08-15 19:15:00,13.101714,77.519181,"Incident of Assault reported in Bangalore Urban district at coordinates (13.1017, 77.5192)."
1229,1229/2025,FIR/1229/2025,2025-01-14,6,3,1,1,1,2,1,3,2025-01-14 02:00:00,2025-01-14 02:30:00,2025-01-14 03:15:00,13.058338,77.70012,"Incident of Assault reported in Bangalore Urban district at coordinates (13.0583, 77.7001)."
1230,1230/2025,FIR/1230/2025,2025-01-28,5,3,1,1,1,1,2,3,2025-01-28 16:00:00,2025-01-28 16:30:00,2025-01-28 17:15:00,13.075879,77.5158,"Incident of Assault reported in Bangalore Urban district at coordinates (13.0759, 77.5158)."
1231,1231/2025,FIR/1231/2025,2025-12-27,6,3,1,1,1,2,3,3,2025-12-27 17:00:00,2025-12-27 17:30:00,2025-12-27 18:15:00,13.139802,77.703889,"Incident of Assault reported in Bangalore Urban district at coordinates (13.1398, 77.7039)."
1232,1232/2025,FIR/1232/2025,2025-06-09,5,3,1,1,1,1,2,3,2025-06-09 16:00:00,2025-06-09 16:30:00,2025-06-09 17:15:00,13.13165,77.701187,"Incident of Assault reported in Bangalore Urban district at coordinates (13.1317, 77.7012)."
1233,1233/2025,FIR/1233/2025,2025-09-24,6,3,1,1,1,2,2,3,2025-09-24 13:00:00,2025-09-24 13:30:00,2025-09-24 14:15:00,12.925562,77.339069,"Incident of Assault reported in Bangalore Urban district at coordinates (12.9256, 77.3391)."
1234,1234/2025,FIR/1234/2025,2025-06-02,5,3,1,1,1,1,2,3,2025-06-02 13:00:00,2025-06-02 13:30:00,2025-06-02 14:15:00,13.009895,77.68792,"Incident of Assault reported in Bangalore Urban district at coordinates (13.0099, 77.6879)."
1235,1235/2025,FIR/1235/2025,2025-05-22,6,3,1,1,1,2,3,3,2025-05-22 05:00:00,2025-05-22 05:30:00,2025-05-22 06:15:00,13.022043,77.686457,"Incident of Assault reported in Bangalore Urban district at coordinates (13.0220, 77.6865)."
1236,1236/2025,FIR/1236/2025,2025-04-27,5,3,1,1,1,1,1,3,2025-04-27 00:00:00,2025-04-27 00:30:00,2025-04-27 01:15:00,13.007002,77.685937,"Incident of Assault reported in Bangalore Urban district at coordinates (13.0070, 77.6859)."
1237,1237/2025,FIR/1237/2025,2025-08-10,6,3,1,1,1,2,1,3,2025-08-10 15:00:00,2025-08-10 15:30:00,2025-08-10 16:15:00,12.87147,77.764826,"Incident of Assault reported in Bangalore Urban district at coordinates (12.8715, 77.7648)."
1238,1238/2025,FIR/1238/2025,2025-08-10,5,3,1,1,1,1,1,3,2025-08-10 17:00:00,2025-08-10 17:30:00,2025-08-10 18:15:00,12.939166,77.334748,"Incident of Assault reported in Bangalore Urban district at coordinates (12.9392, 77.3347)."
1239,1239/2025,FIR/1239/2025,2025-06-01,6,3,1,1,1,2,3,3,2025-06-01 09:00:00,2025-06-01 09:30:00,2025-06-01 10:15:00,13.133187,77.715749,"Incident of Assault reported in Bangalore Urban district at coordinates (13.1332, 77.7157)."
1240,1240/2025,FIR/1240/2025,2025-05-31,5,3,1,1,1,1,2,3,2025-05-31 01:00:00,2025-05-31 01:30:00,2025-05-31 02:15:00,13.043243,77.440008,"Incident of Assault reported in Bangalore Urban district at coordinates (13.0432, 77.4400)."
1241,1241/2025,FIR/1241/2025,2025-08-13,6,3,1,1,1,2,2,3,2025-08-13 01:00:00,2025-08-13 01:30:00,2025-08-13 02:15:00,13.124277,77.707471,"Incident of Assault reported in Bangalore Urban district at coordinates (13.1243, 77.7075)."
1242,1242/2025,FIR/1242/2025,2025-09-18,5,3,1,1,1,1,2,3,2025-09-18 11:00:00,2025-09-18 11:30:00,2025-09-18 12:15:00,13.042975,77.719445,"Incident of Assault reported in Bangalore Urban district at coordinates (13.0430, 77.7194)."
1243,1243/2025,FIR/1243/2025,2025-05-23,6,3,1,1,1,2,1,3,2025-05-23 04:00:00,2025-05-23 04:30:00,2025-05-23 05:15:00,13.137343,77.71889,"Incident of Assault reported in Bangalore Urban district at coordinates (13.1373, 77.7189)."
1244,1244/2025,FIR/1244/2025,2025-04-02,5,3,1,1,1,1,2,3,2025-04-02 04:00:00,2025-04-02 04:30:00,2025-04-02 05:15:00,13.127328,77.716209,"Incident of Assault reported in Bangalore Urban district at coordinates (13.1273, 77.7162)."
1245,1245/2025,FIR/1245/2025,2025-04-03,6,3,1,1,1,2,2,3,2025-04-03 00:00:00,2025-04-03 00:30:00,2025-04-03 01:15:00,12.713383,77.659116,"Incident of Assault reported in Bangalore Urban district at coordinates (12.7134, 77.6591)."
1246,1246/2025,FIR/1246/2025,2025-06-09,5,3,1,1,1,1,2,3,2025-06-09 23:00:00,2025-06-09 23:30:00,2025-06-09 23:15:00,13.024425,77.71277,"Incident of Assault reported in Bangalore Urban district at coordinates (13.0244, 77.7128)."
1247,1247/2025,FIR/1247/2025,2025-01-08,6,3,1,1,1,2,1,3,2025-01-08 18:00:00,2025-01-08 18:30:00,2025-01-08 19:15:00,13.039872,77.712575,"Incident of Assault reported in Bangalore Urban district at coordinates (13.0399, 77.7126)."
1248,1248/2025,FIR/1248/2025,2025-03-09,5,3,1,1,1,1,1,3,2025-03-09 00:00:00,2025-03-09 00:30:00,2025-03-09 01:15:00,12.932101,77.360299,"Incident of Assault reported in Bangalore Urban district at coordinates (12.9321, 77.3603)."
1249,1249/2025,FIR/1249/2025,2025-08-06,6,3,1,1,1,2,3,3,2025-08-06 21:00:00,2025-08-06 21:30:00,2025-08-06 22:15:00,13.175502,77.620685,"Incident of Assault reported in Bangalore Urban district at coordinates (13.1755, 77.6207)."
1250,1250/2025,FIR/1250/2025,2025-11-04,5,3,1,1,1,1,2,3,2025-11-04 10:00:00,2025-11-04 10:30:00,2025-11-04 11:15:00,12.869639,77.624981,"Incident of Assault reported in Bangalore Urban district at coordinates (12.8696, 77.6250)."
1251,1251/2025,FIR/1251/2025,2025-01-21,6,3,1,1,1,2,2,3,2025-01-21 03:00:00,2025-01-21 03:30:00,2025-01-21 04:15:00,13.110054,77.510278,"Incident of Assault reported in Bangalore Urban district at coordinates (13.1101, 77.5103)."
1252,1252/2025,FIR/1252/2025,2025-04-11,5,3,1,1,1,1,2,3,2025-04-11 06:00:00,2025-04-11 06:30:00,2025-04-11 07:15:00,13.023171,77.701256,"Incident of Assault reported in Bangalore Urban district at coordinates (13.0232, 77.7013)."
1253,1253/2025,FIR/1253/2025,2025-05-25,6,3,1,1,1,2,1,3,2025-05-25 01:00:00,2025-05-25 01:30:00,2025-05-25 02:15:00,12.931598,77.352327,"Incident of Assault reported in Bangalore Urban district at coordinates (12.9316, 77.3523)."
1254,1254/2025,FIR/1254/2025,2025-04-28,5,3,1,1,1,1,1,3,2025-04-28 13:00:00,2025-04-28 13:30:00,2025-04-28 14:15:00,13.100627,77.529626,"Incident of Assault reported in Bangalore Urban district at coordinates (13.1006, 77.5296)."
1255,1255/2025,FIR/1255/2025,2025-03-08,6,3,1,1,1,2,2,3,2025-03-08 09:00:00,2025-03-08 09:30:00,2025-03-08 10:15:00,13.088446,77.513018,"Incident of Assault reported in Bangalore Urban district at coordinates (13.0884, 77.5130)."
1256,1256/2025,FIR/1256/2025,2025-07-06,7,4,1,2,5,9,2,4,2025-07-06 01:00:00,2025-07-06 01:30:00,2025-07-06 02:15:00,16.317469,75.123436,"Incident of Theft reported in Belgaum district at coordinates (16.3175, 75.1234)."
1257,1257/2025,FIR/1257/2025,2025-03-20,8,4,1,2,5,10,3,4,2025-03-20 23:00:00,2025-03-20 23:30:00,2025-03-20 23:15:00,15.921017,74.990802,"Incident of Theft reported in Belgaum district at coordinates (15.9210, 74.9908)."
1258,1258/2025,FIR/1258/2025,2025-06-24,7,4,1,2,5,9,2,4,2025-06-24 11:00:00,2025-06-24 11:30:00,2025-06-24 12:15:00,16.490276,74.81614,"Incident of Theft reported in Belgaum district at coordinates (16.4903, 74.8161)."
1259,1259/2025,FIR/1259/2025,2025-02-23,8,4,1,2,5,10,3,4,2025-02-23 05:00:00,2025-02-23 05:30:00,2025-02-23 06:15:00,16.132712,74.81174,"Incident of Theft reported in Belgaum district at coordinates (16.1327, 74.8117)."
1260,1260/2025,FIR/1260/2025,2025-07-23,7,4,1,2,5,9,1,4,2025-07-23 17:00:00,2025-07-23 17:30:00,2025-07-23 18:15:00,16.026522,74.883381,"Incident of Theft reported in Belgaum district at coordinates (16.0265, 74.8834)."
1261,1261/2025,FIR/1261/2025,2025-11-14,8,4,1,2,5,10,2,4,2025-11-14 09:00:00,2025-11-14 09:30:00,2025-11-14 10:15:00,15.867658,74.380303,"Incident of Theft reported in Belgaum district at coordinates (15.8677, 74.3803)."
1262,1262/2025,FIR/1262/2025,2025-06-04,7,4,1,2,5,9,1,4,2025-06-04 11:00:00,2025-06-04 11:30:00,2025-06-04 12:15:00,15.489757,74.729974,"Incident of Theft reported in Belgaum district at coordinates (15.4898, 74.7300)."
1263,1263/2025,FIR/1263/2025,2025-04-27,8,4,1,2,5,10,3,4,2025-04-27 04:00:00,2025-04-27 04:30:00,2025-04-27 05:15:00,16.480146,74.805553,"Incident of Theft reported in Belgaum district at coordinates (16.4801, 74.8056)."
1264,1264/2025,FIR/1264/2025,2025-12-07,7,4,1,2,5,9,2,4,2025-12-07 02:00:00,2025-12-07 02:30:00,2025-12-07 03:15:00,16.092067,75.422721,"Incident of Theft reported in Belgaum district at coordinates (16.0921, 75.4227)."
1265,1265/2025,FIR/1265/2025,2025-05-15,8,4,1,2,5,10,2,4,2025-05-15 23:00:00,2025-05-15 23:30:00,2025-05-15 23:15:00,16.695881,75.026981,"Incident of Theft reported in Belgaum district at coordinates (16.6959, 75.0270)."
1266,1266/2025,FIR/1266/2025,2025-12-23,7,4,1,2,5,9,1,4,2025-12-23 22:00:00,2025-12-23 22:30:00,2025-12-23 23:15:00,15.619101,74.515505,"Incident of Theft reported in Belgaum district at coordinates (15.6191, 74.5155)."
1267,1267/2025,FIR/1267/2025,2025-09-28,8,4,1,2,5,10,1,4,2025-09-28 11:00:00,2025-09-28 11:30:00,2025-09-28 12:15:00,16.090553,74.615178,"Incident of Theft reported in Belgaum district at coordinates (16.0906, 74.6152)."
1268,1268/2025,FIR/1268/2025,2025-04-13,7,4,1,2,5,9,3,4,2025-04-13 22:00:00,2025-04-13 22:30:00,2025-04-13 23:15:00,16.091574,74.639438,"Incident of Theft reported in Belgaum district at coordinates (16.0916, 74.6394)."
1269,1269/2025,FIR/1269/2025,2025-02-06,8,4,1,2,5,10,2,4,2025-02-06 15:00:00,2025-02-06 15:30:00,2025-02-06 16:15:00,16.629815,75.0941,"Incident of Theft reported in Belgaum district at coordinates (16.6298, 75.0941)."
1270,1270/2025,FIR/1270/2025,2025-10-14,7,4,1,2,5,9,3,4,2025-10-14 19:00:00,2025-10-14 19:30:00,2025-10-14 20:15:00,16.127822,74.799363,"Incident of Theft reported in Belgaum district at coordinates (16.1278, 74.7994)."
1271,1271/2025,FIR/1271/2025,2025-07-12,8,4,1,2,5,10,2,4,2025-07-12 22:00:00,2025-07-12 22:30:00,2025-07-12 23:15:00,16.083445,74.623926,"Incident of Theft reported in Belgaum district at coordinates (16.0834, 74.6239)."
1272,1272/2025,FIR/1272/2025,2025-01-13,7,4,1,2,5,9,2,4,2025-01-13 12:00:00,2025-01-13 12:30:00,2025-01-13 13:15:00,16.492919,74.813136,"Incident of Theft reported in Belgaum district at coordinates (16.4929, 74.8131)."
1273,1273/2025,FIR/1273/2025,2025-01-04,8,4,1,2,5,10,2,4,2025-01-04 22:00:00,2025-01-04 22:30:00,2025-01-04 23:15:00,16.491919,74.811691,"Incident of Theft reported in Belgaum district at coordinates (16.4919, 74.8117)."
1274,1274/2025,FIR/1274/2025,2025-12-26,7,4,1,2,5,9,2,4,2025-12-26 10:00:00,2025-12-26 10:30:00,2025-12-26 11:15:00,15.914689,74.999953,"Incident of Theft reported in Belgaum district at coordinates (15.9147, 75.0000)."
1275,1275/2025,FIR/1275/2025,2025-11-16,8,4,1,2,5,10,1,4,2025-11-16 02:00:00,2025-11-16 02:30:00,2025-11-16 03:15:00,16.101827,74.626568,"Incident of Theft reported in Belgaum district at coordinates (16.1018, 74.6266)."
1276,1276/2025,FIR/1276/2025,2025-07-21,7,4,1,2,5,9,2,4,2025-07-21 03:00:00,2025-07-21 03:30:00,2025-07-21 04:15:00,16.086658,74.620146,"Incident of Theft reported in Belgaum district at coordinates (16.0867, 74.6201)."
1277,1277/2025,FIR/1277/2025,2025-08-03,8,4,1,2,5,10,3,4,2025-08-03 04:00:00,2025-08-03 04:30:00,2025-08-03 05:15:00,16.245417,74.914822,"Incident of Theft reported in Belgaum district at coordinates (16.2454, 74.9148)."
1278,1278/2025,FIR/1278/2025,2025-01-02,7,4,1,2,5,9,3,4,2025-01-02 00:00:00,2025-01-02 00:30:00,2025-01-02 01:15:00,16.135241,74.800902,"Incident of Theft reported in Belgaum district at coordinates (16.1352, 74.8009)."
1279,1279/2025,FIR/1279/2025,2025-01-15,8,4,1,2,5,10,1,4,2025-01-15 05:00:00,2025-01-15 05:30:00,2025-01-15 06:15:00,16.511419,74.606494,"Incident of Theft reported in Belgaum district at coordinates (16.5114, 74.6065)."
1280,1280/2025,FIR/1280/2025,2025-11-04,7,4,1,2,5,9,2,4,2025-11-04 15:00:00,2025-11-04 15:30:00,2025-11-04 16:15:00,15.45169,74.515651,"Incident of Theft reported in Belgaum district at coordinates (15.4517, 74.5157)."
1281,1281/2025,FIR/1281/2025,2025-03-06,8,4,1,2,5,10,2,4,2025-03-06 14:00:00,2025-03-06 14:30:00,2025-03-06 15:15:00,16.635158,75.092764,"Incident of Theft reported in Belgaum district at coordinates (16.6352, 75.0928)."
1282,1282/2025,FIR/1282/2025,2025-02-09,7,4,1,2,5,9,3,4,2025-02-09 17:00:00,2025-02-09 17:30:00,2025-02-09 18:15:00,16.142597,74.797983,"Incident of Theft reported in Belgaum district at coordinates (16.1426, 74.7980)."
1283,1283/2025,FIR/1283/2025,2025-04-21,8,4,1,2,5,10,3,4,2025-04-21 21:00:00,2025-04-21 21:30:00,2025-04-21 22:15:00,15.918321,74.998037,"Incident of Theft reported in Belgaum district at coordinates (15.9183, 74.9980)."
1284,1284/2025,FIR/1284/2025,2025-11-17,7,4,1,2,5,9,2,4,2025-11-17 07:00:00,2025-11-17 07:30:00,2025-11-17 08:15:00,16.206933,75.158342,"Incident of Theft reported in Belgaum district at coordinates (16.2069, 75.1583)."
1285,1285/2025,FIR/1285/2025,2025-07-02,8,4,1,2,5,10,2,4,2025-07-02 13:00:00,2025-07-02 13:30:00,2025-07-02 14:15:00,16.639526,75.09568,"Incident of Theft reported in Belgaum district at coordinates (16.6395, 75.0957)."
1286,1286/2025,FIR/1286/2025,2025-04-18,7,4,1,2,5,9,2,4,2025-04-18 02:00:00,2025-04-18 02:30:00,2025-04-18 03:15:00,16.543329,74.281489,"Incident of Theft reported in Belgaum district at coordinates (16.5433, 74.2815)."
1287,1287/2025,FIR/1287/2025,2025-05-17,8,4,1,2,5,10,3,4,2025-05-17 23:00:00,2025-05-17 23:30:00,2025-05-17 23:15:00,16.620258,75.097012,"Incident of Theft reported in Belgaum district at coordinates (16.6203, 75.0970)."
1288,1288/2025,FIR/1288/2025,2025-03-12,7,4,1,2,5,9,3,4,2025-03-12 23:00:00,2025-03-12 23:30:00,2025-03-12 23:15:00,16.762688,75.075051,"Incident of Theft reported in Belgaum district at coordinates (16.7627, 75.0751)."
1289,1289/2025,FIR/1289/2025,2025-07-07,8,4,1,2,5,10,1,4,2025-07-07 20:00:00,2025-07-07 20:30:00,2025-07-07 21:15:00,16.493416,74.821194,"Incident of Theft reported in Belgaum district at coordinates (16.4934, 74.8212)."
1290,1290/2025,FIR/1290/2025,2025-02-03,7,4,1,2,5,9,2,4,2025-02-03 09:00:00,2025-02-03 09:30:00,2025-02-03 10:15:00,16.493001,74.813202,"Incident of Theft reported in Belgaum district at coordinates (16.4930, 74.8132)."
1291,1291/2025,FIR/1291/2025,2025-07-08,8,4,1,2,5,10,3,4,2025-07-08 02:00:00,2025-07-08 02:30:00,2025-07-08 03:15:00,16.086082,74.618572,"Incident of Theft reported in Belgaum district at coordinates (16.0861, 74.6186)."
1292,1292/2025,FIR/1292/2025,2025-06-11,7,4,1,2,5,9,3,4,2025-06-11 16:00:00,2025-06-11 16:30:00,2025-06-11 17:15:00,16.481091,74.821324,"Incident of Theft reported in Belgaum district at coordinates (16.4811, 74.8213)."
1293,1293/2025,FIR/1293/2025,2025-05-12,8,4,1,2,5,10,1,4,2025-05-12 16:00:00,2025-05-12 16:30:00,2025-05-12 17:15:00,16.101811,74.616553,"Incident of Theft reported in Belgaum district at coordinates (16.1018, 74.6166)."
1294,1294/2025,FIR/1294/2025,2025-02-09,7,4,1,2,5,9,3,4,2025-02-09 17:00:00,2025-02-09 17:30:00,2025-02-09 18:15:00,16.625342,75.09094,"Incident of Theft reported in Belgaum district at coordinates (16.6253, 75.0909)."
1295,1295/2025,FIR/1295/2025,2025-05-04,8,4,1,2,5,10,3,4,2025-05-04 23:00:00,2025-05-04 23:30:00,2025-05-04 23:15:00,16.475362,74.817355,"Incident of Theft reported in Belgaum district at coordinates (16.4754, 74.8174)."
1296,1296/2025,FIR/1296/2025,2025-12-10,7,4,1,2,5,9,2,4,2025-12-10 04:00:00,2025-12-10 04:30:00,2025-12-10 05:15:00,16.08377,74.632745,"Incident of Theft reported in Belgaum district at coordinates (16.0838, 74.6327)."
1297,1297/2025,FIR/1297/2025,2025-10-05,8,4,1,2,5,10,2,4,2025-10-05 06:00:00,2025-10-05 06:30:00,2025-10-05 07:15:00,16.487488,74.824179,"Incident of Theft reported in Belgaum district at coordinates (16.4875, 74.8242)."
1298,1298/2025,FIR/1298/2025,2025-02-05,7,4,1,2,5,9,1,4,2025-02-05 17:00:00,2025-02-05 17:30:00,2025-02-05 18:15:00,15.9085,74.988472,"Incident of Theft reported in Belgaum district at coordinates (15.9085, 74.9885)."
1299,1299/2025,FIR/1299/2025,2025-09-05,8,4,1,2,5,10,3,4,2025-09-05 00:00:00,2025-09-05 00:30:00,2025-09-05 01:15:00,16.626089,75.101087,"Incident of Theft reported in Belgaum district at coordinates (16.6261, 75.1011)."
1300,1300/2025,FIR/1300/2025,2025-03-29,7,4,1,2,5,9,3,4,2025-03-29 02:00:00,2025-03-29 02:30:00,2025-03-29 03:15:00,16.623559,75.10084,"Incident of Theft reported in Belgaum district at coordinates (16.6236, 75.1008)."
1301,1301/2025,FIR/1301/2025,2025-03-06,8,4,1,2,5,10,1,4,2025-03-06 23:00:00,2025-03-06 23:30:00,2025-03-06 23:15:00,16.099357,74.629302,"Incident of Theft reported in Belgaum district at coordinates (16.0994, 74.6293)."
1302,1302/2025,FIR/1302/2025,2025-07-10,7,4,1,2,5,9,1,4,2025-07-10 20:00:00,2025-07-10 20:30:00,2025-07-10 21:15:00,16.624027,75.103257,"Incident of Theft reported in Belgaum district at coordinates (16.6240, 75.1033)."
1303,1303/2025,FIR/1303/2025,2025-02-15,8,4,1,2,5,10,2,4,2025-02-15 17:00:00,2025-02-15 17:30:00,2025-02-15 18:15:00,15.844364,74.65831,"Incident of Theft reported in Belgaum district at coordinates (15.8444, 74.6583)."
1304,1304/2025,FIR/1304/2025,2025-02-13,7,4,1,2,5,9,3,4,2025-02-13 17:00:00,2025-02-13 17:30:00,2025-02-13 18:15:00,15.914831,74.9876,"Incident of Theft reported in Belgaum district at coordinates (15.9148, 74.9876)."
1305,1305/2025,FIR/1305/2025,2025-09-12,8,4,1,2,5,10,2,4,2025-09-12 22:00:00,2025-09-12 22:30:00,2025-09-12 23:15:00,16.616625,75.089376,"Incident of Theft reported in Belgaum district at coordinates (16.6166, 75.0894)."
1306,1306/2025,FIR/1306/2025,2025-08-20,7,4,1,2,5,9,3,4,2025-08-20 06:00:00,2025-08-20 06:30:00,2025-08-20 07:15:00,16.13207,74.810479,"Incident of Theft reported in Belgaum district at coordinates (16.1321, 74.8105)."
1307,1307/2025,FIR/1307/2025,2025-09-15,8,4,1,2,5,10,2,4,2025-09-15 04:00:00,2025-09-15 04:30:00,2025-09-15 05:15:00,16.083391,74.627487,"Incident of Theft reported in Belgaum district at coordinates (16.0834, 74.6275)."
1308,1308/2025,FIR/1308/2025,2025-01-10,7,4,1,2,5,9,3,4,2025-01-10 15:00:00,2025-01-10 15:30:00,2025-01-10 16:15:00,16.621415,75.089351,"Incident of Theft reported in Belgaum district at coordinates (16.6214, 75.0894)."
1309,1309/2025,FIR/1309/2025,2025-01-08,8,4,1,2,5,10,1,4,2025-01-08 02:00:00,2025-01-08 02:30:00,2025-01-08 03:15:00,16.079083,74.637717,"Incident of Theft reported in Belgaum district at coordinates (16.0791, 74.6377)."
1310,1310/2025,FIR/1310/2025,2025-11-08,7,4,1,2,5,9,2,4,2025-11-08 09:00:00,2025-11-08 09:30:00,2025-11-08 10:15:00,16.084328,74.625075,"Incident of Theft reported in Belgaum district at coordinates (16.0843, 74.6251)."
1311,1311/2025,FIR/1311/2025,2025-03-20,8,4,1,2,5,10,1,4,2025-03-20 02:00:00,2025-03-20 02:30:00,2025-03-20 03:15:00,15.933636,74.999984,"Incident of Theft reported in Belgaum district at coordinates (15.9336, 75.0000)."
1312,1312/2025,FIR/1312/2025,2025-08-30,7,4,1,2,5,9,3,4,2025-08-30 00:00:00,2025-08-30 00:30:00,2025-08-30 01:15:00,16.633757,75.094106,"Incident of Theft reported in Belgaum district at coordinates (16.6338, 75.0941)."
1313,1313/2025,FIR/1313/2025,2025-11-19,8,4,1,2,5,10,2,4,2025-11-19 20:00:00,2025-11-19 20:30:00,2025-11-19 21:15:00,15.914657,74.993472,"Incident of Theft reported in Belgaum district at coordinates (15.9147, 74.9935)."
1314,1314/2025,FIR/1314/2025,2025-05-03,7,4,1,2,5,9,1,4,2025-05-03 15:00:00,2025-05-03 15:30:00,2025-05-03 16:15:00,16.62416,75.087407,"Incident of Theft reported in Belgaum district at coordinates (16.6242, 75.0874)."
1315,1315/2025,FIR/1315/2025,2025-02-08,8,4,1,2,5,10,1,4,2025-02-08 13:00:00,2025-02-08 13:30:00,2025-02-08 14:15:00,16.484665,74.812816,"Incident of Theft reported in Belgaum district at coordinates (16.4847, 74.8128)."
1316,1316/2025,FIR/1316/2025,2025-10-12,7,4,1,2,5,9,3,4,2025-10-12 19:00:00,2025-10-12 19:30:00,2025-10-12 20:15:00,16.058673,75.257555,"Incident of Theft reported in Belgaum district at coordinates (16.0587, 75.2576)."
1317,1317/2025,FIR/1317/2025,2025-10-19,8,4,1,2,5,10,1,4,2025-10-19 05:00:00,2025-10-19 05:30:00,2025-10-19 06:15:00,16.139261,74.794834,"Incident of Theft reported in Belgaum district at coordinates (16.1393, 74.7948)."
1318,1318/2025,FIR/1318/2025,2025-07-16,7,4,1,2,5,9,1,4,2025-07-16 04:00:00,2025-07-16 04:30:00,2025-07-16 05:15:00,16.606794,75.098458,"Incident of Theft reported in Belgaum district at coordinates (16.6068, 75.0985)."
1319,1319/2025,FIR/1319/2025,2025-11-29,8,4,1,2,5,10,1,4,2025-11-29 05:00:00,2025-11-29 05:30:00,2025-11-29 06:15:00,16.508486,74.809737,"Incident of Theft reported in Belgaum district at coordinates (16.5085, 74.8097)."
1320,1320/2025,FIR/1320/2025,2025-10-17,7,4,1,2,5,9,2,4,2025-10-17 08:00:00,2025-10-17 08:30:00,2025-10-17 09:15:00,15.521636,74.709976,"Incident of Theft reported in Belgaum district at coordinates (15.5216, 74.7100)."
1321,1321/2025,FIR/1321/2025,2025-07-12,8,4,1,2,5,10,1,4,2025-07-12 07:00:00,2025-07-12 07:30:00,2025-07-12 08:15:00,16.483223,74.814499,"Incident of Theft reported in Belgaum district at coordinates (16.4832, 74.8145)."
1322,1322/2025,FIR/1322/2025,2025-04-15,7,4,1,2,5,9,2,4,2025-04-15 12:00:00,2025-04-15 12:30:00,2025-04-15 13:15:00,16.474734,74.81401,"Incident of Theft reported in Belgaum district at coordinates (16.4747, 74.8140)."
1323,1323/2025,FIR/1323/2025,2025-06-29,8,4,1,2,5,10,1,4,2025-06-29 21:00:00,2025-06-29 21:30:00,2025-06-29 22:15:00,16.485597,74.803348,"Incident of Theft reported in Belgaum district at coordinates (16.4856, 74.8033)."
1324,1324/2025,FIR/1324/2025,2025-11-27,7,4,1,2,5,9,1,4,2025-11-27 05:00:00,2025-11-27 05:30:00,2025-11-27 06:15:00,15.612904,74.747645,"Incident of Theft reported in Belgaum district at coordinates (15.6129, 74.7476)."
1325,1325/2025,FIR/1325/2025,2025-10-08,8,4,1,2,5,10,2,4,2025-10-08 23:00:00,2025-10-08 23:30:00,2025-10-08 23:15:00,16.489147,74.816437,"Incident of Theft reported in Belgaum district at coordinates (16.4891, 74.8164)."
1326,1326/2025,FIR/1326/2025,2025-02-16,7,4,1,2,5,9,3,4,2025-02-16 18:00:00,2025-02-16 18:30:00,2025-02-16 19:15:00,16.495381,74.828371,"Incident of Theft reported in Belgaum district at coordinates (16.4954, 74.8284)."
1327,1327/2025,FIR/1327/2025,2025-11-24,8,4,1,2,5,10,2,4,2025-11-24 06:00:00,2025-11-24 06:30:00,2025-11-24 07:15:00,16.616794,75.092903,"Incident of Theft reported in Belgaum district at coordinates (16.6168, 75.0929)."
1328,1328/2025,FIR/1328/2025,2025-04-04,7,4,1,2,5,9,3,4,2025-04-04 17:00:00,2025-04-04 17:30:00,2025-04-04 18:15:00,16.610863,75.145121,"Incident of Theft reported in Belgaum district at coordinates (16.6109, 75.1451)."
1329,1329/2025,FIR/1329/2025,2025-06-27,8,4,1,2,5,10,2,4,2025-06-27 16:00:00,2025-06-27 16:30:00,2025-06-27 17:15:00,16.624822,75.104538,"Incident of Theft reported in Belgaum district at coordinates (16.6248, 75.1045)."
1330,1330/2025,FIR/1330/2025,2025-11-07,7,4,1,2,5,9,1,4,2025-11-07 06:00:00,2025-11-07 06:30:00,2025-11-07 07:15:00,16.623842,75.10005,"Incident of Theft reported in Belgaum district at coordinates (16.6238, 75.1000)."
1331,1331/2025,FIR/1331/2025,2025-08-06,8,4,1,2,5,10,1,4,2025-08-06 07:00:00,2025-08-06 07:30:00,2025-08-06 08:15:00,16.627303,75.079424,"Incident of Theft reported in Belgaum district at coordinates (16.6273, 75.0794)."
1332,1332/2025,FIR/1332/2025,2025-01-21,7,4,1,2,5,9,1,4,2025-01-21 00:00:00,2025-01-21 00:30:00,2025-01-21 01:15:00,16.377975,74.960733,"Incident of Theft reported in Belgaum district at coordinates (16.3780, 74.9607)."
1333,1333/2025,FIR/1333/2025,2025-09-29,8,4,1,2,5,10,3,4,2025-09-29 04:00:00,2025-09-29 04:30:00,2025-09-29 05:15:00,16.145544,74.800852,"Incident of Theft reported in Belgaum district at coordinates (16.1455, 74.8009)."
1334,1334/2025,FIR/1334/2025,2025-09-01,7,4,1,2,5,9,1,4,2025-09-01 06:00:00,2025-09-01 06:30:00,2025-09-01 07:15:00,16.49151,74.813719,"Incident of Theft reported in Belgaum district at coordinates (16.4915, 74.8137)."
1335,1335/2025,FIR/1335/2025,2025-11-01,8,4,1,2,5,10,1,4,2025-11-01 05:00:00,2025-11-01 05:30:00,2025-11-01 06:15:00,16.629756,75.091431,"Incident of Theft reported in Belgaum district at coordinates (16.6298, 75.0914)."
1336,1336/2025,FIR/1336/2025,2025-02-17,7,4,1,2,5,9,2,4,2025-02-17 22:00:00,2025-02-17 22:30:00,2025-02-17 23:15:00,16.495244,74.807533,"Incident of Theft reported in Belgaum district at coordinates (16.4952, 74.8075)."
1337,1337/2025,FIR/1337/2025,2025-09-22,8,4,1,2,5,10,3,4,2025-09-22 09:00:00,2025-09-22 09:30:00,2025-09-22 10:15:00,16.500498,74.804595,"Incident of Theft reported in Belgaum district at coordinates (16.5005, 74.8046)."
1338,1338/2025,FIR/1338/2025,2025-06-09,7,4,1,2,5,9,3,4,2025-06-09 10:00:00,2025-06-09 10:30:00,2025-06-09 11:15:00,15.923438,74.987979,"Incident of Theft reported in Belgaum district at coordinates (15.9234, 74.9880)."
1339,1339/2025,FIR/1339/2025,2025-10-05,8,4,1,2,5,10,2,4,2025-10-05 08:00:00,2025-10-05 08:30:00,2025-10-05 09:15:00,16.644517,75.105714,"Incident of Theft reported in Belgaum district at coordinates (16.6445, 75.1057)."
1340,1340/2025,FIR/1340/2025,2025-06-06,7,4,1,2,5,9,3,4,2025-06-06 04:00:00,2025-06-06 04:30:00,2025-06-06 05:15:00,16.627753,75.08622,"Incident of Theft reported in Belgaum district at coordinates (16.6278, 75.0862)."
1341,1341/2025,FIR/1341/2025,2025-12-21,8,4,1,2,5,10,2,4,2025-12-21 09:00:00,2025-12-21 09:30:00,2025-12-21 10:15:00,15.860556,74.549122,"Incident of Theft reported in Belgaum district at coordinates (15.8606, 74.5491)."
1342,1342/2025,FIR/1342/2025,2025-06-20,7,4,1,2,5,9,1,4,2025-06-20 21:00:00,2025-06-20 21:30:00,2025-06-20 22:15:00,16.821955,74.925229,"Incident of Theft reported in Belgaum district at coordinates (16.8220, 74.9252)."
1343,1343/2025,FIR/1343/2025,2025-09-07,8,4,1,2,5,10,2,4,2025-09-07 02:00:00,2025-09-07 02:30:00,2025-09-07 03:15:00,16.149627,74.803489,"Incident of Theft reported in Belgaum district at coordinates (16.1496, 74.8035)."
1344,1344/2025,FIR/1344/2025,2025-05-26,7,4,1,2,5,9,1,4,2025-05-26 06:00:00,2025-05-26 06:30:00,2025-05-26 07:15:00,16.538651,74.628735,"Incident of Theft reported in Belgaum district at coordinates (16.5387, 74.6287)."
1345,1345/2025,FIR/1345/2025,2025-07-17,8,4,1,2,5,10,2,4,2025-07-17 20:00:00,2025-07-17 20:30:00,2025-07-17 21:15:00,16.08354,74.914722,"Incident of Theft reported in Belgaum district at coordinates (16.0835, 74.9147)."
1346,1346/2025,FIR/1346/2025,2025-05-27,7,4,1,2,5,9,1,4,2025-05-27 04:00:00,2025-05-27 04:30:00,2025-05-27 05:15:00,16.084295,74.610328,"Incident of Theft reported in Belgaum district at coordinates (16.0843, 74.6103)."
1347,1347/2025,FIR/1347/2025,2025-05-05,8,4,1,2,5,10,2,4,2025-05-05 18:00:00,2025-05-05 18:30:00,2025-05-05 19:15:00,16.02972,74.755032,"Incident of Theft reported in Belgaum district at coordinates (16.0297, 74.7550)."
1348,1348/2025,FIR/1348/2025,2025-10-26,7,4,1,2,5,9,2,4,2025-10-26 23:00:00,2025-10-26 23:30:00,2025-10-26 23:15:00,15.841775,74.833225,"Incident of Theft reported in Belgaum district at coordinates (15.8418, 74.8332)."
1349,1349/2025,FIR/1349/2025,2025-07-19,8,4,1,2,5,10,2,4,2025-07-19 23:00:00,2025-07-19 23:30:00,2025-07-19 23:15:00,16.477728,74.79107,"Incident of Theft reported in Belgaum district at coordinates (16.4777, 74.7911)."
1350,1350/2025,FIR/1350/2025,2025-04-16,7,4,1,2,5,9,2,4,2025-04-16 20:00:00,2025-04-16 20:30:00,2025-04-16 21:15:00,16.097834,74.630973,"Incident of Theft reported in Belgaum district at coordinates (16.0978, 74.6310)."
1351,1351/2025,FIR/1351/2025,2025-10-09,8,4,1,2,5,10,1,4,2025-10-09 22:00:00,2025-10-09 22:30:00,2025-10-09 23:15:00,16.479326,74.806908,"Incident of Theft reported in Belgaum district at coordinates (16.4793, 74.8069)."
1352,1352/2025,FIR/1352/2025,2025-02-03,7,4,1,2,5,9,3,4,2025-02-03 06:00:00,2025-02-03 06:30:00,2025-02-03 07:15:00,16.136819,74.807174,"Incident of Theft reported in Belgaum district at coordinates (16.1368, 74.8072)."
1353,1353/2025,FIR/1353/2025,2025-11-28,8,4,1,2,5,10,1,4,2025-11-28 09:00:00,2025-11-28 09:30:00,2025-11-28 10:15:00,16.486201,74.819508,"Incident of Theft reported in Belgaum district at coordinates (16.4862, 74.8195)."
1354,1354/2025,FIR/1354/2025,2025-10-02,7,4,1,2,5,9,1,4,2025-10-02 06:00:00,2025-10-02 06:30:00,2025-10-02 07:15:00,16.633237,75.093523,"Incident of Theft reported in Belgaum district at coordinates (16.6332, 75.0935)."
1355,1355/2025,FIR/1355/2025,2025-09-01,8,4,1,2,5,10,3,4,2025-09-01 22:00:00,2025-09-01 22:30:00,2025-09-01 23:15:00,15.9306,74.989167,"Incident of Theft reported in Belgaum district at coordinates (15.9306, 74.9892)."
1356,1356/2025,FIR/1356/2025,2025-05-29,7,4,1,2,5,9,3,4,2025-05-29 09:00:00,2025-05-29 09:30:00,2025-05-29 10:15:00,15.943797,74.546197,"Incident of Theft reported in Belgaum district at coordinates (15.9438, 74.5462)."
1357,1357/2025,FIR/1357/2025,2025-04-29,8,4,1,2,5,10,3,4,2025-04-29 19:00:00,2025-04-29 19:30:00,2025-04-29 20:15:00,15.992029,75.134142,"Incident of Theft reported in Belgaum district at coordinates (15.9920, 75.1341)."
1358,1358/2025,FIR/1358/2025,2025-01-08,7,4,1,2,5,9,2,4,2025-01-08 21:00:00,2025-01-08 21:30:00,2025-01-08 22:15:00,15.812257,74.390988,"Incident of Theft reported in Belgaum district at coordinates (15.8123, 74.3910)."
1359,1359/2025,FIR/1359/2025,2025-08-27,8,4,1,2,5,10,2,4,2025-08-27 09:00:00,2025-08-27 09:30:00,2025-08-27 10:15:00,16.827827,75.119823,"Incident of Theft reported in Belgaum district at coordinates (16.8278, 75.1198)."
1360,1360/2025,FIR/1360/2025,2025-07-09,7,4,1,2,5,9,3,4,2025-07-09 19:00:00,2025-07-09 19:30:00,2025-07-09 20:15:00,16.346619,74.811802,"Incident of Theft reported in Belgaum district at coordinates (16.3466, 74.8118)."
1361,1361/2025,FIR/1361/2025,2025-11-05,8,4,1,2,5,10,1,4,2025-11-05 16:00:00,2025-11-05 16:30:00,2025-11-05 17:15:00,16.147921,74.783751,"Incident of Theft reported in Belgaum district at coordinates (16.1479, 74.7838)."
1362,1362/2025,FIR/1362/2025,2025-10-24,7,4,1,2,5,9,1,4,2025-10-24 08:00:00,2025-10-24 08:30:00,2025-10-24 09:15:00,15.914427,75.015093,"Incident of Theft reported in Belgaum district at coordinates (15.9144, 75.0151)."
1363,1363/2025,FIR/1363/2025,2025-06-06,8,4,1,2,5,10,3,4,2025-06-06 16:00:00,2025-06-06 16:30:00,2025-06-06 17:15:00,16.492807,74.787859,"Incident of Theft reported in Belgaum district at coordinates (16.4928, 74.7879)."
1364,1364/2025,FIR/1364/2025,2025-12-20,7,4,1,2,5,9,3,4,2025-12-20 07:00:00,2025-12-20 07:30:00,2025-12-20 08:15:00,16.633617,75.099511,"Incident of Theft reported in Belgaum district at coordinates (16.6336, 75.0995)."
1365,1365/2025,FIR/1365/2025,2025-02-17,8,4,1,2,5,10,3,4,2025-02-17 09:00:00,2025-02-17 09:30:00,2025-02-17 10:15:00,16.624647,75.096743,"Incident of Theft reported in Belgaum district at coordinates (16.6246, 75.0967)."
1366,1366/2025,FIR/1366/2025,2025-09-10,7,4,1,2,5,9,3,4,2025-09-10 11:00:00,2025-09-10 11:30:00,2025-09-10 12:15:00,16.620416,75.099546,"Incident of Theft reported in Belgaum district at coordinates (16.6204, 75.0995)."
1367,1367/2025,FIR/1367/2025,2025-05-09,8,4,1,2,5,10,3,4,2025-05-09 13:00:00,2025-05-09 13:30:00,2025-05-09 14:15:00,15.920625,74.998013,"Incident of Theft reported in Belgaum district at coordinates (15.9206, 74.9980)."
1368,1368/2025,FIR/1368/2025,2025-02-06,7,4,1,2,5,9,2,4,2025-02-06 12:00:00,2025-02-06 12:30:00,2025-02-06 13:15:00,16.616921,75.089433,"Incident of Theft reported in Belgaum district at coordinates (16.6169, 75.0894)."
1369,1369/2025,FIR/1369/2025,2025-11-05,8,4,1,2,5,10,1,4,2025-11-05 21:00:00,2025-11-05 21:30:00,2025-11-05 22:15:00,16.148495,74.795497,"Incident of Theft reported in Belgaum district at coordinates (16.1485, 74.7955)."
1370,1370/2025,FIR/1370/2025,2025-08-27,7,4,1,2,5,9,2,4,2025-08-27 14:00:00,2025-08-27 14:30:00,2025-08-27 15:15:00,16.529938,74.594633,"Incident of Theft reported in Belgaum district at coordinates (16.5299, 74.5946)."
1371,1371/2025,FIR/1371/2025,2025-04-28,8,4,1,2,5,10,1,4,2025-04-28 08:00:00,2025-04-28 08:30:00,2025-04-28 09:15:00,16.571652,74.413391,"Incident of Theft reported in Belgaum district at coordinates (16.5717, 74.4134)."
1372,1372/2025,FIR/1372/2025,2025-03-02,7,4,1,2,5,9,1,4,2025-03-02 14:00:00,2025-03-02 14:30:00,2025-03-02 15:15:00,15.917172,74.997851,"Incident of Theft reported in Belgaum district at coordinates (15.9172, 74.9979)."
1373,1373/2025,FIR/1373/2025,2025-07-31,8,4,1,2,5,10,3,4,2025-07-31 09:00:00,2025-07-31 09:30:00,2025-07-31 10:15:00,16.620352,75.09774,"Incident of Theft reported in Belgaum district at coordinates (16.6204, 75.0977)."
1374,1374/2025,FIR/1374/2025,2025-06-04,7,4,1,2,5,9,2,4,2025-06-04 06:00:00,2025-06-04 06:30:00,2025-06-04 07:15:00,16.26053,74.588037,"Incident of Theft reported in Belgaum district at coordinates (16.2605, 74.5880)."
1375,1375/2025,FIR/1375/2025,2025-08-14,8,4,1,2,5,10,3,4,2025-08-14 17:00:00,2025-08-14 17:30:00,2025-08-14 18:15:00,15.788187,75.286312,"Incident of Theft reported in Belgaum district at coordinates (15.7882, 75.2863)."
1376,1376/2025,FIR/1376/2025,2025-08-03,7,4,1,2,5,9,3,4,2025-08-03 05:00:00,2025-08-03 05:30:00,2025-08-03 06:15:00,16.619036,75.099255,"Incident of Theft reported in Belgaum district at coordinates (16.6190, 75.0993)."
1377,1377/2025,FIR/1377/2025,2025-12-22,8,4,1,2,5,10,1,4,2025-12-22 03:00:00,2025-12-22 03:30:00,2025-12-22 04:15:00,16.615164,75.098021,"Incident of Theft reported in Belgaum district at coordinates (16.6152, 75.0980)."
1378,1378/2025,FIR/1378/2025,2025-04-06,7,4,1,2,5,9,3,4,2025-04-06 13:00:00,2025-04-06 13:30:00,2025-04-06 14:15:00,16.483746,74.82845,"Incident of Theft reported in Belgaum district at coordinates (16.4837, 74.8285)."
1379,1379/2025,FIR/1379/2025,2025-04-10,8,4,1,2,5,10,3,4,2025-04-10 09:00:00,2025-04-10 09:30:00,2025-04-10 10:15:00,16.629725,75.094999,"Incident of Theft reported in Belgaum district at coordinates (16.6297, 75.0950)."
1380,1380/2025,FIR/1380/2025,2025-08-24,7,4,1,2,5,9,3,4,2025-08-24 06:00:00,2025-08-24 06:30:00,2025-08-24 07:15:00,16.128012,74.795312,"Incident of Theft reported in Belgaum district at coordinates (16.1280, 74.7953)."
1381,1381/2025,FIR/1381/2025,2025-07-21,8,4,1,2,5,10,1,4,2025-07-21 18:00:00,2025-07-21 18:30:00,2025-07-21 19:15:00,16.481099,74.815584,"Incident of Theft reported in Belgaum district at coordinates (16.4811, 74.8156)."
1382,1382/2025,FIR/1382/2025,2025-02-23,7,4,1,2,5,9,1,4,2025-02-23 05:00:00,2025-02-23 05:30:00,2025-02-23 06:15:00,16.504473,74.81259,"Incident of Theft reported in Belgaum district at coordinates (16.5045, 74.8126)."
1383,1383/2025,FIR/1383/2025,2025-03-25,8,4,1,2,5,10,1,4,2025-03-25 06:00:00,2025-03-25 06:30:00,2025-03-25 07:15:00,15.927097,75.002425,"Incident of Theft reported in Belgaum district at coordinates (15.9271, 75.0024)."
1384,1384/2025,FIR/1384/2025,2025-10-07,7,4,1,2,5,9,1,4,2025-10-07 16:00:00,2025-10-07 16:30:00,2025-10-07 17:15:00,16.135026,74.789021,"Incident of Theft reported in Belgaum district at coordinates (16.1350, 74.7890)."
1385,1385/2025,FIR/1385/2025,2025-06-05,8,4,1,2,5,10,1,4,2025-06-05 05:00:00,2025-06-05 05:30:00,2025-06-05 06:15:00,16.467728,74.819581,"Incident of Theft reported in Belgaum district at coordinates (16.4677, 74.8196)."
1386,1386/2025,FIR/1386/2025,2025-07-26,7,4,1,2,5,9,3,4,2025-07-26 02:00:00,2025-07-26 02:30:00,2025-07-26 03:15:00,16.490039,74.818842,"Incident of Theft reported in Belgaum district at coordinates (16.4900, 74.8188)."
1387,1387/2025,FIR/1387/2025,2025-09-30,8,4,1,2,5,10,3,4,2025-09-30 02:00:00,2025-09-30 02:30:00,2025-09-30 03:15:00,16.136499,74.808858,"Incident of Theft reported in Belgaum district at coordinates (16.1365, 74.8089)."
1388,1388/2025,FIR/1388/2025,2025-08-18,7,4,1,2,5,9,2,4,2025-08-18 01:00:00,2025-08-18 01:30:00,2025-08-18 02:15:00,16.494454,74.797299,"Incident of Theft reported in Belgaum district at coordinates (16.4945, 74.7973)."
1389,1389/2025,FIR/1389/2025,2025-01-28,8,4,1,2,5,10,2,4,2025-01-28 20:00:00,2025-01-28 20:30:00,2025-01-28 21:15:00,15.917804,74.990323,"Incident of Theft reported in Belgaum district at coordinates (15.9178, 74.9903)."
1390,1390/2025,FIR/1390/2025,2025-04-26,7,4,1,2,5,9,1,4,2025-04-26 16:00:00,2025-04-26 16:30:00,2025-04-26 17:15:00,16.419309,74.511071,"Incident of Theft reported in Belgaum district at coordinates (16.4193, 74.5111)."
1391,1391/2025,FIR/1391/2025,2025-12-24,8,4,1,2,5,10,2,4,2025-12-24 06:00:00,2025-12-24 06:30:00,2025-12-24 07:15:00,16.11169,74.606375,"Incident of Theft reported in Belgaum district at coordinates (16.1117, 74.6064)."
1392,1392/2025,FIR/1392/2025,2025-11-15,7,4,1,2,5,9,2,4,2025-11-15 12:00:00,2025-11-15 12:30:00,2025-11-15 13:15:00,16.112475,75.354729,"Incident of Theft reported in Belgaum district at coordinates (16.1125, 75.3547)."
1393,1393/2025,FIR/1393/2025,2025-07-06,8,4,1,2,5,10,3,4,2025-07-06 08:00:00,2025-07-06 08:30:00,2025-07-06 09:15:00,15.909883,75.002023,"Incident of Theft reported in Belgaum district at coordinates (15.9099, 75.0020)."
1394,1394/2025,FIR/1394/2025,2025-06-29,7,4,1,2,5,9,3,4,2025-06-29 11:00:00,2025-06-29 11:30:00,2025-06-29 12:15:00,16.139193,74.82112,"Incident of Theft reported in Belgaum district at coordinates (16.1392, 74.8211)."
1395,1395/2025,FIR/1395/2025,2025-06-04,8,4,1,2,5,10,2,4,2025-06-04 13:00:00,2025-06-04 13:30:00,2025-06-04 14:15:00,16.087994,74.626116,"Incident of Theft reported in Belgaum district at coordinates (16.0880, 74.6261)."
1396,1396/2025,FIR/1396/2025,2025-06-01,7,4,1,2,5,9,1,4,2025-06-01 18:00:00,2025-06-01 18:30:00,2025-06-01 19:15:00,16.496356,74.798372,"Incident of Theft reported in Belgaum district at coordinates (16.4964, 74.7984)."
1397,1397/2025,FIR/1397/2025,2025-12-07,8,4,1,2,5,10,3,4,2025-12-07 14:00:00,2025-12-07 14:30:00,2025-12-07 15:15:00,15.833635,75.14812,"Incident of Theft reported in Belgaum district at coordinates (15.8336, 75.1481)."
1398,1398/2025,FIR/1398/2025,2025-07-16,7,4,1,2,5,9,3,4,2025-07-16 03:00:00,2025-07-16 03:30:00,2025-07-16 04:15:00,16.466308,74.809169,"Incident of Theft reported in Belgaum district at coordinates (16.4663, 74.8092)."
1399,1399/2025,FIR/1399/2025,2025-07-13,8,4,1,2,5,10,1,4,2025-07-13 03:00:00,2025-07-13 03:30:00,2025-07-13 04:15:00,16.489,74.822259,"Incident of Theft reported in Belgaum district at coordinates (16.4890, 74.8223)."
1400,1400/2025,FIR/1400/2025,2025-05-22,7,4,1,2,5,9,1,4,2025-05-22 06:00:00,2025-05-22 06:30:00,2025-05-22 07:15:00,16.49358,74.813755,"Incident of Theft reported in Belgaum district at coordinates (16.4936, 74.8138)."
1401,1401/2025,FIR/1401/2025,2025-11-07,8,4,1,2,5,10,2,4,2025-11-07 08:00:00,2025-11-07 08:30:00,2025-11-07 09:15:00,15.922938,74.992407,"Incident of Theft reported in Belgaum district at coordinates (15.9229, 74.9924)."
1402,1402/2025,FIR/1402/2025,2025-01-20,7,4,1,2,5,9,2,4,2025-01-20 12:00:00,2025-01-20 12:30:00,2025-01-20 13:15:00,16.540663,75.043146,"Incident of Theft reported in Belgaum district at coordinates (16.5407, 75.0431)."
1403,1403/2025,FIR/1403/2025,2025-02-18,8,4,1,2,5,10,3,4,2025-02-18 19:00:00,2025-02-18 19:30:00,2025-02-18 20:15:00,16.139279,74.796839,"Incident of Theft reported in Belgaum district at coordinates (16.1393, 74.7968)."
1404,1404/2025,FIR/1404/2025,2025-10-13,7,4,1,2,5,9,3,4,2025-10-13 05:00:00,2025-10-13 05:30:00,2025-10-13 06:15:00,16.62006,75.082363,"Incident of Theft reported in Belgaum district at coordinates (16.6201, 75.0824)."
1405,1405/2025,FIR/1405/2025,2025-05-03,8,4,1,2,5,10,1,4,2025-05-03 17:00:00,2025-05-03 17:30:00,2025-05-03 18:15:00,15.838372,74.533238,"Incident of Theft reported in Belgaum district at coordinates (15.8384, 74.5332)."
1406,1406/2025,FIR/1406/2025,2025-03-21,7,4,1,1,4,7,1,4,2025-03-21 18:00:00,2025-03-21 18:30:00,2025-03-21 19:15:00,15.917462,74.990871,"Incident of Robbery reported in Belgaum district at coordinates (15.9175, 74.9909)."
1407,1407/2025,FIR/1407/2025,2025-10-15,8,4,1,1,4,8,3,4,2025-10-15 18:00:00,2025-10-15 18:30:00,2025-10-15 19:15:00,16.611426,75.08495,"Incident of Robbery reported in Belgaum district at coordinates (16.6114, 75.0850)."
1408,1408/2025,FIR/1408/2025,2025-04-18,7,4,1,1,4,7,1,4,2025-04-18 19:00:00,2025-04-18 19:30:00,2025-04-18 20:15:00,16.628708,75.08787,"Incident of Robbery reported in Belgaum district at coordinates (16.6287, 75.0879)."
1409,1409/2025,FIR/1409/2025,2025-02-22,8,4,1,1,4,8,2,4,2025-02-22 13:00:00,2025-02-22 13:30:00,2025-02-22 14:15:00,15.923549,74.989324,"Incident of Robbery reported in Belgaum district at coordinates (15.9235, 74.9893)."
1410,1410/2025,FIR/1410/2025,2025-05-25,7,4,1,1,4,7,2,4,2025-05-25 08:00:00,2025-05-25 08:30:00,2025-05-25 09:15:00,16.086251,74.627835,"Incident of Robbery reported in Belgaum district at coordinates (16.0863, 74.6278)."
1411,1411/2025,FIR/1411/2025,2025-10-16,8,4,1,1,4,8,1,4,2025-10-16 15:00:00,2025-10-16 15:30:00,2025-10-16 16:15:00,16.508665,74.805314,"Incident of Robbery reported in Belgaum district at coordinates (16.5087, 74.8053)."
1412,1412/2025,FIR/1412/2025,2025-05-23,7,4,1,1,4,7,2,4,2025-05-23 09:00:00,2025-05-23 09:30:00,2025-05-23 10:15:00,16.625029,75.102963,"Incident of Robbery reported in Belgaum district at coordinates (16.6250, 75.1030)."
1413,1413/2025,FIR/1413/2025,2025-06-12,8,4,1,1,4,8,1,4,2025-06-12 18:00:00,2025-06-12 18:30:00,2025-06-12 19:15:00,16.535545,74.658636,"Incident of Robbery reported in Belgaum district at coordinates (16.5355, 74.6586)."
1414,1414/2025,FIR/1414/2025,2025-11-05,7,4,1,1,4,7,2,4,2025-11-05 18:00:00,2025-11-05 18:30:00,2025-11-05 19:15:00,15.908073,75.012764,"Incident of Robbery reported in Belgaum district at coordinates (15.9081, 75.0128)."
1415,1415/2025,FIR/1415/2025,2025-11-15,8,4,1,1,4,8,1,4,2025-11-15 08:00:00,2025-11-15 08:30:00,2025-11-15 09:15:00,15.923582,74.99867,"Incident of Robbery reported in Belgaum district at coordinates (15.9236, 74.9987)."
1416,1416/2025,FIR/1416/2025,2025-11-28,7,4,1,1,4,7,3,4,2025-11-28 21:00:00,2025-11-28 21:30:00,2025-11-28 22:15:00,16.49684,74.816198,"Incident of Robbery reported in Belgaum district at coordinates (16.4968, 74.8162)."
1417,1417/2025,FIR/1417/2025,2025-05-21,8,4,1,1,4,8,1,4,2025-05-21 13:00:00,2025-05-21 13:30:00,2025-05-21 14:15:00,15.918464,74.999257,"Incident of Robbery reported in Belgaum district at coordinates (15.9185, 74.9993)."
1418,1418/2025,FIR/1418/2025,2025-06-28,7,4,1,1,4,7,2,4,2025-06-28 19:00:00,2025-06-28 19:30:00,2025-06-28 20:15:00,16.631251,75.104067,"Incident of Robbery reported in Belgaum district at coordinates (16.6313, 75.1041)."
1419,1419/2025,FIR/1419/2025,2025-06-05,8,4,1,1,4,8,1,4,2025-06-05 06:00:00,2025-06-05 06:30:00,2025-06-05 07:15:00,16.102465,74.622648,"Incident of Robbery reported in Belgaum district at coordinates (16.1025, 74.6226)."
1420,1420/2025,FIR/1420/2025,2025-07-18,7,4,1,1,4,7,1,4,2025-07-18 22:00:00,2025-07-18 22:30:00,2025-07-18 23:15:00,16.123965,74.796789,"Incident of Robbery reported in Belgaum district at coordinates (16.1240, 74.7968)."
1421,1421/2025,FIR/1421/2025,2025-05-25,8,4,1,1,4,8,2,4,2025-05-25 12:00:00,2025-05-25 12:30:00,2025-05-25 13:15:00,16.485432,74.806774,"Incident of Robbery reported in Belgaum district at coordinates (16.4854, 74.8068)."
1422,1422/2025,FIR/1422/2025,2025-08-16,7,4,1,1,4,7,2,4,2025-08-16 19:00:00,2025-08-16 19:30:00,2025-08-16 20:15:00,16.092594,74.620075,"Incident of Robbery reported in Belgaum district at coordinates (16.0926, 74.6201)."
1423,1423/2025,FIR/1423/2025,2025-11-01,8,4,1,1,4,8,3,4,2025-11-01 22:00:00,2025-11-01 22:30:00,2025-11-01 23:15:00,16.085974,74.619902,"Incident of Robbery reported in Belgaum district at coordinates (16.0860, 74.6199)."
1424,1424/2025,FIR/1424/2025,2025-04-02,7,4,1,1,4,7,1,4,2025-04-02 04:00:00,2025-04-02 04:30:00,2025-04-02 05:15:00,16.081948,74.63968,"Incident of Robbery reported in Belgaum district at coordinates (16.0819, 74.6397)."
1425,1425/2025,FIR/1425/2025,2025-10-19,8,4,1,1,4,8,2,4,2025-10-19 15:00:00,2025-10-19 15:30:00,2025-10-19 16:15:00,16.426193,74.4727,"Incident of Robbery reported in Belgaum district at coordinates (16.4262, 74.4727)."
1426,1426/2025,FIR/1426/2025,2025-03-06,7,4,1,1,4,7,2,4,2025-03-06 01:00:00,2025-03-06 01:30:00,2025-03-06 02:15:00,16.482494,74.813291,"Incident of Robbery reported in Belgaum district at coordinates (16.4825, 74.8133)."
1427,1427/2025,FIR/1427/2025,2025-04-10,8,4,1,1,4,8,2,4,2025-04-10 09:00:00,2025-04-10 09:30:00,2025-04-10 10:15:00,16.141264,74.794313,"Incident of Robbery reported in Belgaum district at coordinates (16.1413, 74.7943)."
1428,1428/2025,FIR/1428/2025,2025-10-29,7,4,1,1,4,7,2,4,2025-10-29 20:00:00,2025-10-29 20:30:00,2025-10-29 21:15:00,16.084846,74.627702,"Incident of Robbery reported in Belgaum district at coordinates (16.0848, 74.6277)."
1429,1429/2025,FIR/1429/2025,2025-10-11,8,4,1,1,4,8,1,4,2025-10-11 16:00:00,2025-10-11 16:30:00,2025-10-11 17:15:00,15.932444,75.005008,"Incident of Robbery reported in Belgaum district at coordinates (15.9324, 75.0050)."
1430,1430/2025,FIR/1430/2025,2025-10-01,7,4,1,1,4,7,1,4,2025-10-01 13:00:00,2025-10-01 13:30:00,2025-10-01 14:15:00,16.487071,74.814027,"Incident of Robbery reported in Belgaum district at coordinates (16.4871, 74.8140)."
1431,1431/2025,FIR/1431/2025,2025-04-05,8,4,1,1,4,8,1,4,2025-04-05 08:00:00,2025-04-05 08:30:00,2025-04-05 09:15:00,16.099132,74.637727,"Incident of Robbery reported in Belgaum district at coordinates (16.0991, 74.6377)."
1432,1432/2025,FIR/1432/2025,2025-12-05,7,4,1,1,4,7,2,4,2025-12-05 07:00:00,2025-12-05 07:30:00,2025-12-05 08:15:00,15.92378,75.007771,"Incident of Robbery reported in Belgaum district at coordinates (15.9238, 75.0078)."
1433,1433/2025,FIR/1433/2025,2025-08-26,8,4,1,1,4,8,2,4,2025-08-26 03:00:00,2025-08-26 03:30:00,2025-08-26 04:15:00,16.097922,74.620498,"Incident of Robbery reported in Belgaum district at coordinates (16.0979, 74.6205)."
1434,1434/2025,FIR/1434/2025,2025-10-26,7,4,1,1,4,7,1,4,2025-10-26 04:00:00,2025-10-26 04:30:00,2025-10-26 05:15:00,16.133878,74.809634,"Incident of Robbery reported in Belgaum district at coordinates (16.1339, 74.8096)."
1435,1435/2025,FIR/1435/2025,2025-02-23,8,4,1,1,4,8,3,4,2025-02-23 05:00:00,2025-02-23 05:30:00,2025-02-23 06:15:00,15.912626,74.999888,"Incident of Robbery reported in Belgaum district at coordinates (15.9126, 74.9999)."
1436,1436/2025,FIR/1436/2025,2025-10-10,7,4,1,2,3,5,2,4,2025-10-10 20:00:00,2025-10-10 20:30:00,2025-10-10 21:15:00,15.905946,75.003965,"Incident of Chain Snatching reported in Belgaum district at coordinates (15.9059, 75.0040)."
1437,1437/2025,FIR/1437/2025,2025-07-18,8,4,1,2,3,6,3,4,2025-07-18 18:00:00,2025-07-18 18:30:00,2025-07-18 19:15:00,16.114723,74.622287,"Incident of Chain Snatching reported in Belgaum district at coordinates (16.1147, 74.6223)."
1438,1438/2025,FIR/1438/2025,2025-06-21,7,4,1,2,3,5,1,4,2025-06-21 12:00:00,2025-06-21 12:30:00,2025-06-21 13:15:00,16.470147,74.692498,"Incident of Chain Snatching reported in Belgaum district at coordinates (16.4701, 74.6925)."
1439,1439/2025,FIR/1439/2025,2025-11-23,8,4,1,2,3,6,3,4,2025-11-23 01:00:00,2025-11-23 01:30:00,2025-11-23 02:15:00,16.131582,74.789106,"Incident of Chain Snatching reported in Belgaum district at coordinates (16.1316, 74.7891)."
1440,1440/2025,FIR/1440/2025,2025-08-29,7,4,1,2,3,5,2,4,2025-08-29 19:00:00,2025-08-29 19:30:00,2025-08-29 20:15:00,16.088579,74.630299,"Incident of Chain Snatching reported in Belgaum district at coordinates (16.0886, 74.6303)."
1441,1441/2025,FIR/1441/2025,2025-03-24,8,4,1,2,3,6,2,4,2025-03-24 07:00:00,2025-03-24 07:30:00,2025-03-24 08:15:00,16.098576,74.617158,"Incident of Chain Snatching reported in Belgaum district at coordinates (16.0986, 74.6172)."
1442,1442/2025,FIR/1442/2025,2025-04-21,7,4,1,2,3,5,2,4,2025-04-21 20:00:00,2025-04-21 20:30:00,2025-04-21 21:15:00,15.923856,74.996695,"Incident of Chain Snatching reported in Belgaum district at coordinates (15.9239, 74.9967)."
1443,1443/2025,FIR/1443/2025,2025-04-07,8,4,1,2,3,6,1,4,2025-04-07 09:00:00,2025-04-07 09:30:00,2025-04-07 10:15:00,16.625909,75.084759,"Incident of Chain Snatching reported in Belgaum district at coordinates (16.6259, 75.0848)."
1444,1444/2025,FIR/1444/2025,2025-02-11,7,4,1,2,3,5,1,4,2025-02-11 08:00:00,2025-02-11 08:30:00,2025-02-11 09:15:00,15.928605,74.998997,"Incident of Chain Snatching reported in Belgaum district at coordinates (15.9286, 74.9990)."
1445,1445/2025,FIR/1445/2025,2025-03-16,8,4,1,2,3,6,3,4,2025-03-16 07:00:00,2025-03-16 07:30:00,2025-03-16 08:15:00,16.13262,74.803538,"Incident of Chain Snatching reported in Belgaum district at coordinates (16.1326, 74.8035)."
1446,1446/2025,FIR/1446/2025,2025-01-04,7,4,1,2,3,5,2,4,2025-01-04 05:00:00,2025-01-04 05:30:00,2025-01-04 06:15:00,16.62824,75.101492,"Incident of Chain Snatching reported in Belgaum district at coordinates (16.6282, 75.1015)."
1447,1447/2025,FIR/1447/2025,2025-01-14,8,4,1,2,3,6,1,4,2025-01-14 18:00:00,2025-01-14 18:30:00,2025-01-14 19:15:00,16.618813,75.10043,"Incident of Chain Snatching reported in Belgaum district at coordinates (16.6188, 75.1004)."
1448,1448/2025,FIR/1448/2025,2025-10-10,7,4,1,2,3,5,2,4,2025-10-10 02:00:00,2025-10-10 02:30:00,2025-10-10 03:15:00,16.499724,74.80978,"Incident of Chain Snatching reported in Belgaum district at coordinates (16.4997, 74.8098)."
1449,1449/2025,FIR/1449/2025,2025-10-15,8,4,1,2,3,6,2,4,2025-10-15 01:00:00,2025-10-15 01:30:00,2025-10-15 02:15:00,16.090843,74.636151,"Incident of Chain Snatching reported in Belgaum district at coordinates (16.0908, 74.6362)."
1450,1450/2025,FIR/1450/2025,2025-05-27,7,4,1,2,3,5,3,4,2025-05-27 20:00:00,2025-05-27 20:30:00,2025-05-27 21:15:00,16.485834,74.805659,"Incident of Chain Snatching reported in Belgaum district at coordinates (16.4858, 74.8057)."
1451,1451/2025,FIR/1451/2025,2025-05-19,8,4,1,2,2,4,2,4,2025-05-19 15:00:00,2025-05-19 15:30:00,2025-05-19 16:15:00,15.91671,74.983477,"Incident of Burglary reported in Belgaum district at coordinates (15.9167, 74.9835)."
1452,1452/2025,FIR/1452/2025,2025-03-11,7,4,1,2,2,3,2,4,2025-03-11 03:00:00,2025-03-11 03:30:00,2025-03-11 04:15:00,16.137051,74.790613,"Incident of Burglary reported in Belgaum district at coordinates (16.1371, 74.7906)."
1453,1453/2025,FIR/1453/2025,2025-05-25,8,4,1,2,2,4,3,4,2025-05-25 22:00:00,2025-05-25 22:30:00,2025-05-25 23:15:00,15.653037,75.006164,"Incident of Burglary reported in Belgaum district at coordinates (15.6530, 75.0062)."
1454,1454/2025,FIR/1454/2025,2025-03-24,7,4,1,2,2,3,1,4,2025-03-24 11:00:00,2025-03-24 11:30:00,2025-03-24 12:15:00,16.136262,74.791923,"Incident of Burglary reported in Belgaum district at coordinates (16.1363, 74.7919)."
1455,1455/2025,FIR/1455/2025,2025-08-05,8,4,1,2,2,4,2,4,2025-08-05 01:00:00,2025-08-05 01:30:00,2025-08-05 02:15:00,16.640576,75.097983,"Incident of Burglary reported in Belgaum district at coordinates (16.6406, 75.0980)."
1456,1456/2025,FIR/1456/2025,2025-03-20,7,4,1,2,2,3,2,4,2025-03-20 15:00:00,2025-03-20 15:30:00,2025-03-20 16:15:00,16.105927,74.622261,"Incident of Burglary reported in Belgaum district at coordinates (16.1059, 74.6223)."
1457,1457/2025,FIR/1457/2025,2025-05-17,8,4,1,2,2,4,1,4,2025-05-17 10:00:00,2025-05-17 10:30:00,2025-05-17 11:15:00,16.616752,75.083533,"Incident of Burglary reported in Belgaum district at coordinates (16.6168, 75.0835)."
1458,1458/2025,FIR/1458/2025,2025-07-17,7,4,1,2,2,3,3,4,2025-07-17 20:00:00,2025-07-17 20:30:00,2025-07-17 21:15:00,16.572408,74.765849,"Incident of Burglary reported in Belgaum district at coordinates (16.5724, 74.7658)."
1459,1459/2025,FIR/1459/2025,2025-04-08,8,4,1,2,2,4,2,4,2025-04-08 11:00:00,2025-04-08 11:30:00,2025-04-08 12:15:00,16.143072,74.797855,"Incident of Burglary reported in Belgaum district at coordinates (16.1431, 74.7979)."
1460,1460/2025,FIR/1460/2025,2025-02-06,7,4,1,2,2,3,1,4,2025-02-06 23:00:00,2025-02-06 23:30:00,2025-02-06 23:15:00,16.485283,74.815247,"Incident of Burglary reported in Belgaum district at coordinates (16.4853, 74.8152)."
1461,1461/2025,FIR/1461/2025,2025-05-29,8,4,1,2,2,4,3,4,2025-05-29 20:00:00,2025-05-29 20:30:00,2025-05-29 21:15:00,16.088607,74.627291,"Incident of Burglary reported in Belgaum district at coordinates (16.0886, 74.6273)."
1462,1462/2025,FIR/1462/2025,2025-10-26,7,4,1,2,2,3,3,4,2025-10-26 15:00:00,2025-10-26 15:30:00,2025-10-26 16:15:00,16.618316,75.102965,"Incident of Burglary reported in Belgaum district at coordinates (16.6183, 75.1030)."
1463,1463/2025,FIR/1463/2025,2025-01-25,8,4,1,2,2,4,1,4,2025-01-25 03:00:00,2025-01-25 03:30:00,2025-01-25 04:15:00,16.102398,74.629569,"Incident of Burglary reported in Belgaum district at coordinates (16.1024, 74.6296)."
1464,1464/2025,FIR/1464/2025,2025-09-25,7,4,1,2,2,3,3,4,2025-09-25 12:00:00,2025-09-25 12:30:00,2025-09-25 13:15:00,15.916803,74.995258,"Incident of Burglary reported in Belgaum district at coordinates (15.9168, 74.9953)."
1465,1465/2025,FIR/1465/2025,2025-03-22,8,4,1,2,2,4,3,4,2025-03-22 00:00:00,2025-03-22 00:30:00,2025-03-22 01:15:00,16.090673,74.634233,"Incident of Burglary reported in Belgaum district at coordinates (16.0907, 74.6342)."
1466,1466/2025,FIR/1466/2025,2025-08-03,7,4,1,2,2,3,1,4,2025-08-03 07:00:00,2025-08-03 07:30:00,2025-08-03 08:15:00,16.48247,74.820539,"Incident of Burglary reported in Belgaum district at coordinates (16.4825, 74.8205)."
1467,1467/2025,FIR/1467/2025,2025-10-22,8,4,1,2,2,4,2,4,2025-10-22 14:00:00,2025-10-22 14:30:00,2025-10-22 15:15:00,16.103126,74.620122,"Incident of Burglary reported in Belgaum district at coordinates (16.1031, 74.6201)."
1468,1468/2025,FIR/1468/2025,2025-05-03,7,4,1,2,2,3,3,4,2025-05-03 14:00:00,2025-05-03 14:30:00,2025-05-03 15:15:00,16.120096,74.810221,"Incident of Burglary reported in Belgaum district at coordinates (16.1201, 74.8102)."
1469,1469/2025,FIR/1469/2025,2025-07-15,8,4,1,2,2,4,3,4,2025-07-15 10:00:00,2025-07-15 10:30:00,2025-07-15 11:15:00,16.137456,74.80318,"Incident of Burglary reported in Belgaum district at coordinates (16.1375, 74.8032)."
1470,1470/2025,FIR/1470/2025,2025-07-13,7,4,1,2,2,3,1,4,2025-07-13 00:00:00,2025-07-13 00:30:00,2025-07-13 01:15:00,16.13539,74.804866,"Incident of Burglary reported in Belgaum district at coordinates (16.1354, 74.8049)."
1471,1471/2025,FIR/1471/2025,2025-08-19,8,4,1,2,2,4,1,4,2025-08-19 07:00:00,2025-08-19 07:30:00,2025-08-19 08:15:00,16.155927,74.801097,"Incident of Burglary reported in Belgaum district at coordinates (16.1559, 74.8011)."
1472,1472/2025,FIR/1472/2025,2025-09-04,7,4,1,2,2,3,3,4,2025-09-04 18:00:00,2025-09-04 18:30:00,2025-09-04 19:15:00,16.138297,74.803587,"Incident of Burglary reported in Belgaum district at coordinates (16.1383, 74.8036)."
1473,1473/2025,FIR/1473/2025,2025-01-17,8,4,1,2,2,4,3,4,2025-01-17 06:00:00,2025-01-17 06:30:00,2025-01-17 07:15:00,16.131848,74.805492,"Incident of Burglary reported in Belgaum district at coordinates (16.1318, 74.8055)."
1474,1474/2025,FIR/1474/2025,2025-10-15,7,4,1,2,2,3,2,4,2025-10-15 09:00:00,2025-10-15 09:30:00,2025-10-15 10:15:00,15.922862,75.00307,"Incident of Burglary reported in Belgaum district at coordinates (15.9229, 75.0031)."
1475,1475/2025,FIR/1475/2025,2025-05-24,8,4,1,2,2,4,1,4,2025-05-24 13:00:00,2025-05-24 13:30:00,2025-05-24 14:15:00,16.094718,74.627093,"Incident of Burglary reported in Belgaum district at coordinates (16.0947, 74.6271)."
1476,1476/2025,FIR/1476/2025,2025-01-13,7,4,1,2,2,3,2,4,2025-01-13 08:00:00,2025-01-13 08:30:00,2025-01-13 09:15:00,16.090223,74.621404,"Incident of Burglary reported in Belgaum district at coordinates (16.0902, 74.6214)."
1477,1477/2025,FIR/1477/2025,2025-09-07,8,4,1,2,2,4,2,4,2025-09-07 20:00:00,2025-09-07 20:30:00,2025-09-07 21:15:00,15.933001,74.988613,"Incident of Burglary reported in Belgaum district at coordinates (15.9330, 74.9886)."
1478,1478/2025,FIR/1478/2025,2025-01-01,7,4,1,2,2,3,2,4,2025-01-01 06:00:00,2025-01-01 06:30:00,2025-01-01 07:15:00,16.50087,74.814809,"Incident of Burglary reported in Belgaum district at coordinates (16.5009, 74.8148)."
1479,1479/2025,FIR/1479/2025,2025-04-05,8,4,1,2,2,4,3,4,2025-04-05 00:00:00,2025-04-05 00:30:00,2025-04-05 01:15:00,16.125611,74.797949,"Incident of Burglary reported in Belgaum district at coordinates (16.1256, 74.7979)."
1480,1480/2025,FIR/1480/2025,2025-07-02,7,4,1,2,2,3,3,4,2025-07-02 18:00:00,2025-07-02 18:30:00,2025-07-02 19:15:00,16.628349,75.096221,"Incident of Burglary reported in Belgaum district at coordinates (16.6283, 75.0962)."
1481,1481/2025,FIR/1481/2025,2025-09-18,8,4,1,2,2,4,3,4,2025-09-18 03:00:00,2025-09-18 03:30:00,2025-09-18 04:15:00,16.478337,74.804342,"Incident of Burglary reported in Belgaum district at coordinates (16.4783, 74.8043)."
1482,1482/2025,FIR/1482/2025,2025-06-21,7,4,1,2,2,3,1,4,2025-06-21 15:00:00,2025-06-21 15:30:00,2025-06-21 16:15:00,16.862926,75.352676,"Incident of Burglary reported in Belgaum district at coordinates (16.8629, 75.3527)."
1483,1483/2025,FIR/1483/2025,2025-07-21,8,4,1,2,2,4,3,4,2025-07-21 19:00:00,2025-07-21 19:30:00,2025-07-21 20:15:00,15.913399,74.992203,"Incident of Burglary reported in Belgaum district at coordinates (15.9134, 74.9922)."
1484,1484/2025,FIR/1484/2025,2025-01-25,7,4,1,2,2,3,1,4,2025-01-25 23:00:00,2025-01-25 23:30:00,2025-01-25 23:15:00,16.135176,74.802914,"Incident of Burglary reported in Belgaum district at coordinates (16.1352, 74.8029)."
1485,1485/2025,FIR/1485/2025,2025-11-11,8,4,1,2,2,4,2,4,2025-11-11 19:00:00,2025-11-11 19:30:00,2025-11-11 20:15:00,16.48852,74.805582,"Incident of Burglary reported in Belgaum district at coordinates (16.4885, 74.8056)."
1486,1486/2025,FIR/1486/2025,2025-10-12,7,4,1,2,2,3,2,4,2025-10-12 21:00:00,2025-10-12 21:30:00,2025-10-12 22:15:00,16.482391,74.811278,"Incident of Burglary reported in Belgaum district at coordinates (16.4824, 74.8113)."
1487,1487/2025,FIR/1487/2025,2025-01-24,8,4,1,2,2,4,1,4,2025-01-24 04:00:00,2025-01-24 04:30:00,2025-01-24 05:15:00,16.629133,75.10443,"Incident of Burglary reported in Belgaum district at coordinates (16.6291, 75.1044)."
1488,1488/2025,FIR/1488/2025,2025-06-26,7,4,1,2,2,3,2,4,2025-06-26 07:00:00,2025-06-26 07:30:00,2025-06-26 08:15:00,16.135869,74.793762,"Incident of Burglary reported in Belgaum district at coordinates (16.1359, 74.7938)."
1489,1489/2025,FIR/1489/2025,2025-11-03,8,4,1,2,2,4,3,4,2025-11-03 21:00:00,2025-11-03 21:30:00,2025-11-03 22:15:00,16.483219,74.81415,"Incident of Burglary reported in Belgaum district at coordinates (16.4832, 74.8141)."
1490,1490/2025,FIR/1490/2025,2025-11-05,7,4,1,2,2,3,2,4,2025-11-05 19:00:00,2025-11-05 19:30:00,2025-11-05 20:15:00,16.472646,74.81021,"Incident of Burglary reported in Belgaum district at coordinates (16.4726, 74.8102)."
1491,1491/2025,FIR/1491/2025,2025-11-30,8,4,1,2,2,4,1,4,2025-11-30 11:00:00,2025-11-30 11:30:00,2025-11-30 12:15:00,16.087914,74.625724,"Incident of Burglary reported in Belgaum district at coordinates (16.0879, 74.6257)."
1492,1492/2025,FIR/1492/2025,2025-07-25,7,4,1,2,2,3,2,4,2025-07-25 09:00:00,2025-07-25 09:30:00,2025-07-25 10:15:00,16.476194,74.815289,"Incident of Burglary reported in Belgaum district at coordinates (16.4762, 74.8153)."
1493,1493/2025,FIR/1493/2025,2025-08-19,8,4,1,2,2,4,1,4,2025-08-19 02:00:00,2025-08-19 02:30:00,2025-08-19 03:15:00,15.90928,74.984593,"Incident of Burglary reported in Belgaum district at coordinates (15.9093, 74.9846)."
1494,1494/2025,FIR/1494/2025,2025-09-05,7,4,1,2,2,3,2,4,2025-09-05 06:00:00,2025-09-05 06:30:00,2025-09-05 07:15:00,15.918545,74.986495,"Incident of Burglary reported in Belgaum district at coordinates (15.9185, 74.9865)."
1495,1495/2025,FIR/1495/2025,2025-12-20,8,4,1,2,2,4,2,4,2025-12-20 13:00:00,2025-12-20 13:30:00,2025-12-20 14:15:00,16.137886,74.803064,"Incident of Burglary reported in Belgaum district at coordinates (16.1379, 74.8031)."
1496,1496/2025,FIR/1496/2025,2025-10-19,7,4,1,2,2,3,3,4,2025-10-19 20:00:00,2025-10-19 20:30:00,2025-10-19 21:15:00,16.093443,74.629894,"Incident of Burglary reported in Belgaum district at coordinates (16.0934, 74.6299)."
1497,1497/2025,FIR/1497/2025,2025-04-14,8,4,1,2,2,4,2,4,2025-04-14 02:00:00,2025-04-14 02:30:00,2025-04-14 03:15:00,16.089282,74.636221,"Incident of Burglary reported in Belgaum district at coordinates (16.0893, 74.6362)."
1498,1498/2025,FIR/1498/2025,2025-12-16,7,4,1,2,2,3,1,4,2025-12-16 05:00:00,2025-12-16 05:30:00,2025-12-16 06:15:00,15.972174,74.877175,"Incident of Burglary reported in Belgaum district at coordinates (15.9722, 74.8772)."
1499,1499/2025,FIR/1499/2025,2025-08-07,8,4,1,2,2,4,1,4,2025-08-07 16:00:00,2025-08-07 16:30:00,2025-08-07 17:15:00,16.093605,74.609492,"Incident of Burglary reported in Belgaum district at coordinates (16.0936, 74.6095)."
1500,1500/2025,FIR/1500/2025,2025-11-13,7,4,1,2,2,3,3,4,2025-11-13 21:00:00,2025-11-13 21:30:00,2025-11-13 22:15:00,16.61085,75.098387,"Incident of Burglary reported in Belgaum district at coordinates (16.6108, 75.0984)."
1501,1501/2025,FIR/1501/2025,2025-07-23,8,4,1,2,2,4,2,4,2025-07-23 07:00:00,2025-07-23 07:30:00,2025-07-23 08:15:00,16.137259,74.799385,"Incident of Burglary reported in Belgaum district at coordinates (16.1373, 74.7994)."
1502,1502/2025,FIR/1502/2025,2025-01-18,7,4,1,2,2,3,3,4,2025-01-18 07:00:00,2025-01-18 07:30:00,2025-01-18 08:15:00,15.944372,75.139001,"Incident of Burglary reported in Belgaum district at coordinates (15.9444, 75.1390)."
1503,1503/2025,FIR/1503/2025,2025-05-13,8,4,1,2,2,4,1,4,2025-05-13 01:00:00,2025-05-13 01:30:00,2025-05-13 02:15:00,16.127219,74.809015,"Incident of Burglary reported in Belgaum district at coordinates (16.1272, 74.8090)."
1504,1504/2025,FIR/1504/2025,2025-09-21,7,4,1,2,2,3,2,4,2025-09-21 05:00:00,2025-09-21 05:30:00,2025-09-21 06:15:00,15.929613,75.002619,"Incident of Burglary reported in Belgaum district at coordinates (15.9296, 75.0026)."
1505,1505/2025,FIR/1505/2025,2025-10-30,8,4,1,2,2,4,3,4,2025-10-30 08:00:00,2025-10-30 08:30:00,2025-10-30 09:15:00,16.621425,75.101689,"Incident of Burglary reported in Belgaum district at coordinates (16.6214, 75.1017)."
1506,1506/2025,FIR/1506/2025,2025-06-25,7,4,1,1,1,1,3,4,2025-06-25 08:00:00,2025-06-25 08:30:00,2025-06-25 09:15:00,16.136606,74.795953,"Incident of Assault reported in Belgaum district at coordinates (16.1366, 74.7960)."
1507,1507/2025,FIR/1507/2025,2025-02-10,8,4,1,1,1,2,1,4,2025-02-10 09:00:00,2025-02-10 09:30:00,2025-02-10 10:15:00,16.491348,74.811338,"Incident of Assault reported in Belgaum district at coordinates (16.4913, 74.8113)."
1508,1508/2025,FIR/1508/2025,2025-01-30,7,4,1,1,1,1,2,4,2025-01-30 06:00:00,2025-01-30 06:30:00,2025-01-30 07:15:00,16.140279,74.783649,"Incident of Assault reported in Belgaum district at coordinates (16.1403, 74.7836)."
1509,1509/2025,FIR/1509/2025,2025-10-08,8,4,1,1,1,2,2,4,2025-10-08 16:00:00,2025-10-08 16:30:00,2025-10-08 17:15:00,15.658167,74.779042,"Incident of Assault reported in Belgaum district at coordinates (15.6582, 74.7790)."
1510,1510/2025,FIR/1510/2025,2025-02-18,7,4,1,1,1,1,3,4,2025-02-18 03:00:00,2025-02-18 03:30:00,2025-02-18 04:15:00,16.092773,74.64426,"Incident of Assault reported in Belgaum district at coordinates (16.0928, 74.6443)."
1511,1511/2025,FIR/1511/2025,2025-12-29,8,4,1,1,1,2,2,4,2025-12-29 12:00:00,2025-12-29 12:30:00,2025-12-29 13:15:00,16.114359,74.562549,"Incident of Assault reported in Belgaum district at coordinates (16.1144, 74.5625)."
1512,1512/2025,FIR/1512/2025,2025-12-30,7,4,1,1,1,1,1,4,2025-12-30 16:00:00,2025-12-30 16:30:00,2025-12-30 17:15:00,16.091784,74.626251,"Incident of Assault reported in Belgaum district at coordinates (16.0918, 74.6263)."
1513,1513/2025,FIR/1513/2025,2025-05-11,8,4,1,1,1,2,1,4,2025-05-11 05:00:00,2025-05-11 05:30:00,2025-05-11 06:15:00,16.62446,75.08476,"Incident of Assault reported in Belgaum district at coordinates (16.6245, 75.0848)."
1514,1514/2025,FIR/1514/2025,2025-11-30,7,4,1,1,1,1,2,4,2025-11-30 21:00:00,2025-11-30 21:30:00,2025-11-30 22:15:00,16.356196,74.712902,"Incident of Assault reported in Belgaum district at coordinates (16.3562, 74.7129)."
1515,1515/2025,FIR/1515/2025,2025-01-05,8,4,1,1,1,2,2,4,2025-01-05 16:00:00,2025-01-05 16:30:00,2025-01-05 17:15:00,16.612511,75.098686,"Incident of Assault reported in Belgaum district at coordinates (16.6125, 75.0987)."
1516,1516/2025,FIR/1516/2025,2025-11-06,7,4,1,1,1,1,3,4,2025-11-06 13:00:00,2025-11-06 13:30:00,2025-11-06 14:15:00,16.135648,74.790316,"Incident of Assault reported in Belgaum district at coordinates (16.1356, 74.7903)."
1517,1517/2025,FIR/1517/2025,2025-08-05,8,4,1,1,1,2,3,4,2025-08-05 01:00:00,2025-08-05 01:30:00,2025-08-05 02:15:00,16.496142,74.811494,"Incident of Assault reported in Belgaum district at coordinates (16.4961, 74.8115)."
1518,1518/2025,FIR/1518/2025,2025-01-06,7,4,1,1,1,1,1,4,2025-01-06 03:00:00,2025-01-06 03:30:00,2025-01-06 04:15:00,16.143112,74.796009,"Incident of Assault reported in Belgaum district at coordinates (16.1431, 74.7960)."
1519,1519/2025,FIR/1519/2025,2025-05-19,8,4,1,1,1,2,1,4,2025-05-19 15:00:00,2025-05-19 15:30:00,2025-05-19 16:15:00,16.116292,74.798447,"Incident of Assault reported in Belgaum district at coordinates (16.1163, 74.7984)."
1520,1520/2025,FIR/1520/2025,2025-12-10,7,4,1,1,1,1,1,4,2025-12-10 04:00:00,2025-12-10 04:30:00,2025-12-10 05:15:00,16.132162,74.782768,"Incident of Assault reported in Belgaum district at coordinates (16.1322, 74.7828)."
1521,1521/2025,FIR/1521/2025,2025-01-20,8,4,1,1,1,2,1,4,2025-01-20 16:00:00,2025-01-20 16:30:00,2025-01-20 17:15:00,16.084016,74.611222,"Incident of Assault reported in Belgaum district at coordinates (16.0840, 74.6112)."
1522,1522/2025,FIR/1522/2025,2025-05-04,7,4,1,1,1,1,2,4,2025-05-04 15:00:00,2025-05-04 15:30:00,2025-05-04 16:15:00,16.136742,74.791576,"Incident of Assault reported in Belgaum district at coordinates (16.1367, 74.7916)."
1523,1523/2025,FIR/1523/2025,2025-07-13,8,4,1,1,1,2,3,4,2025-07-13 02:00:00,2025-07-13 02:30:00,2025-07-13 03:15:00,16.490201,74.835517,"Incident of Assault reported in Belgaum district at coordinates (16.4902, 74.8355)."
1524,1524/2025,FIR/1524/2025,2025-10-07,7,4,1,1,1,1,3,4,2025-10-07 20:00:00,2025-10-07 20:30:00,2025-10-07 21:15:00,16.073107,74.627612,"Incident of Assault reported in Belgaum district at coordinates (16.0731, 74.6276)."
1525,1525/2025,FIR/1525/2025,2025-01-20,8,4,1,1,1,2,1,4,2025-01-20 17:00:00,2025-01-20 17:30:00,2025-01-20 18:15:00,16.130534,74.808105,"Incident of Assault reported in Belgaum district at coordinates (16.1305, 74.8081)."
1526,1526/2025,FIR/1526/2025,2025-05-15,7,4,1,1,1,1,3,4,2025-05-15 22:00:00,2025-05-15 22:30:00,2025-05-15 23:15:00,15.908278,74.999918,"Incident of Assault reported in Belgaum district at coordinates (15.9083, 74.9999)."
1527,1527/2025,FIR/1527/2025,2025-10-10,8,4,1,1,1,2,3,4,2025-10-10 08:00:00,2025-10-10 08:30:00,2025-10-10 09:15:00,16.082648,74.631108,"Incident of Assault reported in Belgaum district at coordinates (16.0826, 74.6311)."
1528,1528/2025,FIR/1528/2025,2025-01-03,7,4,1,1,1,1,1,4,2025-01-03 06:00:00,2025-01-03 06:30:00,2025-01-03 07:15:00,16.622985,75.102884,"Incident of Assault reported in Belgaum district at coordinates (16.6230, 75.1029)."
1529,1529/2025,FIR/1529/2025,2025-12-03,8,4,1,1,1,2,3,4,2025-12-03 08:00:00,2025-12-03 08:30:00,2025-12-03 09:15:00,16.927099,75.053813,"Incident of Assault reported in Belgaum district at coordinates (16.9271, 75.0538)."
1530,1530/2025,FIR/1530/2025,2025-10-22,7,4,1,1,1,1,2,4,2025-10-22 22:00:00,2025-10-22 22:30:00,2025-10-22 23:15:00,15.664257,74.163531,"Incident of Assault reported in Belgaum district at coordinates (15.6643, 74.1635)."
1531,1531/2025,FIR/1531/2025,2025-11-04,8,4,1,1,1,2,3,4,2025-11-04 09:00:00,2025-11-04 09:30:00,2025-11-04 10:15:00,16.631048,75.108694,"Incident of Assault reported in Belgaum district at coordinates (16.6310, 75.1087)."
1532,1532/2025,FIR/1532/2025,2025-08-10,7,4,1,1,1,1,1,4,2025-08-10 17:00:00,2025-08-10 17:30:00,2025-08-10 18:15:00,15.920355,75.008731,"Incident of Assault reported in Belgaum district at coordinates (15.9204, 75.0087)."
1533,1533/2025,FIR/1533/2025,2025-02-03,8,4,1,1,1,2,3,4,2025-02-03 17:00:00,2025-02-03 17:30:00,2025-02-03 18:15:00,16.088958,74.627356,"Incident of Assault reported in Belgaum district at coordinates (16.0890, 74.6274)."
1534,1534/2025,FIR/1534/2025,2025-08-25,7,4,1,1,1,1,2,4,2025-08-25 21:00:00,2025-08-25 21:30:00,2025-08-25 22:15:00,16.488354,74.817846,"Incident of Assault reported in Belgaum district at coordinates (16.4884, 74.8178)."
1535,1535/2025,FIR/1535/2025,2025-04-28,8,4,1,1,1,2,3,4,2025-04-28 18:00:00,2025-04-28 18:30:00,2025-04-28 19:15:00,16.141553,74.804309,"Incident of Assault reported in Belgaum district at coordinates (16.1416, 74.8043)."
1536,1536/2025,FIR/1536/2025,2025-07-17,7,4,1,1,1,1,2,4,2025-07-17 20:00:00,2025-07-17 20:30:00,2025-07-17 21:15:00,16.494773,74.810795,"Incident of Assault reported in Belgaum district at coordinates (16.4948, 74.8108)."
1537,1537/2025,FIR/1537/2025,2025-03-29,8,4,1,1,1,2,3,4,2025-03-29 21:00:00,2025-03-29 21:30:00,2025-03-29 22:15:00,16.128566,74.801915,"Incident of Assault reported in Belgaum district at coordinates (16.1286, 74.8019)."
1538,1538/2025,FIR/1538/2025,2025-11-19,7,4,1,1,1,1,2,4,2025-11-19 23:00:00,2025-11-19 23:30:00,2025-11-19 23:15:00,16.623665,75.087064,"Incident of Assault reported in Belgaum district at coordinates (16.6237, 75.0871)."
1539,1539/2025,FIR/1539/2025,2025-04-05,8,4,1,1,1,2,2,4,2025-04-05 22:00:00,2025-04-05 22:30:00,2025-04-05 23:15:00,16.483825,74.800341,"Incident of Assault reported in Belgaum district at coordinates (16.4838, 74.8003)."
1540,1540/2025,FIR/1540/2025,2025-08-27,7,4,1,1,1,1,2,4,2025-08-27 23:00:00,2025-08-27 23:30:00,2025-08-27 23:15:00,15.92871,74.989765,"Incident of Assault reported in Belgaum district at coordinates (15.9287, 74.9898)."
1541,1541/2025,FIR/1541/2025,2025-08-16,8,4,1,1,1,2,3,4,2025-08-16 14:00:00,2025-08-16 14:30:00,2025-08-16 15:15:00,16.48995,74.818282,"Incident of Assault reported in Belgaum district at coordinates (16.4900, 74.8183)."
1542,1542/2025,FIR/1542/2025,2025-07-17,7,4,1,1,1,1,1,4,2025-07-17 12:00:00,2025-07-17 12:30:00,2025-07-17 13:15:00,15.629144,74.488084,"Incident of Assault reported in Belgaum district at coordinates (15.6291, 74.4881)."
1543,1543/2025,FIR/1543/2025,2025-03-06,8,4,1,1,1,2,2,4,2025-03-06 18:00:00,2025-03-06 18:30:00,2025-03-06 19:15:00,16.617478,75.091267,"Incident of Assault reported in Belgaum district at coordinates (16.6175, 75.0913)."
1544,1544/2025,FIR/1544/2025,2025-08-12,7,4,1,1,1,1,3,4,2025-08-12 01:00:00,2025-08-12 01:30:00,2025-08-12 02:15:00,15.914705,75.004903,"Incident of Assault reported in Belgaum district at coordinates (15.9147, 75.0049)."
1545,1545/2025,FIR/1545/2025,2025-06-03,8,4,1,1,1,2,2,4,2025-06-03 08:00:00,2025-06-03 08:30:00,2025-06-03 09:15:00,15.691712,74.212277,"Incident of Assault reported in Belgaum district at coordinates (15.6917, 74.2123)."
1546,1546/2025,FIR/1546/2025,2025-09-19,7,4,1,1,1,1,2,4,2025-09-19 03:00:00,2025-09-19 03:30:00,2025-09-19 04:15:00,16.629288,75.084796,"Incident of Assault reported in Belgaum district at coordinates (16.6293, 75.0848)."
1547,1547/2025,FIR/1547/2025,2025-10-13,8,4,1,1,1,2,2,4,2025-10-13 14:00:00,2025-10-13 14:30:00,2025-10-13 15:15:00,16.138196,74.79798,"Incident of Assault reported in Belgaum district at coordinates (16.1382, 74.7980)."
1548,1548/2025,FIR/1548/2025,2025-09-14,7,4,1,1,1,1,1,4,2025-09-14 12:00:00,2025-09-14 12:30:00,2025-09-14 13:15:00,16.091265,74.62797,"Incident of Assault reported in Belgaum district at coordinates (16.0913, 74.6280)."
1549,1549/2025,FIR/1549/2025,2025-11-09,8,4,1,1,1,2,1,4,2025-11-09 06:00:00,2025-11-09 06:30:00,2025-11-09 07:15:00,16.484743,74.814072,"Incident of Assault reported in Belgaum district at coordinates (16.4847, 74.8141)."
1550,1550/2025,FIR/1550/2025,2025-11-25,7,4,1,1,1,1,1,4,2025-11-25 16:00:00,2025-11-25 16:30:00,2025-11-25 17:15:00,16.097802,74.624986,"Incident of Assault reported in Belgaum district at coordinates (16.0978, 74.6250)."
1551,1551/2025,FIR/1551/2025,2025-08-25,8,4,1,1,1,2,1,4,2025-08-25 20:00:00,2025-08-25 20:30:00,2025-08-25 21:15:00,15.928404,74.996943,"Incident of Assault reported in Belgaum district at coordinates (15.9284, 74.9969)."
1552,1552/2025,FIR/1552/2025,2025-10-20,7,4,1,1,1,1,2,4,2025-10-20 02:00:00,2025-10-20 02:30:00,2025-10-20 03:15:00,16.608221,75.082643,"Incident of Assault reported in Belgaum district at coordinates (16.6082, 75.0826)."
1553,1553/2025,FIR/1553/2025,2025-06-14,8,4,1,1,1,2,3,4,2025-06-14 21:00:00,2025-06-14 21:30:00,2025-06-14 22:15:00,15.929286,74.997403,"Incident of Assault reported in Belgaum district at coordinates (15.9293, 74.9974)."
1554,1554/2025,FIR/1554/2025,2025-12-11,7,4,1,1,1,1,2,4,2025-12-11 08:00:00,2025-12-11 08:30:00,2025-12-11 09:15:00,16.492629,74.830063,"Incident of Assault reported in Belgaum district at coordinates (16.4926, 74.8301)."
1555,1555/2025,FIR/1555/2025,2025-04-05,8,4,1,1,1,2,1,4,2025-04-05 12:00:00,2025-04-05 12:30:00,2025-04-05 13:15:00,15.492598,74.486005,"Incident of Assault reported in Belgaum district at coordinates (15.4926, 74.4860)."
1556,1556/2025,FIR/1556/2025,2025-02-21,7,4,1,1,1,1,1,4,2025-02-21 17:00:00,2025-02-21 17:30:00,2025-02-21 18:15:00,16.140298,74.809604,"Incident of Assault reported in Belgaum district at coordinates (16.1403, 74.8096)."
1557,1557/2025,FIR/1557/2025,2025-08-06,8,4,1,1,1,2,1,4,2025-08-06 12:00:00,2025-08-06 12:30:00,2025-08-06 13:15:00,15.7904,74.797291,"Incident of Assault reported in Belgaum district at coordinates (15.7904, 74.7973)."
1558,1558/2025,FIR/1558/2025,2025-09-09,7,4,1,1,1,1,2,4,2025-09-09 19:00:00,2025-09-09 19:30:00,2025-09-09 20:15:00,16.131361,74.80181,"Incident of Assault reported in Belgaum district at coordinates (16.1314, 74.8018)."
1559,1559/2025,FIR/1559/2025,2025-03-08,8,4,1,1,1,2,3,4,2025-03-08 01:00:00,2025-03-08 01:30:00,2025-03-08 02:15:00,16.486645,74.81766,"Incident of Assault reported in Belgaum district at coordinates (16.4866, 74.8177)."
1560,1560/2025,FIR/1560/2025,2025-12-17,7,4,1,1,1,1,2,4,2025-12-17 18:00:00,2025-12-17 18:30:00,2025-12-17 19:15:00,15.908675,74.98876,"Incident of Assault reported in Belgaum district at coordinates (15.9087, 74.9888)."
1561,1561/2025,FIR/1561/2025,2025-08-16,8,4,1,1,1,2,1,4,2025-08-16 06:00:00,2025-08-16 06:30:00,2025-08-16 07:15:00,16.628922,75.097061,"Incident of Assault reported in Belgaum district at coordinates (16.6289, 75.0971)."
1562,1562/2025,FIR/1562/2025,2025-01-06,7,4,1,1,1,1,3,4,2025-01-06 06:00:00,2025-01-06 06:30:00,2025-01-06 07:15:00,16.126463,74.790956,"Incident of Assault reported in Belgaum district at coordinates (16.1265, 74.7910)."
1563,1563/2025,FIR/1563/2025,2025-04-05,8,4,1,1,1,2,1,4,2025-04-05 18:00:00,2025-04-05 18:30:00,2025-04-05 19:15:00,16.098821,74.608783,"Incident of Assault reported in Belgaum district at coordinates (16.0988, 74.6088)."
1564,1564/2025,FIR/1564/2025,2025-12-19,7,4,1,1,1,1,2,4,2025-12-19 07:00:00,2025-12-19 07:30:00,2025-12-19 08:15:00,16.07709,74.630746,"Incident of Assault reported in Belgaum district at coordinates (16.0771, 74.6307)."
1565,1565/2025,FIR/1565/2025,2025-09-30,8,4,1,1,1,2,3,4,2025-09-30 13:00:00,2025-09-30 13:30:00,2025-09-30 14:15:00,15.924698,74.994826,"Incident of Assault reported in Belgaum district at coordinates (15.9247, 74.9948)."
1566,1566/2025,FIR/1566/2025,2025-12-19,7,4,1,1,1,1,2,4,2025-12-19 08:00:00,2025-12-19 08:30:00,2025-12-19 09:15:00,16.140279,74.800459,"Incident of Assault reported in Belgaum district at coordinates (16.1403, 74.8005)."
1567,1567/2025,FIR/1567/2025,2025-06-25,8,4,1,1,1,2,2,4,2025-06-25 03:00:00,2025-06-25 03:30:00,2025-06-25 04:15:00,16.083039,74.633568,"Incident of Assault reported in Belgaum district at coordinates (16.0830, 74.6336)."
1568,1568/2025,FIR/1568/2025,2025-05-16,7,4,1,1,1,1,1,4,2025-05-16 22:00:00,2025-05-16 22:30:00,2025-05-16 23:15:00,15.931608,74.99755,"Incident of Assault reported in Belgaum district at coordinates (15.9316, 74.9976)."
1569,1569/2025,FIR/1569/2025,2025-07-15,8,4,1,1,1,2,1,4,2025-07-15 05:00:00,2025-07-15 05:30:00,2025-07-15 06:15:00,16.13741,74.815973,"Incident of Assault reported in Belgaum district at coordinates (16.1374, 74.8160)."
1570,1570/2025,FIR/1570/2025,2025-06-02,7,4,1,1,1,1,1,4,2025-06-02 21:00:00,2025-06-02 21:30:00,2025-06-02 22:15:00,15.915305,74.987664,"Incident of Assault reported in Belgaum district at coordinates (15.9153, 74.9877)."
1571,1571/2025,FIR/1571/2025,2025-09-13,8,4,1,1,1,2,1,4,2025-09-13 18:00:00,2025-09-13 18:30:00,2025-09-13 19:15:00,16.093662,74.630299,"Incident of Assault reported in Belgaum district at coordinates (16.0937, 74.6303)."
1572,1572/2025,FIR/1572/2025,2025-11-10,7,4,1,1,1,1,2,4,2025-11-10 20:00:00,2025-11-10 20:30:00,2025-11-10 21:15:00,16.632028,75.101058,"Incident of Assault reported in Belgaum district at coordinates (16.6320, 75.1011)."
1573,1573/2025,FIR/1573/2025,2025-04-21,8,4,1,1,1,2,1,4,2025-04-21 22:00:00,2025-04-21 22:30:00,2025-04-21 23:15:00,16.080936,74.614342,"Incident of Assault reported in Belgaum district at coordinates (16.0809, 74.6143)."
1574,1574/2025,FIR/1574/2025,2025-05-29,7,4,1,1,1,1,2,4,2025-05-29 20:00:00,2025-05-29 20:30:00,2025-05-29 21:15:00,16.224165,75.072532,"Incident of Assault reported in Belgaum district at coordinates (16.2242, 75.0725)."
1575,1575/2025,FIR/1575/2025,2025-02-28,8,4,1,1,1,2,2,4,2025-02-28 03:00:00,2025-02-28 03:30:00,2025-02-28 04:15:00,16.27778,74.560822,"Incident of Assault reported in Belgaum district at coordinates (16.2778, 74.5608)."
1576,1576/2025,FIR/1576/2025,2025-10-20,7,4,1,1,1,1,2,4,2025-10-20 01:00:00,2025-10-20 01:30:00,2025-10-20 02:15:00,15.928124,75.00033,"Incident of Assault reported in Belgaum district at coordinates (15.9281, 75.0003)."
1577,1577/2025,FIR/1577/2025,2025-10-04,8,4,1,1,1,2,3,4,2025-10-04 20:00:00,2025-10-04 20:30:00,2025-10-04 21:15:00,16.09153,74.614195,"Incident of Assault reported in Belgaum district at coordinates (16.0915, 74.6142)."
1578,1578/2025,FIR/1578/2025,2025-05-04,7,4,1,1,1,1,2,4,2025-05-04 07:00:00,2025-05-04 07:30:00,2025-05-04 08:15:00,16.485311,74.813112,"Incident of Assault reported in Belgaum district at coordinates (16.4853, 74.8131)."
1579,1579/2025,FIR/1579/2025,2025-09-04,8,4,1,1,1,2,1,4,2025-09-04 19:00:00,2025-09-04 19:30:00,2025-09-04 20:15:00,16.081688,74.624203,"Incident of Assault reported in Belgaum district at coordinates (16.0817, 74.6242)."
1580,1580/2025,FIR/1580/2025,2025-10-10,7,4,1,1,1,1,1,4,2025-10-10 04:00:00,2025-10-10 04:30:00,2025-10-10 05:15:00,16.087407,74.622501,"Incident of Assault reported in Belgaum district at coordinates (16.0874, 74.6225)."
1581,1581/2025,FIR/1581/2025,2025-11-21,8,4,1,1,1,2,1,4,2025-11-21 15:00:00,2025-11-21 15:30:00,2025-11-21 16:15:00,16.143683,74.809725,"Incident of Assault reported in Belgaum district at coordinates (16.1437, 74.8097)."
1582,1582/2025,FIR/1582/2025,2025-10-25,7,4,1,1,1,1,3,4,2025-10-25 01:00:00,2025-10-25 01:30:00,2025-10-25 02:15:00,16.100987,74.633213,"Incident of Assault reported in Belgaum district at coordinates (16.1010, 74.6332)."
1583,1583/2025,FIR/1583/2025,2025-01-14,8,4,1,1,1,2,3,4,2025-01-14 09:00:00,2025-01-14 09:30:00,2025-01-14 10:15:00,16.137026,74.806319,"Incident of Assault reported in Belgaum district at coordinates (16.1370, 74.8063)."
1584,1584/2025,FIR/1584/2025,2025-03-26,7,4,1,1,1,1,2,4,2025-03-26 23:00:00,2025-03-26 23:30:00,2025-03-26 23:15:00,16.628481,75.082428,"Incident of Assault reported in Belgaum district at coordinates (16.6285, 75.0824)."
1585,1585/2025,FIR/1585/2025,2025-02-11,8,4,1,1,1,2,2,4,2025-02-11 01:00:00,2025-02-11 01:30:00,2025-02-11 02:15:00,16.095553,74.632962,"Incident of Assault reported in Belgaum district at coordinates (16.0956, 74.6330)."
1586,1586/2025,FIR/1586/2025,2025-06-03,9,5,1,2,5,9,2,5,2025-06-03 00:00:00,2025-06-03 00:30:00,2025-06-03 01:15:00,15.297221,76.379826,"Incident of Theft reported in Bellary district at coordinates (15.2972, 76.3798)."
1587,1587/2025,FIR/1587/2025,2025-09-19,10,5,1,2,5,10,1,5,2025-09-19 19:00:00,2025-09-19 19:30:00,2025-09-19 20:15:00,15.317322,76.382303,"Incident of Theft reported in Bellary district at coordinates (15.3173, 76.3823)."
1588,1588/2025,FIR/1588/2025,2025-02-10,9,5,1,2,5,9,1,5,2025-02-10 06:00:00,2025-02-10 06:30:00,2025-02-10 07:15:00,15.098963,76.83274,"Incident of Theft reported in Bellary district at coordinates (15.0990, 76.8327)."
1589,1589/2025,FIR/1589/2025,2025-08-10,10,5,1,2,5,10,2,5,2025-08-10 06:00:00,2025-08-10 06:30:00,2025-08-10 07:15:00,15.184613,76.296773,"Incident of Theft reported in Bellary district at coordinates (15.1846, 76.2968)."
1590,1590/2025,FIR/1590/2025,2025-11-30,9,5,1,2,5,9,1,5,2025-11-30 12:00:00,2025-11-30 12:30:00,2025-11-30 13:15:00,15.178876,76.335899,"Incident of Theft reported in Bellary district at coordinates (15.1789, 76.3359)."
1591,1591/2025,FIR/1591/2025,2025-03-15,10,5,1,2,5,10,3,5,2025-03-15 17:00:00,2025-03-15 17:30:00,2025-03-15 18:15:00,14.878861,76.291668,"Incident of Theft reported in Bellary district at coordinates (14.8789, 76.2917)."
1592,1592/2025,FIR/1592/2025,2025-02-25,9,5,1,2,5,9,1,5,2025-02-25 20:00:00,2025-02-25 20:30:00,2025-02-25 21:15:00,15.516695,76.836249,"Incident of Theft reported in Bellary district at coordinates (15.5167, 76.8362)."
1593,1593/2025,FIR/1593/2025,2025-01-14,10,5,1,2,5,10,2,5,2025-01-14 07:00:00,2025-01-14 07:30:00,2025-01-14 08:15:00,14.861993,76.285421,"Incident of Theft reported in Bellary district at coordinates (14.8620, 76.2854)."
1594,1594/2025,FIR/1594/2025,2025-02-13,9,5,1,2,5,9,2,5,2025-02-13 04:00:00,2025-02-13 04:30:00,2025-02-13 05:15:00,15.317544,76.390268,"Incident of Theft reported in Bellary district at coordinates (15.3175, 76.3903)."
1595,1595/2025,FIR/1595/2025,2025-01-08,10,5,1,2,5,10,3,5,2025-01-08 23:00:00,2025-01-08 23:30:00,2025-01-08 23:15:00,14.878218,76.261061,"Incident of Theft reported in Bellary district at coordinates (14.8782, 76.2611)."
1596,1596/2025,FIR/1596/2025,2025-08-29,9,5,1,2,5,9,2,5,2025-08-29 23:00:00,2025-08-29 23:30:00,2025-08-29 23:15:00,15.142644,76.319389,"Incident of Theft reported in Bellary district at coordinates (15.1426, 76.3194)."
1597,1597/2025,FIR/1597/2025,2025-09-22,10,5,1,2,5,10,3,5,2025-09-22 13:00:00,2025-09-22 13:30:00,2025-09-22 14:15:00,14.866738,76.275707,"Incident of Theft reported in Bellary district at coordinates (14.8667, 76.2757)."
1598,1598/2025,FIR/1598/2025,2025-09-26,9,5,1,2,5,9,2,5,2025-09-26 18:00:00,2025-09-26 18:30:00,2025-09-26 19:15:00,15.312167,76.374225,"Incident of Theft reported in Bellary district at coordinates (15.3122, 76.3742)."
1599,1599/2025,FIR/1599/2025,2025-06-05,10,5,1,2,5,10,3,5,2025-06-05 11:00:00,2025-06-05 11:30:00,2025-06-05 12:15:00,15.187012,76.287553,"Incident of Theft reported in Bellary district at coordinates (15.1870, 76.2876)."
1600,1600/2025,FIR/1600/2025,2025-12-13,9,5,1,2,5,9,2,5,2025-12-13 11:00:00,2025-12-13 11:30:00,2025-12-13 12:15:00,14.891162,76.282292,"Incident of Theft reported in Bellary district at coordinates (14.8912, 76.2823)."
1601,1601/2025,FIR/1601/2025,2025-06-27,10,5,1,2,5,10,1,5,2025-06-27 22:00:00,2025-06-27 22:30:00,2025-06-27 23:15:00,14.861765,76.278392,"Incident of Theft reported in Bellary district at coordinates (14.8618, 76.2784)."
1602,1602/2025,FIR/1602/2025,2025-02-24,9,5,1,2,5,9,2,5,2025-02-24 03:00:00,2025-02-24 03:30:00,2025-02-24 04:15:00,15.692938,77.076739,"Incident of Theft reported in Bellary district at coordinates (15.6929, 77.0767)."
1603,1603/2025,FIR/1603/2025,2025-07-07,10,5,1,2,5,10,1,5,2025-07-07 13:00:00,2025-07-07 13:30:00,2025-07-07 14:15:00,15.167824,76.293292,"Incident of Theft reported in Bellary district at coordinates (15.1678, 76.2933)."
1604,1604/2025,FIR/1604/2025,2025-05-28,9,5,1,2,5,9,2,5,2025-05-28 00:00:00,2025-05-28 00:30:00,2025-05-28 01:15:00,15.698912,77.071669,"Incident of Theft reported in Bellary district at coordinates (15.6989, 77.0717)."
1605,1605/2025,FIR/1605/2025,2025-10-11,10,5,1,2,5,10,2,5,2025-10-11 19:00:00,2025-10-11 19:30:00,2025-10-11 20:15:00,15.169912,76.298226,"Incident of Theft reported in Bellary district at coordinates (15.1699, 76.2982)."
1606,1606/2025,FIR/1606/2025,2025-02-03,9,5,1,2,5,9,3,5,2025-02-03 23:00:00,2025-02-03 23:30:00,2025-02-03 23:15:00,15.703983,77.070711,"Incident of Theft reported in Bellary district at coordinates (15.7040, 77.0707)."
1607,1607/2025,FIR/1607/2025,2025-12-12,10,5,1,2,5,10,3,5,2025-12-12 02:00:00,2025-12-12 02:30:00,2025-12-12 03:15:00,15.173416,76.332748,"Incident of Theft reported in Bellary district at coordinates (15.1734, 76.3327)."
1608,1608/2025,FIR/1608/2025,2025-01-06,9,5,1,2,5,9,1,5,2025-01-06 20:00:00,2025-01-06 20:30:00,2025-01-06 21:15:00,15.168976,76.335065,"Incident of Theft reported in Bellary district at coordinates (15.1690, 76.3351)."
1609,1609/2025,FIR/1609/2025,2025-09-17,10,5,1,2,5,10,3,5,2025-09-17 09:00:00,2025-09-17 09:30:00,2025-09-17 10:15:00,14.979723,76.096564,"Incident of Theft reported in Bellary district at coordinates (14.9797, 76.0966)."
1610,1610/2025,FIR/1610/2025,2025-03-25,9,5,1,2,5,9,2,5,2025-03-25 09:00:00,2025-03-25 09:30:00,2025-03-25 10:15:00,15.351885,76.722262,"Incident of Theft reported in Bellary district at coordinates (15.3519, 76.7223)."
1611,1611/2025,FIR/1611/2025,2025-04-03,10,5,1,2,5,10,2,5,2025-04-03 06:00:00,2025-04-03 06:30:00,2025-04-03 07:15:00,15.310495,76.3848,"Incident of Theft reported in Bellary district at coordinates (15.3105, 76.3848)."
1612,1612/2025,FIR/1612/2025,2025-04-04,9,5,1,2,5,9,3,5,2025-04-04 09:00:00,2025-04-04 09:30:00,2025-04-04 10:15:00,14.981722,76.434212,"Incident of Theft reported in Bellary district at coordinates (14.9817, 76.4342)."
1613,1613/2025,FIR/1613/2025,2025-06-07,10,5,1,2,5,10,3,5,2025-06-07 04:00:00,2025-06-07 04:30:00,2025-06-07 05:15:00,15.148974,76.346549,"Incident of Theft reported in Bellary district at coordinates (15.1490, 76.3465)."
1614,1614/2025,FIR/1614/2025,2025-03-04,9,5,1,2,5,9,2,5,2025-03-04 05:00:00,2025-03-04 05:30:00,2025-03-04 06:15:00,15.29294,76.389077,"Incident of Theft reported in Bellary district at coordinates (15.2929, 76.3891)."
1615,1615/2025,FIR/1615/2025,2025-09-09,10,5,1,2,5,10,3,5,2025-09-09 17:00:00,2025-09-09 17:30:00,2025-09-09 18:15:00,15.340129,76.723758,"Incident of Theft reported in Bellary district at coordinates (15.3401, 76.7238)."
1616,1616/2025,FIR/1616/2025,2025-02-06,9,5,1,2,5,9,3,5,2025-02-06 08:00:00,2025-02-06 08:30:00,2025-02-06 09:15:00,15.716131,77.068233,"Incident of Theft reported in Bellary district at coordinates (15.7161, 77.0682)."
1617,1617/2025,FIR/1617/2025,2025-01-20,10,5,1,2,5,10,3,5,2025-01-20 17:00:00,2025-01-20 17:30:00,2025-01-20 18:15:00,15.298254,76.385102,"Incident of Theft reported in Bellary district at coordinates (15.2983, 76.3851)."
1618,1618/2025,FIR/1618/2025,2025-01-07,9,5,1,2,5,9,2,5,2025-01-07 18:00:00,2025-01-07 18:30:00,2025-01-07 19:15:00,15.355908,76.707971,"Incident of Theft reported in Bellary district at coordinates (15.3559, 76.7080)."
1619,1619/2025,FIR/1619/2025,2025-07-26,10,5,1,2,5,10,3,5,2025-07-26 17:00:00,2025-07-26 17:30:00,2025-07-26 18:15:00,15.170496,76.328437,"Incident of Theft reported in Bellary district at coordinates (15.1705, 76.3284)."
1620,1620/2025,FIR/1620/2025,2025-04-27,9,5,1,2,5,9,2,5,2025-04-27 16:00:00,2025-04-27 16:30:00,2025-04-27 17:15:00,15.162887,76.305076,"Incident of Theft reported in Bellary district at coordinates (15.1629, 76.3051)."
1621,1621/2025,FIR/1621/2025,2025-07-29,10,5,1,2,5,10,2,5,2025-07-29 08:00:00,2025-07-29 08:30:00,2025-07-29 09:15:00,15.711423,77.049772,"Incident of Theft reported in Bellary district at coordinates (15.7114, 77.0498)."
1622,1622/2025,FIR/1622/2025,2025-11-18,9,5,1,2,5,9,1,5,2025-11-18 09:00:00,2025-11-18 09:30:00,2025-11-18 10:15:00,15.135683,76.804459,"Incident of Theft reported in Bellary district at coordinates (15.1357, 76.8045)."
1623,1623/2025,FIR/1623/2025,2025-11-24,10,5,1,2,5,10,3,5,2025-11-24 14:00:00,2025-11-24 14:30:00,2025-11-24 15:15:00,15.346724,76.707496,"Incident of Theft reported in Bellary district at coordinates (15.3467, 76.7075)."
1624,1624/2025,FIR/1624/2025,2025-06-23,9,5,1,2,5,9,2,5,2025-06-23 20:00:00,2025-06-23 20:30:00,2025-06-23 21:15:00,15.184767,76.30362,"Incident of Theft reported in Bellary district at coordinates (15.1848, 76.3036)."
1625,1625/2025,FIR/1625/2025,2025-09-20,10,5,1,2,5,10,2,5,2025-09-20 21:00:00,2025-09-20 21:30:00,2025-09-20 22:15:00,15.167849,76.315682,"Incident of Theft reported in Bellary district at coordinates (15.1678, 76.3157)."
1626,1626/2025,FIR/1626/2025,2025-06-21,9,5,1,2,5,9,2,5,2025-06-21 04:00:00,2025-06-21 04:30:00,2025-06-21 05:15:00,15.183424,76.298594,"Incident of Theft reported in Bellary district at coordinates (15.1834, 76.2986)."
1627,1627/2025,FIR/1627/2025,2025-07-27,10,5,1,2,5,10,1,5,2025-07-27 04:00:00,2025-07-27 04:30:00,2025-07-27 05:15:00,15.188327,76.879442,"Incident of Theft reported in Bellary district at coordinates (15.1883, 76.8794)."
1628,1628/2025,FIR/1628/2025,2025-04-17,9,5,1,2,5,9,2,5,2025-04-17 09:00:00,2025-04-17 09:30:00,2025-04-17 10:15:00,15.708269,77.077817,"Incident of Theft reported in Bellary district at coordinates (15.7083, 77.0778)."
1629,1629/2025,FIR/1629/2025,2025-09-27,10,5,1,2,5,10,3,5,2025-09-27 17:00:00,2025-09-27 17:30:00,2025-09-27 18:15:00,14.738348,75.754018,"Incident of Theft reported in Bellary district at coordinates (14.7383, 75.7540)."
1630,1630/2025,FIR/1630/2025,2025-07-22,9,5,1,2,5,9,3,5,2025-07-22 17:00:00,2025-07-22 17:30:00,2025-07-22 18:15:00,15.34607,76.715537,"Incident of Theft reported in Bellary district at coordinates (15.3461, 76.7155)."
1631,1631/2025,FIR/1631/2025,2025-04-19,10,5,1,2,5,10,1,5,2025-04-19 19:00:00,2025-04-19 19:30:00,2025-04-19 20:15:00,15.352107,76.704152,"Incident of Theft reported in Bellary district at coordinates (15.3521, 76.7042)."
1632,1632/2025,FIR/1632/2025,2025-08-22,9,5,1,2,5,9,1,5,2025-08-22 08:00:00,2025-08-22 08:30:00,2025-08-22 09:15:00,14.862735,76.288418,"Incident of Theft reported in Bellary district at coordinates (14.8627, 76.2884)."
1633,1633/2025,FIR/1633/2025,2025-05-11,10,5,1,2,5,10,2,5,2025-05-11 22:00:00,2025-05-11 22:30:00,2025-05-11 23:15:00,15.345344,76.701434,"Incident of Theft reported in Bellary district at coordinates (15.3453, 76.7014)."
1634,1634/2025,FIR/1634/2025,2025-07-17,9,5,1,2,5,9,1,5,2025-07-17 05:00:00,2025-07-17 05:30:00,2025-07-17 06:15:00,14.848007,76.383192,"Incident of Theft reported in Bellary district at coordinates (14.8480, 76.3832)."
1635,1635/2025,FIR/1635/2025,2025-11-18,10,5,1,2,5,10,1,5,2025-11-18 20:00:00,2025-11-18 20:30:00,2025-11-18 21:15:00,15.383584,76.85832,"Incident of Theft reported in Bellary district at coordinates (15.3836, 76.8583)."
1636,1636/2025,FIR/1636/2025,2025-07-03,9,5,1,2,5,9,3,5,2025-07-03 23:00:00,2025-07-03 23:30:00,2025-07-03 23:15:00,15.161032,76.335441,"Incident of Theft reported in Bellary district at coordinates (15.1610, 76.3354)."
1637,1637/2025,FIR/1637/2025,2025-11-03,10,5,1,2,5,10,1,5,2025-11-03 12:00:00,2025-11-03 12:30:00,2025-11-03 13:15:00,15.706477,77.068935,"Incident of Theft reported in Bellary district at coordinates (15.7065, 77.0689)."
1638,1638/2025,FIR/1638/2025,2025-12-03,9,5,1,2,5,9,2,5,2025-12-03 14:00:00,2025-12-03 14:30:00,2025-12-03 15:15:00,15.310467,76.382736,"Incident of Theft reported in Bellary district at coordinates (15.3105, 76.3827)."
1639,1639/2025,FIR/1639/2025,2025-06-06,10,5,1,2,5,10,1,5,2025-06-06 13:00:00,2025-06-06 13:30:00,2025-06-06 14:15:00,14.866216,76.285992,"Incident of Theft reported in Bellary district at coordinates (14.8662, 76.2860)."
1640,1640/2025,FIR/1640/2025,2025-12-10,9,5,1,2,5,9,2,5,2025-12-10 15:00:00,2025-12-10 15:30:00,2025-12-10 16:15:00,14.790678,76.179759,"Incident of Theft reported in Bellary district at coordinates (14.7907, 76.1798)."
1641,1641/2025,FIR/1641/2025,2025-02-06,10,5,1,2,5,10,1,5,2025-02-06 17:00:00,2025-02-06 17:30:00,2025-02-06 18:15:00,15.167282,76.339206,"Incident of Theft reported in Bellary district at coordinates (15.1673, 76.3392)."
1642,1642/2025,FIR/1642/2025,2025-09-13,9,5,1,2,5,9,1,5,2025-09-13 20:00:00,2025-09-13 20:30:00,2025-09-13 21:15:00,15.720779,77.050725,"Incident of Theft reported in Bellary district at coordinates (15.7208, 77.0507)."
1643,1643/2025,FIR/1643/2025,2025-09-19,10,5,1,2,5,10,2,5,2025-09-19 07:00:00,2025-09-19 07:30:00,2025-09-19 08:15:00,15.173358,76.308738,"Incident of Theft reported in Bellary district at coordinates (15.1734, 76.3087)."
1644,1644/2025,FIR/1644/2025,2025-08-05,9,5,1,2,5,9,2,5,2025-08-05 17:00:00,2025-08-05 17:30:00,2025-08-05 18:15:00,15.186139,76.33565,"Incident of Theft reported in Bellary district at coordinates (15.1861, 76.3357)."
1645,1645/2025,FIR/1645/2025,2025-10-24,10,5,1,2,5,10,3,5,2025-10-24 09:00:00,2025-10-24 09:30:00,2025-10-24 10:15:00,15.348997,76.70484,"Incident of Theft reported in Bellary district at coordinates (15.3490, 76.7048)."
1646,1646/2025,FIR/1646/2025,2025-07-26,9,5,1,2,5,9,3,5,2025-07-26 20:00:00,2025-07-26 20:30:00,2025-07-26 21:15:00,14.877562,76.240866,"Incident of Theft reported in Bellary district at coordinates (14.8776, 76.2409)."
1647,1647/2025,FIR/1647/2025,2025-04-23,10,5,1,2,5,10,1,5,2025-04-23 05:00:00,2025-04-23 05:30:00,2025-04-23 06:15:00,15.35026,76.703352,"Incident of Theft reported in Bellary district at coordinates (15.3503, 76.7034)."
1648,1648/2025,FIR/1648/2025,2025-04-14,9,5,1,2,5,9,1,5,2025-04-14 22:00:00,2025-04-14 22:30:00,2025-04-14 23:15:00,15.349048,76.708768,"Incident of Theft reported in Bellary district at coordinates (15.3490, 76.7088)."
1649,1649/2025,FIR/1649/2025,2025-03-15,10,5,1,2,5,10,2,5,2025-03-15 22:00:00,2025-03-15 22:30:00,2025-03-15 23:15:00,15.694754,77.056687,"Incident of Theft reported in Bellary district at coordinates (15.6948, 77.0567)."
1650,1650/2025,FIR/1650/2025,2025-11-08,9,5,1,2,5,9,1,5,2025-11-08 10:00:00,2025-11-08 10:30:00,2025-11-08 11:15:00,15.186768,76.200948,"Incident of Theft reported in Bellary district at coordinates (15.1868, 76.2009)."
1651,1651/2025,FIR/1651/2025,2025-08-18,10,5,1,2,5,10,3,5,2025-08-18 11:00:00,2025-08-18 11:30:00,2025-08-18 12:15:00,15.315609,76.382599,"Incident of Theft reported in Bellary district at coordinates (15.3156, 76.3826)."
1652,1652/2025,FIR/1652/2025,2025-04-25,9,5,1,2,5,9,2,5,2025-04-25 07:00:00,2025-04-25 07:30:00,2025-04-25 08:15:00,15.325467,76.629427,"Incident of Theft reported in Bellary district at coordinates (15.3255, 76.6294)."
1653,1653/2025,FIR/1653/2025,2025-03-31,10,5,1,2,5,10,2,5,2025-03-31 03:00:00,2025-03-31 03:30:00,2025-03-31 04:15:00,15.176702,76.343075,"Incident of Theft reported in Bellary district at coordinates (15.1767, 76.3431)."
1654,1654/2025,FIR/1654/2025,2025-01-16,9,5,1,2,5,9,3,5,2025-01-16 06:00:00,2025-01-16 06:30:00,2025-01-16 07:15:00,14.712584,76.377583,"Incident of Theft reported in Bellary district at coordinates (14.7126, 76.3776)."
1655,1655/2025,FIR/1655/2025,2025-03-14,10,5,1,2,5,10,3,5,2025-03-14 20:00:00,2025-03-14 20:30:00,2025-03-14 21:15:00,15.336284,76.698087,"Incident of Theft reported in Bellary district at coordinates (15.3363, 76.6981)."
1656,1656/2025,FIR/1656/2025,2025-02-08,9,5,1,2,5,9,3,5,2025-02-08 16:00:00,2025-02-08 16:30:00,2025-02-08 17:15:00,14.88657,76.300365,"Incident of Theft reported in Bellary district at coordinates (14.8866, 76.3004)."
1657,1657/2025,FIR/1657/2025,2025-03-25,10,5,1,2,5,10,1,5,2025-03-25 18:00:00,2025-03-25 18:30:00,2025-03-25 19:15:00,15.177844,76.297939,"Incident of Theft reported in Bellary district at coordinates (15.1778, 76.2979)."
1658,1658/2025,FIR/1658/2025,2025-10-18,9,5,1,2,5,9,2,5,2025-10-18 03:00:00,2025-10-18 03:30:00,2025-10-18 04:15:00,15.178262,76.236282,"Incident of Theft reported in Bellary district at coordinates (15.1783, 76.2363)."
1659,1659/2025,FIR/1659/2025,2025-03-24,10,5,1,2,5,10,3,5,2025-03-24 14:00:00,2025-03-24 14:30:00,2025-03-24 15:15:00,15.174126,76.335905,"Incident of Theft reported in Bellary district at coordinates (15.1741, 76.3359)."
1660,1660/2025,FIR/1660/2025,2025-07-26,9,5,1,2,5,9,3,5,2025-07-26 18:00:00,2025-07-26 18:30:00,2025-07-26 19:15:00,15.005236,76.215261,"Incident of Theft reported in Bellary district at coordinates (15.0052, 76.2153)."
1661,1661/2025,FIR/1661/2025,2025-09-17,10,5,1,2,5,10,2,5,2025-09-17 09:00:00,2025-09-17 09:30:00,2025-09-17 10:15:00,15.29619,76.379925,"Incident of Theft reported in Bellary district at coordinates (15.2962, 76.3799)."
1662,1662/2025,FIR/1662/2025,2025-04-05,9,5,1,2,5,9,3,5,2025-04-05 20:00:00,2025-04-05 20:30:00,2025-04-05 21:15:00,15.314367,76.367878,"Incident of Theft reported in Bellary district at coordinates (15.3144, 76.3679)."
1663,1663/2025,FIR/1663/2025,2025-04-04,10,5,1,2,5,10,3,5,2025-04-04 22:00:00,2025-04-04 22:30:00,2025-04-04 23:15:00,15.339293,76.706452,"Incident of Theft reported in Bellary district at coordinates (15.3393, 76.7065)."
1664,1664/2025,FIR/1664/2025,2025-04-22,9,5,1,2,5,9,2,5,2025-04-22 10:00:00,2025-04-22 10:30:00,2025-04-22 11:15:00,15.165904,76.33552,"Incident of Theft reported in Bellary district at coordinates (15.1659, 76.3355)."
1665,1665/2025,FIR/1665/2025,2025-04-13,10,5,1,2,5,10,3,5,2025-04-13 20:00:00,2025-04-13 20:30:00,2025-04-13 21:15:00,15.1739,76.285882,"Incident of Theft reported in Bellary district at coordinates (15.1739, 76.2859)."
1666,1666/2025,FIR/1666/2025,2025-09-17,9,5,1,2,5,9,3,5,2025-09-17 22:00:00,2025-09-17 22:30:00,2025-09-17 23:15:00,15.152106,76.335098,"Incident of Theft reported in Bellary district at coordinates (15.1521, 76.3351)."
1667,1667/2025,FIR/1667/2025,2025-07-13,10,5,1,2,5,10,1,5,2025-07-13 16:00:00,2025-07-13 16:30:00,2025-07-13 17:15:00,14.888084,76.284855,"Incident of Theft reported in Bellary district at coordinates (14.8881, 76.2849)."
1668,1668/2025,FIR/1668/2025,2025-11-19,9,5,1,2,5,9,1,5,2025-11-19 13:00:00,2025-11-19 13:30:00,2025-11-19 14:15:00,15.301293,76.380537,"Incident of Theft reported in Bellary district at coordinates (15.3013, 76.3805)."
1669,1669/2025,FIR/1669/2025,2025-06-29,10,5,1,2,5,10,3,5,2025-06-29 14:00:00,2025-06-29 14:30:00,2025-06-29 15:15:00,15.457935,76.872671,"Incident of Theft reported in Bellary district at coordinates (15.4579, 76.8727)."
1670,1670/2025,FIR/1670/2025,2025-04-12,9,5,1,2,5,9,2,5,2025-04-12 11:00:00,2025-04-12 11:30:00,2025-04-12 12:15:00,14.890754,76.283038,"Incident of Theft reported in Bellary district at coordinates (14.8908, 76.2830)."
1671,1671/2025,FIR/1671/2025,2025-04-20,10,5,1,2,5,10,1,5,2025-04-20 12:00:00,2025-04-20 12:30:00,2025-04-20 13:15:00,15.689095,77.063554,"Incident of Theft reported in Bellary district at coordinates (15.6891, 77.0636)."
1672,1672/2025,FIR/1672/2025,2025-01-24,9,5,1,2,5,9,1,5,2025-01-24 12:00:00,2025-01-24 12:30:00,2025-01-24 13:15:00,15.182142,76.29761,"Incident of Theft reported in Bellary district at coordinates (15.1821, 76.2976)."
1673,1673/2025,FIR/1673/2025,2025-12-18,10,5,1,2,5,10,1,5,2025-12-18 01:00:00,2025-12-18 01:30:00,2025-12-18 02:15:00,15.103291,76.753513,"Incident of Theft reported in Bellary district at coordinates (15.1033, 76.7535)."
1674,1674/2025,FIR/1674/2025,2025-08-02,9,5,1,2,5,9,1,5,2025-08-02 10:00:00,2025-08-02 10:30:00,2025-08-02 11:15:00,14.877623,76.274287,"Incident of Theft reported in Bellary district at coordinates (14.8776, 76.2743)."
1675,1675/2025,FIR/1675/2025,2025-10-30,10,5,1,2,5,10,2,5,2025-10-30 15:00:00,2025-10-30 15:30:00,2025-10-30 16:15:00,14.872104,76.289519,"Incident of Theft reported in Bellary district at coordinates (14.8721, 76.2895)."
1676,1676/2025,FIR/1676/2025,2025-12-13,9,5,1,2,5,9,1,5,2025-12-13 14:00:00,2025-12-13 14:30:00,2025-12-13 15:15:00,14.862939,76.280533,"Incident of Theft reported in Bellary district at coordinates (14.8629, 76.2805)."
1677,1677/2025,FIR/1677/2025,2025-05-31,10,5,1,2,5,10,2,5,2025-05-31 12:00:00,2025-05-31 12:30:00,2025-05-31 13:15:00,15.193078,76.296892,"Incident of Theft reported in Bellary district at coordinates (15.1931, 76.2969)."
1678,1678/2025,FIR/1678/2025,2025-08-06,9,5,1,2,5,9,3,5,2025-08-06 05:00:00,2025-08-06 05:30:00,2025-08-06 06:15:00,15.181714,76.320031,"Incident of Theft reported in Bellary district at coordinates (15.1817, 76.3200)."
1679,1679/2025,FIR/1679/2025,2025-05-11,10,5,1,2,5,10,2,5,2025-05-11 11:00:00,2025-05-11 11:30:00,2025-05-11 12:15:00,14.877023,76.284115,"Incident of Theft reported in Bellary district at coordinates (14.8770, 76.2841)."
1680,1680/2025,FIR/1680/2025,2025-01-17,9,5,1,2,5,9,3,5,2025-01-17 05:00:00,2025-01-17 05:30:00,2025-01-17 06:15:00,15.342522,76.715417,"Incident of Theft reported in Bellary district at coordinates (15.3425, 76.7154)."
1681,1681/2025,FIR/1681/2025,2025-09-09,10,5,1,1,4,8,3,5,2025-09-09 09:00:00,2025-09-09 09:30:00,2025-09-09 10:15:00,15.35561,76.70976,"Incident of Robbery reported in Bellary district at coordinates (15.3556, 76.7098)."
1682,1682/2025,FIR/1682/2025,2025-10-23,9,5,1,1,4,7,1,5,2025-10-23 23:00:00,2025-10-23 23:30:00,2025-10-23 23:15:00,15.158096,76.338682,"Incident of Robbery reported in Bellary district at coordinates (15.1581, 76.3387)."
1683,1683/2025,FIR/1683/2025,2025-03-27,10,5,1,1,4,8,3,5,2025-03-27 19:00:00,2025-03-27 19:30:00,2025-03-27 20:15:00,14.871804,76.273103,"Incident of Robbery reported in Bellary district at coordinates (14.8718, 76.2731)."
1684,1684/2025,FIR/1684/2025,2025-09-07,9,5,1,1,4,7,1,5,2025-09-07 00:00:00,2025-09-07 00:30:00,2025-09-07 01:15:00,14.878254,76.292182,"Incident of Robbery reported in Bellary district at coordinates (14.8783, 76.2922)."
1685,1685/2025,FIR/1685/2025,2025-01-19,10,5,1,1,4,8,1,5,2025-01-19 04:00:00,2025-01-19 04:30:00,2025-01-19 05:15:00,14.866619,76.294788,"Incident of Robbery reported in Bellary district at coordinates (14.8666, 76.2948)."
1686,1686/2025,FIR/1686/2025,2025-05-15,9,5,1,1,4,7,3,5,2025-05-15 23:00:00,2025-05-15 23:30:00,2025-05-15 23:15:00,15.177054,76.335784,"Incident of Robbery reported in Bellary district at coordinates (15.1771, 76.3358)."
1687,1687/2025,FIR/1687/2025,2025-10-24,10,5,1,1,4,8,3,5,2025-10-24 08:00:00,2025-10-24 08:30:00,2025-10-24 09:15:00,15.167051,76.310418,"Incident of Robbery reported in Bellary district at coordinates (15.1671, 76.3104)."
1688,1688/2025,FIR/1688/2025,2025-12-08,9,5,1,1,4,7,3,5,2025-12-08 03:00:00,2025-12-08 03:30:00,2025-12-08 04:15:00,15.706496,77.064993,"Incident of Robbery reported in Bellary district at coordinates (15.7065, 77.0650)."
1689,1689/2025,FIR/1689/2025,2025-06-09,10,5,1,1,4,8,1,5,2025-06-09 22:00:00,2025-06-09 22:30:00,2025-06-09 23:15:00,15.10188,76.264403,"Incident of Robbery reported in Bellary district at coordinates (15.1019, 76.2644)."
1690,1690/2025,FIR/1690/2025,2025-03-04,9,5,1,1,4,7,1,5,2025-03-04 14:00:00,2025-03-04 14:30:00,2025-03-04 15:15:00,15.194039,76.554249,"Incident of Robbery reported in Bellary district at coordinates (15.1940, 76.5542)."
1691,1691/2025,FIR/1691/2025,2025-10-24,10,5,1,1,4,8,1,5,2025-10-24 22:00:00,2025-10-24 22:30:00,2025-10-24 23:15:00,14.867011,76.298841,"Incident of Robbery reported in Bellary district at coordinates (14.8670, 76.2988)."
1692,1692/2025,FIR/1692/2025,2025-02-01,9,5,1,1,4,7,3,5,2025-02-01 08:00:00,2025-02-01 08:30:00,2025-02-01 09:15:00,15.716424,77.070466,"Incident of Robbery reported in Bellary district at coordinates (15.7164, 77.0705)."
1693,1693/2025,FIR/1693/2025,2025-09-08,10,5,1,1,4,8,3,5,2025-09-08 16:00:00,2025-09-08 16:30:00,2025-09-08 17:15:00,15.161844,76.336983,"Incident of Robbery reported in Bellary district at coordinates (15.1618, 76.3370)."
1694,1694/2025,FIR/1694/2025,2025-07-13,9,5,1,1,4,7,2,5,2025-07-13 02:00:00,2025-07-13 02:30:00,2025-07-13 03:15:00,15.181671,76.282896,"Incident of Robbery reported in Bellary district at coordinates (15.1817, 76.2829)."
1695,1695/2025,FIR/1695/2025,2025-06-05,10,5,1,1,4,8,1,5,2025-06-05 11:00:00,2025-06-05 11:30:00,2025-06-05 12:15:00,14.880502,76.289482,"Incident of Robbery reported in Bellary district at coordinates (14.8805, 76.2895)."
1696,1696/2025,FIR/1696/2025,2025-10-16,9,5,1,1,4,7,1,5,2025-10-16 22:00:00,2025-10-16 22:30:00,2025-10-16 23:15:00,15.345638,76.707036,"Incident of Robbery reported in Bellary district at coordinates (15.3456, 76.7070)."
1697,1697/2025,FIR/1697/2025,2025-05-26,10,5,1,1,4,8,3,5,2025-05-26 04:00:00,2025-05-26 04:30:00,2025-05-26 05:15:00,15.180025,76.284852,"Incident of Robbery reported in Bellary district at coordinates (15.1800, 76.2849)."
1698,1698/2025,FIR/1698/2025,2025-06-15,9,5,1,1,4,7,1,5,2025-06-15 05:00:00,2025-06-15 05:30:00,2025-06-15 06:15:00,15.709442,77.080402,"Incident of Robbery reported in Bellary district at coordinates (15.7094, 77.0804)."
1699,1699/2025,FIR/1699/2025,2025-01-28,10,5,1,1,4,8,3,5,2025-01-28 01:00:00,2025-01-28 01:30:00,2025-01-28 02:15:00,15.164458,76.299846,"Incident of Robbery reported in Bellary district at coordinates (15.1645, 76.2998)."
1700,1700/2025,FIR/1700/2025,2025-05-08,9,5,1,1,4,7,2,5,2025-05-08 08:00:00,2025-05-08 08:30:00,2025-05-08 09:15:00,15.312778,76.389185,"Incident of Robbery reported in Bellary district at coordinates (15.3128, 76.3892)."
1701,1701/2025,FIR/1701/2025,2025-11-18,10,5,1,1,4,8,1,5,2025-11-18 16:00:00,2025-11-18 16:30:00,2025-11-18 17:15:00,15.181318,76.285557,"Incident of Robbery reported in Bellary district at coordinates (15.1813, 76.2856)."
1702,1702/2025,FIR/1702/2025,2025-12-24,9,5,1,1,4,7,2,5,2025-12-24 06:00:00,2025-12-24 06:30:00,2025-12-24 07:15:00,15.719434,77.055489,"Incident of Robbery reported in Bellary district at coordinates (15.7194, 77.0555)."
1703,1703/2025,FIR/1703/2025,2025-02-21,10,5,1,2,3,6,2,5,2025-02-21 03:00:00,2025-02-21 03:30:00,2025-02-21 04:15:00,15.26369,76.878013,"Incident of Chain Snatching reported in Bellary district at coordinates (15.2637, 76.8780)."
1704,1704/2025,FIR/1704/2025,2025-06-27,9,5,1,2,3,5,1,5,2025-06-27 15:00:00,2025-06-27 15:30:00,2025-06-27 16:15:00,14.864936,76.285989,"Incident of Chain Snatching reported in Bellary district at coordinates (14.8649, 76.2860)."
1705,1705/2025,FIR/1705/2025,2025-04-26,10,5,1,2,3,6,1,5,2025-04-26 01:00:00,2025-04-26 01:30:00,2025-04-26 02:15:00,15.097066,76.89404,"Incident of Chain Snatching reported in Bellary district at coordinates (15.0971, 76.8940)."
1706,1706/2025,FIR/1706/2025,2025-04-02,9,5,1,2,3,5,2,5,2025-04-02 02:00:00,2025-04-02 02:30:00,2025-04-02 03:15:00,15.182267,76.289155,"Incident of Chain Snatching reported in Bellary district at coordinates (15.1823, 76.2892)."
1707,1707/2025,FIR/1707/2025,2025-10-23,10,5,1,2,3,6,3,5,2025-10-23 02:00:00,2025-10-23 02:30:00,2025-10-23 03:15:00,15.320901,76.370871,"Incident of Chain Snatching reported in Bellary district at coordinates (15.3209, 76.3709)."
1708,1708/2025,FIR/1708/2025,2025-06-10,9,5,1,2,3,5,3,5,2025-06-10 18:00:00,2025-06-10 18:30:00,2025-06-10 19:15:00,14.86964,76.28088,"Incident of Chain Snatching reported in Bellary district at coordinates (14.8696, 76.2809)."
1709,1709/2025,FIR/1709/2025,2025-12-10,10,5,1,2,3,6,2,5,2025-12-10 05:00:00,2025-12-10 05:30:00,2025-12-10 06:15:00,15.704493,77.074184,"Incident of Chain Snatching reported in Bellary district at coordinates (15.7045, 77.0742)."
1710,1710/2025,FIR/1710/2025,2025-04-15,9,5,1,2,3,5,2,5,2025-04-15 04:00:00,2025-04-15 04:30:00,2025-04-15 05:15:00,15.306024,76.387912,"Incident of Chain Snatching reported in Bellary district at coordinates (15.3060, 76.3879)."
1711,1711/2025,FIR/1711/2025,2025-04-23,10,5,1,2,2,4,2,5,2025-04-23 03:00:00,2025-04-23 03:30:00,2025-04-23 04:15:00,15.343097,76.702463,"Incident of Burglary reported in Bellary district at coordinates (15.3431, 76.7025)."
1712,1712/2025,FIR/1712/2025,2025-10-02,9,5,1,2,2,3,3,5,2025-10-02 06:00:00,2025-10-02 06:30:00,2025-10-02 07:15:00,15.345804,76.719704,"Incident of Burglary reported in Bellary district at coordinates (15.3458, 76.7197)."
1713,1713/2025,FIR/1713/2025,2025-07-23,10,5,1,2,2,4,1,5,2025-07-23 13:00:00,2025-07-23 13:30:00,2025-07-23 14:15:00,15.707947,77.073608,"Incident of Burglary reported in Bellary district at coordinates (15.7079, 77.0736)."
1714,1714/2025,FIR/1714/2025,2025-04-04,9,5,1,2,2,3,2,5,2025-04-04 18:00:00,2025-04-04 18:30:00,2025-04-04 19:15:00,14.886148,76.281076,"Incident of Burglary reported in Bellary district at coordinates (14.8861, 76.2811)."
1715,1715/2025,FIR/1715/2025,2025-05-18,10,5,1,2,2,4,2,5,2025-05-18 00:00:00,2025-05-18 00:30:00,2025-05-18 01:15:00,15.185086,76.28249,"Incident of Burglary reported in Bellary district at coordinates (15.1851, 76.2825)."
1716,1716/2025,FIR/1716/2025,2025-08-27,9,5,1,2,2,3,2,5,2025-08-27 06:00:00,2025-08-27 06:30:00,2025-08-27 07:15:00,15.033468,77.102924,"Incident of Burglary reported in Bellary district at coordinates (15.0335, 77.1029)."
1717,1717/2025,FIR/1717/2025,2025-12-23,10,5,1,2,2,4,1,5,2025-12-23 13:00:00,2025-12-23 13:30:00,2025-12-23 14:15:00,14.917418,76.36778,"Incident of Burglary reported in Bellary district at coordinates (14.9174, 76.3678)."
1718,1718/2025,FIR/1718/2025,2025-04-16,9,5,1,2,2,3,2,5,2025-04-16 02:00:00,2025-04-16 02:30:00,2025-04-16 03:15:00,15.171137,76.325343,"Incident of Burglary reported in Bellary district at coordinates (15.1711, 76.3253)."
1719,1719/2025,FIR/1719/2025,2025-12-03,10,5,1,2,2,4,3,5,2025-12-03 18:00:00,2025-12-03 18:30:00,2025-12-03 19:15:00,15.707459,77.078889,"Incident of Burglary reported in Bellary district at coordinates (15.7075, 77.0789)."
1720,1720/2025,FIR/1720/2025,2025-10-08,9,5,1,2,2,3,2,5,2025-10-08 07:00:00,2025-10-08 07:30:00,2025-10-08 08:15:00,15.301737,76.386986,"Incident of Burglary reported in Bellary district at coordinates (15.3017, 76.3870)."
1721,1721/2025,FIR/1721/2025,2025-04-22,10,5,1,2,2,4,3,5,2025-04-22 10:00:00,2025-04-22 10:30:00,2025-04-22 11:15:00,15.709253,77.056043,"Incident of Burglary reported in Bellary district at coordinates (15.7093, 77.0560)."
1722,1722/2025,FIR/1722/2025,2025-11-12,9,5,1,2,2,3,1,5,2025-11-12 10:00:00,2025-11-12 10:30:00,2025-11-12 11:15:00,15.713757,77.071807,"Incident of Burglary reported in Bellary district at coordinates (15.7138, 77.0718)."
1723,1723/2025,FIR/1723/2025,2025-10-09,10,5,1,2,2,4,3,5,2025-10-09 03:00:00,2025-10-09 03:30:00,2025-10-09 04:15:00,14.963457,76.045665,"Incident of Burglary reported in Bellary district at coordinates (14.9635, 76.0457)."
1724,1724/2025,FIR/1724/2025,2025-01-24,9,5,1,2,2,3,3,5,2025-01-24 15:00:00,2025-01-24 15:30:00,2025-01-24 16:15:00,15.342748,76.872604,"Incident of Burglary reported in Bellary district at coordinates (15.3427, 76.8726)."
1725,1725/2025,FIR/1725/2025,2025-09-30,10,5,1,2,2,4,2,5,2025-09-30 16:00:00,2025-09-30 16:30:00,2025-09-30 17:15:00,15.309504,76.384583,"Incident of Burglary reported in Bellary district at coordinates (15.3095, 76.3846)."
1726,1726/2025,FIR/1726/2025,2025-10-17,9,5,1,2,2,3,1,5,2025-10-17 21:00:00,2025-10-17 21:30:00,2025-10-17 22:15:00,15.701345,77.073971,"Incident of Burglary reported in Bellary district at coordinates (15.7013, 77.0740)."
1727,1727/2025,FIR/1727/2025,2025-01-17,10,5,1,2,2,4,2,5,2025-01-17 07:00:00,2025-01-17 07:30:00,2025-01-17 08:15:00,15.35986,76.723393,"Incident of Burglary reported in Bellary district at coordinates (15.3599, 76.7234)."
1728,1728/2025,FIR/1728/2025,2025-10-04,9,5,1,2,2,3,3,5,2025-10-04 20:00:00,2025-10-04 20:30:00,2025-10-04 21:15:00,15.294122,76.392987,"Incident of Burglary reported in Bellary district at coordinates (15.2941, 76.3930)."
1729,1729/2025,FIR/1729/2025,2025-05-06,10,5,1,2,2,4,1,5,2025-05-06 13:00:00,2025-05-06 13:30:00,2025-05-06 14:15:00,15.343859,76.71207,"Incident of Burglary reported in Bellary district at coordinates (15.3439, 76.7121)."
1730,1730/2025,FIR/1730/2025,2025-10-26,9,5,1,2,2,3,1,5,2025-10-26 04:00:00,2025-10-26 04:30:00,2025-10-26 05:15:00,15.692501,77.06291,"Incident of Burglary reported in Bellary district at coordinates (15.6925, 77.0629)."
1731,1731/2025,FIR/1731/2025,2025-06-05,10,5,1,2,2,4,3,5,2025-06-05 10:00:00,2025-06-05 10:30:00,2025-06-05 11:15:00,15.180496,76.296642,"Incident of Burglary reported in Bellary district at coordinates (15.1805, 76.2966)."
1732,1732/2025,FIR/1732/2025,2025-03-07,9,5,1,2,2,3,1,5,2025-03-07 22:00:00,2025-03-07 22:30:00,2025-03-07 23:15:00,15.039425,76.656808,"Incident of Burglary reported in Bellary district at coordinates (15.0394, 76.6568)."
1733,1733/2025,FIR/1733/2025,2025-04-06,10,5,1,2,2,4,1,5,2025-04-06 11:00:00,2025-04-06 11:30:00,2025-04-06 12:15:00,14.86689,76.29198,"Incident of Burglary reported in Bellary district at coordinates (14.8669, 76.2920)."
1734,1734/2025,FIR/1734/2025,2025-12-29,9,5,1,2,2,3,1,5,2025-12-29 00:00:00,2025-12-29 00:30:00,2025-12-29 01:15:00,15.316802,76.375506,"Incident of Burglary reported in Bellary district at coordinates (15.3168, 76.3755)."
1735,1735/2025,FIR/1735/2025,2025-08-05,10,5,1,2,2,4,3,5,2025-08-05 14:00:00,2025-08-05 14:30:00,2025-08-05 15:15:00,15.30494,76.359124,"Incident of Burglary reported in Bellary district at coordinates (15.3049, 76.3591)."
1736,1736/2025,FIR/1736/2025,2025-04-04,9,5,1,2,2,3,2,5,2025-04-04 19:00:00,2025-04-04 19:30:00,2025-04-04 20:15:00,15.350219,76.701307,"Incident of Burglary reported in Bellary district at coordinates (15.3502, 76.7013)."
1737,1737/2025,FIR/1737/2025,2025-02-19,10,5,1,2,2,4,2,5,2025-02-19 15:00:00,2025-02-19 15:30:00,2025-02-19 16:15:00,15.306156,76.381432,"Incident of Burglary reported in Bellary district at coordinates (15.3062, 76.3814)."
1738,1738/2025,FIR/1738/2025,2025-03-27,9,5,1,2,2,3,2,5,2025-03-27 22:00:00,2025-03-27 22:30:00,2025-03-27 23:15:00,15.702462,77.075527,"Incident of Burglary reported in Bellary district at coordinates (15.7025, 77.0755)."
1739,1739/2025,FIR/1739/2025,2025-07-15,10,5,1,2,2,4,1,5,2025-07-15 22:00:00,2025-07-15 22:30:00,2025-07-15 23:15:00,15.185829,76.288806,"Incident of Burglary reported in Bellary district at coordinates (15.1858, 76.2888)."
1740,1740/2025,FIR/1740/2025,2025-06-28,9,5,1,2,2,3,2,5,2025-06-28 10:00:00,2025-06-28 10:30:00,2025-06-28 11:15:00,15.698695,77.065943,"Incident of Burglary reported in Bellary district at coordinates (15.6987, 77.0659)."
1741,1741/2025,FIR/1741/2025,2025-02-24,10,5,1,2,2,4,1,5,2025-02-24 01:00:00,2025-02-24 01:30:00,2025-02-24 02:15:00,14.86745,76.455938,"Incident of Burglary reported in Bellary district at coordinates (14.8674, 76.4559)."
1742,1742/2025,FIR/1742/2025,2025-04-06,9,5,1,2,2,3,1,5,2025-04-06 04:00:00,2025-04-06 04:30:00,2025-04-06 05:15:00,15.703709,77.064919,"Incident of Burglary reported in Bellary district at coordinates (15.7037, 77.0649)."
1743,1743/2025,FIR/1743/2025,2025-10-15,10,5,1,2,2,4,1,5,2025-10-15 23:00:00,2025-10-15 23:30:00,2025-10-15 23:15:00,15.341302,76.712762,"Incident of Burglary reported in Bellary district at coordinates (15.3413, 76.7128)."
1744,1744/2025,FIR/1744/2025,2025-08-16,9,5,1,2,2,3,3,5,2025-08-16 15:00:00,2025-08-16 15:30:00,2025-08-16 16:15:00,14.893649,76.14117,"Incident of Burglary reported in Bellary district at coordinates (14.8936, 76.1412)."
1745,1745/2025,FIR/1745/2025,2025-11-18,10,5,1,2,2,4,3,5,2025-11-18 14:00:00,2025-11-18 14:30:00,2025-11-18 15:15:00,15.698325,77.07604,"Incident of Burglary reported in Bellary district at coordinates (15.6983, 77.0760)."
1746,1746/2025,FIR/1746/2025,2025-03-15,9,5,1,1,1,1,2,5,2025-03-15 13:00:00,2025-03-15 13:30:00,2025-03-15 14:15:00,14.887597,76.255982,"Incident of Assault reported in Bellary district at coordinates (14.8876, 76.2560)."
1747,1747/2025,FIR/1747/2025,2025-07-28,10,5,1,1,1,2,2,5,2025-07-28 17:00:00,2025-07-28 17:30:00,2025-07-28 18:15:00,15.703786,77.065116,"Incident of Assault reported in Bellary district at coordinates (15.7038, 77.0651)."
1748,1748/2025,FIR/1748/2025,2025-07-24,9,5,1,1,1,1,3,5,2025-07-24 02:00:00,2025-07-24 02:30:00,2025-07-24 03:15:00,15.354737,76.704286,"Incident of Assault reported in Bellary district at coordinates (15.3547, 76.7043)."
1749,1749/2025,FIR/1749/2025,2025-12-13,10,5,1,1,1,2,2,5,2025-12-13 23:00:00,2025-12-13 23:30:00,2025-12-13 23:15:00,15.185756,76.290313,"Incident of Assault reported in Bellary district at coordinates (15.1858, 76.2903)."
1750,1750/2025,FIR/1750/2025,2025-02-18,9,5,1,1,1,1,3,5,2025-02-18 21:00:00,2025-02-18 21:30:00,2025-02-18 22:15:00,15.319893,76.374811,"Incident of Assault reported in Bellary district at coordinates (15.3199, 76.3748)."
1751,1751/2025,FIR/1751/2025,2025-05-23,10,5,1,1,1,2,3,5,2025-05-23 11:00:00,2025-05-23 11:30:00,2025-05-23 12:15:00,14.874517,76.270553,"Incident of Assault reported in Bellary district at coordinates (14.8745, 76.2706)."
1752,1752/2025,FIR/1752/2025,2025-02-24,9,5,1,1,1,1,2,5,2025-02-24 18:00:00,2025-02-24 18:30:00,2025-02-24 19:15:00,15.351822,76.709853,"Incident of Assault reported in Bellary district at coordinates (15.3518, 76.7099)."
1753,1753/2025,FIR/1753/2025,2025-04-01,10,5,1,1,1,2,1,5,2025-04-01 06:00:00,2025-04-01 06:30:00,2025-04-01 07:15:00,15.183029,76.296468,"Incident of Assault reported in Bellary district at coordinates (15.1830, 76.2965)."
1754,1754/2025,FIR/1754/2025,2025-12-29,9,5,1,1,1,1,2,5,2025-12-29 14:00:00,2025-12-29 14:30:00,2025-12-29 15:15:00,15.464713,76.969382,"Incident of Assault reported in Bellary district at coordinates (15.4647, 76.9694)."
1755,1755/2025,FIR/1755/2025,2025-11-26,10,5,1,1,1,2,3,5,2025-11-26 06:00:00,2025-11-26 06:30:00,2025-11-26 07:15:00,15.168997,76.340366,"Incident of Assault reported in Bellary district at coordinates (15.1690, 76.3404)."
1756,1756/2025,FIR/1756/2025,2025-11-09,9,5,1,1,1,1,3,5,2025-11-09 08:00:00,2025-11-09 08:30:00,2025-11-09 09:15:00,14.875461,76.277865,"Incident of Assault reported in Bellary district at coordinates (14.8755, 76.2779)."
1757,1757/2025,FIR/1757/2025,2025-10-25,10,5,1,1,1,2,1,5,2025-10-25 01:00:00,2025-10-25 01:30:00,2025-10-25 02:15:00,15.12929,76.86485,"Incident of Assault reported in Bellary district at coordinates (15.1293, 76.8649)."
1758,1758/2025,FIR/1758/2025,2025-07-11,9,5,1,1,1,1,2,5,2025-07-11 03:00:00,2025-07-11 03:30:00,2025-07-11 04:15:00,15.706216,77.063577,"Incident of Assault reported in Bellary district at coordinates (15.7062, 77.0636)."
1759,1759/2025,FIR/1759/2025,2025-07-08,10,5,1,1,1,2,3,5,2025-07-08 21:00:00,2025-07-08 21:30:00,2025-07-08 22:15:00,14.870889,76.270241,"Incident of Assault reported in Bellary district at coordinates (14.8709, 76.2702)."
1760,1760/2025,FIR/1760/2025,2025-12-18,9,5,1,1,1,1,2,5,2025-12-18 16:00:00,2025-12-18 16:30:00,2025-12-18 17:15:00,14.867952,76.280124,"Incident of Assault reported in Bellary district at coordinates (14.8680, 76.2801)."
1761,1761/2025,FIR/1761/2025,2025-06-24,10,5,1,1,1,2,1,5,2025-06-24 01:00:00,2025-06-24 01:30:00,2025-06-24 02:15:00,15.337737,76.707341,"Incident of Assault reported in Bellary district at coordinates (15.3377, 76.7073)."
1762,1762/2025,FIR/1762/2025,2025-11-16,9,5,1,1,1,1,1,5,2025-11-16 20:00:00,2025-11-16 20:30:00,2025-11-16 21:15:00,15.220835,76.586475,"Incident of Assault reported in Bellary district at coordinates (15.2208, 76.5865)."
1763,1763/2025,FIR/1763/2025,2025-07-14,10,5,1,1,1,2,1,5,2025-07-14 12:00:00,2025-07-14 12:30:00,2025-07-14 13:15:00,15.720608,77.064477,"Incident of Assault reported in Bellary district at coordinates (15.7206, 77.0645)."
1764,1764/2025,FIR/1764/2025,2025-09-08,9,5,1,1,1,1,1,5,2025-09-08 21:00:00,2025-09-08 21:30:00,2025-09-08 22:15:00,14.864532,76.287387,"Incident of Assault reported in Bellary district at coordinates (14.8645, 76.2874)."
1765,1765/2025,FIR/1765/2025,2025-03-22,10,5,1,1,1,2,1,5,2025-03-22 05:00:00,2025-03-22 05:30:00,2025-03-22 06:15:00,14.882132,76.278924,"Incident of Assault reported in Bellary district at coordinates (14.8821, 76.2789)."
1766,1766/2025,FIR/1766/2025,2025-07-23,9,5,1,1,1,1,2,5,2025-07-23 03:00:00,2025-07-23 03:30:00,2025-07-23 04:15:00,14.872098,76.273756,"Incident of Assault reported in Bellary district at coordinates (14.8721, 76.2738)."
1767,1767/2025,FIR/1767/2025,2025-08-02,10,5,1,1,1,2,1,5,2025-08-02 08:00:00,2025-08-02 08:30:00,2025-08-02 09:15:00,14.928861,76.317645,"Incident of Assault reported in Bellary district at coordinates (14.9289, 76.3176)."
1768,1768/2025,FIR/1768/2025,2025-06-20,9,5,1,1,1,1,1,5,2025-06-20 17:00:00,2025-06-20 17:30:00,2025-06-20 18:15:00,15.707907,77.065081,"Incident of Assault reported in Bellary district at coordinates (15.7079, 77.0651)."
1769,1769/2025,FIR/1769/2025,2025-10-11,10,5,1,1,1,2,3,5,2025-10-11 16:00:00,2025-10-11 16:30:00,2025-10-11 17:15:00,15.307462,76.389988,"Incident of Assault reported in Bellary district at coordinates (15.3075, 76.3900)."
1770,1770/2025,FIR/1770/2025,2025-06-12,9,5,1,1,1,1,3,5,2025-06-12 17:00:00,2025-06-12 17:30:00,2025-06-12 18:15:00,14.945554,76.389023,"Incident of Assault reported in Bellary district at coordinates (14.9456, 76.3890)."
1771,1771/2025,FIR/1771/2025,2025-08-21,10,5,1,1,1,2,1,5,2025-08-21 00:00:00,2025-08-21 00:30:00,2025-08-21 01:15:00,14.872017,76.29815,"Incident of Assault reported in Bellary district at coordinates (14.8720, 76.2982)."
1772,1772/2025,FIR/1772/2025,2025-10-14,9,5,1,1,1,1,1,5,2025-10-14 21:00:00,2025-10-14 21:30:00,2025-10-14 22:15:00,15.118815,76.101227,"Incident of Assault reported in Bellary district at coordinates (15.1188, 76.1012)."
1773,1773/2025,FIR/1773/2025,2025-01-08,10,5,1,1,1,2,1,5,2025-01-08 05:00:00,2025-01-08 05:30:00,2025-01-08 06:15:00,15.154534,76.326729,"Incident of Assault reported in Bellary district at coordinates (15.1545, 76.3267)."
1774,1774/2025,FIR/1774/2025,2025-10-11,9,5,1,1,1,1,3,5,2025-10-11 16:00:00,2025-10-11 16:30:00,2025-10-11 17:15:00,15.154723,76.253456,"Incident of Assault reported in Bellary district at coordinates (15.1547, 76.2535)."
1775,1775/2025,FIR/1775/2025,2025-10-18,10,5,1,1,1,2,1,5,2025-10-18 19:00:00,2025-10-18 19:30:00,2025-10-18 20:15:00,15.15322,76.340123,"Incident of Assault reported in Bellary district at coordinates (15.1532, 76.3401)."
1776,1776/2025,FIR/1776/2025,2025-05-24,9,5,1,1,1,1,3,5,2025-05-24 10:00:00,2025-05-24 10:30:00,2025-05-24 11:15:00,15.313224,76.371362,"Incident of Assault reported in Bellary district at coordinates (15.3132, 76.3714)."
1777,1777/2025,FIR/1777/2025,2025-01-17,10,5,1,1,1,2,2,5,2025-01-17 11:00:00,2025-01-17 11:30:00,2025-01-17 12:15:00,14.868647,76.284557,"Incident of Assault reported in Bellary district at coordinates (14.8686, 76.2846)."
1778,1778/2025,FIR/1778/2025,2025-10-27,9,5,1,1,1,1,2,5,2025-10-27 18:00:00,2025-10-27 18:30:00,2025-10-27 19:15:00,15.161567,76.33127,"Incident of Assault reported in Bellary district at coordinates (15.1616, 76.3313)."
1779,1779/2025,FIR/1779/2025,2025-05-18,10,5,1,1,1,2,3,5,2025-05-18 17:00:00,2025-05-18 17:30:00,2025-05-18 18:15:00,14.885355,76.268188,"Incident of Assault reported in Bellary district at coordinates (14.8854, 76.2682)."
1780,1780/2025,FIR/1780/2025,2025-07-12,9,5,1,1,1,1,2,5,2025-07-12 02:00:00,2025-07-12 02:30:00,2025-07-12 03:15:00,15.701464,77.058106,"Incident of Assault reported in Bellary district at coordinates (15.7015, 77.0581)."
1781,1781/2025,FIR/1781/2025,2025-11-30,10,5,1,1,1,2,2,5,2025-11-30 12:00:00,2025-11-30 12:30:00,2025-11-30 13:15:00,15.342048,76.713529,"Incident of Assault reported in Bellary district at coordinates (15.3420, 76.7135)."
1782,1782/2025,FIR/1782/2025,2025-12-21,9,5,1,1,1,1,3,5,2025-12-21 06:00:00,2025-12-21 06:30:00,2025-12-21 07:15:00,15.345034,76.717192,"Incident of Assault reported in Bellary district at coordinates (15.3450, 76.7172)."
1783,1783/2025,FIR/1783/2025,2025-08-08,10,5,1,1,1,2,3,5,2025-08-08 02:00:00,2025-08-08 02:30:00,2025-08-08 03:15:00,15.339092,76.71029,"Incident of Assault reported in Bellary district at coordinates (15.3391, 76.7103)."
1784,1784/2025,FIR/1784/2025,2025-03-04,9,5,1,1,1,1,1,5,2025-03-04 18:00:00,2025-03-04 18:30:00,2025-03-04 19:15:00,15.301847,76.391918,"Incident of Assault reported in Bellary district at coordinates (15.3018, 76.3919)."
1785,1785/2025,FIR/1785/2025,2025-11-01,10,5,1,1,1,2,1,5,2025-11-01 23:00:00,2025-11-01 23:30:00,2025-11-01 23:15:00,15.169123,76.310183,"Incident of Assault reported in Bellary district at coordinates (15.1691, 76.3102)."
1786,1786/2025,FIR/1786/2025,2025-12-21,9,5,1,1,1,1,3,5,2025-12-21 15:00:00,2025-12-21 15:30:00,2025-12-21 16:15:00,14.909082,76.195055,"Incident of Assault reported in Bellary district at coordinates (14.9091, 76.1951)."
1787,1787/2025,FIR/1787/2025,2025-12-24,10,5,1,1,1,2,1,5,2025-12-24 11:00:00,2025-12-24 11:30:00,2025-12-24 12:15:00,15.165107,76.337313,"Incident of Assault reported in Bellary district at coordinates (15.1651, 76.3373)."
1788,1788/2025,FIR/1788/2025,2025-07-21,9,5,1,1,1,1,2,5,2025-07-21 02:00:00,2025-07-21 02:30:00,2025-07-21 03:15:00,15.714407,77.074186,"Incident of Assault reported in Bellary district at coordinates (15.7144, 77.0742)."
1789,1789/2025,FIR/1789/2025,2025-07-31,10,5,1,1,1,2,3,5,2025-07-31 12:00:00,2025-07-31 12:30:00,2025-07-31 13:15:00,15.180205,76.330705,"Incident of Assault reported in Bellary district at coordinates (15.1802, 76.3307)."
1790,1790/2025,FIR/1790/2025,2025-10-08,9,5,1,1,1,1,3,5,2025-10-08 02:00:00,2025-10-08 02:30:00,2025-10-08 03:15:00,14.988523,76.61535,"Incident of Assault reported in Bellary district at coordinates (14.9885, 76.6154)."
1791,1791/2025,FIR/1791/2025,2025-12-05,10,5,1,1,1,2,3,5,2025-12-05 13:00:00,2025-12-05 13:30:00,2025-12-05 14:15:00,15.178783,76.292718,"Incident of Assault reported in Bellary district at coordinates (15.1788, 76.2927)."
1792,1792/2025,FIR/1792/2025,2025-04-18,9,5,1,1,1,1,3,5,2025-04-18 11:00:00,2025-04-18 11:30:00,2025-04-18 12:15:00,15.077018,76.501125,"Incident of Assault reported in Bellary district at coordinates (15.0770, 76.5011)."
1793,1793/2025,FIR/1793/2025,2025-12-17,10,5,1,1,1,2,1,5,2025-12-17 18:00:00,2025-12-17 18:30:00,2025-12-17 19:15:00,14.868707,76.290929,"Incident of Assault reported in Bellary district at coordinates (14.8687, 76.2909)."
1794,1794/2025,FIR/1794/2025,2025-09-23,9,5,1,1,1,1,2,5,2025-09-23 07:00:00,2025-09-23 07:30:00,2025-09-23 08:15:00,15.17178,76.333691,"Incident of Assault reported in Bellary district at coordinates (15.1718, 76.3337)."
1795,1795/2025,FIR/1795/2025,2025-01-11,10,5,1,1,1,2,2,5,2025-01-11 07:00:00,2025-01-11 07:30:00,2025-01-11 08:15:00,15.170217,76.327974,"Incident of Assault reported in Bellary district at coordinates (15.1702, 76.3280)."
1796,1796/2025,FIR/1796/2025,2025-07-14,11,6,1,2,5,9,3,6,2025-07-14 16:00:00,2025-07-14 16:30:00,2025-07-14 17:15:00,17.69579,77.329478,"Incident of Theft reported in Bidar district at coordinates (17.6958, 77.3295)."
1797,1797/2025,FIR/1797/2025,2025-03-13,12,6,1,2,5,10,1,6,2025-03-13 18:00:00,2025-03-13 18:30:00,2025-03-13 19:15:00,18.274035,77.178217,"Incident of Theft reported in Bidar district at coordinates (18.2740, 77.1782)."
1798,1798/2025,FIR/1798/2025,2025-02-19,11,6,1,2,5,9,3,6,2025-02-19 16:00:00,2025-02-19 16:30:00,2025-02-19 17:15:00,18.086398,77.564452,"Incident of Theft reported in Bidar district at coordinates (18.0864, 77.5645)."
1799,1799/2025,FIR/1799/2025,2025-04-22,12,6,1,2,5,10,3,6,2025-04-22 11:00:00,2025-04-22 11:30:00,2025-04-22 12:15:00,17.693463,77.340776,"Incident of Theft reported in Bidar district at coordinates (17.6935, 77.3408)."
1800,1800/2025,FIR/1800/2025,2025-07-18,11,6,1,2,5,9,3,6,2025-07-18 00:00:00,2025-07-18 00:30:00,2025-07-18 01:15:00,17.90281,77.202151,"Incident of Theft reported in Bidar district at coordinates (17.9028, 77.2022)."
1801,1801/2025,FIR/1801/2025,2025-10-29,12,6,1,2,5,10,2,6,2025-10-29 05:00:00,2025-10-29 05:30:00,2025-10-29 06:15:00,17.89212,77.202142,"Incident of Theft reported in Bidar district at coordinates (17.8921, 77.2021)."
1802,1802/2025,FIR/1802/2025,2025-01-22,11,6,1,2,5,9,3,6,2025-01-22 09:00:00,2025-01-22 09:30:00,2025-01-22 10:15:00,17.901727,77.002313,"Incident of Theft reported in Bidar district at coordinates (17.9017, 77.0023)."
1803,1803/2025,FIR/1803/2025,2025-06-08,12,6,1,2,5,10,2,6,2025-06-08 01:00:00,2025-06-08 01:30:00,2025-06-08 02:15:00,17.900156,77.195827,"Incident of Theft reported in Bidar district at coordinates (17.9002, 77.1958)."
1804,1804/2025,FIR/1804/2025,2025-10-09,11,6,1,2,5,9,3,6,2025-10-09 22:00:00,2025-10-09 22:30:00,2025-10-09 23:15:00,18.236888,77.175593,"Incident of Theft reported in Bidar district at coordinates (18.2369, 77.1756)."
1805,1805/2025,FIR/1805/2025,2025-12-29,12,6,1,2,5,10,3,6,2025-12-29 14:00:00,2025-12-29 14:30:00,2025-12-29 15:15:00,17.696786,77.344398,"Incident of Theft reported in Bidar district at coordinates (17.6968, 77.3444)."
1806,1806/2025,FIR/1806/2025,2025-09-03,11,6,1,2,5,9,2,6,2025-09-03 21:00:00,2025-09-03 21:30:00,2025-09-03 22:15:00,17.888081,77.199458,"Incident of Theft reported in Bidar district at coordinates (17.8881, 77.1995)."
1807,1807/2025,FIR/1807/2025,2025-12-23,12,6,1,2,5,10,1,6,2025-12-23 02:00:00,2025-12-23 02:30:00,2025-12-23 03:15:00,17.89672,77.00409,"Incident of Theft reported in Bidar district at coordinates (17.8967, 77.0041)."
1808,1808/2025,FIR/1808/2025,2025-01-07,11,6,1,2,5,9,3,6,2025-01-07 15:00:00,2025-01-07 15:30:00,2025-01-07 16:15:00,18.233636,77.167691,"Incident of Theft reported in Bidar district at coordinates (18.2336, 77.1677)."
1809,1809/2025,FIR/1809/2025,2025-12-14,12,6,1,2,5,10,1,6,2025-12-14 18:00:00,2025-12-14 18:30:00,2025-12-14 19:15:00,17.986465,77.288311,"Incident of Theft reported in Bidar district at coordinates (17.9865, 77.2883)."
1810,1810/2025,FIR/1810/2025,2025-07-11,11,6,1,2,5,9,1,6,2025-07-11 05:00:00,2025-07-11 05:30:00,2025-07-11 06:15:00,17.99985,77.291703,"Incident of Theft reported in Bidar district at coordinates (17.9998, 77.2917)."
1811,1811/2025,FIR/1811/2025,2025-11-16,12,6,1,2,5,10,2,6,2025-11-16 14:00:00,2025-11-16 14:30:00,2025-11-16 15:15:00,17.903208,77.200206,"Incident of Theft reported in Bidar district at coordinates (17.9032, 77.2002)."
1812,1812/2025,FIR/1812/2025,2025-08-13,11,6,1,2,5,9,1,6,2025-08-13 09:00:00,2025-08-13 09:30:00,2025-08-13 10:15:00,17.987088,77.282151,"Incident of Theft reported in Bidar district at coordinates (17.9871, 77.2822)."
1813,1813/2025,FIR/1813/2025,2025-08-13,12,6,1,2,5,10,2,6,2025-08-13 02:00:00,2025-08-13 02:30:00,2025-08-13 03:15:00,18.268785,77.182073,"Incident of Theft reported in Bidar district at coordinates (18.2688, 77.1821)."
1814,1814/2025,FIR/1814/2025,2025-09-23,11,6,1,2,5,9,2,6,2025-09-23 18:00:00,2025-09-23 18:30:00,2025-09-23 19:15:00,17.698826,76.956133,"Incident of Theft reported in Bidar district at coordinates (17.6988, 76.9561)."
1815,1815/2025,FIR/1815/2025,2025-11-30,12,6,1,2,5,10,2,6,2025-11-30 02:00:00,2025-11-30 02:30:00,2025-11-30 03:15:00,17.694991,76.956068,"Incident of Theft reported in Bidar district at coordinates (17.6950, 76.9561)."
1816,1816/2025,FIR/1816/2025,2025-12-27,11,6,1,2,5,9,1,6,2025-12-27 04:00:00,2025-12-27 04:30:00,2025-12-27 05:15:00,17.677098,77.330002,"Incident of Theft reported in Bidar district at coordinates (17.6771, 77.3300)."
1817,1817/2025,FIR/1817/2025,2025-03-28,12,6,1,2,5,10,3,6,2025-03-28 05:00:00,2025-03-28 05:30:00,2025-03-28 06:15:00,17.690716,77.35492,"Incident of Theft reported in Bidar district at coordinates (17.6907, 77.3549)."
1818,1818/2025,FIR/1818/2025,2025-02-07,11,6,1,2,5,9,2,6,2025-02-07 21:00:00,2025-02-07 21:30:00,2025-02-07 22:15:00,17.982841,77.291163,"Incident of Theft reported in Bidar district at coordinates (17.9828, 77.2912)."
1819,1819/2025,FIR/1819/2025,2025-07-18,12,6,1,2,5,10,1,6,2025-07-18 22:00:00,2025-07-18 22:30:00,2025-07-18 23:15:00,17.698886,77.334486,"Incident of Theft reported in Bidar district at coordinates (17.6989, 77.3345)."
1820,1820/2025,FIR/1820/2025,2025-04-05,11,6,1,2,5,9,1,6,2025-04-05 12:00:00,2025-04-05 12:30:00,2025-04-05 13:15:00,17.897376,77.193594,"Incident of Theft reported in Bidar district at coordinates (17.8974, 77.1936)."
1821,1821/2025,FIR/1821/2025,2025-05-15,12,6,1,2,5,10,1,6,2025-05-15 18:00:00,2025-05-15 18:30:00,2025-05-15 19:15:00,17.690357,77.3343,"Incident of Theft reported in Bidar district at coordinates (17.6904, 77.3343)."
1822,1822/2025,FIR/1822/2025,2025-05-11,11,6,1,2,5,9,2,6,2025-05-11 22:00:00,2025-05-11 22:30:00,2025-05-11 23:15:00,17.985387,77.271043,"Incident of Theft reported in Bidar district at coordinates (17.9854, 77.2710)."
1823,1823/2025,FIR/1823/2025,2025-10-16,12,6,1,2,5,10,3,6,2025-10-16 13:00:00,2025-10-16 13:30:00,2025-10-16 14:15:00,17.963072,77.574805,"Incident of Theft reported in Bidar district at coordinates (17.9631, 77.5748)."
1824,1824/2025,FIR/1824/2025,2025-02-15,11,6,1,2,5,9,1,6,2025-02-15 04:00:00,2025-02-15 04:30:00,2025-02-15 05:15:00,17.687052,77.340983,"Incident of Theft reported in Bidar district at coordinates (17.6871, 77.3410)."
1825,1825/2025,FIR/1825/2025,2025-03-14,12,6,1,2,5,10,3,6,2025-03-14 15:00:00,2025-03-14 15:30:00,2025-03-14 16:15:00,18.372646,77.346109,"Incident of Theft reported in Bidar district at coordinates (18.3726, 77.3461)."
1826,1826/2025,FIR/1826/2025,2025-06-29,11,6,1,2,5,9,1,6,2025-06-29 18:00:00,2025-06-29 18:30:00,2025-06-29 19:15:00,18.113322,76.954401,"Incident of Theft reported in Bidar district at coordinates (18.1133, 76.9544)."
1827,1827/2025,FIR/1827/2025,2025-01-24,12,6,1,2,5,10,3,6,2025-01-24 04:00:00,2025-01-24 04:30:00,2025-01-24 05:15:00,17.892333,77.000389,"Incident of Theft reported in Bidar district at coordinates (17.8923, 77.0004)."
1828,1828/2025,FIR/1828/2025,2025-01-05,11,6,1,2,5,9,3,6,2025-01-05 22:00:00,2025-01-05 22:30:00,2025-01-05 23:15:00,18.271377,77.192546,"Incident of Theft reported in Bidar district at coordinates (18.2714, 77.1925)."
1829,1829/2025,FIR/1829/2025,2025-03-05,12,6,1,2,5,10,3,6,2025-03-05 07:00:00,2025-03-05 07:30:00,2025-03-05 08:15:00,17.907546,76.993809,"Incident of Theft reported in Bidar district at coordinates (17.9075, 76.9938)."
1830,1830/2025,FIR/1830/2025,2025-11-18,11,6,1,2,5,9,2,6,2025-11-18 20:00:00,2025-11-18 20:30:00,2025-11-18 21:15:00,17.697171,77.340936,"Incident of Theft reported in Bidar district at coordinates (17.6972, 77.3409)."
1831,1831/2025,FIR/1831/2025,2025-01-20,12,6,1,2,5,10,1,6,2025-01-20 22:00:00,2025-01-20 22:30:00,2025-01-20 23:15:00,17.693304,76.955676,"Incident of Theft reported in Bidar district at coordinates (17.6933, 76.9557)."
1832,1832/2025,FIR/1832/2025,2025-11-27,11,6,1,2,5,9,3,6,2025-11-27 05:00:00,2025-11-27 05:30:00,2025-11-27 06:15:00,17.896374,77.188064,"Incident of Theft reported in Bidar district at coordinates (17.8964, 77.1881)."
1833,1833/2025,FIR/1833/2025,2025-06-08,12,6,1,2,5,10,2,6,2025-06-08 21:00:00,2025-06-08 21:30:00,2025-06-08 22:15:00,17.703395,77.332578,"Incident of Theft reported in Bidar district at coordinates (17.7034, 77.3326)."
1834,1834/2025,FIR/1834/2025,2025-03-01,11,6,1,2,5,9,2,6,2025-03-01 15:00:00,2025-03-01 15:30:00,2025-03-01 16:15:00,17.686857,77.334263,"Incident of Theft reported in Bidar district at coordinates (17.6869, 77.3343)."
1835,1835/2025,FIR/1835/2025,2025-04-01,12,6,1,2,5,10,1,6,2025-04-01 06:00:00,2025-04-01 06:30:00,2025-04-01 07:15:00,17.85937,77.419159,"Incident of Theft reported in Bidar district at coordinates (17.8594, 77.4192)."
1836,1836/2025,FIR/1836/2025,2025-08-28,11,6,1,2,5,9,1,6,2025-08-28 03:00:00,2025-08-28 03:30:00,2025-08-28 04:15:00,17.696891,76.947594,"Incident of Theft reported in Bidar district at coordinates (17.6969, 76.9476)."
1837,1837/2025,FIR/1837/2025,2025-08-30,12,6,1,2,5,10,3,6,2025-08-30 21:00:00,2025-08-30 21:30:00,2025-08-30 22:15:00,17.689692,76.962204,"Incident of Theft reported in Bidar district at coordinates (17.6897, 76.9622)."
1838,1838/2025,FIR/1838/2025,2025-05-18,11,6,1,2,5,9,2,6,2025-05-18 07:00:00,2025-05-18 07:30:00,2025-05-18 08:15:00,17.90614,76.97989,"Incident of Theft reported in Bidar district at coordinates (17.9061, 76.9799)."
1839,1839/2025,FIR/1839/2025,2025-09-12,12,6,1,2,5,10,2,6,2025-09-12 23:00:00,2025-09-12 23:30:00,2025-09-12 23:15:00,18.269279,77.185242,"Incident of Theft reported in Bidar district at coordinates (18.2693, 77.1852)."
1840,1840/2025,FIR/1840/2025,2025-05-07,11,6,1,2,5,9,1,6,2025-05-07 07:00:00,2025-05-07 07:30:00,2025-05-07 08:15:00,17.895296,77.004106,"Incident of Theft reported in Bidar district at coordinates (17.8953, 77.0041)."
1841,1841/2025,FIR/1841/2025,2025-06-25,12,6,1,2,5,10,3,6,2025-06-25 05:00:00,2025-06-25 05:30:00,2025-06-25 06:15:00,17.896141,77.174143,"Incident of Theft reported in Bidar district at coordinates (17.8961, 77.1741)."
1842,1842/2025,FIR/1842/2025,2025-10-29,11,6,1,2,5,9,2,6,2025-10-29 06:00:00,2025-10-29 06:30:00,2025-10-29 07:15:00,17.899565,77.19575,"Incident of Theft reported in Bidar district at coordinates (17.8996, 77.1958)."
1843,1843/2025,FIR/1843/2025,2025-04-18,12,6,1,2,5,10,1,6,2025-04-18 14:00:00,2025-04-18 14:30:00,2025-04-18 15:15:00,18.269521,77.179495,"Incident of Theft reported in Bidar district at coordinates (18.2695, 77.1795)."
1844,1844/2025,FIR/1844/2025,2025-02-11,11,6,1,2,5,9,1,6,2025-02-11 05:00:00,2025-02-11 05:30:00,2025-02-11 06:15:00,17.990444,77.282596,"Incident of Theft reported in Bidar district at coordinates (17.9904, 77.2826)."
1845,1845/2025,FIR/1845/2025,2025-11-22,12,6,1,2,5,10,1,6,2025-11-22 00:00:00,2025-11-22 00:30:00,2025-11-22 01:15:00,17.686959,76.950311,"Incident of Theft reported in Bidar district at coordinates (17.6870, 76.9503)."
1846,1846/2025,FIR/1846/2025,2025-06-01,11,6,1,2,5,9,1,6,2025-06-01 22:00:00,2025-06-01 22:30:00,2025-06-01 23:15:00,17.981917,77.373796,"Incident of Theft reported in Bidar district at coordinates (17.9819, 77.3738)."
1847,1847/2025,FIR/1847/2025,2025-09-19,12,6,1,2,5,10,1,6,2025-09-19 02:00:00,2025-09-19 02:30:00,2025-09-19 03:15:00,17.700758,77.339662,"Incident of Theft reported in Bidar district at coordinates (17.7008, 77.3397)."
1848,1848/2025,FIR/1848/2025,2025-06-24,11,6,1,2,5,9,1,6,2025-06-24 18:00:00,2025-06-24 18:30:00,2025-06-24 19:15:00,17.68957,77.340092,"Incident of Theft reported in Bidar district at coordinates (17.6896, 77.3401)."
1849,1849/2025,FIR/1849/2025,2025-05-27,12,6,1,2,5,10,2,6,2025-05-27 18:00:00,2025-05-27 18:30:00,2025-05-27 19:15:00,17.882992,77.192843,"Incident of Theft reported in Bidar district at coordinates (17.8830, 77.1928)."
1850,1850/2025,FIR/1850/2025,2025-11-20,11,6,1,2,5,9,3,6,2025-11-20 03:00:00,2025-11-20 03:30:00,2025-11-20 04:15:00,17.901103,77.004011,"Incident of Theft reported in Bidar district at coordinates (17.9011, 77.0040)."
1851,1851/2025,FIR/1851/2025,2025-10-26,12,6,1,1,4,8,1,6,2025-10-26 05:00:00,2025-10-26 05:30:00,2025-10-26 06:15:00,17.889091,76.975312,"Incident of Robbery reported in Bidar district at coordinates (17.8891, 76.9753)."
1852,1852/2025,FIR/1852/2025,2025-12-26,11,6,1,1,4,7,2,6,2025-12-26 01:00:00,2025-12-26 01:30:00,2025-12-26 02:15:00,17.708977,77.346064,"Incident of Robbery reported in Bidar district at coordinates (17.7090, 77.3461)."
1853,1853/2025,FIR/1853/2025,2025-04-15,12,6,1,1,4,8,1,6,2025-04-15 13:00:00,2025-04-15 13:30:00,2025-04-15 14:15:00,17.70426,76.950247,"Incident of Robbery reported in Bidar district at coordinates (17.7043, 76.9502)."
1854,1854/2025,FIR/1854/2025,2025-01-28,11,6,1,1,4,7,3,6,2025-01-28 11:00:00,2025-01-28 11:30:00,2025-01-28 12:15:00,17.896045,77.003124,"Incident of Robbery reported in Bidar district at coordinates (17.8960, 77.0031)."
1855,1855/2025,FIR/1855/2025,2025-09-22,12,6,1,1,4,8,3,6,2025-09-22 17:00:00,2025-09-22 17:30:00,2025-09-22 18:15:00,17.69963,76.960029,"Incident of Robbery reported in Bidar district at coordinates (17.6996, 76.9600)."
1856,1856/2025,FIR/1856/2025,2025-07-08,11,6,1,1,4,7,1,6,2025-07-08 06:00:00,2025-07-08 06:30:00,2025-07-08 07:15:00,18.272391,77.177922,"Incident of Robbery reported in Bidar district at coordinates (18.2724, 77.1779)."
1857,1857/2025,FIR/1857/2025,2025-07-23,12,6,1,1,4,8,3,6,2025-07-23 08:00:00,2025-07-23 08:30:00,2025-07-23 09:15:00,17.974468,77.285084,"Incident of Robbery reported in Bidar district at coordinates (17.9745, 77.2851)."
1858,1858/2025,FIR/1858/2025,2025-08-11,11,6,1,1,4,7,3,6,2025-08-11 08:00:00,2025-08-11 08:30:00,2025-08-11 09:15:00,18.000439,77.366158,"Incident of Robbery reported in Bidar district at coordinates (18.0004, 77.3662)."
1859,1859/2025,FIR/1859/2025,2025-06-17,12,6,1,1,4,8,3,6,2025-06-17 23:00:00,2025-06-17 23:30:00,2025-06-17 23:15:00,17.894536,77.001146,"Incident of Robbery reported in Bidar district at coordinates (17.8945, 77.0011)."
1860,1860/2025,FIR/1860/2025,2025-11-11,11,6,1,2,3,5,2,6,2025-11-11 18:00:00,2025-11-11 18:30:00,2025-11-11 19:15:00,17.895921,76.998185,"Incident of Chain Snatching reported in Bidar district at coordinates (17.8959, 76.9982)."
1861,1861/2025,FIR/1861/2025,2025-12-20,12,6,1,2,3,6,2,6,2025-12-20 07:00:00,2025-12-20 07:30:00,2025-12-20 08:15:00,17.887524,76.988963,"Incident of Chain Snatching reported in Bidar district at coordinates (17.8875, 76.9890)."
1862,1862/2025,FIR/1862/2025,2025-10-05,11,6,1,2,3,5,3,6,2025-10-05 07:00:00,2025-10-05 07:30:00,2025-10-05 08:15:00,18.147984,76.927629,"Incident of Chain Snatching reported in Bidar district at coordinates (18.1480, 76.9276)."
1863,1863/2025,FIR/1863/2025,2025-12-08,12,6,1,2,3,6,2,6,2025-12-08 19:00:00,2025-12-08 19:30:00,2025-12-08 20:15:00,18.000865,77.283128,"Incident of Chain Snatching reported in Bidar district at coordinates (18.0009, 77.2831)."
1864,1864/2025,FIR/1864/2025,2025-03-23,11,6,1,2,2,3,3,6,2025-03-23 22:00:00,2025-03-23 22:30:00,2025-03-23 23:15:00,17.695514,76.945034,"Incident of Burglary reported in Bidar district at coordinates (17.6955, 76.9450)."
1865,1865/2025,FIR/1865/2025,2025-07-20,12,6,1,2,2,4,3,6,2025-07-20 15:00:00,2025-07-20 15:30:00,2025-07-20 16:15:00,18.262182,77.522037,"Incident of Burglary reported in Bidar district at coordinates (18.2622, 77.5220)."
1866,1866/2025,FIR/1866/2025,2025-01-07,11,6,1,2,2,3,3,6,2025-01-07 07:00:00,2025-01-07 07:30:00,2025-01-07 08:15:00,17.687971,77.352618,"Incident of Burglary reported in Bidar district at coordinates (17.6880, 77.3526)."
1867,1867/2025,FIR/1867/2025,2025-04-19,12,6,1,2,2,4,3,6,2025-04-19 16:00:00,2025-04-19 16:30:00,2025-04-19 17:15:00,18.272997,77.189282,"Incident of Burglary reported in Bidar district at coordinates (18.2730, 77.1893)."
1868,1868/2025,FIR/1868/2025,2025-01-25,11,6,1,2,2,3,1,6,2025-01-25 03:00:00,2025-01-25 03:30:00,2025-01-25 04:15:00,17.993508,77.303484,"Incident of Burglary reported in Bidar district at coordinates (17.9935, 77.3035)."
1869,1869/2025,FIR/1869/2025,2025-06-28,12,6,1,2,2,4,2,6,2025-06-28 12:00:00,2025-06-28 12:30:00,2025-06-28 13:15:00,18.270125,77.175568,"Incident of Burglary reported in Bidar district at coordinates (18.2701, 77.1756)."
1870,1870/2025,FIR/1870/2025,2025-09-15,11,6,1,2,2,3,3,6,2025-09-15 21:00:00,2025-09-15 21:30:00,2025-09-15 22:15:00,17.880748,76.988017,"Incident of Burglary reported in Bidar district at coordinates (17.8807, 76.9880)."
1871,1871/2025,FIR/1871/2025,2025-04-15,12,6,1,2,2,4,1,6,2025-04-15 10:00:00,2025-04-15 10:30:00,2025-04-15 11:15:00,18.264869,77.185714,"Incident of Burglary reported in Bidar district at coordinates (18.2649, 77.1857)."
1872,1872/2025,FIR/1872/2025,2025-05-07,11,6,1,2,2,3,3,6,2025-05-07 03:00:00,2025-05-07 03:30:00,2025-05-07 04:15:00,17.904113,77.201116,"Incident of Burglary reported in Bidar district at coordinates (17.9041, 77.2011)."
1873,1873/2025,FIR/1873/2025,2025-10-28,12,6,1,2,2,4,2,6,2025-10-28 22:00:00,2025-10-28 22:30:00,2025-10-28 23:15:00,17.886875,76.993873,"Incident of Burglary reported in Bidar district at coordinates (17.8869, 76.9939)."
1874,1874/2025,FIR/1874/2025,2025-07-12,11,6,1,2,2,3,2,6,2025-07-12 14:00:00,2025-07-12 14:30:00,2025-07-12 15:15:00,17.976587,77.287477,"Incident of Burglary reported in Bidar district at coordinates (17.9766, 77.2875)."
1875,1875/2025,FIR/1875/2025,2025-07-15,12,6,1,2,2,4,1,6,2025-07-15 21:00:00,2025-07-15 21:30:00,2025-07-15 22:15:00,17.701687,77.350354,"Incident of Burglary reported in Bidar district at coordinates (17.7017, 77.3504)."
1876,1876/2025,FIR/1876/2025,2025-04-24,11,6,1,2,2,3,3,6,2025-04-24 10:00:00,2025-04-24 10:30:00,2025-04-24 11:15:00,17.900654,77.004799,"Incident of Burglary reported in Bidar district at coordinates (17.9007, 77.0048)."
1877,1877/2025,FIR/1877/2025,2025-02-21,12,6,1,2,2,4,2,6,2025-02-21 13:00:00,2025-02-21 13:30:00,2025-02-21 14:15:00,17.900497,77.004617,"Incident of Burglary reported in Bidar district at coordinates (17.9005, 77.0046)."
1878,1878/2025,FIR/1878/2025,2025-11-29,11,6,1,2,2,3,2,6,2025-11-29 22:00:00,2025-11-29 22:30:00,2025-11-29 23:15:00,17.977051,77.286605,"Incident of Burglary reported in Bidar district at coordinates (17.9771, 77.2866)."
1879,1879/2025,FIR/1879/2025,2025-05-09,12,6,1,2,2,4,1,6,2025-05-09 17:00:00,2025-05-09 17:30:00,2025-05-09 18:15:00,17.703227,76.951599,"Incident of Burglary reported in Bidar district at coordinates (17.7032, 76.9516)."
1880,1880/2025,FIR/1880/2025,2025-11-03,11,6,1,2,2,3,2,6,2025-11-03 14:00:00,2025-11-03 14:30:00,2025-11-03 15:15:00,18.265019,77.194055,"Incident of Burglary reported in Bidar district at coordinates (18.2650, 77.1941)."
1881,1881/2025,FIR/1881/2025,2025-12-03,12,6,1,2,2,4,3,6,2025-12-03 16:00:00,2025-12-03 16:30:00,2025-12-03 17:15:00,18.123144,77.339679,"Incident of Burglary reported in Bidar district at coordinates (18.1231, 77.3397)."
1882,1882/2025,FIR/1882/2025,2025-04-02,11,6,1,1,1,1,2,6,2025-04-02 23:00:00,2025-04-02 23:30:00,2025-04-02 23:15:00,17.888394,77.205653,"Incident of Assault reported in Bidar district at coordinates (17.8884, 77.2057)."
1883,1883/2025,FIR/1883/2025,2025-04-23,12,6,1,1,1,2,1,6,2025-04-23 16:00:00,2025-04-23 16:30:00,2025-04-23 17:15:00,17.689321,77.328646,"Incident of Assault reported in Bidar district at coordinates (17.6893, 77.3286)."
1884,1884/2025,FIR/1884/2025,2025-08-31,11,6,1,1,1,1,3,6,2025-08-31 13:00:00,2025-08-31 13:30:00,2025-08-31 14:15:00,17.90544,76.9958,"Incident of Assault reported in Bidar district at coordinates (17.9054, 76.9958)."
1885,1885/2025,FIR/1885/2025,2025-12-17,12,6,1,1,1,2,1,6,2025-12-17 21:00:00,2025-12-17 21:30:00,2025-12-17 22:15:00,17.668027,76.869168,"Incident of Assault reported in Bidar district at coordinates (17.6680, 76.8692)."
1886,1886/2025,FIR/1886/2025,2025-07-04,11,6,1,1,1,1,3,6,2025-07-04 00:00:00,2025-07-04 00:30:00,2025-07-04 01:15:00,17.715199,77.330471,"Incident of Assault reported in Bidar district at coordinates (17.7152, 77.3305)."
1887,1887/2025,FIR/1887/2025,2025-05-31,12,6,1,1,1,2,2,6,2025-05-31 09:00:00,2025-05-31 09:30:00,2025-05-31 10:15:00,18.234727,77.33779,"Incident of Assault reported in Bidar district at coordinates (18.2347, 77.3378)."
1888,1888/2025,FIR/1888/2025,2025-01-30,11,6,1,1,1,1,1,6,2025-01-30 22:00:00,2025-01-30 22:30:00,2025-01-30 23:15:00,17.699931,76.969068,"Incident of Assault reported in Bidar district at coordinates (17.6999, 76.9691)."
1889,1889/2025,FIR/1889/2025,2025-05-10,12,6,1,1,1,2,2,6,2025-05-10 02:00:00,2025-05-10 02:30:00,2025-05-10 03:15:00,17.690924,77.332394,"Incident of Assault reported in Bidar district at coordinates (17.6909, 77.3324)."
1890,1890/2025,FIR/1890/2025,2025-07-21,11,6,1,1,1,1,3,6,2025-07-21 06:00:00,2025-07-21 06:30:00,2025-07-21 07:15:00,17.687176,76.961619,"Incident of Assault reported in Bidar district at coordinates (17.6872, 76.9616)."
1891,1891/2025,FIR/1891/2025,2025-04-11,12,6,1,1,1,2,3,6,2025-04-11 08:00:00,2025-04-11 08:30:00,2025-04-11 09:15:00,17.744068,77.065723,"Incident of Assault reported in Bidar district at coordinates (17.7441, 77.0657)."
1892,1892/2025,FIR/1892/2025,2025-04-24,11,6,1,1,1,1,2,6,2025-04-24 17:00:00,2025-04-24 17:30:00,2025-04-24 18:15:00,17.894173,77.20197,"Incident of Assault reported in Bidar district at coordinates (17.8942, 77.2020)."
1893,1893/2025,FIR/1893/2025,2025-09-11,12,6,1,1,1,2,3,6,2025-09-11 20:00:00,2025-09-11 20:30:00,2025-09-11 21:15:00,18.13804,77.39286,"Incident of Assault reported in Bidar district at coordinates (18.1380, 77.3929)."
1894,1894/2025,FIR/1894/2025,2025-07-04,11,6,1,1,1,1,2,6,2025-07-04 08:00:00,2025-07-04 08:30:00,2025-07-04 09:15:00,17.89885,77.001226,"Incident of Assault reported in Bidar district at coordinates (17.8988, 77.0012)."
1895,1895/2025,FIR/1895/2025,2025-08-04,12,6,1,1,1,2,2,6,2025-08-04 05:00:00,2025-08-04 05:30:00,2025-08-04 06:15:00,17.792996,77.059168,"Incident of Assault reported in Bidar district at coordinates (17.7930, 77.0592)."
1896,1896/2025,FIR/1896/2025,2025-06-28,11,6,1,1,1,1,1,6,2025-06-28 15:00:00,2025-06-28 15:30:00,2025-06-28 16:15:00,17.68285,77.336438,"Incident of Assault reported in Bidar district at coordinates (17.6828, 77.3364)."
1897,1897/2025,FIR/1897/2025,2025-01-15,12,6,1,1,1,2,1,6,2025-01-15 22:00:00,2025-01-15 22:30:00,2025-01-15 23:15:00,18.278405,77.176531,"Incident of Assault reported in Bidar district at coordinates (18.2784, 77.1765)."
1898,1898/2025,FIR/1898/2025,2025-11-17,11,6,1,1,1,1,1,6,2025-11-17 06:00:00,2025-11-17 06:30:00,2025-11-17 07:15:00,17.892224,77.195332,"Incident of Assault reported in Bidar district at coordinates (17.8922, 77.1953)."
1899,1899/2025,FIR/1899/2025,2025-08-09,12,6,1,1,1,2,3,6,2025-08-09 08:00:00,2025-08-09 08:30:00,2025-08-09 09:15:00,17.696923,77.340684,"Incident of Assault reported in Bidar district at coordinates (17.6969, 77.3407)."
1900,1900/2025,FIR/1900/2025,2025-03-16,11,6,1,1,1,1,2,6,2025-03-16 03:00:00,2025-03-16 03:30:00,2025-03-16 04:15:00,17.990402,77.283663,"Incident of Assault reported in Bidar district at coordinates (17.9904, 77.2837)."
1901,1901/2025,FIR/1901/2025,2025-01-16,12,6,1,1,1,2,2,6,2025-01-16 11:00:00,2025-01-16 11:30:00,2025-01-16 12:15:00,17.901431,76.990274,"Incident of Assault reported in Bidar district at coordinates (17.9014, 76.9903)."
1902,1902/2025,FIR/1902/2025,2025-06-26,11,6,1,1,1,1,1,6,2025-06-26 09:00:00,2025-06-26 09:30:00,2025-06-26 10:15:00,17.694491,77.348237,"Incident of Assault reported in Bidar district at coordinates (17.6945, 77.3482)."
1903,1903/2025,FIR/1903/2025,2025-06-06,12,6,1,1,1,2,3,6,2025-06-06 21:00:00,2025-06-06 21:30:00,2025-06-06 22:15:00,17.895941,77.192531,"Incident of Assault reported in Bidar district at coordinates (17.8959, 77.1925)."
1904,1904/2025,FIR/1904/2025,2025-08-01,11,6,1,1,1,1,2,6,2025-08-01 11:00:00,2025-08-01 11:30:00,2025-08-01 12:15:00,17.70318,76.958786,"Incident of Assault reported in Bidar district at coordinates (17.7032, 76.9588)."
1905,1905/2025,FIR/1905/2025,2025-01-03,12,6,1,1,1,2,2,6,2025-01-03 20:00:00,2025-01-03 20:30:00,2025-01-03 21:15:00,17.897567,77.208928,"Incident of Assault reported in Bidar district at coordinates (17.8976, 77.2089)."
1906,1906/2025,FIR/1906/2025,2025-06-29,11,6,1,1,1,1,3,6,2025-06-29 23:00:00,2025-06-29 23:30:00,2025-06-29 23:15:00,18.276384,77.184375,"Incident of Assault reported in Bidar district at coordinates (18.2764, 77.1844)."
1907,1907/2025,FIR/1907/2025,2025-06-16,12,6,1,1,1,2,2,6,2025-06-16 09:00:00,2025-06-16 09:30:00,2025-06-16 10:15:00,17.995824,77.290611,"Incident of Assault reported in Bidar district at coordinates (17.9958, 77.2906)."
1908,1908/2025,FIR/1908/2025,2025-05-19,11,6,1,1,1,1,3,6,2025-05-19 15:00:00,2025-05-19 15:30:00,2025-05-19 16:15:00,17.690372,76.976357,"Incident of Assault reported in Bidar district at coordinates (17.6904, 76.9764)."
1909,1909/2025,FIR/1909/2025,2025-04-05,12,6,1,1,1,2,3,6,2025-04-05 20:00:00,2025-04-05 20:30:00,2025-04-05 21:15:00,17.678141,76.966355,"Incident of Assault reported in Bidar district at coordinates (17.6781, 76.9664)."
1910,1910/2025,FIR/1910/2025,2025-02-13,13,7,1,2,5,9,1,7,2025-02-13 12:00:00,2025-02-13 12:30:00,2025-02-13 13:15:00,16.76857,75.690253,"Incident of Theft reported in Bijapur district at coordinates (16.7686, 75.6903)."
1911,1911/2025,FIR/1911/2025,2025-08-01,14,7,1,2,5,10,1,7,2025-08-01 23:00:00,2025-08-01 23:30:00,2025-08-01 23:15:00,17.16142,75.847651,"Incident of Theft reported in Bijapur district at coordinates (17.1614, 75.8477)."
1912,1912/2025,FIR/1912/2025,2025-03-18,13,7,1,2,5,9,1,7,2025-03-18 15:00:00,2025-03-18 15:30:00,2025-03-18 16:15:00,16.90261,75.595687,"Incident of Theft reported in Bijapur district at coordinates (16.9026, 75.5957)."
1913,1913/2025,FIR/1913/2025,2025-08-18,14,7,1,2,5,10,2,7,2025-08-18 12:00:00,2025-08-18 12:30:00,2025-08-18 13:15:00,16.977308,76.184629,"Incident of Theft reported in Bijapur district at coordinates (16.9773, 76.1846)."
1914,1914/2025,FIR/1914/2025,2025-02-08,13,7,1,2,5,9,1,7,2025-02-08 03:00:00,2025-02-08 03:30:00,2025-02-08 04:15:00,17.164019,75.863257,"Incident of Theft reported in Bijapur district at coordinates (17.1640, 75.8633)."
1915,1915/2025,FIR/1915/2025,2025-05-23,14,7,1,2,5,10,2,7,2025-05-23 11:00:00,2025-05-23 11:30:00,2025-05-23 12:15:00,17.144168,76.042079,"Incident of Theft reported in Bijapur district at coordinates (17.1442, 76.0421)."
1916,1916/2025,FIR/1916/2025,2025-09-29,13,7,1,2,5,9,1,7,2025-09-29 09:00:00,2025-09-29 09:30:00,2025-09-29 10:15:00,17.134894,76.030128,"Incident of Theft reported in Bijapur district at coordinates (17.1349, 76.0301)."
1917,1917/2025,FIR/1917/2025,2025-05-23,14,7,1,2,5,10,2,7,2025-05-23 16:00:00,2025-05-23 16:30:00,2025-05-23 17:15:00,17.16491,75.862897,"Incident of Theft reported in Bijapur district at coordinates (17.1649, 75.8629)."
1918,1918/2025,FIR/1918/2025,2025-06-13,13,7,1,2,5,9,1,7,2025-06-13 02:00:00,2025-06-13 02:30:00,2025-06-13 03:15:00,16.899218,75.594278,"Incident of Theft reported in Bijapur district at coordinates (16.8992, 75.5943)."
1919,1919/2025,FIR/1919/2025,2025-10-20,14,7,1,2,5,10,2,7,2025-10-20 19:00:00,2025-10-20 19:30:00,2025-10-20 20:15:00,17.124111,76.021402,"Incident of Theft reported in Bijapur district at coordinates (17.1241, 76.0214)."
1920,1920/2025,FIR/1920/2025,2025-08-08,13,7,1,2,5,9,1,7,2025-08-08 09:00:00,2025-08-08 09:30:00,2025-08-08 10:15:00,17.127727,76.035726,"Incident of Theft reported in Bijapur district at coordinates (17.1277, 76.0357)."
1921,1921/2025,FIR/1921/2025,2025-10-01,14,7,1,2,5,10,2,7,2025-10-01 09:00:00,2025-10-01 09:30:00,2025-10-01 10:15:00,16.780141,75.690453,"Incident of Theft reported in Bijapur district at coordinates (16.7801, 75.6905)."
1922,1922/2025,FIR/1922/2025,2025-07-04,13,7,1,2,5,9,2,7,2025-07-04 05:00:00,2025-07-04 05:30:00,2025-07-04 06:15:00,17.16479,75.871922,"Incident of Theft reported in Bijapur district at coordinates (17.1648, 75.8719)."
1923,1923/2025,FIR/1923/2025,2025-10-03,14,7,1,2,5,10,1,7,2025-10-03 08:00:00,2025-10-03 08:30:00,2025-10-03 09:15:00,17.136254,76.041671,"Incident of Theft reported in Bijapur district at coordinates (17.1363, 76.0417)."
1924,1924/2025,FIR/1924/2025,2025-03-05,13,7,1,2,5,9,3,7,2025-03-05 20:00:00,2025-03-05 20:30:00,2025-03-05 21:15:00,16.722646,76.246755,"Incident of Theft reported in Bijapur district at coordinates (16.7226, 76.2468)."
1925,1925/2025,FIR/1925/2025,2025-05-18,14,7,1,2,5,10,3,7,2025-05-18 20:00:00,2025-05-18 20:30:00,2025-05-18 21:15:00,16.771346,75.685262,"Incident of Theft reported in Bijapur district at coordinates (16.7713, 75.6853)."
1926,1926/2025,FIR/1926/2025,2025-10-08,13,7,1,2,5,9,2,7,2025-10-08 19:00:00,2025-10-08 19:30:00,2025-10-08 20:15:00,16.553816,76.391183,"Incident of Theft reported in Bijapur district at coordinates (16.5538, 76.3912)."
1927,1927/2025,FIR/1927/2025,2025-07-15,14,7,1,2,5,10,3,7,2025-07-15 01:00:00,2025-07-15 01:30:00,2025-07-15 02:15:00,17.166832,75.865902,"Incident of Theft reported in Bijapur district at coordinates (17.1668, 75.8659)."
1928,1928/2025,FIR/1928/2025,2025-08-13,13,7,1,2,5,9,3,7,2025-08-13 03:00:00,2025-08-13 03:30:00,2025-08-13 04:15:00,17.157188,75.856475,"Incident of Theft reported in Bijapur district at coordinates (17.1572, 75.8565)."
1929,1929/2025,FIR/1929/2025,2025-03-11,14,7,1,2,5,10,1,7,2025-03-11 17:00:00,2025-03-11 17:30:00,2025-03-11 18:15:00,16.910174,75.594255,"Incident of Theft reported in Bijapur district at coordinates (16.9102, 75.5943)."
1930,1930/2025,FIR/1930/2025,2025-06-27,13,7,1,2,5,9,2,7,2025-06-27 02:00:00,2025-06-27 02:30:00,2025-06-27 03:15:00,16.774557,75.693206,"Incident of Theft reported in Bijapur district at coordinates (16.7746, 75.6932)."
1931,1931/2025,FIR/1931/2025,2025-08-19,14,7,1,2,5,10,3,7,2025-08-19 12:00:00,2025-08-19 12:30:00,2025-08-19 13:15:00,17.172333,75.847527,"Incident of Theft reported in Bijapur district at coordinates (17.1723, 75.8475)."
1932,1932/2025,FIR/1932/2025,2025-08-13,13,7,1,2,5,9,3,7,2025-08-13 14:00:00,2025-08-13 14:30:00,2025-08-13 15:15:00,17.155902,75.870434,"Incident of Theft reported in Bijapur district at coordinates (17.1559, 75.8704)."
1933,1933/2025,FIR/1933/2025,2025-03-02,14,7,1,2,5,10,2,7,2025-03-02 05:00:00,2025-03-02 05:30:00,2025-03-02 06:15:00,16.893578,75.58108,"Incident of Theft reported in Bijapur district at coordinates (16.8936, 75.5811)."
1934,1934/2025,FIR/1934/2025,2025-09-22,13,7,1,2,5,9,3,7,2025-09-22 07:00:00,2025-09-22 07:30:00,2025-09-22 08:15:00,16.759191,75.672858,"Incident of Theft reported in Bijapur district at coordinates (16.7592, 75.6729)."
1935,1935/2025,FIR/1935/2025,2025-06-21,14,7,1,2,5,10,2,7,2025-06-21 23:00:00,2025-06-21 23:30:00,2025-06-21 23:15:00,17.171055,75.854698,"Incident of Theft reported in Bijapur district at coordinates (17.1711, 75.8547)."
1936,1936/2025,FIR/1936/2025,2025-06-06,13,7,1,2,5,9,3,7,2025-06-06 10:00:00,2025-06-06 10:30:00,2025-06-06 11:15:00,16.779857,75.698628,"Incident of Theft reported in Bijapur district at coordinates (16.7799, 75.6986)."
1937,1937/2025,FIR/1937/2025,2025-06-05,14,7,1,2,5,10,2,7,2025-06-05 19:00:00,2025-06-05 19:30:00,2025-06-05 20:15:00,17.152794,76.031767,"Incident of Theft reported in Bijapur district at coordinates (17.1528, 76.0318)."
1938,1938/2025,FIR/1938/2025,2025-10-29,13,7,1,2,5,9,1,7,2025-10-29 12:00:00,2025-10-29 12:30:00,2025-10-29 13:15:00,16.913405,75.587771,"Incident of Theft reported in Bijapur district at coordinates (16.9134, 75.5878)."
1939,1939/2025,FIR/1939/2025,2025-07-12,14,7,1,2,5,10,2,7,2025-07-12 00:00:00,2025-07-12 00:30:00,2025-07-12 01:15:00,17.177262,75.860325,"Incident of Theft reported in Bijapur district at coordinates (17.1773, 75.8603)."
1940,1940/2025,FIR/1940/2025,2025-02-23,13,7,1,2,5,9,2,7,2025-02-23 09:00:00,2025-02-23 09:30:00,2025-02-23 10:15:00,16.771546,75.685539,"Incident of Theft reported in Bijapur district at coordinates (16.7715, 75.6855)."
1941,1941/2025,FIR/1941/2025,2025-08-27,14,7,1,2,5,10,3,7,2025-08-27 11:00:00,2025-08-27 11:30:00,2025-08-27 12:15:00,16.822012,76.247915,"Incident of Theft reported in Bijapur district at coordinates (16.8220, 76.2479)."
1942,1942/2025,FIR/1942/2025,2025-08-24,13,7,1,2,5,9,3,7,2025-08-24 12:00:00,2025-08-24 12:30:00,2025-08-24 13:15:00,17.144943,76.042425,"Incident of Theft reported in Bijapur district at coordinates (17.1449, 76.0424)."
1943,1943/2025,FIR/1943/2025,2025-04-19,14,7,1,2,5,10,3,7,2025-04-19 04:00:00,2025-04-19 04:30:00,2025-04-19 05:15:00,17.147259,76.036968,"Incident of Theft reported in Bijapur district at coordinates (17.1473, 76.0370)."
1944,1944/2025,FIR/1944/2025,2025-01-29,13,7,1,2,5,9,2,7,2025-01-29 16:00:00,2025-01-29 16:30:00,2025-01-29 17:15:00,16.909132,75.593071,"Incident of Theft reported in Bijapur district at coordinates (16.9091, 75.5931)."
1945,1945/2025,FIR/1945/2025,2025-01-22,14,7,1,2,5,10,3,7,2025-01-22 00:00:00,2025-01-22 00:30:00,2025-01-22 01:15:00,16.811157,76.138294,"Incident of Theft reported in Bijapur district at coordinates (16.8112, 76.1383)."
1946,1946/2025,FIR/1946/2025,2025-08-06,13,7,1,2,5,9,1,7,2025-08-06 23:00:00,2025-08-06 23:30:00,2025-08-06 23:15:00,16.998671,76.144566,"Incident of Theft reported in Bijapur district at coordinates (16.9987, 76.1446)."
1947,1947/2025,FIR/1947/2025,2025-03-18,14,7,1,2,5,10,1,7,2025-03-18 11:00:00,2025-03-18 11:30:00,2025-03-18 12:15:00,16.758429,75.698888,"Incident of Theft reported in Bijapur district at coordinates (16.7584, 75.6989)."
1948,1948/2025,FIR/1948/2025,2025-08-21,13,7,1,2,5,9,3,7,2025-08-21 18:00:00,2025-08-21 18:30:00,2025-08-21 19:15:00,17.186509,75.860059,"Incident of Theft reported in Bijapur district at coordinates (17.1865, 75.8601)."
1949,1949/2025,FIR/1949/2025,2025-12-06,14,7,1,2,5,10,1,7,2025-12-06 01:00:00,2025-12-06 01:30:00,2025-12-06 02:15:00,17.181548,75.881968,"Incident of Theft reported in Bijapur district at coordinates (17.1815, 75.8820)."
1950,1950/2025,FIR/1950/2025,2025-05-17,13,7,1,2,5,9,1,7,2025-05-17 15:00:00,2025-05-17 15:30:00,2025-05-17 16:15:00,17.143206,76.047439,"Incident of Theft reported in Bijapur district at coordinates (17.1432, 76.0474)."
1951,1951/2025,FIR/1951/2025,2025-04-22,14,7,1,2,5,10,1,7,2025-04-22 11:00:00,2025-04-22 11:30:00,2025-04-22 12:15:00,17.176607,75.866712,"Incident of Theft reported in Bijapur district at coordinates (17.1766, 75.8667)."
1952,1952/2025,FIR/1952/2025,2025-09-30,13,7,1,2,5,9,2,7,2025-09-30 07:00:00,2025-09-30 07:30:00,2025-09-30 08:15:00,16.800235,75.392998,"Incident of Theft reported in Bijapur district at coordinates (16.8002, 75.3930)."
1953,1953/2025,FIR/1953/2025,2025-01-10,14,7,1,2,5,10,1,7,2025-01-10 21:00:00,2025-01-10 21:30:00,2025-01-10 22:15:00,17.110539,75.70407,"Incident of Theft reported in Bijapur district at coordinates (17.1105, 75.7041)."
1954,1954/2025,FIR/1954/2025,2025-06-24,13,7,1,2,5,9,1,7,2025-06-24 13:00:00,2025-06-24 13:30:00,2025-06-24 14:15:00,17.103488,75.757515,"Incident of Theft reported in Bijapur district at coordinates (17.1035, 75.7575)."
1955,1955/2025,FIR/1955/2025,2025-12-12,14,7,1,2,5,10,2,7,2025-12-12 04:00:00,2025-12-12 04:30:00,2025-12-12 05:15:00,16.972203,76.002935,"Incident of Theft reported in Bijapur district at coordinates (16.9722, 76.0029)."
1956,1956/2025,FIR/1956/2025,2025-11-14,13,7,1,2,5,9,2,7,2025-11-14 06:00:00,2025-11-14 06:30:00,2025-11-14 07:15:00,16.548272,75.491724,"Incident of Theft reported in Bijapur district at coordinates (16.5483, 75.4917)."
1957,1957/2025,FIR/1957/2025,2025-08-30,14,7,1,2,5,10,3,7,2025-08-30 05:00:00,2025-08-30 05:30:00,2025-08-30 06:15:00,16.890324,75.586648,"Incident of Theft reported in Bijapur district at coordinates (16.8903, 75.5866)."
1958,1958/2025,FIR/1958/2025,2025-09-14,13,7,1,2,5,9,2,7,2025-09-14 01:00:00,2025-09-14 01:30:00,2025-09-14 02:15:00,17.140082,76.035746,"Incident of Theft reported in Bijapur district at coordinates (17.1401, 76.0357)."
1959,1959/2025,FIR/1959/2025,2025-03-22,14,7,1,2,5,10,1,7,2025-03-22 03:00:00,2025-03-22 03:30:00,2025-03-22 04:15:00,16.898897,75.602705,"Incident of Theft reported in Bijapur district at coordinates (16.8989, 75.6027)."
1960,1960/2025,FIR/1960/2025,2025-06-27,13,7,1,2,5,9,3,7,2025-06-27 08:00:00,2025-06-27 08:30:00,2025-06-27 09:15:00,16.892791,75.600006,"Incident of Theft reported in Bijapur district at coordinates (16.8928, 75.6000)."
1961,1961/2025,FIR/1961/2025,2025-08-09,14,7,1,2,5,10,2,7,2025-08-09 06:00:00,2025-08-09 06:30:00,2025-08-09 07:15:00,16.883134,76.275617,"Incident of Theft reported in Bijapur district at coordinates (16.8831, 76.2756)."
1962,1962/2025,FIR/1962/2025,2025-01-25,13,7,1,2,5,9,1,7,2025-01-25 20:00:00,2025-01-25 20:30:00,2025-01-25 21:15:00,16.89969,75.593233,"Incident of Theft reported in Bijapur district at coordinates (16.8997, 75.5932)."
1963,1963/2025,FIR/1963/2025,2025-04-23,14,7,1,2,5,10,2,7,2025-04-23 18:00:00,2025-04-23 18:30:00,2025-04-23 19:15:00,17.121249,76.025702,"Incident of Theft reported in Bijapur district at coordinates (17.1212, 76.0257)."
1964,1964/2025,FIR/1964/2025,2025-04-12,13,7,1,2,5,9,1,7,2025-04-12 10:00:00,2025-04-12 10:30:00,2025-04-12 11:15:00,17.168014,75.871235,"Incident of Theft reported in Bijapur district at coordinates (17.1680, 75.8712)."
1965,1965/2025,FIR/1965/2025,2025-12-09,14,7,1,2,5,10,3,7,2025-12-09 21:00:00,2025-12-09 21:30:00,2025-12-09 22:15:00,17.135901,76.024997,"Incident of Theft reported in Bijapur district at coordinates (17.1359, 76.0250)."
1966,1966/2025,FIR/1966/2025,2025-12-04,13,7,1,2,5,9,3,7,2025-12-04 07:00:00,2025-12-04 07:30:00,2025-12-04 08:15:00,17.169297,75.865387,"Incident of Theft reported in Bijapur district at coordinates (17.1693, 75.8654)."
1967,1967/2025,FIR/1967/2025,2025-09-22,14,7,1,2,5,10,2,7,2025-09-22 20:00:00,2025-09-22 20:30:00,2025-09-22 21:15:00,16.77012,75.679011,"Incident of Theft reported in Bijapur district at coordinates (16.7701, 75.6790)."
1968,1968/2025,FIR/1968/2025,2025-08-05,13,7,1,2,5,9,2,7,2025-08-05 05:00:00,2025-08-05 05:30:00,2025-08-05 06:15:00,16.890444,75.591145,"Incident of Theft reported in Bijapur district at coordinates (16.8904, 75.5911)."
1969,1969/2025,FIR/1969/2025,2025-04-28,14,7,1,2,5,10,1,7,2025-04-28 18:00:00,2025-04-28 18:30:00,2025-04-28 19:15:00,16.905428,75.605651,"Incident of Theft reported in Bijapur district at coordinates (16.9054, 75.6057)."
1970,1970/2025,FIR/1970/2025,2025-03-30,13,7,1,2,5,9,2,7,2025-03-30 14:00:00,2025-03-30 14:30:00,2025-03-30 15:15:00,17.161594,75.858215,"Incident of Theft reported in Bijapur district at coordinates (17.1616, 75.8582)."
1971,1971/2025,FIR/1971/2025,2025-05-17,14,7,1,2,5,10,3,7,2025-05-17 09:00:00,2025-05-17 09:30:00,2025-05-17 10:15:00,17.174841,75.86647,"Incident of Theft reported in Bijapur district at coordinates (17.1748, 75.8665)."
1972,1972/2025,FIR/1972/2025,2025-10-09,13,7,1,2,5,9,2,7,2025-10-09 06:00:00,2025-10-09 06:30:00,2025-10-09 07:15:00,17.135308,76.028331,"Incident of Theft reported in Bijapur district at coordinates (17.1353, 76.0283)."
1973,1973/2025,FIR/1973/2025,2025-12-05,14,7,1,2,5,10,3,7,2025-12-05 16:00:00,2025-12-05 16:30:00,2025-12-05 17:15:00,16.901942,75.584989,"Incident of Theft reported in Bijapur district at coordinates (16.9019, 75.5850)."
1974,1974/2025,FIR/1974/2025,2025-05-11,13,7,1,2,5,9,1,7,2025-05-11 04:00:00,2025-05-11 04:30:00,2025-05-11 05:15:00,17.144247,76.028471,"Incident of Theft reported in Bijapur district at coordinates (17.1442, 76.0285)."
1975,1975/2025,FIR/1975/2025,2025-12-30,14,7,1,2,5,10,2,7,2025-12-30 10:00:00,2025-12-30 10:30:00,2025-12-30 11:15:00,17.140396,76.029027,"Incident of Theft reported in Bijapur district at coordinates (17.1404, 76.0290)."
1976,1976/2025,FIR/1976/2025,2025-04-24,13,7,1,2,5,9,1,7,2025-04-24 09:00:00,2025-04-24 09:30:00,2025-04-24 10:15:00,16.906616,75.600484,"Incident of Theft reported in Bijapur district at coordinates (16.9066, 75.6005)."
1977,1977/2025,FIR/1977/2025,2025-10-25,14,7,1,2,5,10,1,7,2025-10-25 12:00:00,2025-10-25 12:30:00,2025-10-25 13:15:00,16.990302,76.121547,"Incident of Theft reported in Bijapur district at coordinates (16.9903, 76.1215)."
1978,1978/2025,FIR/1978/2025,2025-02-18,13,7,1,2,5,9,1,7,2025-02-18 07:00:00,2025-02-18 07:30:00,2025-02-18 08:15:00,17.147178,76.004696,"Incident of Theft reported in Bijapur district at coordinates (17.1472, 76.0047)."
1979,1979/2025,FIR/1979/2025,2025-06-09,14,7,1,2,5,10,2,7,2025-06-09 08:00:00,2025-06-09 08:30:00,2025-06-09 09:15:00,17.262403,76.0625,"Incident of Theft reported in Bijapur district at coordinates (17.2624, 76.0625)."
1980,1980/2025,FIR/1980/2025,2025-09-02,13,7,1,1,4,7,1,7,2025-09-02 08:00:00,2025-09-02 08:30:00,2025-09-02 09:15:00,16.902013,75.580943,"Incident of Robbery reported in Bijapur district at coordinates (16.9020, 75.5809)."
1981,1981/2025,FIR/1981/2025,2025-06-17,14,7,1,1,4,8,2,7,2025-06-17 00:00:00,2025-06-17 00:30:00,2025-06-17 01:15:00,17.15015,76.0294,"Incident of Robbery reported in Bijapur district at coordinates (17.1502, 76.0294)."
1982,1982/2025,FIR/1982/2025,2025-11-12,13,7,1,1,4,7,1,7,2025-11-12 20:00:00,2025-11-12 20:30:00,2025-11-12 21:15:00,17.190853,75.866755,"Incident of Robbery reported in Bijapur district at coordinates (17.1909, 75.8668)."
1983,1983/2025,FIR/1983/2025,2025-08-18,14,7,1,1,4,8,3,7,2025-08-18 06:00:00,2025-08-18 06:30:00,2025-08-18 07:15:00,17.134795,76.050984,"Incident of Robbery reported in Bijapur district at coordinates (17.1348, 76.0510)."
1984,1984/2025,FIR/1984/2025,2025-01-08,13,7,1,1,4,7,2,7,2025-01-08 02:00:00,2025-01-08 02:30:00,2025-01-08 03:15:00,17.130095,76.041403,"Incident of Robbery reported in Bijapur district at coordinates (17.1301, 76.0414)."
1985,1985/2025,FIR/1985/2025,2025-09-29,14,7,1,1,4,8,2,7,2025-09-29 09:00:00,2025-09-29 09:30:00,2025-09-29 10:15:00,16.902049,75.595565,"Incident of Robbery reported in Bijapur district at coordinates (16.9020, 75.5956)."
1986,1986/2025,FIR/1986/2025,2025-08-15,13,7,1,1,4,7,3,7,2025-08-15 15:00:00,2025-08-15 15:30:00,2025-08-15 16:15:00,17.138288,76.029681,"Incident of Robbery reported in Bijapur district at coordinates (17.1383, 76.0297)."
1987,1987/2025,FIR/1987/2025,2025-06-28,14,7,1,1,4,8,1,7,2025-06-28 23:00:00,2025-06-28 23:30:00,2025-06-28 23:15:00,17.202064,75.670966,"Incident of Robbery reported in Bijapur district at coordinates (17.2021, 75.6710)."
1988,1988/2025,FIR/1988/2025,2025-04-16,13,7,1,1,4,7,1,7,2025-04-16 17:00:00,2025-04-16 17:30:00,2025-04-16 18:15:00,16.88199,75.598701,"Incident of Robbery reported in Bijapur district at coordinates (16.8820, 75.5987)."
1989,1989/2025,FIR/1989/2025,2025-06-13,14,7,1,1,4,8,3,7,2025-06-13 10:00:00,2025-06-13 10:30:00,2025-06-13 11:15:00,17.168853,75.858389,"Incident of Robbery reported in Bijapur district at coordinates (17.1689, 75.8584)."
1990,1990/2025,FIR/1990/2025,2025-07-12,13,7,1,1,4,7,3,7,2025-07-12 05:00:00,2025-07-12 05:30:00,2025-07-12 06:15:00,16.762789,75.686566,"Incident of Robbery reported in Bijapur district at coordinates (16.7628, 75.6866)."
1991,1991/2025,FIR/1991/2025,2025-12-01,14,7,1,1,4,8,2,7,2025-12-01 22:00:00,2025-12-01 22:30:00,2025-12-01 23:15:00,16.903053,75.569849,"Incident of Robbery reported in Bijapur district at coordinates (16.9031, 75.5698)."
1992,1992/2025,FIR/1992/2025,2025-07-09,13,7,1,2,3,5,2,7,2025-07-09 16:00:00,2025-07-09 16:30:00,2025-07-09 17:15:00,17.161303,75.859795,"Incident of Chain Snatching reported in Bijapur district at coordinates (17.1613, 75.8598)."
1993,1993/2025,FIR/1993/2025,2025-05-20,14,7,1,2,3,6,3,7,2025-05-20 14:00:00,2025-05-20 14:30:00,2025-05-20 15:15:00,17.173784,75.865457,"Incident of Chain Snatching reported in Bijapur district at coordinates (17.1738, 75.8655)."
1994,1994/2025,FIR/1994/2025,2025-03-21,13,7,1,2,3,5,3,7,2025-03-21 01:00:00,2025-03-21 01:30:00,2025-03-21 02:15:00,17.178815,75.849231,"Incident of Chain Snatching reported in Bijapur district at coordinates (17.1788, 75.8492)."
1995,1995/2025,FIR/1995/2025,2025-10-30,14,7,1,2,3,6,2,7,2025-10-30 09:00:00,2025-10-30 09:30:00,2025-10-30 10:15:00,16.76478,75.721976,"Incident of Chain Snatching reported in Bijapur district at coordinates (16.7648, 75.7220)."
1996,1996/2025,FIR/1996/2025,2025-04-08,13,7,1,2,3,5,2,7,2025-04-08 06:00:00,2025-04-08 06:30:00,2025-04-08 07:15:00,16.777293,75.687736,"Incident of Chain Snatching reported in Bijapur district at coordinates (16.7773, 75.6877)."
1997,1997/2025,FIR/1997/2025,2025-07-27,14,7,1,2,3,6,1,7,2025-07-27 09:00:00,2025-07-27 09:30:00,2025-07-27 10:15:00,17.148295,75.85999,"Incident of Chain Snatching reported in Bijapur district at coordinates (17.1483, 75.8600)."
1998,1998/2025,FIR/1998/2025,2025-04-03,13,7,1,2,2,3,3,7,2025-04-03 11:00:00,2025-04-03 11:30:00,2025-04-03 12:15:00,17.143417,76.040168,"Incident of Burglary reported in Bijapur district at coordinates (17.1434, 76.0402)."
1999,1999/2025,FIR/1999/2025,2025-03-08,14,7,1,2,2,4,2,7,2025-03-08 18:00:00,2025-03-08 18:30:00,2025-03-08 19:15:00,16.783775,75.684843,"Incident of Burglary reported in Bijapur district at coordinates (16.7838, 75.6848)."
2000,2000/2025,FIR/2000/2025,2025-04-19,13,7,1,2,2,3,3,7,2025-04-19 20:00:00,2025-04-19 20:30:00,2025-04-19 21:15:00,16.908575,75.581735,"Incident of Burglary reported in Bijapur district at coordinates (16.9086, 75.5817)."
2001,2001/2025,FIR/2001/2025,2025-11-09,14,7,1,2,2,4,3,7,2025-11-09 14:00:00,2025-11-09 14:30:00,2025-11-09 15:15:00,16.777059,75.693303,"Incident of Burglary reported in Bijapur district at coordinates (16.7771, 75.6933)."
2002,2002/2025,FIR/2002/2025,2025-02-02,13,7,1,2,2,3,1,7,2025-02-02 22:00:00,2025-02-02 22:30:00,2025-02-02 23:15:00,16.503105,76.122777,"Incident of Burglary reported in Bijapur district at coordinates (16.5031, 76.1228)."
2003,2003/2025,FIR/2003/2025,2025-02-02,14,7,1,2,2,4,1,7,2025-02-02 00:00:00,2025-02-02 00:30:00,2025-02-02 01:15:00,17.168766,75.867251,"Incident of Burglary reported in Bijapur district at coordinates (17.1688, 75.8673)."
2004,2004/2025,FIR/2004/2025,2025-08-14,13,7,1,2,2,3,1,7,2025-08-14 19:00:00,2025-08-14 19:30:00,2025-08-14 20:15:00,16.890682,75.585441,"Incident of Burglary reported in Bijapur district at coordinates (16.8907, 75.5854)."
2005,2005/2025,FIR/2005/2025,2025-10-25,14,7,1,2,2,4,3,7,2025-10-25 11:00:00,2025-10-25 11:30:00,2025-10-25 12:15:00,16.773735,75.685256,"Incident of Burglary reported in Bijapur district at coordinates (16.7737, 75.6853)."
2006,2006/2025,FIR/2006/2025,2025-10-07,13,7,1,2,2,3,3,7,2025-10-07 17:00:00,2025-10-07 17:30:00,2025-10-07 18:15:00,17.147869,76.033176,"Incident of Burglary reported in Bijapur district at coordinates (17.1479, 76.0332)."
2007,2007/2025,FIR/2007/2025,2025-11-30,14,7,1,2,2,4,3,7,2025-11-30 09:00:00,2025-11-30 09:30:00,2025-11-30 10:15:00,16.763768,75.677419,"Incident of Burglary reported in Bijapur district at coordinates (16.7638, 75.6774)."
2008,2008/2025,FIR/2008/2025,2025-01-15,13,7,1,2,2,3,2,7,2025-01-15 11:00:00,2025-01-15 11:30:00,2025-01-15 12:15:00,16.89891,75.592524,"Incident of Burglary reported in Bijapur district at coordinates (16.8989, 75.5925)."
2009,2009/2025,FIR/2009/2025,2025-03-22,14,7,1,2,2,4,1,7,2025-03-22 22:00:00,2025-03-22 22:30:00,2025-03-22 23:15:00,17.123943,76.034597,"Incident of Burglary reported in Bijapur district at coordinates (17.1239, 76.0346)."
2010,2010/2025,FIR/2010/2025,2025-04-30,13,7,1,2,2,3,2,7,2025-04-30 23:00:00,2025-04-30 23:30:00,2025-04-30 23:15:00,17.129864,76.019932,"Incident of Burglary reported in Bijapur district at coordinates (17.1299, 76.0199)."
2011,2011/2025,FIR/2011/2025,2025-08-26,14,7,1,2,2,4,1,7,2025-08-26 16:00:00,2025-08-26 16:30:00,2025-08-26 17:15:00,17.133341,76.026994,"Incident of Burglary reported in Bijapur district at coordinates (17.1333, 76.0270)."
2012,2012/2025,FIR/2012/2025,2025-08-03,13,7,1,2,2,3,3,7,2025-08-03 23:00:00,2025-08-03 23:30:00,2025-08-03 23:15:00,17.161456,75.87506,"Incident of Burglary reported in Bijapur district at coordinates (17.1615, 75.8751)."
2013,2013/2025,FIR/2013/2025,2025-01-10,14,7,1,2,2,4,1,7,2025-01-10 07:00:00,2025-01-10 07:30:00,2025-01-10 08:15:00,17.276302,75.634154,"Incident of Burglary reported in Bijapur district at coordinates (17.2763, 75.6342)."
2014,2014/2025,FIR/2014/2025,2025-04-23,13,7,1,2,2,3,2,7,2025-04-23 23:00:00,2025-04-23 23:30:00,2025-04-23 23:15:00,17.167462,75.855021,"Incident of Burglary reported in Bijapur district at coordinates (17.1675, 75.8550)."
2015,2015/2025,FIR/2015/2025,2025-03-02,14,7,1,2,2,4,3,7,2025-03-02 17:00:00,2025-03-02 17:30:00,2025-03-02 18:15:00,16.603556,75.751827,"Incident of Burglary reported in Bijapur district at coordinates (16.6036, 75.7518)."
2016,2016/2025,FIR/2016/2025,2025-12-29,13,7,1,2,2,3,3,7,2025-12-29 08:00:00,2025-12-29 08:30:00,2025-12-29 09:15:00,17.131276,76.035325,"Incident of Burglary reported in Bijapur district at coordinates (17.1313, 76.0353)."
2017,2017/2025,FIR/2017/2025,2025-04-01,14,7,1,2,2,4,1,7,2025-04-01 02:00:00,2025-04-01 02:30:00,2025-04-01 03:15:00,16.899992,75.589084,"Incident of Burglary reported in Bijapur district at coordinates (16.9000, 75.5891)."
2018,2018/2025,FIR/2018/2025,2025-09-10,13,7,1,2,2,3,3,7,2025-09-10 05:00:00,2025-09-10 05:30:00,2025-09-10 06:15:00,17.145745,76.027272,"Incident of Burglary reported in Bijapur district at coordinates (17.1457, 76.0273)."
2019,2019/2025,FIR/2019/2025,2025-09-13,14,7,1,2,2,4,1,7,2025-09-13 18:00:00,2025-09-13 18:30:00,2025-09-13 19:15:00,16.898091,75.587879,"Incident of Burglary reported in Bijapur district at coordinates (16.8981, 75.5879)."
2020,2020/2025,FIR/2020/2025,2025-11-01,13,7,1,2,2,3,2,7,2025-11-01 04:00:00,2025-11-01 04:30:00,2025-11-01 05:15:00,16.898644,75.587548,"Incident of Burglary reported in Bijapur district at coordinates (16.8986, 75.5875)."
2021,2021/2025,FIR/2021/2025,2025-07-29,14,7,1,2,2,4,2,7,2025-07-29 21:00:00,2025-07-29 21:30:00,2025-07-29 22:15:00,17.15909,75.870461,"Incident of Burglary reported in Bijapur district at coordinates (17.1591, 75.8705)."
2022,2022/2025,FIR/2022/2025,2025-10-26,13,7,1,2,2,3,2,7,2025-10-26 03:00:00,2025-10-26 03:30:00,2025-10-26 04:15:00,16.901644,75.595531,"Incident of Burglary reported in Bijapur district at coordinates (16.9016, 75.5955)."
2023,2023/2025,FIR/2023/2025,2025-10-15,14,7,1,1,1,2,2,7,2025-10-15 21:00:00,2025-10-15 21:30:00,2025-10-15 22:15:00,16.299684,76.003443,"Incident of Assault reported in Bijapur district at coordinates (16.2997, 76.0034)."
2024,2024/2025,FIR/2024/2025,2025-04-17,13,7,1,1,1,1,2,7,2025-04-17 16:00:00,2025-04-17 16:30:00,2025-04-17 17:15:00,17.173102,75.848262,"Incident of Assault reported in Bijapur district at coordinates (17.1731, 75.8483)."
2025,2025/2025,FIR/2025/2025,2025-04-05,14,7,1,1,1,2,3,7,2025-04-05 20:00:00,2025-04-05 20:30:00,2025-04-05 21:15:00,17.001512,76.191602,"Incident of Assault reported in Bijapur district at coordinates (17.0015, 76.1916)."
2026,2026/2025,FIR/2026/2025,2025-03-10,13,7,1,1,1,1,2,7,2025-03-10 13:00:00,2025-03-10 13:30:00,2025-03-10 14:15:00,16.457518,76.43055,"Incident of Assault reported in Bijapur district at coordinates (16.4575, 76.4305)."
2027,2027/2025,FIR/2027/2025,2025-01-26,14,7,1,1,1,2,2,7,2025-01-26 18:00:00,2025-01-26 18:30:00,2025-01-26 19:15:00,17.140477,76.033757,"Incident of Assault reported in Bijapur district at coordinates (17.1405, 76.0338)."
2028,2028/2025,FIR/2028/2025,2025-06-16,13,7,1,1,1,1,3,7,2025-06-16 01:00:00,2025-06-16 01:30:00,2025-06-16 02:15:00,17.176032,75.844126,"Incident of Assault reported in Bijapur district at coordinates (17.1760, 75.8441)."
2029,2029/2025,FIR/2029/2025,2025-09-14,14,7,1,1,1,2,3,7,2025-09-14 11:00:00,2025-09-14 11:30:00,2025-09-14 12:15:00,17.181354,75.870495,"Incident of Assault reported in Bijapur district at coordinates (17.1814, 75.8705)."
2030,2030/2025,FIR/2030/2025,2025-03-09,13,7,1,1,1,1,2,7,2025-03-09 03:00:00,2025-03-09 03:30:00,2025-03-09 04:15:00,16.368666,76.144527,"Incident of Assault reported in Bijapur district at coordinates (16.3687, 76.1445)."
2031,2031/2025,FIR/2031/2025,2025-05-26,14,7,1,1,1,2,2,7,2025-05-26 05:00:00,2025-05-26 05:30:00,2025-05-26 06:15:00,16.976836,75.980377,"Incident of Assault reported in Bijapur district at coordinates (16.9768, 75.9804)."
2032,2032/2025,FIR/2032/2025,2025-01-03,13,7,1,1,1,1,1,7,2025-01-03 08:00:00,2025-01-03 08:30:00,2025-01-03 09:15:00,16.976421,76.04401,"Incident of Assault reported in Bijapur district at coordinates (16.9764, 76.0440)."
2033,2033/2025,FIR/2033/2025,2025-01-23,14,7,1,1,1,2,3,7,2025-01-23 00:00:00,2025-01-23 00:30:00,2025-01-23 01:15:00,16.77967,75.677864,"Incident of Assault reported in Bijapur district at coordinates (16.7797, 75.6779)."
2034,2034/2025,FIR/2034/2025,2025-02-09,13,7,1,1,1,1,3,7,2025-02-09 05:00:00,2025-02-09 05:30:00,2025-02-09 06:15:00,16.318837,76.19358,"Incident of Assault reported in Bijapur district at coordinates (16.3188, 76.1936)."
2035,2035/2025,FIR/2035/2025,2025-05-18,14,7,1,1,1,2,3,7,2025-05-18 23:00:00,2025-05-18 23:30:00,2025-05-18 23:15:00,17.096814,76.329452,"Incident of Assault reported in Bijapur district at coordinates (17.0968, 76.3295)."
2036,2036/2025,FIR/2036/2025,2025-09-16,13,7,1,1,1,1,3,7,2025-09-16 12:00:00,2025-09-16 12:30:00,2025-09-16 13:15:00,17.139481,76.03463,"Incident of Assault reported in Bijapur district at coordinates (17.1395, 76.0346)."
2037,2037/2025,FIR/2037/2025,2025-10-03,14,7,1,1,1,2,3,7,2025-10-03 01:00:00,2025-10-03 01:30:00,2025-10-03 02:15:00,16.91398,75.60551,"Incident of Assault reported in Bijapur district at coordinates (16.9140, 75.6055)."
2038,2038/2025,FIR/2038/2025,2025-12-20,13,7,1,1,1,1,1,7,2025-12-20 14:00:00,2025-12-20 14:30:00,2025-12-20 15:15:00,17.187361,75.860615,"Incident of Assault reported in Bijapur district at coordinates (17.1874, 75.8606)."
2039,2039/2025,FIR/2039/2025,2025-12-02,14,7,1,1,1,2,3,7,2025-12-02 04:00:00,2025-12-02 04:30:00,2025-12-02 05:15:00,17.124083,76.034033,"Incident of Assault reported in Bijapur district at coordinates (17.1241, 76.0340)."
2040,2040/2025,FIR/2040/2025,2025-01-13,13,7,1,1,1,1,1,7,2025-01-13 12:00:00,2025-01-13 12:30:00,2025-01-13 13:15:00,16.765714,75.667469,"Incident of Assault reported in Bijapur district at coordinates (16.7657, 75.6675)."
2041,2041/2025,FIR/2041/2025,2025-12-15,14,7,1,1,1,2,2,7,2025-12-15 00:00:00,2025-12-15 00:30:00,2025-12-15 01:15:00,17.132585,76.02523,"Incident of Assault reported in Bijapur district at coordinates (17.1326, 76.0252)."
2042,2042/2025,FIR/2042/2025,2025-12-10,13,7,1,1,1,1,1,7,2025-12-10 21:00:00,2025-12-10 21:30:00,2025-12-10 22:15:00,16.889186,75.799952,"Incident of Assault reported in Bijapur district at coordinates (16.8892, 75.8000)."
2043,2043/2025,FIR/2043/2025,2025-12-24,14,7,1,1,1,2,3,7,2025-12-24 14:00:00,2025-12-24 14:30:00,2025-12-24 15:15:00,16.888637,75.583834,"Incident of Assault reported in Bijapur district at coordinates (16.8886, 75.5838)."
2044,2044/2025,FIR/2044/2025,2025-01-29,13,7,1,1,1,1,1,7,2025-01-29 05:00:00,2025-01-29 05:30:00,2025-01-29 06:15:00,16.897554,75.58347,"Incident of Assault reported in Bijapur district at coordinates (16.8976, 75.5835)."
2045,2045/2025,FIR/2045/2025,2025-11-23,14,7,1,1,1,2,2,7,2025-11-23 00:00:00,2025-11-23 00:30:00,2025-11-23 01:15:00,17.156558,75.856222,"Incident of Assault reported in Bijapur district at coordinates (17.1566, 75.8562)."
2046,2046/2025,FIR/2046/2025,2025-04-05,13,7,1,1,1,1,1,7,2025-04-05 23:00:00,2025-04-05 23:30:00,2025-04-05 23:15:00,17.14115,76.029537,"Incident of Assault reported in Bijapur district at coordinates (17.1411, 76.0295)."
2047,2047/2025,FIR/2047/2025,2025-01-25,14,7,1,1,1,2,2,7,2025-01-25 01:00:00,2025-01-25 01:30:00,2025-01-25 02:15:00,16.899475,75.591341,"Incident of Assault reported in Bijapur district at coordinates (16.8995, 75.5913)."
2048,2048/2025,FIR/2048/2025,2025-01-06,13,7,1,1,1,1,3,7,2025-01-06 13:00:00,2025-01-06 13:30:00,2025-01-06 14:15:00,16.908593,75.590807,"Incident of Assault reported in Bijapur district at coordinates (16.9086, 75.5908)."
2049,2049/2025,FIR/2049/2025,2025-09-03,14,7,1,1,1,2,1,7,2025-09-03 21:00:00,2025-09-03 21:30:00,2025-09-03 22:15:00,17.17223,75.855016,"Incident of Assault reported in Bijapur district at coordinates (17.1722, 75.8550)."
2050,2050/2025,FIR/2050/2025,2025-02-02,13,7,1,1,1,1,3,7,2025-02-02 02:00:00,2025-02-02 02:30:00,2025-02-02 03:15:00,17.138246,76.026576,"Incident of Assault reported in Bijapur district at coordinates (17.1382, 76.0266)."
2051,2051/2025,FIR/2051/2025,2025-11-16,14,7,1,1,1,2,1,7,2025-11-16 17:00:00,2025-11-16 17:30:00,2025-11-16 18:15:00,17.143731,76.027018,"Incident of Assault reported in Bijapur district at coordinates (17.1437, 76.0270)."
2052,2052/2025,FIR/2052/2025,2025-04-07,13,7,1,1,1,1,3,7,2025-04-07 20:00:00,2025-04-07 20:30:00,2025-04-07 21:15:00,16.898911,75.572282,"Incident of Assault reported in Bijapur district at coordinates (16.8989, 75.5723)."
2053,2053/2025,FIR/2053/2025,2025-02-05,14,7,1,1,1,2,2,7,2025-02-05 16:00:00,2025-02-05 16:30:00,2025-02-05 17:15:00,16.895493,75.592737,"Incident of Assault reported in Bijapur district at coordinates (16.8955, 75.5927)."
2054,2054/2025,FIR/2054/2025,2025-12-28,13,7,1,1,1,1,2,7,2025-12-28 13:00:00,2025-12-28 13:30:00,2025-12-28 14:15:00,17.141016,76.035343,"Incident of Assault reported in Bijapur district at coordinates (17.1410, 76.0353)."
2055,2055/2025,FIR/2055/2025,2025-08-06,14,7,1,1,1,2,3,7,2025-08-06 15:00:00,2025-08-06 15:30:00,2025-08-06 16:15:00,16.896464,75.602445,"Incident of Assault reported in Bijapur district at coordinates (16.8965, 75.6024)."
2056,2056/2025,FIR/2056/2025,2025-07-15,13,7,1,1,1,1,2,7,2025-07-15 19:00:00,2025-07-15 19:30:00,2025-07-15 20:15:00,16.843936,75.664334,"Incident of Assault reported in Bijapur district at coordinates (16.8439, 75.6643)."
2057,2057/2025,FIR/2057/2025,2025-08-14,14,7,1,1,1,2,3,7,2025-08-14 07:00:00,2025-08-14 07:30:00,2025-08-14 08:15:00,16.783284,75.691831,"Incident of Assault reported in Bijapur district at coordinates (16.7833, 75.6918)."
2058,2058/2025,FIR/2058/2025,2025-05-09,15,8,1,2,5,9,1,8,2025-05-09 17:00:00,2025-05-09 17:30:00,2025-05-09 18:15:00,12.056849,77.431118,"Incident of Theft reported in Chamrajnagar district at coordinates (12.0568, 77.4311)."
2059,2059/2025,FIR/2059/2025,2025-06-02,16,8,1,2,5,10,3,8,2025-06-02 20:00:00,2025-06-02 20:30:00,2025-06-02 21:15:00,12.043404,77.678689,"Incident of Theft reported in Chamrajnagar district at coordinates (12.0434, 77.6787)."
2060,2060/2025,FIR/2060/2025,2025-08-07,15,8,1,2,5,9,3,8,2025-08-07 10:00:00,2025-08-07 10:30:00,2025-08-07 11:15:00,12.030495,77.66891,"Incident of Theft reported in Chamrajnagar district at coordinates (12.0305, 77.6689)."
2061,2061/2025,FIR/2061/2025,2025-05-26,16,8,1,2,5,10,3,8,2025-05-26 09:00:00,2025-05-26 09:30:00,2025-05-26 10:15:00,12.025562,77.67837,"Incident of Theft reported in Chamrajnagar district at coordinates (12.0256, 77.6784)."
2062,2062/2025,FIR/2062/2025,2025-10-08,15,8,1,2,5,9,2,8,2025-10-08 01:00:00,2025-10-08 01:30:00,2025-10-08 02:15:00,11.844289,76.579288,"Incident of Theft reported in Chamrajnagar district at coordinates (11.8443, 76.5793)."
2063,2063/2025,FIR/2063/2025,2025-12-14,16,8,1,2,5,10,3,8,2025-12-14 01:00:00,2025-12-14 01:30:00,2025-12-14 02:15:00,11.866875,76.57101,"Incident of Theft reported in Chamrajnagar district at coordinates (11.8669, 76.5710)."
2064,2064/2025,FIR/2064/2025,2025-06-14,15,8,1,2,5,9,2,8,2025-06-14 13:00:00,2025-06-14 13:30:00,2025-06-14 14:15:00,11.854483,76.572006,"Incident of Theft reported in Chamrajnagar district at coordinates (11.8545, 76.5720)."
2065,2065/2025,FIR/2065/2025,2025-04-20,16,8,1,2,5,10,1,8,2025-04-20 05:00:00,2025-04-20 05:30:00,2025-04-20 06:15:00,11.85597,76.56724,"Incident of Theft reported in Chamrajnagar district at coordinates (11.8560, 76.5672)."
2066,2066/2025,FIR/2066/2025,2025-02-19,15,8,1,2,5,9,2,8,2025-02-19 04:00:00,2025-02-19 04:30:00,2025-02-19 05:15:00,11.876344,76.561482,"Incident of Theft reported in Chamrajnagar district at coordinates (11.8763, 76.5615)."
2067,2067/2025,FIR/2067/2025,2025-09-11,16,8,1,2,5,10,1,8,2025-09-11 23:00:00,2025-09-11 23:30:00,2025-09-11 23:15:00,12.03421,77.663895,"Incident of Theft reported in Chamrajnagar district at coordinates (12.0342, 77.6639)."
2068,2068/2025,FIR/2068/2025,2025-10-14,15,8,1,2,5,9,3,8,2025-10-14 05:00:00,2025-10-14 05:30:00,2025-10-14 06:15:00,11.873125,76.566986,"Incident of Theft reported in Chamrajnagar district at coordinates (11.8731, 76.5670)."
2069,2069/2025,FIR/2069/2025,2025-01-13,16,8,1,2,5,10,3,8,2025-01-13 19:00:00,2025-01-13 19:30:00,2025-01-13 20:15:00,12.056498,77.418872,"Incident of Theft reported in Chamrajnagar district at coordinates (12.0565, 77.4189)."
2070,2070/2025,FIR/2070/2025,2025-01-04,15,8,1,2,5,9,1,8,2025-01-04 12:00:00,2025-01-04 12:30:00,2025-01-04 13:15:00,12.056509,77.41479,"Incident of Theft reported in Chamrajnagar district at coordinates (12.0565, 77.4148)."
2071,2071/2025,FIR/2071/2025,2025-09-09,16,8,1,2,5,10,2,8,2025-09-09 04:00:00,2025-09-09 04:30:00,2025-09-09 05:15:00,12.027191,77.674989,"Incident of Theft reported in Chamrajnagar district at coordinates (12.0272, 77.6750)."
2072,2072/2025,FIR/2072/2025,2025-01-22,15,8,1,2,5,9,3,8,2025-01-22 21:00:00,2025-01-22 21:30:00,2025-01-22 22:15:00,12.031971,77.672437,"Incident of Theft reported in Chamrajnagar district at coordinates (12.0320, 77.6724)."
2073,2073/2025,FIR/2073/2025,2025-09-28,16,8,1,2,5,10,1,8,2025-09-28 20:00:00,2025-09-28 20:30:00,2025-09-28 21:15:00,12.041097,77.405102,"Incident of Theft reported in Chamrajnagar district at coordinates (12.0411, 77.4051)."
2074,2074/2025,FIR/2074/2025,2025-12-08,15,8,1,2,5,9,3,8,2025-12-08 03:00:00,2025-12-08 03:30:00,2025-12-08 04:15:00,12.030079,77.670594,"Incident of Theft reported in Chamrajnagar district at coordinates (12.0301, 77.6706)."
2075,2075/2025,FIR/2075/2025,2025-08-20,16,8,1,2,5,10,2,8,2025-08-20 00:00:00,2025-08-20 00:30:00,2025-08-20 01:15:00,11.859248,76.578164,"Incident of Theft reported in Chamrajnagar district at coordinates (11.8592, 76.5782)."
2076,2076/2025,FIR/2076/2025,2025-12-30,15,8,1,2,5,9,1,8,2025-12-30 22:00:00,2025-12-30 22:30:00,2025-12-30 23:15:00,12.034806,77.68464,"Incident of Theft reported in Chamrajnagar district at coordinates (12.0348, 77.6846)."
2077,2077/2025,FIR/2077/2025,2025-07-08,16,8,1,2,5,10,1,8,2025-07-08 12:00:00,2025-07-08 12:30:00,2025-07-08 13:15:00,12.026598,77.677037,"Incident of Theft reported in Chamrajnagar district at coordinates (12.0266, 77.6770)."
2078,2078/2025,FIR/2078/2025,2025-05-20,15,8,1,2,5,9,3,8,2025-05-20 11:00:00,2025-05-20 11:30:00,2025-05-20 12:15:00,12.107493,77.719955,"Incident of Theft reported in Chamrajnagar district at coordinates (12.1075, 77.7200)."
2079,2079/2025,FIR/2079/2025,2025-04-01,16,8,1,2,5,10,1,8,2025-04-01 16:00:00,2025-04-01 16:30:00,2025-04-01 17:15:00,12.047021,77.415121,"Incident of Theft reported in Chamrajnagar district at coordinates (12.0470, 77.4151)."
2080,2080/2025,FIR/2080/2025,2025-04-07,15,8,1,2,5,9,1,8,2025-04-07 09:00:00,2025-04-07 09:30:00,2025-04-07 10:15:00,11.861856,76.581295,"Incident of Theft reported in Chamrajnagar district at coordinates (11.8619, 76.5813)."
2081,2081/2025,FIR/2081/2025,2025-05-10,16,8,1,2,5,10,2,8,2025-05-10 22:00:00,2025-05-10 22:30:00,2025-05-10 23:15:00,12.051063,77.422728,"Incident of Theft reported in Chamrajnagar district at coordinates (12.0511, 77.4227)."
2082,2082/2025,FIR/2082/2025,2025-07-16,15,8,1,2,5,9,1,8,2025-07-16 09:00:00,2025-07-16 09:30:00,2025-07-16 10:15:00,12.025385,77.682807,"Incident of Theft reported in Chamrajnagar district at coordinates (12.0254, 77.6828)."
2083,2083/2025,FIR/2083/2025,2025-10-31,16,8,1,2,5,10,2,8,2025-10-31 12:00:00,2025-10-31 12:30:00,2025-10-31 13:15:00,11.865729,76.573504,"Incident of Theft reported in Chamrajnagar district at coordinates (11.8657, 76.5735)."
2084,2084/2025,FIR/2084/2025,2025-04-18,15,8,1,2,5,9,3,8,2025-04-18 04:00:00,2025-04-18 04:30:00,2025-04-18 05:15:00,12.035926,77.41468,"Incident of Theft reported in Chamrajnagar district at coordinates (12.0359, 77.4147)."
2085,2085/2025,FIR/2085/2025,2025-04-20,16,8,1,2,5,10,3,8,2025-04-20 14:00:00,2025-04-20 14:30:00,2025-04-20 15:15:00,12.042491,77.689516,"Incident of Theft reported in Chamrajnagar district at coordinates (12.0425, 77.6895)."
2086,2086/2025,FIR/2086/2025,2025-04-29,15,8,1,2,5,9,1,8,2025-04-29 07:00:00,2025-04-29 07:30:00,2025-04-29 08:15:00,12.030083,77.685146,"Incident of Theft reported in Chamrajnagar district at coordinates (12.0301, 77.6851)."
2087,2087/2025,FIR/2087/2025,2025-08-18,16,8,1,2,5,10,3,8,2025-08-18 11:00:00,2025-08-18 11:30:00,2025-08-18 12:15:00,11.710583,76.456364,"Incident of Theft reported in Chamrajnagar district at coordinates (11.7106, 76.4564)."
2088,2088/2025,FIR/2088/2025,2025-08-15,15,8,1,2,5,9,3,8,2025-08-15 14:00:00,2025-08-15 14:30:00,2025-08-15 15:15:00,12.041911,77.674207,"Incident of Theft reported in Chamrajnagar district at coordinates (12.0419, 77.6742)."
2089,2089/2025,FIR/2089/2025,2025-10-13,16,8,1,2,5,10,3,8,2025-10-13 15:00:00,2025-10-13 15:30:00,2025-10-13 16:15:00,11.862649,76.572381,"Incident of Theft reported in Chamrajnagar district at coordinates (11.8626, 76.5724)."
2090,2090/2025,FIR/2090/2025,2025-07-01,15,8,1,2,5,9,1,8,2025-07-01 03:00:00,2025-07-01 03:30:00,2025-07-01 04:15:00,12.143336,77.374703,"Incident of Theft reported in Chamrajnagar district at coordinates (12.1433, 77.3747)."
2091,2091/2025,FIR/2091/2025,2025-05-12,16,8,1,2,5,10,3,8,2025-05-12 01:00:00,2025-05-12 01:30:00,2025-05-12 02:15:00,12.039732,77.656928,"Incident of Theft reported in Chamrajnagar district at coordinates (12.0397, 77.6569)."
2092,2092/2025,FIR/2092/2025,2025-01-08,15,8,1,2,5,9,1,8,2025-01-08 09:00:00,2025-01-08 09:30:00,2025-01-08 10:15:00,12.039861,77.422263,"Incident of Theft reported in Chamrajnagar district at coordinates (12.0399, 77.4223)."
2093,2093/2025,FIR/2093/2025,2025-08-07,16,8,1,2,5,10,2,8,2025-08-07 16:00:00,2025-08-07 16:30:00,2025-08-07 17:15:00,12.043726,77.553802,"Incident of Theft reported in Chamrajnagar district at coordinates (12.0437, 77.5538)."
2094,2094/2025,FIR/2094/2025,2025-01-09,15,8,1,2,5,9,3,8,2025-01-09 19:00:00,2025-01-09 19:30:00,2025-01-09 20:15:00,11.855591,76.578372,"Incident of Theft reported in Chamrajnagar district at coordinates (11.8556, 76.5784)."
2095,2095/2025,FIR/2095/2025,2025-11-29,16,8,1,2,5,10,2,8,2025-11-29 07:00:00,2025-11-29 07:30:00,2025-11-29 08:15:00,11.852277,76.556136,"Incident of Theft reported in Chamrajnagar district at coordinates (11.8523, 76.5561)."
2096,2096/2025,FIR/2096/2025,2025-12-26,15,8,1,2,5,9,2,8,2025-12-26 04:00:00,2025-12-26 04:30:00,2025-12-26 05:15:00,12.033666,77.683872,"Incident of Theft reported in Chamrajnagar district at coordinates (12.0337, 77.6839)."
2097,2097/2025,FIR/2097/2025,2025-08-24,16,8,1,2,5,10,3,8,2025-08-24 07:00:00,2025-08-24 07:30:00,2025-08-24 08:15:00,11.864494,76.565123,"Incident of Theft reported in Chamrajnagar district at coordinates (11.8645, 76.5651)."
2098,2098/2025,FIR/2098/2025,2025-05-08,15,8,1,1,4,7,1,8,2025-05-08 22:00:00,2025-05-08 22:30:00,2025-05-08 23:15:00,11.864863,76.553631,"Incident of Robbery reported in Chamrajnagar district at coordinates (11.8649, 76.5536)."
2099,2099/2025,FIR/2099/2025,2025-07-12,16,8,1,1,4,8,1,8,2025-07-12 13:00:00,2025-07-12 13:30:00,2025-07-12 14:15:00,11.859303,76.567822,"Incident of Robbery reported in Chamrajnagar district at coordinates (11.8593, 76.5678)."
2100,2100/2025,FIR/2100/2025,2025-03-21,15,8,1,1,4,7,2,8,2025-03-21 03:00:00,2025-03-21 03:30:00,2025-03-21 04:15:00,11.93766,77.536265,"Incident of Robbery reported in Chamrajnagar district at coordinates (11.9377, 77.5363)."
2101,2101/2025,FIR/2101/2025,2025-01-01,16,8,1,1,4,8,3,8,2025-01-01 19:00:00,2025-01-01 19:30:00,2025-01-01 20:15:00,11.863121,77.050084,"Incident of Robbery reported in Chamrajnagar district at coordinates (11.8631, 77.0501)."
2102,2102/2025,FIR/2102/2025,2025-12-03,15,8,1,1,4,7,3,8,2025-12-03 13:00:00,2025-12-03 13:30:00,2025-12-03 14:15:00,12.050697,77.410232,"Incident of Robbery reported in Chamrajnagar district at coordinates (12.0507, 77.4102)."
2103,2103/2025,FIR/2103/2025,2025-02-18,16,8,1,1,4,8,2,8,2025-02-18 20:00:00,2025-02-18 20:30:00,2025-02-18 21:15:00,11.86862,76.577574,"Incident of Robbery reported in Chamrajnagar district at coordinates (11.8686, 76.5776)."
2104,2104/2025,FIR/2104/2025,2025-10-24,15,8,1,2,3,5,3,8,2025-10-24 04:00:00,2025-10-24 04:30:00,2025-10-24 05:15:00,11.970628,77.163545,"Incident of Chain Snatching reported in Chamrajnagar district at coordinates (11.9706, 77.1635)."
2105,2105/2025,FIR/2105/2025,2025-06-03,16,8,1,2,3,6,1,8,2025-06-03 13:00:00,2025-06-03 13:30:00,2025-06-03 14:15:00,12.030126,77.686384,"Incident of Chain Snatching reported in Chamrajnagar district at coordinates (12.0301, 77.6864)."
2106,2106/2025,FIR/2106/2025,2025-05-29,15,8,1,2,3,5,2,8,2025-05-29 18:00:00,2025-05-29 18:30:00,2025-05-29 19:15:00,12.037481,77.680435,"Incident of Chain Snatching reported in Chamrajnagar district at coordinates (12.0375, 77.6804)."
2107,2107/2025,FIR/2107/2025,2025-06-09,16,8,1,2,2,4,2,8,2025-06-09 16:00:00,2025-06-09 16:30:00,2025-06-09 17:15:00,11.868198,76.549861,"Incident of Burglary reported in Chamrajnagar district at coordinates (11.8682, 76.5499)."
2108,2108/2025,FIR/2108/2025,2025-02-17,15,8,1,2,2,3,1,8,2025-02-17 05:00:00,2025-02-17 05:30:00,2025-02-17 06:15:00,11.92742,76.904837,"Incident of Burglary reported in Chamrajnagar district at coordinates (11.9274, 76.9048)."
2109,2109/2025,FIR/2109/2025,2025-05-18,16,8,1,2,2,4,3,8,2025-05-18 04:00:00,2025-05-18 04:30:00,2025-05-18 05:15:00,11.879373,76.579139,"Incident of Burglary reported in Chamrajnagar district at coordinates (11.8794, 76.5791)."
2110,2110/2025,FIR/2110/2025,2025-11-08,15,8,1,2,2,3,1,8,2025-11-08 06:00:00,2025-11-08 06:30:00,2025-11-08 07:15:00,12.263946,77.196247,"Incident of Burglary reported in Chamrajnagar district at coordinates (12.2639, 77.1962)."
2111,2111/2025,FIR/2111/2025,2025-07-23,16,8,1,2,2,4,1,8,2025-07-23 16:00:00,2025-07-23 16:30:00,2025-07-23 17:15:00,12.023472,77.678076,"Incident of Burglary reported in Chamrajnagar district at coordinates (12.0235, 77.6781)."
2112,2112/2025,FIR/2112/2025,2025-09-08,15,8,1,2,2,3,1,8,2025-09-08 06:00:00,2025-09-08 06:30:00,2025-09-08 07:15:00,12.031748,77.665466,"Incident of Burglary reported in Chamrajnagar district at coordinates (12.0317, 77.6655)."
2113,2113/2025,FIR/2113/2025,2025-08-16,16,8,1,2,2,4,2,8,2025-08-16 01:00:00,2025-08-16 01:30:00,2025-08-16 02:15:00,12.061779,77.421309,"Incident of Burglary reported in Chamrajnagar district at coordinates (12.0618, 77.4213)."
2114,2114/2025,FIR/2114/2025,2025-12-19,15,8,1,2,2,3,3,8,2025-12-19 08:00:00,2025-12-19 08:30:00,2025-12-19 09:15:00,12.017971,77.669305,"Incident of Burglary reported in Chamrajnagar district at coordinates (12.0180, 77.6693)."
2115,2115/2025,FIR/2115/2025,2025-01-26,16,8,1,2,2,4,3,8,2025-01-26 11:00:00,2025-01-26 11:30:00,2025-01-26 12:15:00,11.858101,76.559837,"Incident of Burglary reported in Chamrajnagar district at coordinates (11.8581, 76.5598)."
2116,2116/2025,FIR/2116/2025,2025-05-20,15,8,1,2,2,3,2,8,2025-05-20 15:00:00,2025-05-20 15:30:00,2025-05-20 16:15:00,11.919648,76.834592,"Incident of Burglary reported in Chamrajnagar district at coordinates (11.9196, 76.8346)."
2117,2117/2025,FIR/2117/2025,2025-10-08,16,8,1,2,2,4,3,8,2025-10-08 15:00:00,2025-10-08 15:30:00,2025-10-08 16:15:00,12.043062,77.664803,"Incident of Burglary reported in Chamrajnagar district at coordinates (12.0431, 77.6648)."
2118,2118/2025,FIR/2118/2025,2025-10-10,15,8,1,2,2,3,1,8,2025-10-10 16:00:00,2025-10-10 16:30:00,2025-10-10 17:15:00,12.054892,77.405693,"Incident of Burglary reported in Chamrajnagar district at coordinates (12.0549, 77.4057)."
2119,2119/2025,FIR/2119/2025,2025-07-12,16,8,1,1,1,2,1,8,2025-07-12 04:00:00,2025-07-12 04:30:00,2025-07-12 05:15:00,12.059214,77.407443,"Incident of Assault reported in Chamrajnagar district at coordinates (12.0592, 77.4074)."
2120,2120/2025,FIR/2120/2025,2025-05-20,15,8,1,1,1,1,2,8,2025-05-20 20:00:00,2025-05-20 20:30:00,2025-05-20 21:15:00,11.853206,76.567864,"Incident of Assault reported in Chamrajnagar district at coordinates (11.8532, 76.5679)."
2121,2121/2025,FIR/2121/2025,2025-02-04,16,8,1,1,1,2,3,8,2025-02-04 00:00:00,2025-02-04 00:30:00,2025-02-04 01:15:00,12.03891,77.409733,"Incident of Assault reported in Chamrajnagar district at coordinates (12.0389, 77.4097)."
2122,2122/2025,FIR/2122/2025,2025-11-30,15,8,1,1,1,1,2,8,2025-11-30 18:00:00,2025-11-30 18:30:00,2025-11-30 19:15:00,11.83509,77.152593,"Incident of Assault reported in Chamrajnagar district at coordinates (11.8351, 77.1526)."
2123,2123/2025,FIR/2123/2025,2025-07-12,16,8,1,1,1,2,1,8,2025-07-12 12:00:00,2025-07-12 12:30:00,2025-07-12 13:15:00,12.040745,77.678979,"Incident of Assault reported in Chamrajnagar district at coordinates (12.0407, 77.6790)."
2124,2124/2025,FIR/2124/2025,2025-07-12,15,8,1,1,1,1,1,8,2025-07-12 02:00:00,2025-07-12 02:30:00,2025-07-12 03:15:00,12.060749,77.418662,"Incident of Assault reported in Chamrajnagar district at coordinates (12.0607, 77.4187)."
2125,2125/2025,FIR/2125/2025,2025-03-13,16,8,1,1,1,2,1,8,2025-03-13 10:00:00,2025-03-13 10:30:00,2025-03-13 11:15:00,11.858379,76.576208,"Incident of Assault reported in Chamrajnagar district at coordinates (11.8584, 76.5762)."
2126,2126/2025,FIR/2126/2025,2025-10-02,15,8,1,1,1,1,1,8,2025-10-02 08:00:00,2025-10-02 08:30:00,2025-10-02 09:15:00,11.972508,77.553756,"Incident of Assault reported in Chamrajnagar district at coordinates (11.9725, 77.5538)."
2127,2127/2025,FIR/2127/2025,2025-02-17,16,8,1,1,1,2,2,8,2025-02-17 07:00:00,2025-02-17 07:30:00,2025-02-17 08:15:00,12.06594,77.422795,"Incident of Assault reported in Chamrajnagar district at coordinates (12.0659, 77.4228)."
2128,2128/2025,FIR/2128/2025,2025-10-27,15,8,1,1,1,1,1,8,2025-10-27 15:00:00,2025-10-27 15:30:00,2025-10-27 16:15:00,12.041846,77.670473,"Incident of Assault reported in Chamrajnagar district at coordinates (12.0418, 77.6705)."
2129,2129/2025,FIR/2129/2025,2025-02-27,16,8,1,1,1,2,2,8,2025-02-27 03:00:00,2025-02-27 03:30:00,2025-02-27 04:15:00,12.046951,77.410369,"Incident of Assault reported in Chamrajnagar district at coordinates (12.0470, 77.4104)."
2130,2130/2025,FIR/2130/2025,2025-05-16,15,8,1,1,1,1,1,8,2025-05-16 04:00:00,2025-05-16 04:30:00,2025-05-16 05:15:00,11.869771,76.562618,"Incident of Assault reported in Chamrajnagar district at coordinates (11.8698, 76.5626)."
2131,2131/2025,FIR/2131/2025,2025-07-30,16,8,1,1,1,2,1,8,2025-07-30 22:00:00,2025-07-30 22:30:00,2025-07-30 23:15:00,12.057287,77.410732,"Incident of Assault reported in Chamrajnagar district at coordinates (12.0573, 77.4107)."
2132,2132/2025,FIR/2132/2025,2025-08-06,15,8,1,1,1,1,1,8,2025-08-06 13:00:00,2025-08-06 13:30:00,2025-08-06 14:15:00,11.861364,76.565288,"Incident of Assault reported in Chamrajnagar district at coordinates (11.8614, 76.5653)."
2133,2133/2025,FIR/2133/2025,2025-12-17,16,8,1,1,1,2,3,8,2025-12-17 10:00:00,2025-12-17 10:30:00,2025-12-17 11:15:00,12.022669,77.678182,"Incident of Assault reported in Chamrajnagar district at coordinates (12.0227, 77.6782)."
2134,2134/2025,FIR/2134/2025,2025-06-19,15,8,1,1,1,1,1,8,2025-06-19 22:00:00,2025-06-19 22:30:00,2025-06-19 23:15:00,11.711905,76.424582,"Incident of Assault reported in Chamrajnagar district at coordinates (11.7119, 76.4246)."
2135,2135/2025,FIR/2135/2025,2025-02-24,16,8,1,1,1,2,1,8,2025-02-24 17:00:00,2025-02-24 17:30:00,2025-02-24 18:15:00,12.041343,77.673402,"Incident of Assault reported in Chamrajnagar district at coordinates (12.0413, 77.6734)."
2136,2136/2025,FIR/2136/2025,2025-01-25,15,8,1,1,1,1,1,8,2025-01-25 17:00:00,2025-01-25 17:30:00,2025-01-25 18:15:00,12.043227,77.658923,"Incident of Assault reported in Chamrajnagar district at coordinates (12.0432, 77.6589)."
2137,2137/2025,FIR/2137/2025,2025-11-21,16,8,1,1,1,2,1,8,2025-11-21 03:00:00,2025-11-21 03:30:00,2025-11-21 04:15:00,12.042482,77.671037,"Incident of Assault reported in Chamrajnagar district at coordinates (12.0425, 77.6710)."
2138,2138/2025,FIR/2138/2025,2025-01-09,15,8,1,1,1,1,1,8,2025-01-09 08:00:00,2025-01-09 08:30:00,2025-01-09 09:15:00,12.051043,77.404139,"Incident of Assault reported in Chamrajnagar district at coordinates (12.0510, 77.4041)."
2139,2139/2025,FIR/2139/2025,2025-03-06,18,9,1,2,5,10,1,9,2025-03-06 17:00:00,2025-03-06 17:30:00,2025-03-06 18:15:00,13.424844,75.680463,"Incident of Theft reported in Chikmagalur district at coordinates (13.4248, 75.6805)."
2140,2140/2025,FIR/2140/2025,2025-05-06,17,9,1,2,5,9,2,9,2025-05-06 14:00:00,2025-05-06 14:30:00,2025-05-06 15:15:00,13.419982,75.667396,"Incident of Theft reported in Chikmagalur district at coordinates (13.4200, 75.6674)."
2141,2141/2025,FIR/2141/2025,2025-10-28,18,9,1,2,5,10,1,9,2025-10-28 16:00:00,2025-10-28 16:30:00,2025-10-28 17:15:00,13.570091,76.332883,"Incident of Theft reported in Chikmagalur district at coordinates (13.5701, 76.3329)."
2142,2142/2025,FIR/2142/2025,2025-08-08,17,9,1,2,5,9,1,9,2025-08-08 01:00:00,2025-08-08 01:30:00,2025-08-08 02:15:00,13.200415,75.663219,"Incident of Theft reported in Chikmagalur district at coordinates (13.2004, 75.6632)."
2143,2143/2025,FIR/2143/2025,2025-06-12,18,9,1,2,5,10,2,9,2025-06-12 00:00:00,2025-06-12 00:30:00,2025-06-12 01:15:00,13.21444,75.654888,"Incident of Theft reported in Chikmagalur district at coordinates (13.2144, 75.6549)."
2144,2144/2025,FIR/2144/2025,2025-10-07,17,9,1,2,5,9,2,9,2025-10-07 10:00:00,2025-10-07 10:30:00,2025-10-07 11:15:00,13.820973,75.983197,"Incident of Theft reported in Chikmagalur district at coordinates (13.8210, 75.9832)."
2145,2145/2025,FIR/2145/2025,2025-02-21,18,9,1,2,5,10,1,9,2025-02-21 11:00:00,2025-02-21 11:30:00,2025-02-21 12:15:00,13.206939,75.65707,"Incident of Theft reported in Chikmagalur district at coordinates (13.2069, 75.6571)."
2146,2146/2025,FIR/2146/2025,2025-01-10,17,9,1,2,5,9,2,9,2025-01-10 21:00:00,2025-01-10 21:30:00,2025-01-10 22:15:00,13.511724,76.233105,"Incident of Theft reported in Chikmagalur district at coordinates (13.5117, 76.2331)."
2147,2147/2025,FIR/2147/2025,2025-11-17,18,9,1,2,5,10,3,9,2025-11-17 01:00:00,2025-11-17 01:30:00,2025-11-17 02:15:00,13.202705,75.649097,"Incident of Theft reported in Chikmagalur district at coordinates (13.2027, 75.6491)."
2148,2148/2025,FIR/2148/2025,2025-08-02,17,9,1,2,5,9,1,9,2025-08-02 15:00:00,2025-08-02 15:30:00,2025-08-02 16:15:00,13.41255,75.67429,"Incident of Theft reported in Chikmagalur district at coordinates (13.4125, 75.6743)."
2149,2149/2025,FIR/2149/2025,2025-09-22,18,9,1,2,5,10,1,9,2025-09-22 20:00:00,2025-09-22 20:30:00,2025-09-22 21:15:00,12.989324,75.561031,"Incident of Theft reported in Chikmagalur district at coordinates (12.9893, 75.5610)."
2150,2150/2025,FIR/2150/2025,2025-12-08,17,9,1,2,5,9,2,9,2025-12-08 12:00:00,2025-12-08 12:30:00,2025-12-08 13:15:00,13.318466,75.778916,"Incident of Theft reported in Chikmagalur district at coordinates (13.3185, 75.7789)."
2151,2151/2025,FIR/2151/2025,2025-03-18,18,9,1,2,5,10,3,9,2025-03-18 20:00:00,2025-03-18 20:30:00,2025-03-18 21:15:00,13.376574,75.218601,"Incident of Theft reported in Chikmagalur district at coordinates (13.3766, 75.2186)."
2152,2152/2025,FIR/2152/2025,2025-06-24,17,9,1,2,5,9,1,9,2025-06-24 06:00:00,2025-06-24 06:30:00,2025-06-24 07:15:00,13.201765,75.423385,"Incident of Theft reported in Chikmagalur district at coordinates (13.2018, 75.4234)."
2153,2153/2025,FIR/2153/2025,2025-07-18,18,9,1,2,5,10,2,9,2025-07-18 17:00:00,2025-07-18 17:30:00,2025-07-18 18:15:00,13.19991,75.673672,"Incident of Theft reported in Chikmagalur district at coordinates (13.1999, 75.6737)."
2154,2154/2025,FIR/2154/2025,2025-03-17,17,9,1,2,5,9,3,9,2025-03-17 09:00:00,2025-03-17 09:30:00,2025-03-17 10:15:00,13.555886,75.837532,"Incident of Theft reported in Chikmagalur district at coordinates (13.5559, 75.8375)."
2155,2155/2025,FIR/2155/2025,2025-06-05,18,9,1,2,5,10,1,9,2025-06-05 20:00:00,2025-06-05 20:30:00,2025-06-05 21:15:00,13.197244,75.673134,"Incident of Theft reported in Chikmagalur district at coordinates (13.1972, 75.6731)."
2156,2156/2025,FIR/2156/2025,2025-10-05,17,9,1,2,5,9,1,9,2025-10-05 07:00:00,2025-10-05 07:30:00,2025-10-05 08:15:00,13.576564,76.325924,"Incident of Theft reported in Chikmagalur district at coordinates (13.5766, 76.3259)."
2157,2157/2025,FIR/2157/2025,2025-12-04,18,9,1,2,5,10,3,9,2025-12-04 12:00:00,2025-12-04 12:30:00,2025-12-04 13:15:00,13.182738,75.684679,"Incident of Theft reported in Chikmagalur district at coordinates (13.1827, 75.6847)."
2158,2158/2025,FIR/2158/2025,2025-10-23,17,9,1,2,5,9,3,9,2025-10-23 11:00:00,2025-10-23 11:30:00,2025-10-23 12:15:00,12.988093,75.558516,"Incident of Theft reported in Chikmagalur district at coordinates (12.9881, 75.5585)."
2159,2159/2025,FIR/2159/2025,2025-06-08,18,9,1,2,5,10,2,9,2025-06-08 17:00:00,2025-06-08 17:30:00,2025-06-08 18:15:00,13.424242,75.678756,"Incident of Theft reported in Chikmagalur district at coordinates (13.4242, 75.6788)."
2160,2160/2025,FIR/2160/2025,2025-06-06,17,9,1,2,5,9,1,9,2025-06-06 08:00:00,2025-06-06 08:30:00,2025-06-06 09:15:00,12.98492,75.555578,"Incident of Theft reported in Chikmagalur district at coordinates (12.9849, 75.5556)."
2161,2161/2025,FIR/2161/2025,2025-10-19,18,9,1,2,5,10,2,9,2025-10-19 22:00:00,2025-10-19 22:30:00,2025-10-19 23:15:00,13.509922,76.239433,"Incident of Theft reported in Chikmagalur district at coordinates (13.5099, 76.2394)."
2162,2162/2025,FIR/2162/2025,2025-07-13,17,9,1,2,5,9,2,9,2025-07-13 04:00:00,2025-07-13 04:30:00,2025-07-13 05:15:00,13.192723,75.652264,"Incident of Theft reported in Chikmagalur district at coordinates (13.1927, 75.6523)."
2163,2163/2025,FIR/2163/2025,2025-12-06,18,9,1,2,5,10,2,9,2025-12-06 23:00:00,2025-12-06 23:30:00,2025-12-06 23:15:00,13.496846,76.231407,"Incident of Theft reported in Chikmagalur district at coordinates (13.4968, 76.2314)."
2164,2164/2025,FIR/2164/2025,2025-12-15,17,9,1,2,5,9,3,9,2025-12-15 09:00:00,2025-12-15 09:30:00,2025-12-15 10:15:00,13.205477,75.661467,"Incident of Theft reported in Chikmagalur district at coordinates (13.2055, 75.6615)."
2165,2165/2025,FIR/2165/2025,2025-06-01,18,9,1,2,5,10,2,9,2025-06-01 14:00:00,2025-06-01 14:30:00,2025-06-01 15:15:00,13.424678,75.682306,"Incident of Theft reported in Chikmagalur district at coordinates (13.4247, 75.6823)."
2166,2166/2025,FIR/2166/2025,2025-11-10,17,9,1,2,5,9,1,9,2025-11-10 23:00:00,2025-11-10 23:30:00,2025-11-10 23:15:00,13.570384,76.328879,"Incident of Theft reported in Chikmagalur district at coordinates (13.5704, 76.3289)."
2167,2167/2025,FIR/2167/2025,2025-07-28,18,9,1,2,5,10,3,9,2025-07-28 06:00:00,2025-07-28 06:30:00,2025-07-28 07:15:00,13.438553,75.688386,"Incident of Theft reported in Chikmagalur district at coordinates (13.4386, 75.6884)."
2168,2168/2025,FIR/2168/2025,2025-01-05,17,9,1,2,5,9,2,9,2025-01-05 00:00:00,2025-01-05 00:30:00,2025-01-05 01:15:00,13.573226,76.33489,"Incident of Theft reported in Chikmagalur district at coordinates (13.5732, 76.3349)."
2169,2169/2025,FIR/2169/2025,2025-03-23,18,9,1,2,5,10,1,9,2025-03-23 05:00:00,2025-03-23 05:30:00,2025-03-23 06:15:00,12.986378,75.552108,"Incident of Theft reported in Chikmagalur district at coordinates (12.9864, 75.5521)."
2170,2170/2025,FIR/2170/2025,2025-11-17,17,9,1,2,5,9,1,9,2025-11-17 05:00:00,2025-11-17 05:30:00,2025-11-17 06:15:00,13.437078,75.682862,"Incident of Theft reported in Chikmagalur district at coordinates (13.4371, 75.6829)."
2171,2171/2025,FIR/2171/2025,2025-06-15,18,9,1,2,5,10,1,9,2025-06-15 12:00:00,2025-06-15 12:30:00,2025-06-15 13:15:00,13.501887,76.235711,"Incident of Theft reported in Chikmagalur district at coordinates (13.5019, 76.2357)."
2172,2172/2025,FIR/2172/2025,2025-05-11,17,9,1,2,5,9,3,9,2025-05-11 00:00:00,2025-05-11 00:30:00,2025-05-11 01:15:00,13.551963,76.129341,"Incident of Theft reported in Chikmagalur district at coordinates (13.5520, 76.1293)."
2173,2173/2025,FIR/2173/2025,2025-05-03,18,9,1,2,5,10,2,9,2025-05-03 06:00:00,2025-05-03 06:30:00,2025-05-03 07:15:00,13.557126,76.319524,"Incident of Theft reported in Chikmagalur district at coordinates (13.5571, 76.3195)."
2174,2174/2025,FIR/2174/2025,2025-04-20,17,9,1,2,5,9,1,9,2025-04-20 15:00:00,2025-04-20 15:30:00,2025-04-20 16:15:00,13.19653,75.659577,"Incident of Theft reported in Chikmagalur district at coordinates (13.1965, 75.6596)."
2175,2175/2025,FIR/2175/2025,2025-10-25,18,9,1,2,5,10,2,9,2025-10-25 05:00:00,2025-10-25 05:30:00,2025-10-25 06:15:00,13.514134,76.238021,"Incident of Theft reported in Chikmagalur district at coordinates (13.5141, 76.2380)."
2176,2176/2025,FIR/2176/2025,2025-03-21,17,9,1,2,5,9,2,9,2025-03-21 12:00:00,2025-03-21 12:30:00,2025-03-21 13:15:00,13.427233,75.668207,"Incident of Theft reported in Chikmagalur district at coordinates (13.4272, 75.6682)."
2177,2177/2025,FIR/2177/2025,2025-06-12,18,9,1,2,5,10,1,9,2025-06-12 01:00:00,2025-06-12 01:30:00,2025-06-12 02:15:00,13.511338,75.775322,"Incident of Theft reported in Chikmagalur district at coordinates (13.5113, 75.7753)."
2178,2178/2025,FIR/2178/2025,2025-11-30,17,9,1,2,5,9,2,9,2025-11-30 21:00:00,2025-11-30 21:30:00,2025-11-30 22:15:00,12.980607,75.548462,"Incident of Theft reported in Chikmagalur district at coordinates (12.9806, 75.5485)."
2179,2179/2025,FIR/2179/2025,2025-08-13,18,9,1,2,5,10,1,9,2025-08-13 06:00:00,2025-08-13 06:30:00,2025-08-13 07:15:00,13.577403,76.332128,"Incident of Theft reported in Chikmagalur district at coordinates (13.5774, 76.3321)."
2180,2180/2025,FIR/2180/2025,2025-10-05,17,9,1,2,5,9,1,9,2025-10-05 21:00:00,2025-10-05 21:30:00,2025-10-05 22:15:00,13.582257,76.331328,"Incident of Theft reported in Chikmagalur district at coordinates (13.5823, 76.3313)."
2181,2181/2025,FIR/2181/2025,2025-09-01,18,9,1,2,5,10,2,9,2025-09-01 11:00:00,2025-09-01 11:30:00,2025-09-01 12:15:00,13.42572,75.69507,"Incident of Theft reported in Chikmagalur district at coordinates (13.4257, 75.6951)."
2182,2182/2025,FIR/2182/2025,2025-10-29,17,9,1,2,5,9,1,9,2025-10-29 13:00:00,2025-10-29 13:30:00,2025-10-29 14:15:00,12.96989,75.546914,"Incident of Theft reported in Chikmagalur district at coordinates (12.9699, 75.5469)."
2183,2183/2025,FIR/2183/2025,2025-07-04,18,9,1,2,5,10,1,9,2025-07-04 02:00:00,2025-07-04 02:30:00,2025-07-04 03:15:00,13.58192,75.489442,"Incident of Theft reported in Chikmagalur district at coordinates (13.5819, 75.4894)."
2184,2184/2025,FIR/2184/2025,2025-10-12,17,9,1,1,4,7,2,9,2025-10-12 14:00:00,2025-10-12 14:30:00,2025-10-12 15:15:00,13.455808,75.389488,"Incident of Robbery reported in Chikmagalur district at coordinates (13.4558, 75.3895)."
2185,2185/2025,FIR/2185/2025,2025-05-23,18,9,1,1,4,8,3,9,2025-05-23 20:00:00,2025-05-23 20:30:00,2025-05-23 21:15:00,13.197568,75.727164,"Incident of Robbery reported in Chikmagalur district at coordinates (13.1976, 75.7272)."
2186,2186/2025,FIR/2186/2025,2025-08-27,17,9,1,1,4,7,1,9,2025-08-27 05:00:00,2025-08-27 05:30:00,2025-08-27 06:15:00,13.580064,76.331786,"Incident of Robbery reported in Chikmagalur district at coordinates (13.5801, 76.3318)."
2187,2187/2025,FIR/2187/2025,2025-04-29,18,9,1,1,4,8,3,9,2025-04-29 08:00:00,2025-04-29 08:30:00,2025-04-29 09:15:00,13.194455,75.66565,"Incident of Robbery reported in Chikmagalur district at coordinates (13.1945, 75.6656)."
2188,2188/2025,FIR/2188/2025,2025-11-16,17,9,1,1,4,7,2,9,2025-11-16 12:00:00,2025-11-16 12:30:00,2025-11-16 13:15:00,13.204567,75.655023,"Incident of Robbery reported in Chikmagalur district at coordinates (13.2046, 75.6550)."
2189,2189/2025,FIR/2189/2025,2025-06-05,18,9,1,1,4,8,2,9,2025-06-05 05:00:00,2025-06-05 05:30:00,2025-06-05 06:15:00,13.634062,75.984067,"Incident of Robbery reported in Chikmagalur district at coordinates (13.6341, 75.9841)."
2190,2190/2025,FIR/2190/2025,2025-05-14,17,9,1,1,4,7,2,9,2025-05-14 19:00:00,2025-05-14 19:30:00,2025-05-14 20:15:00,13.512018,76.228898,"Incident of Robbery reported in Chikmagalur district at coordinates (13.5120, 76.2289)."
2191,2191/2025,FIR/2191/2025,2025-06-08,18,9,1,2,3,6,2,9,2025-06-08 06:00:00,2025-06-08 06:30:00,2025-06-08 07:15:00,13.427332,75.675708,"Incident of Chain Snatching reported in Chikmagalur district at coordinates (13.4273, 75.6757)."
2192,2192/2025,FIR/2192/2025,2025-07-05,17,9,1,2,3,5,3,9,2025-07-05 11:00:00,2025-07-05 11:30:00,2025-07-05 12:15:00,13.416581,75.677693,"Incident of Chain Snatching reported in Chikmagalur district at coordinates (13.4166, 75.6777)."
2193,2193/2025,FIR/2193/2025,2025-10-08,18,9,1,2,3,6,2,9,2025-10-08 20:00:00,2025-10-08 20:30:00,2025-10-08 21:15:00,13.491212,76.221125,"Incident of Chain Snatching reported in Chikmagalur district at coordinates (13.4912, 76.2211)."
2194,2194/2025,FIR/2194/2025,2025-01-28,17,9,1,2,2,3,1,9,2025-01-28 17:00:00,2025-01-28 17:30:00,2025-01-28 18:15:00,13.433665,75.668083,"Incident of Burglary reported in Chikmagalur district at coordinates (13.4337, 75.6681)."
2195,2195/2025,FIR/2195/2025,2025-12-15,18,9,1,2,2,4,1,9,2025-12-15 04:00:00,2025-12-15 04:30:00,2025-12-15 05:15:00,13.513551,76.236733,"Incident of Burglary reported in Chikmagalur district at coordinates (13.5136, 76.2367)."
2196,2196/2025,FIR/2196/2025,2025-05-07,17,9,1,2,2,3,1,9,2025-05-07 15:00:00,2025-05-07 15:30:00,2025-05-07 16:15:00,13.43192,75.68312,"Incident of Burglary reported in Chikmagalur district at coordinates (13.4319, 75.6831)."
2197,2197/2025,FIR/2197/2025,2025-06-07,18,9,1,2,2,4,1,9,2025-06-07 23:00:00,2025-06-07 23:30:00,2025-06-07 23:15:00,13.511662,76.233263,"Incident of Burglary reported in Chikmagalur district at coordinates (13.5117, 76.2333)."
2198,2198/2025,FIR/2198/2025,2025-09-19,17,9,1,2,2,3,1,9,2025-09-19 13:00:00,2025-09-19 13:30:00,2025-09-19 14:15:00,13.582129,76.324583,"Incident of Burglary reported in Chikmagalur district at coordinates (13.5821, 76.3246)."
2199,2199/2025,FIR/2199/2025,2025-08-06,18,9,1,2,2,4,2,9,2025-08-06 11:00:00,2025-08-06 11:30:00,2025-08-06 12:15:00,13.212536,75.669526,"Incident of Burglary reported in Chikmagalur district at coordinates (13.2125, 75.6695)."
2200,2200/2025,FIR/2200/2025,2025-10-26,17,9,1,2,2,3,2,9,2025-10-26 08:00:00,2025-10-26 08:30:00,2025-10-26 09:15:00,13.418111,75.687984,"Incident of Burglary reported in Chikmagalur district at coordinates (13.4181, 75.6880)."
2201,2201/2025,FIR/2201/2025,2025-12-15,18,9,1,2,2,4,3,9,2025-12-15 11:00:00,2025-12-15 11:30:00,2025-12-15 12:15:00,13.55364,75.93334,"Incident of Burglary reported in Chikmagalur district at coordinates (13.5536, 75.9333)."
2202,2202/2025,FIR/2202/2025,2025-03-31,17,9,1,2,2,3,3,9,2025-03-31 11:00:00,2025-03-31 11:30:00,2025-03-31 12:15:00,13.198092,75.665691,"Incident of Burglary reported in Chikmagalur district at coordinates (13.1981, 75.6657)."
2203,2203/2025,FIR/2203/2025,2025-09-25,18,9,1,2,2,4,1,9,2025-09-25 10:00:00,2025-09-25 10:30:00,2025-09-25 11:15:00,13.584068,76.324988,"Incident of Burglary reported in Chikmagalur district at coordinates (13.5841, 76.3250)."
2204,2204/2025,FIR/2204/2025,2025-07-13,17,9,1,2,2,3,2,9,2025-07-13 16:00:00,2025-07-13 16:30:00,2025-07-13 17:15:00,13.515345,76.233764,"Incident of Burglary reported in Chikmagalur district at coordinates (13.5153, 76.2338)."
2205,2205/2025,FIR/2205/2025,2025-12-20,18,9,1,2,2,4,3,9,2025-12-20 22:00:00,2025-12-20 22:30:00,2025-12-20 23:15:00,13.583293,76.327223,"Incident of Burglary reported in Chikmagalur district at coordinates (13.5833, 76.3272)."
2206,2206/2025,FIR/2206/2025,2025-04-28,17,9,1,2,2,3,1,9,2025-04-28 09:00:00,2025-04-28 09:30:00,2025-04-28 10:15:00,13.09096,75.576218,"Incident of Burglary reported in Chikmagalur district at coordinates (13.0910, 75.5762)."
2207,2207/2025,FIR/2207/2025,2025-11-11,18,9,1,2,2,4,1,9,2025-11-11 12:00:00,2025-11-11 12:30:00,2025-11-11 13:15:00,13.500342,75.793716,"Incident of Burglary reported in Chikmagalur district at coordinates (13.5003, 75.7937)."
2208,2208/2025,FIR/2208/2025,2025-04-22,17,9,1,2,2,3,1,9,2025-04-22 03:00:00,2025-04-22 03:30:00,2025-04-22 04:15:00,12.984732,75.557362,"Incident of Burglary reported in Chikmagalur district at coordinates (12.9847, 75.5574)."
2209,2209/2025,FIR/2209/2025,2025-04-27,18,9,1,1,1,2,3,9,2025-04-27 10:00:00,2025-04-27 10:30:00,2025-04-27 11:15:00,13.198013,75.663935,"Incident of Assault reported in Chikmagalur district at coordinates (13.1980, 75.6639)."
2210,2210/2025,FIR/2210/2025,2025-02-01,17,9,1,1,1,1,3,9,2025-02-01 14:00:00,2025-02-01 14:30:00,2025-02-01 15:15:00,13.431465,75.656538,"Incident of Assault reported in Chikmagalur district at coordinates (13.4315, 75.6565)."
2211,2211/2025,FIR/2211/2025,2025-07-25,18,9,1,1,1,2,3,9,2025-07-25 08:00:00,2025-07-25 08:30:00,2025-07-25 09:15:00,13.515799,76.246711,"Incident of Assault reported in Chikmagalur district at coordinates (13.5158, 76.2467)."
2212,2212/2025,FIR/2212/2025,2025-12-27,17,9,1,1,1,1,1,9,2025-12-27 05:00:00,2025-12-27 05:30:00,2025-12-27 06:15:00,13.033289,75.546968,"Incident of Assault reported in Chikmagalur district at coordinates (13.0333, 75.5470)."
2213,2213/2025,FIR/2213/2025,2025-10-23,18,9,1,1,1,2,1,9,2025-10-23 11:00:00,2025-10-23 11:30:00,2025-10-23 12:15:00,12.987076,75.545862,"Incident of Assault reported in Chikmagalur district at coordinates (12.9871, 75.5459)."
2214,2214/2025,FIR/2214/2025,2025-03-29,17,9,1,1,1,1,2,9,2025-03-29 10:00:00,2025-03-29 10:30:00,2025-03-29 11:15:00,13.43755,75.671987,"Incident of Assault reported in Chikmagalur district at coordinates (13.4375, 75.6720)."
2215,2215/2025,FIR/2215/2025,2025-07-02,18,9,1,1,1,2,3,9,2025-07-02 14:00:00,2025-07-02 14:30:00,2025-07-02 15:15:00,13.457974,76.115293,"Incident of Assault reported in Chikmagalur district at coordinates (13.4580, 76.1153)."
2216,2216/2025,FIR/2216/2025,2025-03-18,17,9,1,1,1,1,2,9,2025-03-18 04:00:00,2025-03-18 04:30:00,2025-03-18 05:15:00,13.408127,75.681733,"Incident of Assault reported in Chikmagalur district at coordinates (13.4081, 75.6817)."
2217,2217/2025,FIR/2217/2025,2025-04-01,18,9,1,1,1,2,2,9,2025-04-01 19:00:00,2025-04-01 19:30:00,2025-04-01 20:15:00,12.976723,75.558487,"Incident of Assault reported in Chikmagalur district at coordinates (12.9767, 75.5585)."
2218,2218/2025,FIR/2218/2025,2025-10-14,17,9,1,1,1,1,3,9,2025-10-14 13:00:00,2025-10-14 13:30:00,2025-10-14 14:15:00,13.580323,76.329842,"Incident of Assault reported in Chikmagalur district at coordinates (13.5803, 76.3298)."
2219,2219/2025,FIR/2219/2025,2025-11-01,18,9,1,1,1,2,2,9,2025-11-01 05:00:00,2025-11-01 05:30:00,2025-11-01 06:15:00,13.417787,75.688408,"Incident of Assault reported in Chikmagalur district at coordinates (13.4178, 75.6884)."
2220,2220/2025,FIR/2220/2025,2025-06-18,17,9,1,1,1,1,2,9,2025-06-18 05:00:00,2025-06-18 05:30:00,2025-06-18 06:15:00,13.210904,75.662124,"Incident of Assault reported in Chikmagalur district at coordinates (13.2109, 75.6621)."
2221,2221/2025,FIR/2221/2025,2025-10-10,18,9,1,1,1,2,2,9,2025-10-10 15:00:00,2025-10-10 15:30:00,2025-10-10 16:15:00,12.981446,75.552573,"Incident of Assault reported in Chikmagalur district at coordinates (12.9814, 75.5526)."
2222,2222/2025,FIR/2222/2025,2025-09-04,17,9,1,1,1,1,3,9,2025-09-04 03:00:00,2025-09-04 03:30:00,2025-09-04 04:15:00,13.175224,75.508306,"Incident of Assault reported in Chikmagalur district at coordinates (13.1752, 75.5083)."
2223,2223/2025,FIR/2223/2025,2025-04-17,18,9,1,1,1,2,2,9,2025-04-17 13:00:00,2025-04-17 13:30:00,2025-04-17 14:15:00,13.52705,76.226242,"Incident of Assault reported in Chikmagalur district at coordinates (13.5270, 76.2262)."
2224,2224/2025,FIR/2224/2025,2025-03-27,17,9,1,1,1,1,1,9,2025-03-27 13:00:00,2025-03-27 13:30:00,2025-03-27 14:15:00,13.196291,75.669469,"Incident of Assault reported in Chikmagalur district at coordinates (13.1963, 75.6695)."
2225,2225/2025,FIR/2225/2025,2025-10-25,18,9,1,1,1,2,2,9,2025-10-25 08:00:00,2025-10-25 08:30:00,2025-10-25 09:15:00,13.435214,75.689303,"Incident of Assault reported in Chikmagalur district at coordinates (13.4352, 75.6893)."
2226,2226/2025,FIR/2226/2025,2025-01-18,17,9,1,1,1,1,2,9,2025-01-18 06:00:00,2025-01-18 06:30:00,2025-01-18 07:15:00,12.9902,75.558552,"Incident of Assault reported in Chikmagalur district at coordinates (12.9902, 75.5586)."
2227,2227/2025,FIR/2227/2025,2025-04-08,18,9,1,1,1,2,2,9,2025-04-08 22:00:00,2025-04-08 22:30:00,2025-04-08 23:15:00,13.498031,76.227891,"Incident of Assault reported in Chikmagalur district at coordinates (13.4980, 76.2279)."
2228,2228/2025,FIR/2228/2025,2025-02-23,17,9,1,1,1,1,2,9,2025-02-23 22:00:00,2025-02-23 22:30:00,2025-02-23 23:15:00,13.371449,75.69499,"Incident of Assault reported in Chikmagalur district at coordinates (13.3714, 75.6950)."
2229,2229/2025,FIR/2229/2025,2025-10-30,18,9,1,1,1,2,3,9,2025-10-30 09:00:00,2025-10-30 09:30:00,2025-10-30 10:15:00,13.000491,75.576555,"Incident of Assault reported in Chikmagalur district at coordinates (13.0005, 75.5766)."
2230,2230/2025,FIR/2230/2025,2025-09-18,17,9,1,1,1,1,1,9,2025-09-18 08:00:00,2025-09-18 08:30:00,2025-09-18 09:15:00,13.197346,75.665498,"Incident of Assault reported in Chikmagalur district at coordinates (13.1973, 75.6655)."
2231,2231/2025,FIR/2231/2025,2025-12-18,20,10,1,2,5,10,1,10,2025-12-18 18:00:00,2025-12-18 18:30:00,2025-12-18 19:15:00,14.039213,76.697682,"Incident of Theft reported in Chitradurga district at coordinates (14.0392, 76.6977)."
2232,2232/2025,FIR/2232/2025,2025-01-05,19,10,1,2,5,9,1,10,2025-01-05 12:00:00,2025-01-05 12:30:00,2025-01-05 13:15:00,14.250477,76.855337,"Incident of Theft reported in Chitradurga district at coordinates (14.2505, 76.8553)."
2233,2233/2025,FIR/2233/2025,2025-01-27,20,10,1,2,5,10,1,10,2025-01-27 08:00:00,2025-01-27 08:30:00,2025-01-27 09:15:00,14.023322,76.688563,"Incident of Theft reported in Chitradurga district at coordinates (14.0233, 76.6886)."
2234,2234/2025,FIR/2234/2025,2025-07-26,19,10,1,2,5,9,1,10,2025-07-26 04:00:00,2025-07-26 04:30:00,2025-07-26 05:15:00,14.244946,76.858941,"Incident of Theft reported in Chitradurga district at coordinates (14.2449, 76.8589)."
2235,2235/2025,FIR/2235/2025,2025-11-02,20,10,1,2,5,10,2,10,2025-11-02 16:00:00,2025-11-02 16:30:00,2025-11-02 17:15:00,13.758562,76.297402,"Incident of Theft reported in Chitradurga district at coordinates (13.7586, 76.2974)."
2236,2236/2025,FIR/2236/2025,2025-07-19,19,10,1,2,5,9,3,10,2025-07-19 22:00:00,2025-07-19 22:30:00,2025-07-19 23:15:00,13.744217,76.385625,"Incident of Theft reported in Chitradurga district at coordinates (13.7442, 76.3856)."
2237,2237/2025,FIR/2237/2025,2025-04-23,20,10,1,2,5,10,3,10,2025-04-23 15:00:00,2025-04-23 15:30:00,2025-04-23 16:15:00,14.040031,76.682623,"Incident of Theft reported in Chitradurga district at coordinates (14.0400, 76.6826)."
2238,2238/2025,FIR/2238/2025,2025-07-10,19,10,1,2,5,9,3,10,2025-07-10 03:00:00,2025-07-10 03:30:00,2025-07-10 04:15:00,14.300021,76.775183,"Incident of Theft reported in Chitradurga district at coordinates (14.3000, 76.7752)."
2239,2239/2025,FIR/2239/2025,2025-03-23,20,10,1,2,5,10,2,10,2025-03-23 13:00:00,2025-03-23 13:30:00,2025-03-23 14:15:00,14.309494,76.768465,"Incident of Theft reported in Chitradurga district at coordinates (14.3095, 76.7685)."
2240,2240/2025,FIR/2240/2025,2025-02-21,19,10,1,2,5,9,1,10,2025-02-21 16:00:00,2025-02-21 16:30:00,2025-02-21 17:15:00,14.310276,76.772568,"Incident of Theft reported in Chitradurga district at coordinates (14.3103, 76.7726)."
2241,2241/2025,FIR/2241/2025,2025-08-30,20,10,1,2,5,10,1,10,2025-08-30 22:00:00,2025-08-30 22:30:00,2025-08-30 23:15:00,14.292534,76.771786,"Incident of Theft reported in Chitradurga district at coordinates (14.2925, 76.7718)."
2242,2242/2025,FIR/2242/2025,2025-08-06,19,10,1,2,5,9,3,10,2025-08-06 19:00:00,2025-08-06 19:30:00,2025-08-06 20:15:00,14.289357,76.764779,"Incident of Theft reported in Chitradurga district at coordinates (14.2894, 76.7648)."
2243,2243/2025,FIR/2243/2025,2025-07-08,20,10,1,2,5,10,3,10,2025-07-08 09:00:00,2025-07-08 09:30:00,2025-07-08 10:15:00,14.299407,76.757863,"Incident of Theft reported in Chitradurga district at coordinates (14.2994, 76.7579)."
2244,2244/2025,FIR/2244/2025,2025-12-29,19,10,1,2,5,9,3,10,2025-12-29 03:00:00,2025-12-29 03:30:00,2025-12-29 04:15:00,14.536113,76.778402,"Incident of Theft reported in Chitradurga district at coordinates (14.5361, 76.7784)."
2245,2245/2025,FIR/2245/2025,2025-07-10,20,10,1,2,5,10,1,10,2025-07-10 22:00:00,2025-07-10 22:30:00,2025-07-10 23:15:00,14.048761,76.707471,"Incident of Theft reported in Chitradurga district at coordinates (14.0488, 76.7075)."
2246,2246/2025,FIR/2246/2025,2025-08-01,19,10,1,2,5,9,2,10,2025-08-01 14:00:00,2025-08-01 14:30:00,2025-08-01 15:15:00,14.298268,76.774439,"Incident of Theft reported in Chitradurga district at coordinates (14.2983, 76.7744)."
2247,2247/2025,FIR/2247/2025,2025-01-16,20,10,1,2,5,10,1,10,2025-01-16 13:00:00,2025-01-16 13:30:00,2025-01-16 14:15:00,13.778879,76.333191,"Incident of Theft reported in Chitradurga district at coordinates (13.7789, 76.3332)."
2248,2248/2025,FIR/2248/2025,2025-01-18,19,10,1,2,5,9,3,10,2025-01-18 15:00:00,2025-01-18 15:30:00,2025-01-18 16:15:00,14.037426,76.694727,"Incident of Theft reported in Chitradurga district at coordinates (14.0374, 76.6947)."
2249,2249/2025,FIR/2249/2025,2025-08-27,20,10,1,2,5,10,1,10,2025-08-27 20:00:00,2025-08-27 20:30:00,2025-08-27 21:15:00,14.362585,76.540983,"Incident of Theft reported in Chitradurga district at coordinates (14.3626, 76.5410)."
2250,2250/2025,FIR/2250/2025,2025-01-15,19,10,1,2,5,9,1,10,2025-01-15 05:00:00,2025-01-15 05:30:00,2025-01-15 06:15:00,14.245955,76.84549,"Incident of Theft reported in Chitradurga district at coordinates (14.2460, 76.8455)."
2251,2251/2025,FIR/2251/2025,2025-06-01,20,10,1,2,5,10,3,10,2025-06-01 04:00:00,2025-06-01 04:30:00,2025-06-01 05:15:00,14.030148,76.686718,"Incident of Theft reported in Chitradurga district at coordinates (14.0301, 76.6867)."
2252,2252/2025,FIR/2252/2025,2025-03-17,19,10,1,2,5,9,2,10,2025-03-17 05:00:00,2025-03-17 05:30:00,2025-03-17 06:15:00,14.086955,76.330278,"Incident of Theft reported in Chitradurga district at coordinates (14.0870, 76.3303)."
2253,2253/2025,FIR/2253/2025,2025-10-17,20,10,1,2,5,10,3,10,2025-10-17 07:00:00,2025-10-17 07:30:00,2025-10-17 08:15:00,14.301668,76.756667,"Incident of Theft reported in Chitradurga district at coordinates (14.3017, 76.7567)."
2254,2254/2025,FIR/2254/2025,2025-12-15,19,10,1,2,5,9,2,10,2025-12-15 08:00:00,2025-12-15 08:30:00,2025-12-15 09:15:00,14.312592,76.781005,"Incident of Theft reported in Chitradurga district at coordinates (14.3126, 76.7810)."
2255,2255/2025,FIR/2255/2025,2025-08-07,20,10,1,2,5,10,2,10,2025-08-07 13:00:00,2025-08-07 13:30:00,2025-08-07 14:15:00,14.296417,76.780232,"Incident of Theft reported in Chitradurga district at coordinates (14.2964, 76.7802)."
2256,2256/2025,FIR/2256/2025,2025-04-28,19,10,1,2,5,9,1,10,2025-04-28 13:00:00,2025-04-28 13:30:00,2025-04-28 14:15:00,14.440691,76.767635,"Incident of Theft reported in Chitradurga district at coordinates (14.4407, 76.7676)."
2257,2257/2025,FIR/2257/2025,2025-10-02,20,10,1,2,5,10,1,10,2025-10-02 17:00:00,2025-10-02 17:30:00,2025-10-02 18:15:00,14.048563,76.701485,"Incident of Theft reported in Chitradurga district at coordinates (14.0486, 76.7015)."
2258,2258/2025,FIR/2258/2025,2025-03-11,19,10,1,2,5,9,1,10,2025-03-11 01:00:00,2025-03-11 01:30:00,2025-03-11 02:15:00,14.037301,76.702697,"Incident of Theft reported in Chitradurga district at coordinates (14.0373, 76.7027)."
2259,2259/2025,FIR/2259/2025,2025-12-29,20,10,1,2,5,10,3,10,2025-12-29 16:00:00,2025-12-29 16:30:00,2025-12-29 17:15:00,14.243587,76.839989,"Incident of Theft reported in Chitradurga district at coordinates (14.2436, 76.8400)."
2260,2260/2025,FIR/2260/2025,2025-11-07,19,10,1,2,5,9,2,10,2025-11-07 10:00:00,2025-11-07 10:30:00,2025-11-07 11:15:00,13.7667,76.478645,"Incident of Theft reported in Chitradurga district at coordinates (13.7667, 76.4786)."
2261,2261/2025,FIR/2261/2025,2025-06-07,20,10,1,2,5,10,1,10,2025-06-07 14:00:00,2025-06-07 14:30:00,2025-06-07 15:15:00,14.242935,76.855743,"Incident of Theft reported in Chitradurga district at coordinates (14.2429, 76.8557)."
2262,2262/2025,FIR/2262/2025,2025-07-21,19,10,1,2,5,9,1,10,2025-07-21 10:00:00,2025-07-21 10:30:00,2025-07-21 11:15:00,14.03968,76.708972,"Incident of Theft reported in Chitradurga district at coordinates (14.0397, 76.7090)."
2263,2263/2025,FIR/2263/2025,2025-02-25,20,10,1,2,5,10,2,10,2025-02-25 20:00:00,2025-02-25 20:30:00,2025-02-25 21:15:00,14.238088,76.857437,"Incident of Theft reported in Chitradurga district at coordinates (14.2381, 76.8574)."
2264,2264/2025,FIR/2264/2025,2025-04-12,19,10,1,2,5,9,2,10,2025-04-12 14:00:00,2025-04-12 14:30:00,2025-04-12 15:15:00,14.250858,76.855918,"Incident of Theft reported in Chitradurga district at coordinates (14.2509, 76.8559)."
2265,2265/2025,FIR/2265/2025,2025-10-01,20,10,1,2,5,10,3,10,2025-10-01 03:00:00,2025-10-01 03:30:00,2025-10-01 04:15:00,14.025912,76.689757,"Incident of Theft reported in Chitradurga district at coordinates (14.0259, 76.6898)."
2266,2266/2025,FIR/2266/2025,2025-05-19,19,10,1,2,5,9,2,10,2025-05-19 13:00:00,2025-05-19 13:30:00,2025-05-19 14:15:00,14.241919,76.850298,"Incident of Theft reported in Chitradurga district at coordinates (14.2419, 76.8503)."
2267,2267/2025,FIR/2267/2025,2025-01-05,20,10,1,2,5,10,2,10,2025-01-05 13:00:00,2025-01-05 13:30:00,2025-01-05 14:15:00,14.259981,76.839514,"Incident of Theft reported in Chitradurga district at coordinates (14.2600, 76.8395)."
2268,2268/2025,FIR/2268/2025,2025-01-29,19,10,1,2,5,9,2,10,2025-01-29 08:00:00,2025-01-29 08:30:00,2025-01-29 09:15:00,14.251635,76.841982,"Incident of Theft reported in Chitradurga district at coordinates (14.2516, 76.8420)."
2269,2269/2025,FIR/2269/2025,2025-11-07,20,10,1,2,5,10,1,10,2025-11-07 19:00:00,2025-11-07 19:30:00,2025-11-07 20:15:00,14.038164,76.697835,"Incident of Theft reported in Chitradurga district at coordinates (14.0382, 76.6978)."
2270,2270/2025,FIR/2270/2025,2025-09-11,19,10,1,2,5,9,2,10,2025-09-11 05:00:00,2025-09-11 05:30:00,2025-09-11 06:15:00,14.532264,76.626133,"Incident of Theft reported in Chitradurga district at coordinates (14.5323, 76.6261)."
2271,2271/2025,FIR/2271/2025,2025-09-18,20,10,1,1,4,8,1,10,2025-09-18 16:00:00,2025-09-18 16:30:00,2025-09-18 17:15:00,14.030241,76.691235,"Incident of Robbery reported in Chitradurga district at coordinates (14.0302, 76.6912)."
2272,2272/2025,FIR/2272/2025,2025-04-17,19,10,1,1,4,7,2,10,2025-04-17 20:00:00,2025-04-17 20:30:00,2025-04-17 21:15:00,14.225295,76.211021,"Incident of Robbery reported in Chitradurga district at coordinates (14.2253, 76.2110)."
2273,2273/2025,FIR/2273/2025,2025-07-09,20,10,1,1,4,8,3,10,2025-07-09 01:00:00,2025-07-09 01:30:00,2025-07-09 02:15:00,14.306295,76.77356,"Incident of Robbery reported in Chitradurga district at coordinates (14.3063, 76.7736)."
2274,2274/2025,FIR/2274/2025,2025-04-20,19,10,1,1,4,7,3,10,2025-04-20 13:00:00,2025-04-20 13:30:00,2025-04-20 14:15:00,14.043842,76.680694,"Incident of Robbery reported in Chitradurga district at coordinates (14.0438, 76.6807)."
2275,2275/2025,FIR/2275/2025,2025-01-06,20,10,1,1,4,8,2,10,2025-01-06 10:00:00,2025-01-06 10:30:00,2025-01-06 11:15:00,14.049115,76.812744,"Incident of Robbery reported in Chitradurga district at coordinates (14.0491, 76.8127)."
2276,2276/2025,FIR/2276/2025,2025-08-31,19,10,1,1,4,7,1,10,2025-08-31 01:00:00,2025-08-31 01:30:00,2025-08-31 02:15:00,14.261601,76.853585,"Incident of Robbery reported in Chitradurga district at coordinates (14.2616, 76.8536)."
2277,2277/2025,FIR/2277/2025,2025-08-28,20,10,1,2,3,6,3,10,2025-08-28 09:00:00,2025-08-28 09:30:00,2025-08-28 10:15:00,14.044128,76.689484,"Incident of Chain Snatching reported in Chitradurga district at coordinates (14.0441, 76.6895)."
2278,2278/2025,FIR/2278/2025,2025-11-24,19,10,1,2,3,5,3,10,2025-11-24 17:00:00,2025-11-24 17:30:00,2025-11-24 18:15:00,14.515883,76.512044,"Incident of Chain Snatching reported in Chitradurga district at coordinates (14.5159, 76.5120)."
2279,2279/2025,FIR/2279/2025,2025-02-28,20,10,1,2,3,6,3,10,2025-02-28 03:00:00,2025-02-28 03:30:00,2025-02-28 04:15:00,14.292892,76.24238,"Incident of Chain Snatching reported in Chitradurga district at coordinates (14.2929, 76.2424)."
2280,2280/2025,FIR/2280/2025,2025-03-15,19,10,1,2,2,3,3,10,2025-03-15 23:00:00,2025-03-15 23:30:00,2025-03-15 23:15:00,14.401941,76.410348,"Incident of Burglary reported in Chitradurga district at coordinates (14.4019, 76.4103)."
2281,2281/2025,FIR/2281/2025,2025-01-19,20,10,1,2,2,4,3,10,2025-01-19 08:00:00,2025-01-19 08:30:00,2025-01-19 09:15:00,14.053588,76.693762,"Incident of Burglary reported in Chitradurga district at coordinates (14.0536, 76.6938)."
2282,2282/2025,FIR/2282/2025,2025-11-15,19,10,1,2,2,3,3,10,2025-11-15 19:00:00,2025-11-15 19:30:00,2025-11-15 20:15:00,14.035135,76.697667,"Incident of Burglary reported in Chitradurga district at coordinates (14.0351, 76.6977)."
2283,2283/2025,FIR/2283/2025,2025-04-24,20,10,1,2,2,4,2,10,2025-04-24 15:00:00,2025-04-24 15:30:00,2025-04-24 16:15:00,14.243648,76.841468,"Incident of Burglary reported in Chitradurga district at coordinates (14.2436, 76.8415)."
2284,2284/2025,FIR/2284/2025,2025-12-28,19,10,1,2,2,3,2,10,2025-12-28 20:00:00,2025-12-28 20:30:00,2025-12-28 21:15:00,14.29038,76.764305,"Incident of Burglary reported in Chitradurga district at coordinates (14.2904, 76.7643)."
2285,2285/2025,FIR/2285/2025,2025-01-19,20,10,1,2,2,4,2,10,2025-01-19 15:00:00,2025-01-19 15:30:00,2025-01-19 16:15:00,14.242046,76.846707,"Incident of Burglary reported in Chitradurga district at coordinates (14.2420, 76.8467)."
2286,2286/2025,FIR/2286/2025,2025-06-07,19,10,1,2,2,3,1,10,2025-06-07 16:00:00,2025-06-07 16:30:00,2025-06-07 17:15:00,14.162511,76.479353,"Incident of Burglary reported in Chitradurga district at coordinates (14.1625, 76.4794)."
2287,2287/2025,FIR/2287/2025,2025-10-24,20,10,1,2,2,4,2,10,2025-10-24 02:00:00,2025-10-24 02:30:00,2025-10-24 03:15:00,14.033266,76.702078,"Incident of Burglary reported in Chitradurga district at coordinates (14.0333, 76.7021)."
2288,2288/2025,FIR/2288/2025,2025-10-10,19,10,1,2,2,3,1,10,2025-10-10 18:00:00,2025-10-10 18:30:00,2025-10-10 19:15:00,14.292903,76.765316,"Incident of Burglary reported in Chitradurga district at coordinates (14.2929, 76.7653)."
2289,2289/2025,FIR/2289/2025,2025-11-19,20,10,1,2,2,4,2,10,2025-11-19 08:00:00,2025-11-19 08:30:00,2025-11-19 09:15:00,14.281671,76.761083,"Incident of Burglary reported in Chitradurga district at coordinates (14.2817, 76.7611)."
2290,2290/2025,FIR/2290/2025,2025-09-28,19,10,1,2,2,3,3,10,2025-09-28 09:00:00,2025-09-28 09:30:00,2025-09-28 10:15:00,14.301486,76.776409,"Incident of Burglary reported in Chitradurga district at coordinates (14.3015, 76.7764)."
2291,2291/2025,FIR/2291/2025,2025-01-15,20,10,1,2,2,4,3,10,2025-01-15 09:00:00,2025-01-15 09:30:00,2025-01-15 10:15:00,14.032262,76.679103,"Incident of Burglary reported in Chitradurga district at coordinates (14.0323, 76.6791)."
2292,2292/2025,FIR/2292/2025,2025-06-15,19,10,1,1,1,1,1,10,2025-06-15 22:00:00,2025-06-15 22:30:00,2025-06-15 23:15:00,14.26968,76.835119,"Incident of Assault reported in Chitradurga district at coordinates (14.2697, 76.8351)."
2293,2293/2025,FIR/2293/2025,2025-06-25,20,10,1,1,1,2,2,10,2025-06-25 21:00:00,2025-06-25 21:30:00,2025-06-25 22:15:00,14.305444,76.767319,"Incident of Assault reported in Chitradurga district at coordinates (14.3054, 76.7673)."
2294,2294/2025,FIR/2294/2025,2025-04-07,19,10,1,1,1,1,3,10,2025-04-07 07:00:00,2025-04-07 07:30:00,2025-04-07 08:15:00,14.241931,76.838158,"Incident of Assault reported in Chitradurga district at coordinates (14.2419, 76.8382)."
2295,2295/2025,FIR/2295/2025,2025-03-07,20,10,1,1,1,2,3,10,2025-03-07 16:00:00,2025-03-07 16:30:00,2025-03-07 17:15:00,14.288788,76.770978,"Incident of Assault reported in Chitradurga district at coordinates (14.2888, 76.7710)."
2296,2296/2025,FIR/2296/2025,2025-04-01,19,10,1,1,1,1,1,10,2025-04-01 18:00:00,2025-04-01 18:30:00,2025-04-01 19:15:00,14.243327,76.850138,"Incident of Assault reported in Chitradurga district at coordinates (14.2433, 76.8501)."
2297,2297/2025,FIR/2297/2025,2025-03-03,20,10,1,1,1,2,2,10,2025-03-03 17:00:00,2025-03-03 17:30:00,2025-03-03 18:15:00,14.033974,76.702819,"Incident of Assault reported in Chitradurga district at coordinates (14.0340, 76.7028)."
2298,2298/2025,FIR/2298/2025,2025-11-16,19,10,1,1,1,1,2,10,2025-11-16 19:00:00,2025-11-16 19:30:00,2025-11-16 20:15:00,14.284796,76.769941,"Incident of Assault reported in Chitradurga district at coordinates (14.2848, 76.7699)."
2299,2299/2025,FIR/2299/2025,2025-08-12,20,10,1,1,1,2,3,10,2025-08-12 18:00:00,2025-08-12 18:30:00,2025-08-12 19:15:00,14.25981,76.834551,"Incident of Assault reported in Chitradurga district at coordinates (14.2598, 76.8346)."
2300,2300/2025,FIR/2300/2025,2025-07-21,19,10,1,1,1,1,1,10,2025-07-21 20:00:00,2025-07-21 20:30:00,2025-07-21 21:15:00,14.04982,76.694256,"Incident of Assault reported in Chitradurga district at coordinates (14.0498, 76.6943)."
2301,2301/2025,FIR/2301/2025,2025-11-10,20,10,1,1,1,2,1,10,2025-11-10 17:00:00,2025-11-10 17:30:00,2025-11-10 18:15:00,14.234728,76.849536,"Incident of Assault reported in Chitradurga district at coordinates (14.2347, 76.8495)."
2302,2302/2025,FIR/2302/2025,2025-02-18,19,10,1,1,1,1,3,10,2025-02-18 04:00:00,2025-02-18 04:30:00,2025-02-18 05:15:00,14.039144,76.693908,"Incident of Assault reported in Chitradurga district at coordinates (14.0391, 76.6939)."
2303,2303/2025,FIR/2303/2025,2025-07-02,20,10,1,1,1,2,2,10,2025-07-02 03:00:00,2025-07-02 03:30:00,2025-07-02 04:15:00,14.840522,76.788291,"Incident of Assault reported in Chitradurga district at coordinates (14.8405, 76.7883)."
2304,2304/2025,FIR/2304/2025,2025-12-30,19,10,1,1,1,1,1,10,2025-12-30 03:00:00,2025-12-30 03:30:00,2025-12-30 04:15:00,14.245832,76.846806,"Incident of Assault reported in Chitradurga district at coordinates (14.2458, 76.8468)."
2305,2305/2025,FIR/2305/2025,2025-12-07,20,10,1,1,1,2,1,10,2025-12-07 11:00:00,2025-12-07 11:30:00,2025-12-07 12:15:00,14.02086,76.698743,"Incident of Assault reported in Chitradurga district at coordinates (14.0209, 76.6987)."
2306,2306/2025,FIR/2306/2025,2025-09-06,19,10,1,1,1,1,2,10,2025-09-06 13:00:00,2025-09-06 13:30:00,2025-09-06 14:15:00,13.814078,76.251076,"Incident of Assault reported in Chitradurga district at coordinates (13.8141, 76.2511)."
2307,2307/2025,FIR/2307/2025,2025-06-21,20,10,1,1,1,2,1,10,2025-06-21 22:00:00,2025-06-21 22:30:00,2025-06-21 23:15:00,14.298461,76.766787,"Incident of Assault reported in Chitradurga district at coordinates (14.2985, 76.7668)."
2308,2308/2025,FIR/2308/2025,2025-03-15,19,10,1,1,1,1,3,10,2025-03-15 06:00:00,2025-03-15 06:30:00,2025-03-15 07:15:00,14.455533,76.956006,"Incident of Assault reported in Chitradurga district at coordinates (14.4555, 76.9560)."
2309,2309/2025,FIR/2309/2025,2025-03-27,20,10,1,1,1,2,1,10,2025-03-27 12:00:00,2025-03-27 12:30:00,2025-03-27 13:15:00,14.289636,76.775369,"Incident of Assault reported in Chitradurga district at coordinates (14.2896, 76.7754)."
2310,2310/2025,FIR/2310/2025,2025-04-20,19,10,1,1,1,1,2,10,2025-04-20 15:00:00,2025-04-20 15:30:00,2025-04-20 16:15:00,14.263956,76.851994,"Incident of Assault reported in Chitradurga district at coordinates (14.2640, 76.8520)."
2311,2311/2025,FIR/2311/2025,2025-07-09,20,10,1,1,1,2,2,10,2025-07-09 16:00:00,2025-07-09 16:30:00,2025-07-09 17:15:00,14.03935,76.684015,"Incident of Assault reported in Chitradurga district at coordinates (14.0394, 76.6840)."
2312,2312/2025,FIR/2312/2025,2025-04-21,21,11,1,2,5,9,3,11,2025-04-21 12:00:00,2025-04-21 12:30:00,2025-04-21 13:15:00,13.105648,75.17272,"Incident of Theft reported in Dakshin Kannad district at coordinates (13.1056, 75.1727)."
2313,2313/2025,FIR/2313/2025,2025-08-23,22,11,1,2,5,10,2,11,2025-08-23 01:00:00,2025-08-23 01:30:00,2025-08-23 02:15:00,12.993046,75.346443,"Incident of Theft reported in Dakshin Kannad district at coordinates (12.9930, 75.3464)."
2314,2314/2025,FIR/2314/2025,2025-02-09,21,11,1,2,5,9,1,11,2025-02-09 04:00:00,2025-02-09 04:30:00,2025-02-09 05:15:00,12.57743,75.390031,"Incident of Theft reported in Dakshin Kannad district at coordinates (12.5774, 75.3900)."
2315,2315/2025,FIR/2315/2025,2025-05-01,22,11,1,2,5,10,2,11,2025-05-01 16:00:00,2025-05-01 16:30:00,2025-05-01 17:15:00,12.978193,75.094042,"Incident of Theft reported in Dakshin Kannad district at coordinates (12.9782, 75.0940)."
2316,2316/2025,FIR/2316/2025,2025-01-02,21,11,1,2,5,9,1,11,2025-01-02 21:00:00,2025-01-02 21:30:00,2025-01-02 22:15:00,12.5693,75.380344,"Incident of Theft reported in Dakshin Kannad district at coordinates (12.5693, 75.3803)."
2317,2317/2025,FIR/2317/2025,2025-11-10,22,11,1,2,5,10,1,11,2025-11-10 15:00:00,2025-11-10 15:30:00,2025-11-10 16:15:00,12.983034,75.118448,"Incident of Theft reported in Dakshin Kannad district at coordinates (12.9830, 75.1184)."
2318,2318/2025,FIR/2318/2025,2025-12-06,21,11,1,2,5,9,3,11,2025-12-06 17:00:00,2025-12-06 17:30:00,2025-12-06 18:15:00,12.768542,75.475954,"Incident of Theft reported in Dakshin Kannad district at coordinates (12.7685, 75.4760)."
2319,2319/2025,FIR/2319/2025,2025-05-12,22,11,1,2,5,10,1,11,2025-05-12 17:00:00,2025-05-12 17:30:00,2025-05-12 18:15:00,12.771654,75.190344,"Incident of Theft reported in Dakshin Kannad district at coordinates (12.7717, 75.1903)."
2320,2320/2025,FIR/2320/2025,2025-05-06,21,11,1,2,5,9,2,11,2025-05-06 06:00:00,2025-05-06 06:30:00,2025-05-06 07:15:00,12.68304,75.542123,"Incident of Theft reported in Dakshin Kannad district at coordinates (12.6830, 75.5421)."
2321,2321/2025,FIR/2321/2025,2025-07-19,22,11,1,2,5,10,2,11,2025-07-19 07:00:00,2025-07-19 07:30:00,2025-07-19 08:15:00,12.855656,75.553723,"Incident of Theft reported in Dakshin Kannad district at coordinates (12.8557, 75.5537)."
2322,2322/2025,FIR/2322/2025,2025-09-21,21,11,1,2,5,9,1,11,2025-09-21 21:00:00,2025-09-21 21:30:00,2025-09-21 22:15:00,12.688288,75.540438,"Incident of Theft reported in Dakshin Kannad district at coordinates (12.6883, 75.5404)."
2323,2323/2025,FIR/2323/2025,2025-10-04,22,11,1,2,5,10,3,11,2025-10-04 02:00:00,2025-10-04 02:30:00,2025-10-04 03:15:00,12.575198,75.38524,"Incident of Theft reported in Dakshin Kannad district at coordinates (12.5752, 75.3852)."
2324,2324/2025,FIR/2324/2025,2025-11-23,21,11,1,2,5,9,2,11,2025-11-23 01:00:00,2025-11-23 01:30:00,2025-11-23 02:15:00,12.973068,75.104875,"Incident of Theft reported in Dakshin Kannad district at coordinates (12.9731, 75.1049)."
2325,2325/2025,FIR/2325/2025,2025-06-28,22,11,1,2,5,10,2,11,2025-06-28 23:00:00,2025-06-28 23:30:00,2025-06-28 23:15:00,12.753721,75.624634,"Incident of Theft reported in Dakshin Kannad district at coordinates (12.7537, 75.6246)."
2326,2326/2025,FIR/2326/2025,2025-10-27,21,11,1,2,5,9,1,11,2025-10-27 08:00:00,2025-10-27 08:30:00,2025-10-27 09:15:00,12.969688,75.112966,"Incident of Theft reported in Dakshin Kannad district at coordinates (12.9697, 75.1130)."
2327,2327/2025,FIR/2327/2025,2025-10-25,22,11,1,2,5,10,1,11,2025-10-25 16:00:00,2025-10-25 16:30:00,2025-10-25 17:15:00,12.560342,75.389674,"Incident of Theft reported in Dakshin Kannad district at coordinates (12.5603, 75.3897)."
2328,2328/2025,FIR/2328/2025,2025-02-02,21,11,1,2,5,9,2,11,2025-02-02 04:00:00,2025-02-02 04:30:00,2025-02-02 05:15:00,12.654467,75.469597,"Incident of Theft reported in Dakshin Kannad district at coordinates (12.6545, 75.4696)."
2329,2329/2025,FIR/2329/2025,2025-05-22,22,11,1,2,5,10,3,11,2025-05-22 03:00:00,2025-05-22 03:30:00,2025-05-22 04:15:00,12.954504,75.379455,"Incident of Theft reported in Dakshin Kannad district at coordinates (12.9545, 75.3795)."
2330,2330/2025,FIR/2330/2025,2025-10-24,21,11,1,2,5,9,1,11,2025-10-24 06:00:00,2025-10-24 06:30:00,2025-10-24 07:15:00,12.681999,75.061657,"Incident of Theft reported in Dakshin Kannad district at coordinates (12.6820, 75.0617)."
2331,2331/2025,FIR/2331/2025,2025-07-24,22,11,1,2,5,10,2,11,2025-07-24 13:00:00,2025-07-24 13:30:00,2025-07-24 14:15:00,12.5703,75.386656,"Incident of Theft reported in Dakshin Kannad district at coordinates (12.5703, 75.3867)."
2332,2332/2025,FIR/2332/2025,2025-04-11,21,11,1,2,5,9,2,11,2025-04-11 13:00:00,2025-04-11 13:30:00,2025-04-11 14:15:00,12.961289,75.109813,"Incident of Theft reported in Dakshin Kannad district at coordinates (12.9613, 75.1098)."
2333,2333/2025,FIR/2333/2025,2025-01-01,22,11,1,2,5,10,3,11,2025-01-01 19:00:00,2025-01-01 19:30:00,2025-01-01 20:15:00,12.861257,75.545777,"Incident of Theft reported in Dakshin Kannad district at coordinates (12.8613, 75.5458)."
2334,2334/2025,FIR/2334/2025,2025-05-28,21,11,1,2,5,9,1,11,2025-05-28 21:00:00,2025-05-28 21:30:00,2025-05-28 22:15:00,12.770629,75.479654,"Incident of Theft reported in Dakshin Kannad district at coordinates (12.7706, 75.4797)."
2335,2335/2025,FIR/2335/2025,2025-01-06,22,11,1,2,5,10,2,11,2025-01-06 14:00:00,2025-01-06 14:30:00,2025-01-06 15:15:00,12.682776,75.529673,"Incident of Theft reported in Dakshin Kannad district at coordinates (12.6828, 75.5297)."
2336,2336/2025,FIR/2336/2025,2025-04-29,21,11,1,2,5,9,1,11,2025-04-29 05:00:00,2025-04-29 05:30:00,2025-04-29 06:15:00,12.609141,75.639797,"Incident of Theft reported in Dakshin Kannad district at coordinates (12.6091, 75.6398)."
2337,2337/2025,FIR/2337/2025,2025-09-20,22,11,1,2,5,10,1,11,2025-09-20 09:00:00,2025-09-20 09:30:00,2025-09-20 10:15:00,12.66583,75.551625,"Incident of Theft reported in Dakshin Kannad district at coordinates (12.6658, 75.5516)."
2338,2338/2025,FIR/2338/2025,2025-02-14,21,11,1,2,5,9,3,11,2025-02-14 21:00:00,2025-02-14 21:30:00,2025-02-14 22:15:00,12.736953,75.429076,"Incident of Theft reported in Dakshin Kannad district at coordinates (12.7370, 75.4291)."
2339,2339/2025,FIR/2339/2025,2025-03-28,22,11,1,2,5,10,3,11,2025-03-28 20:00:00,2025-03-28 20:30:00,2025-03-28 21:15:00,12.777979,75.484702,"Incident of Theft reported in Dakshin Kannad district at coordinates (12.7780, 75.4847)."
2340,2340/2025,FIR/2340/2025,2025-08-20,21,11,1,2,5,9,3,11,2025-08-20 00:00:00,2025-08-20 00:30:00,2025-08-20 01:15:00,12.779655,75.185133,"Incident of Theft reported in Dakshin Kannad district at coordinates (12.7797, 75.1851)."
2341,2341/2025,FIR/2341/2025,2025-09-15,22,11,1,2,5,10,1,11,2025-09-15 19:00:00,2025-09-15 19:30:00,2025-09-15 20:15:00,12.96601,75.111755,"Incident of Theft reported in Dakshin Kannad district at coordinates (12.9660, 75.1118)."
2342,2342/2025,FIR/2342/2025,2025-10-19,21,11,1,2,5,9,3,11,2025-10-19 18:00:00,2025-10-19 18:30:00,2025-10-19 19:15:00,12.774862,75.187367,"Incident of Theft reported in Dakshin Kannad district at coordinates (12.7749, 75.1874)."
2343,2343/2025,FIR/2343/2025,2025-04-17,22,11,1,2,5,10,2,11,2025-04-17 02:00:00,2025-04-17 02:30:00,2025-04-17 03:15:00,12.974797,75.102703,"Incident of Theft reported in Dakshin Kannad district at coordinates (12.9748, 75.1027)."
2344,2344/2025,FIR/2344/2025,2025-10-31,21,11,1,2,5,9,2,11,2025-10-31 09:00:00,2025-10-31 09:30:00,2025-10-31 10:15:00,12.774812,75.184374,"Incident of Theft reported in Dakshin Kannad district at coordinates (12.7748, 75.1844)."
2345,2345/2025,FIR/2345/2025,2025-12-25,22,11,1,2,5,10,2,11,2025-12-25 03:00:00,2025-12-25 03:30:00,2025-12-25 04:15:00,12.982314,75.104593,"Incident of Theft reported in Dakshin Kannad district at coordinates (12.9823, 75.1046)."
2346,2346/2025,FIR/2346/2025,2025-11-13,21,11,1,2,5,9,1,11,2025-11-13 22:00:00,2025-11-13 22:30:00,2025-11-13 23:15:00,12.961952,75.113419,"Incident of Theft reported in Dakshin Kannad district at coordinates (12.9620, 75.1134)."
2347,2347/2025,FIR/2347/2025,2025-03-12,22,11,1,2,5,10,1,11,2025-03-12 13:00:00,2025-03-12 13:30:00,2025-03-12 14:15:00,12.564146,75.376931,"Incident of Theft reported in Dakshin Kannad district at coordinates (12.5641, 75.3769)."
2348,2348/2025,FIR/2348/2025,2025-10-14,21,11,1,2,5,9,1,11,2025-10-14 08:00:00,2025-10-14 08:30:00,2025-10-14 09:15:00,12.862515,75.55874,"Incident of Theft reported in Dakshin Kannad district at coordinates (12.8625, 75.5587)."
2349,2349/2025,FIR/2349/2025,2025-06-05,22,11,1,2,5,10,3,11,2025-06-05 02:00:00,2025-06-05 02:30:00,2025-06-05 03:15:00,12.67256,75.542124,"Incident of Theft reported in Dakshin Kannad district at coordinates (12.6726, 75.5421)."
2350,2350/2025,FIR/2350/2025,2025-06-20,21,11,1,2,5,9,2,11,2025-06-20 15:00:00,2025-06-20 15:30:00,2025-06-20 16:15:00,12.97012,75.09577,"Incident of Theft reported in Dakshin Kannad district at coordinates (12.9701, 75.0958)."
2351,2351/2025,FIR/2351/2025,2025-06-24,22,11,1,2,5,10,2,11,2025-06-24 17:00:00,2025-06-24 17:30:00,2025-06-24 18:15:00,12.775073,75.186064,"Incident of Theft reported in Dakshin Kannad district at coordinates (12.7751, 75.1861)."
2352,2352/2025,FIR/2352/2025,2025-06-27,21,11,1,1,4,7,2,11,2025-06-27 14:00:00,2025-06-27 14:30:00,2025-06-27 15:15:00,12.974872,75.127107,"Incident of Robbery reported in Dakshin Kannad district at coordinates (12.9749, 75.1271)."
2353,2353/2025,FIR/2353/2025,2025-02-06,22,11,1,1,4,8,3,11,2025-02-06 21:00:00,2025-02-06 21:30:00,2025-02-06 22:15:00,12.570399,75.374739,"Incident of Robbery reported in Dakshin Kannad district at coordinates (12.5704, 75.3747)."
2354,2354/2025,FIR/2354/2025,2025-02-07,21,11,1,1,4,7,2,11,2025-02-07 07:00:00,2025-02-07 07:30:00,2025-02-07 08:15:00,12.781094,75.195095,"Incident of Robbery reported in Dakshin Kannad district at coordinates (12.7811, 75.1951)."
2355,2355/2025,FIR/2355/2025,2025-04-06,22,11,1,1,4,8,3,11,2025-04-06 05:00:00,2025-04-06 05:30:00,2025-04-06 06:15:00,12.752202,75.274644,"Incident of Robbery reported in Dakshin Kannad district at coordinates (12.7522, 75.2746)."
2356,2356/2025,FIR/2356/2025,2025-10-29,21,11,1,1,4,7,3,11,2025-10-29 02:00:00,2025-10-29 02:30:00,2025-10-29 03:15:00,12.684588,75.544591,"Incident of Robbery reported in Dakshin Kannad district at coordinates (12.6846, 75.5446)."
2357,2357/2025,FIR/2357/2025,2025-03-19,22,11,1,1,4,8,3,11,2025-03-19 07:00:00,2025-03-19 07:30:00,2025-03-19 08:15:00,12.684552,75.544348,"Incident of Robbery reported in Dakshin Kannad district at coordinates (12.6846, 75.5443)."
2358,2358/2025,FIR/2358/2025,2025-03-08,21,11,1,2,3,5,3,11,2025-03-08 01:00:00,2025-03-08 01:30:00,2025-03-08 02:15:00,12.783428,75.184369,"Incident of Chain Snatching reported in Dakshin Kannad district at coordinates (12.7834, 75.1844)."
2359,2359/2025,FIR/2359/2025,2025-02-23,22,11,1,2,3,6,3,11,2025-02-23 10:00:00,2025-02-23 10:30:00,2025-02-23 11:15:00,12.67689,75.546128,"Incident of Chain Snatching reported in Dakshin Kannad district at coordinates (12.6769, 75.5461)."
2360,2360/2025,FIR/2360/2025,2025-12-27,21,11,1,2,3,5,3,11,2025-12-27 18:00:00,2025-12-27 18:30:00,2025-12-27 19:15:00,12.668457,75.543769,"Incident of Chain Snatching reported in Dakshin Kannad district at coordinates (12.6685, 75.5438)."
2361,2361/2025,FIR/2361/2025,2025-06-06,22,11,1,2,2,4,3,11,2025-06-06 07:00:00,2025-06-06 07:30:00,2025-06-06 08:15:00,12.972088,75.107525,"Incident of Burglary reported in Dakshin Kannad district at coordinates (12.9721, 75.1075)."
2362,2362/2025,FIR/2362/2025,2025-09-19,21,11,1,2,2,3,2,11,2025-09-19 13:00:00,2025-09-19 13:30:00,2025-09-19 14:15:00,12.777374,75.475557,"Incident of Burglary reported in Dakshin Kannad district at coordinates (12.7774, 75.4756)."
2363,2363/2025,FIR/2363/2025,2025-07-05,22,11,1,2,2,4,1,11,2025-07-05 05:00:00,2025-07-05 05:30:00,2025-07-05 06:15:00,12.873458,75.546743,"Incident of Burglary reported in Dakshin Kannad district at coordinates (12.8735, 75.5467)."
2364,2364/2025,FIR/2364/2025,2025-08-30,21,11,1,2,2,3,3,11,2025-08-30 08:00:00,2025-08-30 08:30:00,2025-08-30 09:15:00,12.572248,75.369367,"Incident of Burglary reported in Dakshin Kannad district at coordinates (12.5722, 75.3694)."
2365,2365/2025,FIR/2365/2025,2025-05-23,22,11,1,2,2,4,3,11,2025-05-23 16:00:00,2025-05-23 16:30:00,2025-05-23 17:15:00,12.857092,75.546643,"Incident of Burglary reported in Dakshin Kannad district at coordinates (12.8571, 75.5466)."
2366,2366/2025,FIR/2366/2025,2025-04-27,21,11,1,2,2,3,2,11,2025-04-27 00:00:00,2025-04-27 00:30:00,2025-04-27 01:15:00,12.68349,75.557971,"Incident of Burglary reported in Dakshin Kannad district at coordinates (12.6835, 75.5580)."
2367,2367/2025,FIR/2367/2025,2025-05-02,22,11,1,2,2,4,1,11,2025-05-02 11:00:00,2025-05-02 11:30:00,2025-05-02 12:15:00,12.978071,75.105947,"Incident of Burglary reported in Dakshin Kannad district at coordinates (12.9781, 75.1059)."
2368,2368/2025,FIR/2368/2025,2025-11-24,21,11,1,2,2,3,2,11,2025-11-24 16:00:00,2025-11-24 16:30:00,2025-11-24 17:15:00,12.689368,75.327876,"Incident of Burglary reported in Dakshin Kannad district at coordinates (12.6894, 75.3279)."
2369,2369/2025,FIR/2369/2025,2025-03-04,22,11,1,2,2,4,1,11,2025-03-04 06:00:00,2025-03-04 06:30:00,2025-03-04 07:15:00,12.575644,75.378916,"Incident of Burglary reported in Dakshin Kannad district at coordinates (12.5756, 75.3789)."
2370,2370/2025,FIR/2370/2025,2025-06-10,21,11,1,2,2,3,1,11,2025-06-10 05:00:00,2025-06-10 05:30:00,2025-06-10 06:15:00,12.702684,75.14334,"Incident of Burglary reported in Dakshin Kannad district at coordinates (12.7027, 75.1433)."
2371,2371/2025,FIR/2371/2025,2025-04-09,22,11,1,2,2,4,2,11,2025-04-09 13:00:00,2025-04-09 13:30:00,2025-04-09 14:15:00,12.677192,75.552126,"Incident of Burglary reported in Dakshin Kannad district at coordinates (12.6772, 75.5521)."
2372,2372/2025,FIR/2372/2025,2025-10-20,21,11,1,2,2,3,2,11,2025-10-20 03:00:00,2025-10-20 03:30:00,2025-10-20 04:15:00,12.857506,75.568141,"Incident of Burglary reported in Dakshin Kannad district at coordinates (12.8575, 75.5681)."
2373,2373/2025,FIR/2373/2025,2025-08-15,22,11,1,1,1,2,2,11,2025-08-15 14:00:00,2025-08-15 14:30:00,2025-08-15 15:15:00,12.770185,75.182764,"Incident of Assault reported in Dakshin Kannad district at coordinates (12.7702, 75.1828)."
2374,2374/2025,FIR/2374/2025,2025-05-12,21,11,1,1,1,1,2,11,2025-05-12 16:00:00,2025-05-12 16:30:00,2025-05-12 17:15:00,12.975129,75.098777,"Incident of Assault reported in Dakshin Kannad district at coordinates (12.9751, 75.0988)."
2375,2375/2025,FIR/2375/2025,2025-10-04,22,11,1,1,1,2,1,11,2025-10-04 06:00:00,2025-10-04 06:30:00,2025-10-04 07:15:00,13.098303,75.415792,"Incident of Assault reported in Dakshin Kannad district at coordinates (13.0983, 75.4158)."
2376,2376/2025,FIR/2376/2025,2025-12-21,21,11,1,1,1,1,2,11,2025-12-21 05:00:00,2025-12-21 05:30:00,2025-12-21 06:15:00,12.980061,74.905031,"Incident of Assault reported in Dakshin Kannad district at coordinates (12.9801, 74.9050)."
2377,2377/2025,FIR/2377/2025,2025-07-17,22,11,1,1,1,2,2,11,2025-07-17 09:00:00,2025-07-17 09:30:00,2025-07-17 10:15:00,12.907403,75.172835,"Incident of Assault reported in Dakshin Kannad district at coordinates (12.9074, 75.1728)."
2378,2378/2025,FIR/2378/2025,2025-06-11,21,11,1,1,1,1,3,11,2025-06-11 23:00:00,2025-06-11 23:30:00,2025-06-11 23:15:00,12.778692,75.470165,"Incident of Assault reported in Dakshin Kannad district at coordinates (12.7787, 75.4702)."
2379,2379/2025,FIR/2379/2025,2025-06-11,22,11,1,1,1,2,1,11,2025-06-11 19:00:00,2025-06-11 19:30:00,2025-06-11 20:15:00,12.847007,75.56301,"Incident of Assault reported in Dakshin Kannad district at coordinates (12.8470, 75.5630)."
2380,2380/2025,FIR/2380/2025,2025-10-15,21,11,1,1,1,1,3,11,2025-10-15 22:00:00,2025-10-15 22:30:00,2025-10-15 23:15:00,12.972507,75.102285,"Incident of Assault reported in Dakshin Kannad district at coordinates (12.9725, 75.1023)."
2381,2381/2025,FIR/2381/2025,2025-01-04,22,11,1,1,1,2,1,11,2025-01-04 16:00:00,2025-01-04 16:30:00,2025-01-04 17:15:00,12.672796,75.542791,"Incident of Assault reported in Dakshin Kannad district at coordinates (12.6728, 75.5428)."
2382,2382/2025,FIR/2382/2025,2025-08-21,21,11,1,1,1,1,2,11,2025-08-21 11:00:00,2025-08-21 11:30:00,2025-08-21 12:15:00,12.735007,75.22458,"Incident of Assault reported in Dakshin Kannad district at coordinates (12.7350, 75.2246)."
2383,2383/2025,FIR/2383/2025,2025-04-16,22,11,1,1,1,2,1,11,2025-04-16 05:00:00,2025-04-16 05:30:00,2025-04-16 06:15:00,12.768697,75.475024,"Incident of Assault reported in Dakshin Kannad district at coordinates (12.7687, 75.4750)."
2384,2384/2025,FIR/2384/2025,2025-08-14,21,11,1,1,1,1,1,11,2025-08-14 07:00:00,2025-08-14 07:30:00,2025-08-14 08:15:00,12.925716,75.307901,"Incident of Assault reported in Dakshin Kannad district at coordinates (12.9257, 75.3079)."
2385,2385/2025,FIR/2385/2025,2025-10-04,22,11,1,1,1,2,2,11,2025-10-04 04:00:00,2025-10-04 04:30:00,2025-10-04 05:15:00,12.758057,75.479882,"Incident of Assault reported in Dakshin Kannad district at coordinates (12.7581, 75.4799)."
2386,2386/2025,FIR/2386/2025,2025-07-20,21,11,1,1,1,1,2,11,2025-07-20 15:00:00,2025-07-20 15:30:00,2025-07-20 16:15:00,12.772358,75.476896,"Incident of Assault reported in Dakshin Kannad district at coordinates (12.7724, 75.4769)."
2387,2387/2025,FIR/2387/2025,2025-08-02,22,11,1,1,1,2,2,11,2025-08-02 16:00:00,2025-08-02 16:30:00,2025-08-02 17:15:00,12.774804,75.4817,"Incident of Assault reported in Dakshin Kannad district at coordinates (12.7748, 75.4817)."
2388,2388/2025,FIR/2388/2025,2025-09-17,21,11,1,1,1,1,1,11,2025-09-17 10:00:00,2025-09-17 10:30:00,2025-09-17 11:15:00,12.777899,75.47294,"Incident of Assault reported in Dakshin Kannad district at coordinates (12.7779, 75.4729)."
2389,2389/2025,FIR/2389/2025,2025-04-09,22,11,1,1,1,2,3,11,2025-04-09 11:00:00,2025-04-09 11:30:00,2025-04-09 12:15:00,12.768176,75.18241,"Incident of Assault reported in Dakshin Kannad district at coordinates (12.7682, 75.1824)."
2390,2390/2025,FIR/2390/2025,2025-08-18,21,11,1,1,1,1,1,11,2025-08-18 16:00:00,2025-08-18 16:30:00,2025-08-18 17:15:00,12.735684,75.432621,"Incident of Assault reported in Dakshin Kannad district at coordinates (12.7357, 75.4326)."
2391,2391/2025,FIR/2391/2025,2025-11-08,22,11,1,1,1,2,1,11,2025-11-08 10:00:00,2025-11-08 10:30:00,2025-11-08 11:15:00,12.668306,75.5459,"Incident of Assault reported in Dakshin Kannad district at coordinates (12.6683, 75.5459)."
2392,2392/2025,FIR/2392/2025,2025-08-16,21,11,1,1,1,1,3,11,2025-08-16 15:00:00,2025-08-16 15:30:00,2025-08-16 16:15:00,12.968171,75.105782,"Incident of Assault reported in Dakshin Kannad district at coordinates (12.9682, 75.1058)."
2393,2393/2025,FIR/2393/2025,2025-05-24,24,12,1,2,5,10,1,12,2025-05-24 01:00:00,2025-05-24 01:30:00,2025-05-24 02:15:00,14.558857,76.116804,"Incident of Theft reported in Davanagere district at coordinates (14.5589, 76.1168)."
2394,2394/2025,FIR/2394/2025,2025-11-14,23,12,1,2,5,9,1,12,2025-11-14 13:00:00,2025-11-14 13:30:00,2025-11-14 14:15:00,14.42075,75.711243,"Incident of Theft reported in Davanagere district at coordinates (14.4207, 75.7112)."
2395,2395/2025,FIR/2395/2025,2025-07-07,24,12,1,2,5,10,3,12,2025-07-07 07:00:00,2025-07-07 07:30:00,2025-07-07 08:15:00,14.490579,76.041048,"Incident of Theft reported in Davanagere district at coordinates (14.4906, 76.0410)."
2396,2396/2025,FIR/2396/2025,2025-06-14,23,12,1,2,5,9,1,12,2025-06-14 19:00:00,2025-06-14 19:30:00,2025-06-14 20:15:00,13.938533,75.74764,"Incident of Theft reported in Davanagere district at coordinates (13.9385, 75.7476)."
2397,2397/2025,FIR/2397/2025,2025-09-07,24,12,1,2,5,10,2,12,2025-09-07 05:00:00,2025-09-07 05:30:00,2025-09-07 06:15:00,14.400407,76.000422,"Incident of Theft reported in Davanagere district at coordinates (14.4004, 76.0004)."
2398,2398/2025,FIR/2398/2025,2025-04-08,23,12,1,2,5,9,3,12,2025-04-08 06:00:00,2025-04-08 06:30:00,2025-04-08 07:15:00,14.213961,75.93392,"Incident of Theft reported in Davanagere district at coordinates (14.2140, 75.9339)."
2399,2399/2025,FIR/2399/2025,2025-06-02,24,12,1,2,5,10,2,12,2025-06-02 22:00:00,2025-06-02 22:30:00,2025-06-02 23:15:00,14.458621,76.206751,"Incident of Theft reported in Davanagere district at coordinates (14.4586, 76.2068)."
2400,2400/2025,FIR/2400/2025,2025-02-06,23,12,1,2,5,9,1,12,2025-02-06 09:00:00,2025-02-06 09:30:00,2025-02-06 10:15:00,14.507806,76.037414,"Incident of Theft reported in Davanagere district at coordinates (14.5078, 76.0374)."
2401,2401/2025,FIR/2401/2025,2025-10-05,24,12,1,2,5,10,1,12,2025-10-05 10:00:00,2025-10-05 10:30:00,2025-10-05 11:15:00,14.259193,75.869928,"Incident of Theft reported in Davanagere district at coordinates (14.2592, 75.8699)."
2402,2402/2025,FIR/2402/2025,2025-09-28,23,12,1,2,5,9,1,12,2025-09-28 06:00:00,2025-09-28 06:30:00,2025-09-28 07:15:00,14.559289,76.124717,"Incident of Theft reported in Davanagere district at coordinates (14.5593, 76.1247)."
2403,2403/2025,FIR/2403/2025,2025-02-24,24,12,1,2,5,10,2,12,2025-02-24 04:00:00,2025-02-24 04:30:00,2025-02-24 05:15:00,14.561194,76.125261,"Incident of Theft reported in Davanagere district at coordinates (14.5612, 76.1253)."
2404,2404/2025,FIR/2404/2025,2025-10-26,23,12,1,2,5,9,3,12,2025-10-26 23:00:00,2025-10-26 23:30:00,2025-10-26 23:15:00,14.806162,76.104157,"Incident of Theft reported in Davanagere district at coordinates (14.8062, 76.1042)."
2405,2405/2025,FIR/2405/2025,2025-04-30,24,12,1,2,5,10,3,12,2025-04-30 03:00:00,2025-04-30 03:30:00,2025-04-30 04:15:00,14.429736,75.732363,"Incident of Theft reported in Davanagere district at coordinates (14.4297, 75.7324)."
2406,2406/2025,FIR/2406/2025,2025-05-25,23,12,1,2,5,9,2,12,2025-05-25 06:00:00,2025-05-25 06:30:00,2025-05-25 07:15:00,14.255903,75.884107,"Incident of Theft reported in Davanagere district at coordinates (14.2559, 75.8841)."
2407,2407/2025,FIR/2407/2025,2025-07-15,24,12,1,2,5,10,2,12,2025-07-15 22:00:00,2025-07-15 22:30:00,2025-07-15 23:15:00,13.803145,75.907512,"Incident of Theft reported in Davanagere district at coordinates (13.8031, 75.9075)."
2408,2408/2025,FIR/2408/2025,2025-06-23,23,12,1,2,5,9,3,12,2025-06-23 02:00:00,2025-06-23 02:30:00,2025-06-23 03:15:00,14.256977,75.887358,"Incident of Theft reported in Davanagere district at coordinates (14.2570, 75.8874)."
2409,2409/2025,FIR/2409/2025,2025-09-28,24,12,1,2,5,10,3,12,2025-09-28 21:00:00,2025-09-28 21:30:00,2025-09-28 22:15:00,14.46776,76.21054,"Incident of Theft reported in Davanagere district at coordinates (14.4678, 76.2105)."
2410,2410/2025,FIR/2410/2025,2025-08-18,23,12,1,2,5,9,2,12,2025-08-18 15:00:00,2025-08-18 15:30:00,2025-08-18 16:15:00,14.585729,76.112724,"Incident of Theft reported in Davanagere district at coordinates (14.5857, 76.1127)."
2411,2411/2025,FIR/2411/2025,2025-12-27,24,12,1,2,5,10,2,12,2025-12-27 21:00:00,2025-12-27 21:30:00,2025-12-27 22:15:00,14.556107,76.120917,"Incident of Theft reported in Davanagere district at coordinates (14.5561, 76.1209)."
2412,2412/2025,FIR/2412/2025,2025-10-30,23,12,1,2,5,9,1,12,2025-10-30 07:00:00,2025-10-30 07:30:00,2025-10-30 08:15:00,14.265916,75.874697,"Incident of Theft reported in Davanagere district at coordinates (14.2659, 75.8747)."
2413,2413/2025,FIR/2413/2025,2025-07-20,24,12,1,2,5,10,2,12,2025-07-20 16:00:00,2025-07-20 16:30:00,2025-07-20 17:15:00,14.204963,75.923753,"Incident of Theft reported in Davanagere district at coordinates (14.2050, 75.9238)."
2414,2414/2025,FIR/2414/2025,2025-11-07,23,12,1,2,5,9,2,12,2025-11-07 07:00:00,2025-11-07 07:30:00,2025-11-07 08:15:00,14.261363,75.88188,"Incident of Theft reported in Davanagere district at coordinates (14.2614, 75.8819)."
2415,2415/2025,FIR/2415/2025,2025-04-28,24,12,1,2,5,10,2,12,2025-04-28 23:00:00,2025-04-28 23:30:00,2025-04-28 23:15:00,14.260543,75.875953,"Incident of Theft reported in Davanagere district at coordinates (14.2605, 75.8760)."
2416,2416/2025,FIR/2416/2025,2025-05-31,23,12,1,2,5,9,3,12,2025-05-31 07:00:00,2025-05-31 07:30:00,2025-05-31 08:15:00,14.212333,75.936987,"Incident of Theft reported in Davanagere district at coordinates (14.2123, 75.9370)."
2417,2417/2025,FIR/2417/2025,2025-12-30,24,12,1,2,5,10,1,12,2025-12-30 12:00:00,2025-12-30 12:30:00,2025-12-30 13:15:00,14.425624,75.712005,"Incident of Theft reported in Davanagere district at coordinates (14.4256, 75.7120)."
2418,2418/2025,FIR/2418/2025,2025-03-19,23,12,1,2,5,9,1,12,2025-03-19 11:00:00,2025-03-19 11:30:00,2025-03-19 12:15:00,14.556271,76.125333,"Incident of Theft reported in Davanagere district at coordinates (14.5563, 76.1253)."
2419,2419/2025,FIR/2419/2025,2025-03-06,24,12,1,2,5,10,2,12,2025-03-06 18:00:00,2025-03-06 18:30:00,2025-03-06 19:15:00,14.213255,75.938108,"Incident of Theft reported in Davanagere district at coordinates (14.2133, 75.9381)."
2420,2420/2025,FIR/2420/2025,2025-06-14,23,12,1,2,5,9,2,12,2025-06-14 13:00:00,2025-06-14 13:30:00,2025-06-14 14:15:00,14.422435,75.724749,"Incident of Theft reported in Davanagere district at coordinates (14.4224, 75.7247)."
2421,2421/2025,FIR/2421/2025,2025-10-03,24,12,1,2,5,10,1,12,2025-10-03 00:00:00,2025-10-03 00:30:00,2025-10-03 01:15:00,14.211231,75.926525,"Incident of Theft reported in Davanagere district at coordinates (14.2112, 75.9265)."
2422,2422/2025,FIR/2422/2025,2025-12-14,23,12,1,2,5,9,1,12,2025-12-14 19:00:00,2025-12-14 19:30:00,2025-12-14 20:15:00,14.425438,75.70485,"Incident of Theft reported in Davanagere district at coordinates (14.4254, 75.7048)."
2423,2423/2025,FIR/2423/2025,2025-07-26,24,12,1,2,5,10,2,12,2025-07-26 13:00:00,2025-07-26 13:30:00,2025-07-26 14:15:00,14.477443,76.196613,"Incident of Theft reported in Davanagere district at coordinates (14.4774, 76.1966)."
2424,2424/2025,FIR/2424/2025,2025-11-20,23,12,1,2,5,9,3,12,2025-11-20 12:00:00,2025-11-20 12:30:00,2025-11-20 13:15:00,14.503611,76.040813,"Incident of Theft reported in Davanagere district at coordinates (14.5036, 76.0408)."
2425,2425/2025,FIR/2425/2025,2025-06-10,24,12,1,2,5,10,1,12,2025-06-10 05:00:00,2025-06-10 05:30:00,2025-06-10 06:15:00,14.43129,75.726214,"Incident of Theft reported in Davanagere district at coordinates (14.4313, 75.7262)."
2426,2426/2025,FIR/2426/2025,2025-01-18,23,12,1,2,5,9,1,12,2025-01-18 09:00:00,2025-01-18 09:30:00,2025-01-18 10:15:00,14.256705,75.879421,"Incident of Theft reported in Davanagere district at coordinates (14.2567, 75.8794)."
2427,2427/2025,FIR/2427/2025,2025-06-15,24,12,1,2,5,10,3,12,2025-06-15 18:00:00,2025-06-15 18:30:00,2025-06-15 19:15:00,14.254113,75.865054,"Incident of Theft reported in Davanagere district at coordinates (14.2541, 75.8651)."
2428,2428/2025,FIR/2428/2025,2025-08-23,23,12,1,2,5,9,3,12,2025-08-23 16:00:00,2025-08-23 16:30:00,2025-08-23 17:15:00,14.579837,76.127485,"Incident of Theft reported in Davanagere district at coordinates (14.5798, 76.1275)."
2429,2429/2025,FIR/2429/2025,2025-06-05,24,12,1,2,5,10,3,12,2025-06-05 13:00:00,2025-06-05 13:30:00,2025-06-05 14:15:00,14.467938,76.198958,"Incident of Theft reported in Davanagere district at coordinates (14.4679, 76.1990)."
2430,2430/2025,FIR/2430/2025,2025-05-03,23,12,1,2,5,9,2,12,2025-05-03 01:00:00,2025-05-03 01:30:00,2025-05-03 02:15:00,14.254212,75.68857,"Incident of Theft reported in Davanagere district at coordinates (14.2542, 75.6886)."
2431,2431/2025,FIR/2431/2025,2025-03-24,24,12,1,2,5,10,2,12,2025-03-24 10:00:00,2025-03-24 10:30:00,2025-03-24 11:15:00,14.491124,76.035049,"Incident of Theft reported in Davanagere district at coordinates (14.4911, 76.0350)."
2432,2432/2025,FIR/2432/2025,2025-03-17,23,12,1,2,5,9,2,12,2025-03-17 13:00:00,2025-03-17 13:30:00,2025-03-17 14:15:00,14.43602,75.718814,"Incident of Theft reported in Davanagere district at coordinates (14.4360, 75.7188)."
2433,2433/2025,FIR/2433/2025,2025-04-04,24,12,1,1,4,8,2,12,2025-04-04 04:00:00,2025-04-04 04:30:00,2025-04-04 05:15:00,14.424706,75.718332,"Incident of Robbery reported in Davanagere district at coordinates (14.4247, 75.7183)."
2434,2434/2025,FIR/2434/2025,2025-05-08,23,12,1,1,4,7,2,12,2025-05-08 20:00:00,2025-05-08 20:30:00,2025-05-08 21:15:00,14.570771,76.120101,"Incident of Robbery reported in Davanagere district at coordinates (14.5708, 76.1201)."
2435,2435/2025,FIR/2435/2025,2025-10-24,24,12,1,1,4,8,2,12,2025-10-24 22:00:00,2025-10-24 22:30:00,2025-10-24 23:15:00,14.566039,76.115166,"Incident of Robbery reported in Davanagere district at coordinates (14.5660, 76.1152)."
2436,2436/2025,FIR/2436/2025,2025-07-03,23,12,1,1,4,7,3,12,2025-07-03 21:00:00,2025-07-03 21:30:00,2025-07-03 22:15:00,14.569666,76.121519,"Incident of Robbery reported in Davanagere district at coordinates (14.5697, 76.1215)."
2437,2437/2025,FIR/2437/2025,2025-01-31,24,12,1,1,4,8,1,12,2025-01-31 08:00:00,2025-01-31 08:30:00,2025-01-31 09:15:00,14.488331,76.209701,"Incident of Robbery reported in Davanagere district at coordinates (14.4883, 76.2097)."
2438,2438/2025,FIR/2438/2025,2025-07-23,23,12,1,1,4,7,3,12,2025-07-23 15:00:00,2025-07-23 15:30:00,2025-07-23 16:15:00,14.480608,76.209043,"Incident of Robbery reported in Davanagere district at coordinates (14.4806, 76.2090)."
2439,2439/2025,FIR/2439/2025,2025-12-16,24,12,1,2,3,6,1,12,2025-12-16 12:00:00,2025-12-16 12:30:00,2025-12-16 13:15:00,14.063148,75.872132,"Incident of Chain Snatching reported in Davanagere district at coordinates (14.0631, 75.8721)."
2440,2440/2025,FIR/2440/2025,2025-12-22,23,12,1,2,3,5,1,12,2025-12-22 14:00:00,2025-12-22 14:30:00,2025-12-22 15:15:00,14.478212,76.211474,"Incident of Chain Snatching reported in Davanagere district at coordinates (14.4782, 76.2115)."
2441,2441/2025,FIR/2441/2025,2025-12-18,24,12,1,2,3,6,2,12,2025-12-18 00:00:00,2025-12-18 00:30:00,2025-12-18 01:15:00,14.423905,75.722454,"Incident of Chain Snatching reported in Davanagere district at coordinates (14.4239, 75.7225)."
2442,2442/2025,FIR/2442/2025,2025-04-11,23,12,1,2,2,3,1,12,2025-04-11 05:00:00,2025-04-11 05:30:00,2025-04-11 06:15:00,14.48857,76.193984,"Incident of Burglary reported in Davanagere district at coordinates (14.4886, 76.1940)."
2443,2443/2025,FIR/2443/2025,2025-04-17,24,12,1,2,2,4,1,12,2025-04-17 16:00:00,2025-04-17 16:30:00,2025-04-17 17:15:00,14.809362,76.064236,"Incident of Burglary reported in Davanagere district at coordinates (14.8094, 76.0642)."
2444,2444/2025,FIR/2444/2025,2025-04-23,23,12,1,2,2,3,1,12,2025-04-23 18:00:00,2025-04-23 18:30:00,2025-04-23 19:15:00,14.412428,75.713877,"Incident of Burglary reported in Davanagere district at coordinates (14.4124, 75.7139)."
2445,2445/2025,FIR/2445/2025,2025-06-21,24,12,1,2,2,4,2,12,2025-06-21 17:00:00,2025-06-21 17:30:00,2025-06-21 18:15:00,13.782272,75.761293,"Incident of Burglary reported in Davanagere district at coordinates (13.7823, 75.7613)."
2446,2446/2025,FIR/2446/2025,2025-08-21,23,12,1,2,2,3,2,12,2025-08-21 17:00:00,2025-08-21 17:30:00,2025-08-21 18:15:00,14.577234,76.128143,"Incident of Burglary reported in Davanagere district at coordinates (14.5772, 76.1281)."
2447,2447/2025,FIR/2447/2025,2025-12-22,24,12,1,2,2,4,1,12,2025-12-22 07:00:00,2025-12-22 07:30:00,2025-12-22 08:15:00,14.501294,76.030877,"Incident of Burglary reported in Davanagere district at coordinates (14.5013, 76.0309)."
2448,2448/2025,FIR/2448/2025,2025-03-07,23,12,1,2,2,3,2,12,2025-03-07 02:00:00,2025-03-07 02:30:00,2025-03-07 03:15:00,14.428238,75.717723,"Incident of Burglary reported in Davanagere district at coordinates (14.4282, 75.7177)."
2449,2449/2025,FIR/2449/2025,2025-05-31,24,12,1,2,2,4,2,12,2025-05-31 16:00:00,2025-05-31 16:30:00,2025-05-31 17:15:00,14.218351,75.943611,"Incident of Burglary reported in Davanagere district at coordinates (14.2184, 75.9436)."
2450,2450/2025,FIR/2450/2025,2025-05-04,23,12,1,2,2,3,1,12,2025-05-04 02:00:00,2025-05-04 02:30:00,2025-05-04 03:15:00,14.560317,76.11884,"Incident of Burglary reported in Davanagere district at coordinates (14.5603, 76.1188)."
2451,2451/2025,FIR/2451/2025,2025-01-09,24,12,1,2,2,4,1,12,2025-01-09 06:00:00,2025-01-09 06:30:00,2025-01-09 07:15:00,14.250131,75.877437,"Incident of Burglary reported in Davanagere district at coordinates (14.2501, 75.8774)."
2452,2452/2025,FIR/2452/2025,2025-10-20,23,12,1,2,2,3,3,12,2025-10-20 21:00:00,2025-10-20 21:30:00,2025-10-20 22:15:00,14.489434,76.046953,"Incident of Burglary reported in Davanagere district at coordinates (14.4894, 76.0470)."
2453,2453/2025,FIR/2453/2025,2025-09-17,24,12,1,2,2,4,2,12,2025-09-17 15:00:00,2025-09-17 15:30:00,2025-09-17 16:15:00,14.470489,76.214502,"Incident of Burglary reported in Davanagere district at coordinates (14.4705, 76.2145)."
2454,2454/2025,FIR/2454/2025,2025-05-03,23,12,1,1,1,1,3,12,2025-05-03 00:00:00,2025-05-03 00:30:00,2025-05-03 01:15:00,14.264608,75.888073,"Incident of Assault reported in Davanagere district at coordinates (14.2646, 75.8881)."
2455,2455/2025,FIR/2455/2025,2025-11-17,24,12,1,1,1,2,2,12,2025-11-17 05:00:00,2025-11-17 05:30:00,2025-11-17 06:15:00,14.509348,76.043468,"Incident of Assault reported in Davanagere district at coordinates (14.5093, 76.0435)."
2456,2456/2025,FIR/2456/2025,2025-06-12,23,12,1,1,1,1,3,12,2025-06-12 07:00:00,2025-06-12 07:30:00,2025-06-12 08:15:00,14.570803,76.117363,"Incident of Assault reported in Davanagere district at coordinates (14.5708, 76.1174)."
2457,2457/2025,FIR/2457/2025,2025-03-17,24,12,1,1,1,2,1,12,2025-03-17 01:00:00,2025-03-17 01:30:00,2025-03-17 02:15:00,14.199113,75.945509,"Incident of Assault reported in Davanagere district at coordinates (14.1991, 75.9455)."
2458,2458/2025,FIR/2458/2025,2025-05-10,23,12,1,1,1,1,1,12,2025-05-10 10:00:00,2025-05-10 10:30:00,2025-05-10 11:15:00,14.584906,76.128749,"Incident of Assault reported in Davanagere district at coordinates (14.5849, 76.1287)."
2459,2459/2025,FIR/2459/2025,2025-04-29,24,12,1,1,1,2,1,12,2025-04-29 16:00:00,2025-04-29 16:30:00,2025-04-29 17:15:00,14.197471,75.931693,"Incident of Assault reported in Davanagere district at coordinates (14.1975, 75.9317)."
2460,2460/2025,FIR/2460/2025,2025-10-05,23,12,1,1,1,1,1,12,2025-10-05 02:00:00,2025-10-05 02:30:00,2025-10-05 03:15:00,14.197091,75.942939,"Incident of Assault reported in Davanagere district at coordinates (14.1971, 75.9429)."
2461,2461/2025,FIR/2461/2025,2025-06-19,24,12,1,1,1,2,2,12,2025-06-19 20:00:00,2025-06-19 20:30:00,2025-06-19 21:15:00,14.208357,75.945722,"Incident of Assault reported in Davanagere district at coordinates (14.2084, 75.9457)."
2462,2462/2025,FIR/2462/2025,2025-11-05,23,12,1,1,1,1,1,12,2025-11-05 16:00:00,2025-11-05 16:30:00,2025-11-05 17:15:00,14.422384,75.714859,"Incident of Assault reported in Davanagere district at coordinates (14.4224, 75.7149)."
2463,2463/2025,FIR/2463/2025,2025-06-08,24,12,1,1,1,2,1,12,2025-06-08 23:00:00,2025-06-08 23:30:00,2025-06-08 23:15:00,14.468886,76.214575,"Incident of Assault reported in Davanagere district at coordinates (14.4689, 76.2146)."
2464,2464/2025,FIR/2464/2025,2025-03-14,23,12,1,1,1,1,1,12,2025-03-14 10:00:00,2025-03-14 10:30:00,2025-03-14 11:15:00,14.282622,75.650099,"Incident of Assault reported in Davanagere district at coordinates (14.2826, 75.6501)."
2465,2465/2025,FIR/2465/2025,2025-03-01,24,12,1,1,1,2,3,12,2025-03-01 15:00:00,2025-03-01 15:30:00,2025-03-01 16:15:00,14.293958,75.900403,"Incident of Assault reported in Davanagere district at coordinates (14.2940, 75.9004)."
2466,2466/2025,FIR/2466/2025,2025-07-31,23,12,1,1,1,1,3,12,2025-07-31 03:00:00,2025-07-31 03:30:00,2025-07-31 04:15:00,14.481417,76.192802,"Incident of Assault reported in Davanagere district at coordinates (14.4814, 76.1928)."
2467,2467/2025,FIR/2467/2025,2025-12-25,24,12,1,1,1,2,2,12,2025-12-25 17:00:00,2025-12-25 17:30:00,2025-12-25 18:15:00,14.265017,75.866222,"Incident of Assault reported in Davanagere district at coordinates (14.2650, 75.8662)."
2468,2468/2025,FIR/2468/2025,2025-09-20,23,12,1,1,1,1,3,12,2025-09-20 10:00:00,2025-09-20 10:30:00,2025-09-20 11:15:00,14.263203,76.048627,"Incident of Assault reported in Davanagere district at coordinates (14.2632, 76.0486)."
2469,2469/2025,FIR/2469/2025,2025-01-23,24,12,1,1,1,2,2,12,2025-01-23 09:00:00,2025-01-23 09:30:00,2025-01-23 10:15:00,14.197828,75.925356,"Incident of Assault reported in Davanagere district at coordinates (14.1978, 75.9254)."
2470,2470/2025,FIR/2470/2025,2025-04-17,23,12,1,1,1,1,1,12,2025-04-17 16:00:00,2025-04-17 16:30:00,2025-04-17 17:15:00,14.36155,75.8384,"Incident of Assault reported in Davanagere district at coordinates (14.3615, 75.8384)."
2471,2471/2025,FIR/2471/2025,2025-12-25,24,12,1,1,1,2,3,12,2025-12-25 17:00:00,2025-12-25 17:30:00,2025-12-25 18:15:00,14.252746,75.890741,"Incident of Assault reported in Davanagere district at coordinates (14.2527, 75.8907)."
2472,2472/2025,FIR/2472/2025,2025-05-20,23,12,1,1,1,1,3,12,2025-05-20 02:00:00,2025-05-20 02:30:00,2025-05-20 03:15:00,14.203964,75.935919,"Incident of Assault reported in Davanagere district at coordinates (14.2040, 75.9359)."
2473,2473/2025,FIR/2473/2025,2025-11-21,24,12,1,1,1,2,3,12,2025-11-21 17:00:00,2025-11-21 17:30:00,2025-11-21 18:15:00,14.425024,75.700097,"Incident of Assault reported in Davanagere district at coordinates (14.4250, 75.7001)."
2474,2474/2025,FIR/2474/2025,2025-12-05,25,13,1,2,5,9,3,13,2025-12-05 21:00:00,2025-12-05 21:30:00,2025-12-05 22:15:00,15.523623,75.337557,"Incident of Theft reported in Dharwad district at coordinates (15.5236, 75.3376)."
2475,2475/2025,FIR/2475/2025,2025-02-19,26,13,1,2,5,10,2,13,2025-02-19 04:00:00,2025-02-19 04:30:00,2025-02-19 05:15:00,15.303906,75.05929,"Incident of Theft reported in Dharwad district at coordinates (15.3039, 75.0593)."
2476,2476/2025,FIR/2476/2025,2025-10-31,25,13,1,2,5,9,3,13,2025-10-31 17:00:00,2025-10-31 17:30:00,2025-10-31 18:15:00,15.536718,75.297866,"Incident of Theft reported in Dharwad district at coordinates (15.5367, 75.2979)."
2477,2477/2025,FIR/2477/2025,2025-06-28,26,13,1,2,5,10,1,13,2025-06-28 19:00:00,2025-06-28 19:30:00,2025-06-28 20:15:00,15.434485,74.886342,"Incident of Theft reported in Dharwad district at coordinates (15.4345, 74.8863)."
2478,2478/2025,FIR/2478/2025,2025-11-27,25,13,1,2,5,9,1,13,2025-11-27 02:00:00,2025-11-27 02:30:00,2025-11-27 03:15:00,15.309858,75.059932,"Incident of Theft reported in Dharwad district at coordinates (15.3099, 75.0599)."
2479,2479/2025,FIR/2479/2025,2025-10-15,26,13,1,2,5,10,2,13,2025-10-15 15:00:00,2025-10-15 15:30:00,2025-10-15 16:15:00,15.31601,75.060369,"Incident of Theft reported in Dharwad district at coordinates (15.3160, 75.0604)."
2480,2480/2025,FIR/2480/2025,2025-01-18,25,13,1,2,5,9,3,13,2025-01-18 09:00:00,2025-01-18 09:30:00,2025-01-18 10:15:00,15.594018,75.157839,"Incident of Theft reported in Dharwad district at coordinates (15.5940, 75.1578)."
2481,2481/2025,FIR/2481/2025,2025-11-17,26,13,1,2,5,10,2,13,2025-11-17 06:00:00,2025-11-17 06:30:00,2025-11-17 07:15:00,15.171209,74.906601,"Incident of Theft reported in Dharwad district at coordinates (15.1712, 74.9066)."
2482,2482/2025,FIR/2482/2025,2025-10-26,25,13,1,2,5,9,2,13,2025-10-26 03:00:00,2025-10-26 03:30:00,2025-10-26 04:15:00,15.430299,74.87993,"Incident of Theft reported in Dharwad district at coordinates (15.4303, 74.8799)."
2483,2483/2025,FIR/2483/2025,2025-06-16,26,13,1,2,5,10,3,13,2025-06-16 22:00:00,2025-06-16 22:30:00,2025-06-16 23:15:00,15.307767,75.045801,"Incident of Theft reported in Dharwad district at coordinates (15.3078, 75.0458)."
2484,2484/2025,FIR/2484/2025,2025-11-22,25,13,1,2,5,9,2,13,2025-11-22 02:00:00,2025-11-22 02:30:00,2025-11-22 03:15:00,15.448625,74.878649,"Incident of Theft reported in Dharwad district at coordinates (15.4486, 74.8786)."
2485,2485/2025,FIR/2485/2025,2025-06-05,26,13,1,2,5,10,3,13,2025-06-05 15:00:00,2025-06-05 15:30:00,2025-06-05 16:15:00,15.299903,75.063419,"Incident of Theft reported in Dharwad district at coordinates (15.2999, 75.0634)."
2486,2486/2025,FIR/2486/2025,2025-07-28,25,13,1,2,5,9,1,13,2025-07-28 19:00:00,2025-07-28 19:30:00,2025-07-28 20:15:00,15.612233,74.959795,"Incident of Theft reported in Dharwad district at coordinates (15.6122, 74.9598)."
2487,2487/2025,FIR/2487/2025,2025-05-11,26,13,1,2,5,10,1,13,2025-05-11 08:00:00,2025-05-11 08:30:00,2025-05-11 09:15:00,15.446018,74.892537,"Incident of Theft reported in Dharwad district at coordinates (15.4460, 74.8925)."
2488,2488/2025,FIR/2488/2025,2025-09-17,25,13,1,2,5,9,1,13,2025-09-17 05:00:00,2025-09-17 05:30:00,2025-09-17 06:15:00,15.595418,74.967603,"Incident of Theft reported in Dharwad district at coordinates (15.5954, 74.9676)."
2489,2489/2025,FIR/2489/2025,2025-07-06,26,13,1,2,5,10,2,13,2025-07-06 05:00:00,2025-07-06 05:30:00,2025-07-06 06:15:00,15.303449,75.050969,"Incident of Theft reported in Dharwad district at coordinates (15.3034, 75.0510)."
2490,2490/2025,FIR/2490/2025,2025-03-24,25,13,1,2,5,9,3,13,2025-03-24 13:00:00,2025-03-24 13:30:00,2025-03-24 14:15:00,15.61126,74.961317,"Incident of Theft reported in Dharwad district at coordinates (15.6113, 74.9613)."
2491,2491/2025,FIR/2491/2025,2025-07-23,26,13,1,2,5,10,2,13,2025-07-23 09:00:00,2025-07-23 09:30:00,2025-07-23 10:15:00,15.153746,74.987959,"Incident of Theft reported in Dharwad district at coordinates (15.1537, 74.9880)."
2492,2492/2025,FIR/2492/2025,2025-11-26,25,13,1,2,5,9,3,13,2025-11-26 01:00:00,2025-11-26 01:30:00,2025-11-26 02:15:00,15.311082,75.049504,"Incident of Theft reported in Dharwad district at coordinates (15.3111, 75.0495)."
2493,2493/2025,FIR/2493/2025,2025-07-14,26,13,1,2,5,10,2,13,2025-07-14 14:00:00,2025-07-14 14:30:00,2025-07-14 15:15:00,15.457464,74.881237,"Incident of Theft reported in Dharwad district at coordinates (15.4575, 74.8812)."
2494,2494/2025,FIR/2494/2025,2025-01-01,25,13,1,2,5,9,1,13,2025-01-01 10:00:00,2025-01-01 10:30:00,2025-01-01 11:15:00,15.596486,74.976605,"Incident of Theft reported in Dharwad district at coordinates (15.5965, 74.9766)."
2495,2495/2025,FIR/2495/2025,2025-09-30,26,13,1,2,5,10,1,13,2025-09-30 10:00:00,2025-09-30 10:30:00,2025-09-30 11:15:00,15.589094,74.973865,"Incident of Theft reported in Dharwad district at coordinates (15.5891, 74.9739)."
2496,2496/2025,FIR/2496/2025,2025-01-18,25,13,1,2,5,9,2,13,2025-01-18 13:00:00,2025-01-18 13:30:00,2025-01-18 14:15:00,15.21296,74.993338,"Incident of Theft reported in Dharwad district at coordinates (15.2130, 74.9933)."
2497,2497/2025,FIR/2497/2025,2025-02-27,26,13,1,2,5,10,1,13,2025-02-27 04:00:00,2025-02-27 04:30:00,2025-02-27 05:15:00,15.611443,74.975153,"Incident of Theft reported in Dharwad district at coordinates (15.6114, 74.9752)."
2498,2498/2025,FIR/2498/2025,2025-02-21,25,13,1,2,5,9,1,13,2025-02-21 10:00:00,2025-02-21 10:30:00,2025-02-21 11:15:00,15.612416,74.969036,"Incident of Theft reported in Dharwad district at coordinates (15.6124, 74.9690)."
2499,2499/2025,FIR/2499/2025,2025-06-09,26,13,1,2,5,10,2,13,2025-06-09 23:00:00,2025-06-09 23:30:00,2025-06-09 23:15:00,15.30956,74.883663,"Incident of Theft reported in Dharwad district at coordinates (15.3096, 74.8837)."
2500,2500/2025,FIR/2500/2025,2025-05-03,25,13,1,2,5,9,2,13,2025-05-03 11:00:00,2025-05-03 11:30:00,2025-05-03 12:15:00,15.621485,75.327226,"Incident of Theft reported in Dharwad district at coordinates (15.6215, 75.3272)."
2501,2501/2025,FIR/2501/2025,2025-06-28,26,13,1,2,5,10,3,13,2025-06-28 11:00:00,2025-06-28 11:30:00,2025-06-28 12:15:00,15.306375,75.062975,"Incident of Theft reported in Dharwad district at coordinates (15.3064, 75.0630)."
2502,2502/2025,FIR/2502/2025,2025-10-14,25,13,1,2,5,9,1,13,2025-10-14 17:00:00,2025-10-14 17:30:00,2025-10-14 18:15:00,15.198145,74.965841,"Incident of Theft reported in Dharwad district at coordinates (15.1981, 74.9658)."
2503,2503/2025,FIR/2503/2025,2025-01-19,26,13,1,2,5,10,2,13,2025-01-19 01:00:00,2025-01-19 01:30:00,2025-01-19 02:15:00,15.452773,74.903686,"Incident of Theft reported in Dharwad district at coordinates (15.4528, 74.9037)."
2504,2504/2025,FIR/2504/2025,2025-09-25,25,13,1,2,5,9,3,13,2025-09-25 02:00:00,2025-09-25 02:30:00,2025-09-25 03:15:00,15.467883,74.89068,"Incident of Theft reported in Dharwad district at coordinates (15.4679, 74.8907)."
2505,2505/2025,FIR/2505/2025,2025-03-20,26,13,1,2,5,10,1,13,2025-03-20 05:00:00,2025-03-20 05:30:00,2025-03-20 06:15:00,15.443294,74.904736,"Incident of Theft reported in Dharwad district at coordinates (15.4433, 74.9047)."
2506,2506/2025,FIR/2506/2025,2025-10-21,25,13,1,2,5,9,1,13,2025-10-21 16:00:00,2025-10-21 16:30:00,2025-10-21 17:15:00,15.482703,75.485951,"Incident of Theft reported in Dharwad district at coordinates (15.4827, 75.4860)."
2507,2507/2025,FIR/2507/2025,2025-11-30,26,13,1,2,5,10,1,13,2025-11-30 03:00:00,2025-11-30 03:30:00,2025-11-30 04:15:00,15.456653,74.881179,"Incident of Theft reported in Dharwad district at coordinates (15.4567, 74.8812)."
2508,2508/2025,FIR/2508/2025,2025-02-13,25,13,1,2,5,9,3,13,2025-02-13 00:00:00,2025-02-13 00:30:00,2025-02-13 01:15:00,15.503313,75.235757,"Incident of Theft reported in Dharwad district at coordinates (15.5033, 75.2358)."
2509,2509/2025,FIR/2509/2025,2025-09-15,26,13,1,2,5,10,1,13,2025-09-15 08:00:00,2025-09-15 08:30:00,2025-09-15 09:15:00,15.310433,75.049801,"Incident of Theft reported in Dharwad district at coordinates (15.3104, 75.0498)."
2510,2510/2025,FIR/2510/2025,2025-04-14,25,13,1,2,5,9,2,13,2025-04-14 15:00:00,2025-04-14 15:30:00,2025-04-14 16:15:00,15.454602,74.890514,"Incident of Theft reported in Dharwad district at coordinates (15.4546, 74.8905)."
2511,2511/2025,FIR/2511/2025,2025-01-06,26,13,1,2,5,10,2,13,2025-01-06 06:00:00,2025-01-06 06:30:00,2025-01-06 07:15:00,15.45768,74.890127,"Incident of Theft reported in Dharwad district at coordinates (15.4577, 74.8901)."
2512,2512/2025,FIR/2512/2025,2025-02-18,25,13,1,2,5,9,3,13,2025-02-18 04:00:00,2025-02-18 04:30:00,2025-02-18 05:15:00,15.4879,75.4637,"Incident of Theft reported in Dharwad district at coordinates (15.4879, 75.4637)."
2513,2513/2025,FIR/2513/2025,2025-06-06,26,13,1,2,5,10,3,13,2025-06-06 19:00:00,2025-06-06 19:30:00,2025-06-06 20:15:00,15.30877,75.056639,"Incident of Theft reported in Dharwad district at coordinates (15.3088, 75.0566)."
2514,2514/2025,FIR/2514/2025,2025-02-21,25,13,1,1,4,7,2,13,2025-02-21 22:00:00,2025-02-21 22:30:00,2025-02-21 23:15:00,15.311315,75.05577,"Incident of Robbery reported in Dharwad district at coordinates (15.3113, 75.0558)."
2515,2515/2025,FIR/2515/2025,2025-05-05,26,13,1,1,4,8,3,13,2025-05-05 11:00:00,2025-05-05 11:30:00,2025-05-05 12:15:00,15.607824,74.958918,"Incident of Robbery reported in Dharwad district at coordinates (15.6078, 74.9589)."
2516,2516/2025,FIR/2516/2025,2025-07-24,25,13,1,1,4,7,1,13,2025-07-24 23:00:00,2025-07-24 23:30:00,2025-07-24 23:15:00,15.457136,74.881249,"Incident of Robbery reported in Dharwad district at coordinates (15.4571, 74.8812)."
2517,2517/2025,FIR/2517/2025,2025-03-04,26,13,1,1,4,8,2,13,2025-03-04 18:00:00,2025-03-04 18:30:00,2025-03-04 19:15:00,15.609415,74.956902,"Incident of Robbery reported in Dharwad district at coordinates (15.6094, 74.9569)."
2518,2518/2025,FIR/2518/2025,2025-04-19,25,13,1,1,4,7,2,13,2025-04-19 11:00:00,2025-04-19 11:30:00,2025-04-19 12:15:00,15.312394,75.049926,"Incident of Robbery reported in Dharwad district at coordinates (15.3124, 75.0499)."
2519,2519/2025,FIR/2519/2025,2025-12-23,26,13,1,1,4,8,3,13,2025-12-23 14:00:00,2025-12-23 14:30:00,2025-12-23 15:15:00,15.308783,75.062269,"Incident of Robbery reported in Dharwad district at coordinates (15.3088, 75.0623)."
2520,2520/2025,FIR/2520/2025,2025-05-16,25,13,1,2,3,5,2,13,2025-05-16 07:00:00,2025-05-16 07:30:00,2025-05-16 08:15:00,15.454272,74.89871,"Incident of Chain Snatching reported in Dharwad district at coordinates (15.4543, 74.8987)."
2521,2521/2025,FIR/2521/2025,2025-02-27,26,13,1,2,3,6,2,13,2025-02-27 12:00:00,2025-02-27 12:30:00,2025-02-27 13:15:00,15.448426,74.899263,"Incident of Chain Snatching reported in Dharwad district at coordinates (15.4484, 74.8993)."
2522,2522/2025,FIR/2522/2025,2025-06-09,25,13,1,2,3,5,3,13,2025-06-09 17:00:00,2025-06-09 17:30:00,2025-06-09 18:15:00,15.151469,74.853709,"Incident of Chain Snatching reported in Dharwad district at coordinates (15.1515, 74.8537)."
2523,2523/2025,FIR/2523/2025,2025-06-07,26,13,1,2,2,4,3,13,2025-06-07 10:00:00,2025-06-07 10:30:00,2025-06-07 11:15:00,15.612974,74.981779,"Incident of Burglary reported in Dharwad district at coordinates (15.6130, 74.9818)."
2524,2524/2025,FIR/2524/2025,2025-08-18,25,13,1,2,2,3,1,13,2025-08-18 23:00:00,2025-08-18 23:30:00,2025-08-18 23:15:00,15.610111,74.974123,"Incident of Burglary reported in Dharwad district at coordinates (15.6101, 74.9741)."
2525,2525/2025,FIR/2525/2025,2025-10-18,26,13,1,2,2,4,3,13,2025-10-18 16:00:00,2025-10-18 16:30:00,2025-10-18 17:15:00,15.602362,74.960132,"Incident of Burglary reported in Dharwad district at coordinates (15.6024, 74.9601)."
2526,2526/2025,FIR/2526/2025,2025-02-20,25,13,1,2,2,3,3,13,2025-02-20 06:00:00,2025-02-20 06:30:00,2025-02-20 07:15:00,15.453882,74.891604,"Incident of Burglary reported in Dharwad district at coordinates (15.4539, 74.8916)."
2527,2527/2025,FIR/2527/2025,2025-05-19,26,13,1,2,2,4,3,13,2025-05-19 21:00:00,2025-05-19 21:30:00,2025-05-19 22:15:00,15.600743,74.97409,"Incident of Burglary reported in Dharwad district at coordinates (15.6007, 74.9741)."
2528,2528/2025,FIR/2528/2025,2025-01-10,25,13,1,2,2,3,1,13,2025-01-10 19:00:00,2025-01-10 19:30:00,2025-01-10 20:15:00,15.465173,74.904255,"Incident of Burglary reported in Dharwad district at coordinates (15.4652, 74.9043)."
2529,2529/2025,FIR/2529/2025,2025-05-23,26,13,1,2,2,4,3,13,2025-05-23 02:00:00,2025-05-23 02:30:00,2025-05-23 03:15:00,15.614822,74.956065,"Incident of Burglary reported in Dharwad district at coordinates (15.6148, 74.9561)."
2530,2530/2025,FIR/2530/2025,2025-02-21,25,13,1,2,2,3,1,13,2025-02-21 15:00:00,2025-02-21 15:30:00,2025-02-21 16:15:00,15.616399,74.963097,"Incident of Burglary reported in Dharwad district at coordinates (15.6164, 74.9631)."
2531,2531/2025,FIR/2531/2025,2025-02-05,26,13,1,2,2,4,3,13,2025-02-05 15:00:00,2025-02-05 15:30:00,2025-02-05 16:15:00,15.61724,75.228479,"Incident of Burglary reported in Dharwad district at coordinates (15.6172, 75.2285)."
2532,2532/2025,FIR/2532/2025,2025-06-27,25,13,1,2,2,3,1,13,2025-06-27 13:00:00,2025-06-27 13:30:00,2025-06-27 14:15:00,15.615243,74.966541,"Incident of Burglary reported in Dharwad district at coordinates (15.6152, 74.9665)."
2533,2533/2025,FIR/2533/2025,2025-06-08,26,13,1,2,2,4,2,13,2025-06-08 00:00:00,2025-06-08 00:30:00,2025-06-08 01:15:00,15.420597,75.292307,"Incident of Burglary reported in Dharwad district at coordinates (15.4206, 75.2923)."
2534,2534/2025,FIR/2534/2025,2025-10-01,25,13,1,2,2,3,3,13,2025-10-01 18:00:00,2025-10-01 18:30:00,2025-10-01 19:15:00,15.466118,74.907682,"Incident of Burglary reported in Dharwad district at coordinates (15.4661, 74.9077)."
2535,2535/2025,FIR/2535/2025,2025-08-29,26,13,1,1,1,2,3,13,2025-08-29 15:00:00,2025-08-29 15:30:00,2025-08-29 16:15:00,15.608501,74.982226,"Incident of Assault reported in Dharwad district at coordinates (15.6085, 74.9822)."
2536,2536/2025,FIR/2536/2025,2025-07-10,25,13,1,1,1,1,3,13,2025-07-10 10:00:00,2025-07-10 10:30:00,2025-07-10 11:15:00,15.328776,75.057722,"Incident of Assault reported in Dharwad district at coordinates (15.3288, 75.0577)."
2537,2537/2025,FIR/2537/2025,2025-10-13,26,13,1,1,1,2,3,13,2025-10-13 14:00:00,2025-10-13 14:30:00,2025-10-13 15:15:00,15.110752,74.993191,"Incident of Assault reported in Dharwad district at coordinates (15.1108, 74.9932)."
2538,2538/2025,FIR/2538/2025,2025-09-04,25,13,1,1,1,1,3,13,2025-09-04 15:00:00,2025-09-04 15:30:00,2025-09-04 16:15:00,15.439973,74.886037,"Incident of Assault reported in Dharwad district at coordinates (15.4400, 74.8860)."
2539,2539/2025,FIR/2539/2025,2025-07-19,26,13,1,1,1,2,1,13,2025-07-19 17:00:00,2025-07-19 17:30:00,2025-07-19 18:15:00,15.297877,75.048414,"Incident of Assault reported in Dharwad district at coordinates (15.2979, 75.0484)."
2540,2540/2025,FIR/2540/2025,2025-05-01,25,13,1,1,1,1,2,13,2025-05-01 10:00:00,2025-05-01 10:30:00,2025-05-01 11:15:00,15.293699,75.042965,"Incident of Assault reported in Dharwad district at coordinates (15.2937, 75.0430)."
2541,2541/2025,FIR/2541/2025,2025-07-19,26,13,1,1,1,2,2,13,2025-07-19 04:00:00,2025-07-19 04:30:00,2025-07-19 05:15:00,15.609429,74.977508,"Incident of Assault reported in Dharwad district at coordinates (15.6094, 74.9775)."
2542,2542/2025,FIR/2542/2025,2025-02-25,25,13,1,1,1,1,1,13,2025-02-25 12:00:00,2025-02-25 12:30:00,2025-02-25 13:15:00,15.310459,75.05503,"Incident of Assault reported in Dharwad district at coordinates (15.3105, 75.0550)."
2543,2543/2025,FIR/2543/2025,2025-11-17,26,13,1,1,1,2,3,13,2025-11-17 10:00:00,2025-11-17 10:30:00,2025-11-17 11:15:00,15.453286,74.898792,"Incident of Assault reported in Dharwad district at coordinates (15.4533, 74.8988)."
2544,2544/2025,FIR/2544/2025,2025-04-23,25,13,1,1,1,1,3,13,2025-04-23 20:00:00,2025-04-23 20:30:00,2025-04-23 21:15:00,15.614069,74.959143,"Incident of Assault reported in Dharwad district at coordinates (15.6141, 74.9591)."
2545,2545/2025,FIR/2545/2025,2025-04-17,26,13,1,1,1,2,1,13,2025-04-17 12:00:00,2025-04-17 12:30:00,2025-04-17 13:15:00,15.463814,74.905386,"Incident of Assault reported in Dharwad district at coordinates (15.4638, 74.9054)."
2546,2546/2025,FIR/2546/2025,2025-04-12,25,13,1,1,1,1,1,13,2025-04-12 15:00:00,2025-04-12 15:30:00,2025-04-12 16:15:00,15.107661,75.010101,"Incident of Assault reported in Dharwad district at coordinates (15.1077, 75.0101)."
2547,2547/2025,FIR/2547/2025,2025-01-08,26,13,1,1,1,2,1,13,2025-01-08 16:00:00,2025-01-08 16:30:00,2025-01-08 17:15:00,15.356539,75.312132,"Incident of Assault reported in Dharwad district at coordinates (15.3565, 75.3121)."
2548,2548/2025,FIR/2548/2025,2025-07-18,25,13,1,1,1,1,3,13,2025-07-18 03:00:00,2025-07-18 03:30:00,2025-07-18 04:15:00,15.301302,75.066058,"Incident of Assault reported in Dharwad district at coordinates (15.3013, 75.0661)."
2549,2549/2025,FIR/2549/2025,2025-01-07,26,13,1,1,1,2,3,13,2025-01-07 17:00:00,2025-01-07 17:30:00,2025-01-07 18:15:00,15.306872,75.061263,"Incident of Assault reported in Dharwad district at coordinates (15.3069, 75.0613)."
2550,2550/2025,FIR/2550/2025,2025-09-22,25,13,1,1,1,1,3,13,2025-09-22 12:00:00,2025-09-22 12:30:00,2025-09-22 13:15:00,15.605443,74.973467,"Incident of Assault reported in Dharwad district at coordinates (15.6054, 74.9735)."
2551,2551/2025,FIR/2551/2025,2025-06-17,26,13,1,1,1,2,2,13,2025-06-17 23:00:00,2025-06-17 23:30:00,2025-06-17 23:15:00,15.450104,74.899621,"Incident of Assault reported in Dharwad district at coordinates (15.4501, 74.8996)."
2552,2552/2025,FIR/2552/2025,2025-01-04,25,13,1,1,1,1,1,13,2025-01-04 07:00:00,2025-01-04 07:30:00,2025-01-04 08:15:00,15.114105,74.869414,"Incident of Assault reported in Dharwad district at coordinates (15.1141, 74.8694)."
2553,2553/2025,FIR/2553/2025,2025-06-23,26,13,1,1,1,2,1,13,2025-06-23 23:00:00,2025-06-23 23:30:00,2025-06-23 23:15:00,15.297651,74.95989,"Incident of Assault reported in Dharwad district at coordinates (15.2977, 74.9599)."
2554,2554/2025,FIR/2554/2025,2025-02-06,25,13,1,1,1,1,3,13,2025-02-06 07:00:00,2025-02-06 07:30:00,2025-02-06 08:15:00,15.615924,74.946468,"Incident of Assault reported in Dharwad district at coordinates (15.6159, 74.9465)."
2555,2555/2025,FIR/2555/2025,2025-01-24,28,14,1,2,5,10,1,14,2025-01-24 03:00:00,2025-01-24 03:30:00,2025-01-24 04:15:00,15.548544,75.61958,"Incident of Theft reported in Gadag district at coordinates (15.5485, 75.6196)."
2556,2556/2025,FIR/2556/2025,2025-02-14,27,14,1,2,5,9,2,14,2025-02-14 06:00:00,2025-02-14 06:30:00,2025-02-14 07:15:00,15.431711,75.682405,"Incident of Theft reported in Gadag district at coordinates (15.4317, 75.6824)."
2557,2557/2025,FIR/2557/2025,2025-08-05,28,14,1,2,5,10,3,14,2025-08-05 12:00:00,2025-08-05 12:30:00,2025-08-05 13:15:00,15.537264,75.62048,"Incident of Theft reported in Gadag district at coordinates (15.5373, 75.6205)."
2558,2558/2025,FIR/2558/2025,2025-06-01,27,14,1,2,5,9,3,14,2025-06-01 01:00:00,2025-06-01 01:30:00,2025-06-01 02:15:00,15.211233,75.496672,"Incident of Theft reported in Gadag district at coordinates (15.2112, 75.4967)."
2559,2559/2025,FIR/2559/2025,2025-02-07,28,14,1,2,5,10,1,14,2025-02-07 18:00:00,2025-02-07 18:30:00,2025-02-07 19:15:00,15.220337,75.498511,"Incident of Theft reported in Gadag district at coordinates (15.2203, 75.4985)."
2560,2560/2025,FIR/2560/2025,2025-05-31,27,14,1,2,5,9,3,14,2025-05-31 16:00:00,2025-05-31 16:30:00,2025-05-31 17:15:00,15.460788,75.662551,"Incident of Theft reported in Gadag district at coordinates (15.4608, 75.6626)."
2561,2561/2025,FIR/2561/2025,2025-03-19,28,14,1,2,5,10,1,14,2025-03-19 13:00:00,2025-03-19 13:30:00,2025-03-19 14:15:00,15.46026,75.667466,"Incident of Theft reported in Gadag district at coordinates (15.4603, 75.6675)."
2562,2562/2025,FIR/2562/2025,2025-12-17,27,14,1,2,5,9,3,14,2025-12-17 12:00:00,2025-12-17 12:30:00,2025-12-17 13:15:00,15.824632,75.779562,"Incident of Theft reported in Gadag district at coordinates (15.8246, 75.7796)."
2563,2563/2025,FIR/2563/2025,2025-10-21,28,14,1,2,5,10,1,14,2025-10-21 09:00:00,2025-10-21 09:30:00,2025-10-21 10:15:00,15.534476,75.621752,"Incident of Theft reported in Gadag district at coordinates (15.5345, 75.6218)."
2564,2564/2025,FIR/2564/2025,2025-04-04,27,14,1,2,5,9,1,14,2025-04-04 16:00:00,2025-04-04 16:30:00,2025-04-04 17:15:00,15.437073,75.800194,"Incident of Theft reported in Gadag district at coordinates (15.4371, 75.8002)."
2565,2565/2025,FIR/2565/2025,2025-12-29,28,14,1,2,5,10,1,14,2025-12-29 01:00:00,2025-12-29 01:30:00,2025-12-29 02:15:00,15.838799,75.778063,"Incident of Theft reported in Gadag district at coordinates (15.8388, 75.7781)."
2566,2566/2025,FIR/2566/2025,2025-03-03,27,14,1,2,5,9,2,14,2025-03-03 11:00:00,2025-03-03 11:30:00,2025-03-03 12:15:00,15.222532,75.495849,"Incident of Theft reported in Gadag district at coordinates (15.2225, 75.4958)."
2567,2567/2025,FIR/2567/2025,2025-08-18,28,14,1,2,5,10,3,14,2025-08-18 23:00:00,2025-08-18 23:30:00,2025-08-18 23:15:00,15.420652,75.66374,"Incident of Theft reported in Gadag district at coordinates (15.4207, 75.6637)."
2568,2568/2025,FIR/2568/2025,2025-06-08,27,14,1,2,5,9,2,14,2025-06-08 18:00:00,2025-06-08 18:30:00,2025-06-08 19:15:00,15.151196,75.715804,"Incident of Theft reported in Gadag district at coordinates (15.1512, 75.7158)."
2569,2569/2025,FIR/2569/2025,2025-12-02,28,14,1,2,5,10,3,14,2025-12-02 20:00:00,2025-12-02 20:30:00,2025-12-02 21:15:00,15.543847,75.630623,"Incident of Theft reported in Gadag district at coordinates (15.5438, 75.6306)."
2570,2570/2025,FIR/2570/2025,2025-11-03,27,14,1,2,5,9,2,14,2025-11-03 12:00:00,2025-11-03 12:30:00,2025-11-03 13:15:00,15.220089,75.501729,"Incident of Theft reported in Gadag district at coordinates (15.2201, 75.5017)."
2571,2571/2025,FIR/2571/2025,2025-06-13,28,14,1,2,5,10,1,14,2025-06-13 04:00:00,2025-06-13 04:30:00,2025-06-13 05:15:00,15.535795,75.62499,"Incident of Theft reported in Gadag district at coordinates (15.5358, 75.6250)."
2572,2572/2025,FIR/2572/2025,2025-04-16,27,14,1,2,5,9,2,14,2025-04-16 18:00:00,2025-04-16 18:30:00,2025-04-16 19:15:00,15.22681,75.493558,"Incident of Theft reported in Gadag district at coordinates (15.2268, 75.4936)."
2573,2573/2025,FIR/2573/2025,2025-10-08,28,14,1,2,5,10,3,14,2025-10-08 18:00:00,2025-10-08 18:30:00,2025-10-08 19:15:00,15.242337,75.528395,"Incident of Theft reported in Gadag district at coordinates (15.2423, 75.5284)."
2574,2574/2025,FIR/2574/2025,2025-04-13,27,14,1,2,5,9,1,14,2025-04-13 19:00:00,2025-04-13 19:30:00,2025-04-13 20:15:00,15.1803,75.592277,"Incident of Theft reported in Gadag district at coordinates (15.1803, 75.5923)."
2575,2575/2025,FIR/2575/2025,2025-06-17,28,14,1,2,5,10,1,14,2025-06-17 15:00:00,2025-06-17 15:30:00,2025-06-17 16:15:00,15.225319,75.496947,"Incident of Theft reported in Gadag district at coordinates (15.2253, 75.4969)."
2576,2576/2025,FIR/2576/2025,2025-11-05,27,14,1,2,5,9,3,14,2025-11-05 07:00:00,2025-11-05 07:30:00,2025-11-05 08:15:00,15.542632,75.628507,"Incident of Theft reported in Gadag district at coordinates (15.5426, 75.6285)."
2577,2577/2025,FIR/2577/2025,2025-04-09,28,14,1,2,5,10,3,14,2025-04-09 14:00:00,2025-04-09 14:30:00,2025-04-09 15:15:00,15.247577,75.546162,"Incident of Theft reported in Gadag district at coordinates (15.2476, 75.5462)."
2578,2578/2025,FIR/2578/2025,2025-04-27,27,14,1,2,5,9,2,14,2025-04-27 02:00:00,2025-04-27 02:30:00,2025-04-27 03:15:00,15.237622,75.530399,"Incident of Theft reported in Gadag district at coordinates (15.2376, 75.5304)."
2579,2579/2025,FIR/2579/2025,2025-12-24,28,14,1,2,5,10,2,14,2025-12-24 05:00:00,2025-12-24 05:30:00,2025-12-24 06:15:00,15.231735,75.500503,"Incident of Theft reported in Gadag district at coordinates (15.2317, 75.5005)."
2580,2580/2025,FIR/2580/2025,2025-10-04,27,14,1,2,5,9,2,14,2025-10-04 13:00:00,2025-10-04 13:30:00,2025-10-04 14:15:00,15.402978,75.665144,"Incident of Theft reported in Gadag district at coordinates (15.4030, 75.6651)."
2581,2581/2025,FIR/2581/2025,2025-06-06,28,14,1,2,5,10,1,14,2025-06-06 09:00:00,2025-06-06 09:30:00,2025-06-06 10:15:00,15.218496,75.73619,"Incident of Theft reported in Gadag district at coordinates (15.2185, 75.7362)."
2582,2582/2025,FIR/2582/2025,2025-05-17,27,14,1,2,5,9,3,14,2025-05-17 12:00:00,2025-05-17 12:30:00,2025-05-17 13:15:00,15.216925,75.499338,"Incident of Theft reported in Gadag district at coordinates (15.2169, 75.4993)."
2583,2583/2025,FIR/2583/2025,2025-07-24,28,14,1,2,5,10,2,14,2025-07-24 03:00:00,2025-07-24 03:30:00,2025-07-24 04:15:00,15.456054,75.654154,"Incident of Theft reported in Gadag district at coordinates (15.4561, 75.6542)."
2584,2584/2025,FIR/2584/2025,2025-12-21,27,14,1,2,5,9,1,14,2025-12-21 20:00:00,2025-12-21 20:30:00,2025-12-21 21:15:00,15.234166,75.490463,"Incident of Theft reported in Gadag district at coordinates (15.2342, 75.4905)."
2585,2585/2025,FIR/2585/2025,2025-09-17,28,14,1,2,5,10,3,14,2025-09-17 22:00:00,2025-09-17 22:30:00,2025-09-17 23:15:00,15.58903,75.650717,"Incident of Theft reported in Gadag district at coordinates (15.5890, 75.6507)."
2586,2586/2025,FIR/2586/2025,2025-07-06,27,14,1,2,5,9,1,14,2025-07-06 16:00:00,2025-07-06 16:30:00,2025-07-06 17:15:00,15.442575,75.662647,"Incident of Theft reported in Gadag district at coordinates (15.4426, 75.6626)."
2587,2587/2025,FIR/2587/2025,2025-03-06,28,14,1,2,5,10,1,14,2025-03-06 15:00:00,2025-03-06 15:30:00,2025-03-06 16:15:00,15.239491,75.532032,"Incident of Theft reported in Gadag district at coordinates (15.2395, 75.5320)."
2588,2588/2025,FIR/2588/2025,2025-09-06,27,14,1,2,5,9,2,14,2025-09-06 11:00:00,2025-09-06 11:30:00,2025-09-06 12:15:00,15.167459,75.663013,"Incident of Theft reported in Gadag district at coordinates (15.1675, 75.6630)."
2589,2589/2025,FIR/2589/2025,2025-08-19,28,14,1,2,5,10,1,14,2025-08-19 05:00:00,2025-08-19 05:30:00,2025-08-19 06:15:00,15.538838,75.638091,"Incident of Theft reported in Gadag district at coordinates (15.5388, 75.6381)."
2590,2590/2025,FIR/2590/2025,2025-11-19,27,14,1,2,5,9,2,14,2025-11-19 00:00:00,2025-11-19 00:30:00,2025-11-19 01:15:00,15.250513,75.541075,"Incident of Theft reported in Gadag district at coordinates (15.2505, 75.5411)."
2591,2591/2025,FIR/2591/2025,2025-11-10,28,14,1,2,5,10,1,14,2025-11-10 09:00:00,2025-11-10 09:30:00,2025-11-10 10:15:00,15.234834,75.698204,"Incident of Theft reported in Gadag district at coordinates (15.2348, 75.6982)."
2592,2592/2025,FIR/2592/2025,2025-07-04,27,14,1,2,5,9,2,14,2025-07-04 22:00:00,2025-07-04 22:30:00,2025-07-04 23:15:00,15.248137,75.523165,"Incident of Theft reported in Gadag district at coordinates (15.2481, 75.5232)."
2593,2593/2025,FIR/2593/2025,2025-09-18,28,14,1,2,5,10,1,14,2025-09-18 04:00:00,2025-09-18 04:30:00,2025-09-18 05:15:00,15.813713,75.780162,"Incident of Theft reported in Gadag district at coordinates (15.8137, 75.7802)."
2594,2594/2025,FIR/2594/2025,2025-07-28,27,14,1,2,5,9,2,14,2025-07-28 15:00:00,2025-07-28 15:30:00,2025-07-28 16:15:00,15.54314,75.624474,"Incident of Theft reported in Gadag district at coordinates (15.5431, 75.6245)."
2595,2595/2025,FIR/2595/2025,2025-12-01,28,14,1,1,4,8,2,14,2025-12-01 01:00:00,2025-12-01 01:30:00,2025-12-01 02:15:00,15.213041,75.497849,"Incident of Robbery reported in Gadag district at coordinates (15.2130, 75.4978)."
2596,2596/2025,FIR/2596/2025,2025-04-10,27,14,1,1,4,7,1,14,2025-04-10 09:00:00,2025-04-10 09:30:00,2025-04-10 10:15:00,15.451185,75.675718,"Incident of Robbery reported in Gadag district at coordinates (15.4512, 75.6757)."
2597,2597/2025,FIR/2597/2025,2025-09-09,28,14,1,1,4,8,2,14,2025-09-09 01:00:00,2025-09-09 01:30:00,2025-09-09 02:15:00,15.82837,75.792716,"Incident of Robbery reported in Gadag district at coordinates (15.8284, 75.7927)."
2598,2598/2025,FIR/2598/2025,2025-05-07,27,14,1,1,4,7,3,14,2025-05-07 21:00:00,2025-05-07 21:30:00,2025-05-07 22:15:00,15.412675,75.656659,"Incident of Robbery reported in Gadag district at coordinates (15.4127, 75.6567)."
2599,2599/2025,FIR/2599/2025,2025-01-10,28,14,1,1,4,8,2,14,2025-01-10 02:00:00,2025-01-10 02:30:00,2025-01-10 03:15:00,15.542557,75.62563,"Incident of Robbery reported in Gadag district at coordinates (15.5426, 75.6256)."
2600,2600/2025,FIR/2600/2025,2025-09-02,27,14,1,1,4,7,2,14,2025-09-02 01:00:00,2025-09-02 01:30:00,2025-09-02 02:15:00,15.182038,75.630314,"Incident of Robbery reported in Gadag district at coordinates (15.1820, 75.6303)."
2601,2601/2025,FIR/2601/2025,2025-04-25,28,14,1,2,3,6,1,14,2025-04-25 04:00:00,2025-04-25 04:30:00,2025-04-25 05:15:00,15.805712,75.788361,"Incident of Chain Snatching reported in Gadag district at coordinates (15.8057, 75.7884)."
2602,2602/2025,FIR/2602/2025,2025-09-24,27,14,1,2,3,5,2,14,2025-09-24 09:00:00,2025-09-24 09:30:00,2025-09-24 10:15:00,15.249571,75.532785,"Incident of Chain Snatching reported in Gadag district at coordinates (15.2496, 75.5328)."
2603,2603/2025,FIR/2603/2025,2025-05-15,28,14,1,2,3,6,3,14,2025-05-15 19:00:00,2025-05-15 19:30:00,2025-05-15 20:15:00,15.246292,75.531601,"Incident of Chain Snatching reported in Gadag district at coordinates (15.2463, 75.5316)."
2604,2604/2025,FIR/2604/2025,2025-07-28,27,14,1,2,2,3,3,14,2025-07-28 21:00:00,2025-07-28 21:30:00,2025-07-28 22:15:00,15.230407,75.509055,"Incident of Burglary reported in Gadag district at coordinates (15.2304, 75.5091)."
2605,2605/2025,FIR/2605/2025,2025-09-15,28,14,1,2,2,4,1,14,2025-09-15 08:00:00,2025-09-15 08:30:00,2025-09-15 09:15:00,15.831716,75.786569,"Incident of Burglary reported in Gadag district at coordinates (15.8317, 75.7866)."
2606,2606/2025,FIR/2606/2025,2025-03-26,27,14,1,2,2,3,2,14,2025-03-26 17:00:00,2025-03-26 17:30:00,2025-03-26 18:15:00,15.442279,75.670535,"Incident of Burglary reported in Gadag district at coordinates (15.4423, 75.6705)."
2607,2607/2025,FIR/2607/2025,2025-11-05,28,14,1,2,2,4,2,14,2025-11-05 12:00:00,2025-11-05 12:30:00,2025-11-05 13:15:00,15.23847,75.496828,"Incident of Burglary reported in Gadag district at coordinates (15.2385, 75.4968)."
2608,2608/2025,FIR/2608/2025,2025-10-31,27,14,1,2,2,3,3,14,2025-10-31 08:00:00,2025-10-31 08:30:00,2025-10-31 09:15:00,15.545825,75.630405,"Incident of Burglary reported in Gadag district at coordinates (15.5458, 75.6304)."
2609,2609/2025,FIR/2609/2025,2025-06-04,28,14,1,2,2,4,3,14,2025-06-04 20:00:00,2025-06-04 20:30:00,2025-06-04 21:15:00,15.420565,75.65722,"Incident of Burglary reported in Gadag district at coordinates (15.4206, 75.6572)."
2610,2610/2025,FIR/2610/2025,2025-10-23,27,14,1,2,2,3,3,14,2025-10-23 16:00:00,2025-10-23 16:30:00,2025-10-23 17:15:00,15.550452,75.63022,"Incident of Burglary reported in Gadag district at coordinates (15.5505, 75.6302)."
2611,2611/2025,FIR/2611/2025,2025-10-17,28,14,1,2,2,4,2,14,2025-10-17 16:00:00,2025-10-17 16:30:00,2025-10-17 17:15:00,15.249142,75.53491,"Incident of Burglary reported in Gadag district at coordinates (15.2491, 75.5349)."
2612,2612/2025,FIR/2612/2025,2025-10-01,27,14,1,2,2,3,2,14,2025-10-01 04:00:00,2025-10-01 04:30:00,2025-10-01 05:15:00,15.445768,75.67304,"Incident of Burglary reported in Gadag district at coordinates (15.4458, 75.6730)."
2613,2613/2025,FIR/2613/2025,2025-09-16,28,14,1,2,2,4,3,14,2025-09-16 07:00:00,2025-09-16 07:30:00,2025-09-16 08:15:00,15.465498,75.673061,"Incident of Burglary reported in Gadag district at coordinates (15.4655, 75.6731)."
2614,2614/2025,FIR/2614/2025,2025-12-20,27,14,1,2,2,3,3,14,2025-12-20 15:00:00,2025-12-20 15:30:00,2025-12-20 16:15:00,15.545064,75.631965,"Incident of Burglary reported in Gadag district at coordinates (15.5451, 75.6320)."
2615,2615/2025,FIR/2615/2025,2025-08-03,28,14,1,2,2,4,1,14,2025-08-03 23:00:00,2025-08-03 23:30:00,2025-08-03 23:15:00,15.235254,75.530465,"Incident of Burglary reported in Gadag district at coordinates (15.2353, 75.5305)."
2616,2616/2025,FIR/2616/2025,2025-10-16,27,14,1,1,1,1,1,14,2025-10-16 11:00:00,2025-10-16 11:30:00,2025-10-16 12:15:00,15.461802,75.664662,"Incident of Assault reported in Gadag district at coordinates (15.4618, 75.6647)."
2617,2617/2025,FIR/2617/2025,2025-11-20,28,14,1,1,1,2,2,14,2025-11-20 00:00:00,2025-11-20 00:30:00,2025-11-20 01:15:00,15.83049,75.787878,"Incident of Assault reported in Gadag district at coordinates (15.8305, 75.7879)."
2618,2618/2025,FIR/2618/2025,2025-06-15,27,14,1,1,1,1,3,14,2025-06-15 17:00:00,2025-06-15 17:30:00,2025-06-15 18:15:00,15.242614,75.527314,"Incident of Assault reported in Gadag district at coordinates (15.2426, 75.5273)."
2619,2619/2025,FIR/2619/2025,2025-05-20,28,14,1,1,1,2,2,14,2025-05-20 10:00:00,2025-05-20 10:30:00,2025-05-20 11:15:00,15.527377,75.61684,"Incident of Assault reported in Gadag district at coordinates (15.5274, 75.6168)."
2620,2620/2025,FIR/2620/2025,2025-10-22,27,14,1,1,1,1,1,14,2025-10-22 05:00:00,2025-10-22 05:30:00,2025-10-22 06:15:00,15.230237,75.493668,"Incident of Assault reported in Gadag district at coordinates (15.2302, 75.4937)."
2621,2621/2025,FIR/2621/2025,2025-09-09,28,14,1,1,1,2,3,14,2025-09-09 22:00:00,2025-09-09 22:30:00,2025-09-09 23:15:00,15.218757,75.499483,"Incident of Assault reported in Gadag district at coordinates (15.2188, 75.4995)."
2622,2622/2025,FIR/2622/2025,2025-09-24,27,14,1,1,1,1,3,14,2025-09-24 01:00:00,2025-09-24 01:30:00,2025-09-24 02:15:00,15.537003,75.619399,"Incident of Assault reported in Gadag district at coordinates (15.5370, 75.6194)."
2623,2623/2025,FIR/2623/2025,2025-05-24,28,14,1,1,1,2,3,14,2025-05-24 09:00:00,2025-05-24 09:30:00,2025-05-24 10:15:00,15.22156,75.485518,"Incident of Assault reported in Gadag district at coordinates (15.2216, 75.4855)."
2624,2624/2025,FIR/2624/2025,2025-11-03,27,14,1,1,1,1,1,14,2025-11-03 15:00:00,2025-11-03 15:30:00,2025-11-03 16:15:00,15.473411,75.692967,"Incident of Assault reported in Gadag district at coordinates (15.4734, 75.6930)."
2625,2625/2025,FIR/2625/2025,2025-05-24,28,14,1,1,1,2,3,14,2025-05-24 09:00:00,2025-05-24 09:30:00,2025-05-24 10:15:00,15.678494,75.831439,"Incident of Assault reported in Gadag district at coordinates (15.6785, 75.8314)."
2626,2626/2025,FIR/2626/2025,2025-09-02,27,14,1,1,1,1,2,14,2025-09-02 07:00:00,2025-09-02 07:30:00,2025-09-02 08:15:00,15.840677,75.796791,"Incident of Assault reported in Gadag district at coordinates (15.8407, 75.7968)."
2627,2627/2025,FIR/2627/2025,2025-11-05,28,14,1,1,1,2,2,14,2025-11-05 08:00:00,2025-11-05 08:30:00,2025-11-05 09:15:00,15.452301,75.64916,"Incident of Assault reported in Gadag district at coordinates (15.4523, 75.6492)."
2628,2628/2025,FIR/2628/2025,2025-02-07,27,14,1,1,1,1,3,14,2025-02-07 16:00:00,2025-02-07 16:30:00,2025-02-07 17:15:00,15.228954,75.496835,"Incident of Assault reported in Gadag district at coordinates (15.2290, 75.4968)."
2629,2629/2025,FIR/2629/2025,2025-05-14,28,14,1,1,1,2,3,14,2025-05-14 07:00:00,2025-05-14 07:30:00,2025-05-14 08:15:00,15.842264,75.77823,"Incident of Assault reported in Gadag district at coordinates (15.8423, 75.7782)."
2630,2630/2025,FIR/2630/2025,2025-01-12,27,14,1,1,1,1,3,14,2025-01-12 13:00:00,2025-01-12 13:30:00,2025-01-12 14:15:00,15.23955,75.494325,"Incident of Assault reported in Gadag district at coordinates (15.2395, 75.4943)."
2631,2631/2025,FIR/2631/2025,2025-05-29,28,14,1,1,1,2,1,14,2025-05-29 21:00:00,2025-05-29 21:30:00,2025-05-29 22:15:00,15.834312,75.785081,"Incident of Assault reported in Gadag district at coordinates (15.8343, 75.7851)."
2632,2632/2025,FIR/2632/2025,2025-11-18,27,14,1,1,1,1,2,14,2025-11-18 16:00:00,2025-11-18 16:30:00,2025-11-18 17:15:00,15.467697,75.666545,"Incident of Assault reported in Gadag district at coordinates (15.4677, 75.6665)."
2633,2633/2025,FIR/2633/2025,2025-07-13,28,14,1,1,1,2,3,14,2025-07-13 05:00:00,2025-07-13 05:30:00,2025-07-13 06:15:00,15.401423,75.647153,"Incident of Assault reported in Gadag district at coordinates (15.4014, 75.6472)."
2634,2634/2025,FIR/2634/2025,2025-02-19,27,14,1,1,1,1,1,14,2025-02-19 02:00:00,2025-02-19 02:30:00,2025-02-19 03:15:00,15.414014,75.676113,"Incident of Assault reported in Gadag district at coordinates (15.4140, 75.6761)."
2635,2635/2025,FIR/2635/2025,2025-10-15,28,14,1,1,1,2,2,14,2025-10-15 03:00:00,2025-10-15 03:30:00,2025-10-15 04:15:00,15.81602,75.791084,"Incident of Assault reported in Gadag district at coordinates (15.8160, 75.7911)."
2636,2636/2025,FIR/2636/2025,2025-12-28,29,15,1,2,5,9,2,15,2025-12-28 22:00:00,2025-12-28 22:30:00,2025-12-28 23:15:00,17.29452,77.052338,"Incident of Theft reported in Gulbarga district at coordinates (17.2945, 77.0523)."
2637,2637/2025,FIR/2637/2025,2025-04-02,30,15,1,2,5,10,3,15,2025-04-02 20:00:00,2025-04-02 20:30:00,2025-04-02 21:15:00,16.979226,76.927396,"Incident of Theft reported in Gulbarga district at coordinates (16.9792, 76.9274)."
2638,2638/2025,FIR/2638/2025,2025-02-17,29,15,1,2,5,9,1,15,2025-02-17 18:00:00,2025-02-17 18:30:00,2025-02-17 19:15:00,17.350537,76.496371,"Incident of Theft reported in Gulbarga district at coordinates (17.3505, 76.4964)."
2639,2639/2025,FIR/2639/2025,2025-02-13,30,15,1,2,5,10,1,15,2025-02-13 06:00:00,2025-02-13 06:30:00,2025-02-13 07:15:00,17.289749,77.063597,"Incident of Theft reported in Gulbarga district at coordinates (17.2897, 77.0636)."
2640,2640/2025,FIR/2640/2025,2025-08-24,29,15,1,2,5,9,2,15,2025-08-24 14:00:00,2025-08-24 14:30:00,2025-08-24 15:15:00,17.150005,76.845319,"Incident of Theft reported in Gulbarga district at coordinates (17.1500, 76.8453)."
2641,2641/2025,FIR/2641/2025,2025-03-28,30,15,1,2,5,10,1,15,2025-03-28 04:00:00,2025-03-28 04:30:00,2025-03-28 05:15:00,17.304673,77.058338,"Incident of Theft reported in Gulbarga district at coordinates (17.3047, 77.0583)."
2642,2642/2025,FIR/2642/2025,2025-06-04,29,15,1,2,5,9,2,15,2025-06-04 03:00:00,2025-06-04 03:30:00,2025-06-04 04:15:00,17.242473,76.242503,"Incident of Theft reported in Gulbarga district at coordinates (17.2425, 76.2425)."
2643,2643/2025,FIR/2643/2025,2025-10-14,30,15,1,2,5,10,3,15,2025-10-14 18:00:00,2025-10-14 18:30:00,2025-10-14 19:15:00,16.665923,76.825,"Incident of Theft reported in Gulbarga district at coordinates (16.6659, 76.8250)."
2644,2644/2025,FIR/2644/2025,2025-07-02,29,15,1,2,5,9,3,15,2025-07-02 21:00:00,2025-07-02 21:30:00,2025-07-02 22:15:00,17.370801,76.493355,"Incident of Theft reported in Gulbarga district at coordinates (17.3708, 76.4934)."
2645,2645/2025,FIR/2645/2025,2025-10-06,30,15,1,2,5,10,3,15,2025-10-06 20:00:00,2025-10-06 20:30:00,2025-10-06 21:15:00,16.972632,76.937956,"Incident of Theft reported in Gulbarga district at coordinates (16.9726, 76.9380)."
2646,2646/2025,FIR/2646/2025,2025-06-29,29,15,1,2,5,9,3,15,2025-06-29 10:00:00,2025-06-29 10:30:00,2025-06-29 11:15:00,16.952048,77.166669,"Incident of Theft reported in Gulbarga district at coordinates (16.9520, 77.1667)."
2647,2647/2025,FIR/2647/2025,2025-08-21,30,15,1,2,5,10,1,15,2025-08-21 00:00:00,2025-08-21 00:30:00,2025-08-21 01:15:00,16.967715,76.924573,"Incident of Theft reported in Gulbarga district at coordinates (16.9677, 76.9246)."
2648,2648/2025,FIR/2648/2025,2025-12-11,29,15,1,2,5,9,1,15,2025-12-11 17:00:00,2025-12-11 17:30:00,2025-12-11 18:15:00,17.182316,76.844082,"Incident of Theft reported in Gulbarga district at coordinates (17.1823, 76.8441)."
2649,2649/2025,FIR/2649/2025,2025-03-15,30,15,1,2,5,10,1,15,2025-03-15 09:00:00,2025-03-15 09:30:00,2025-03-15 10:15:00,17.311237,77.069634,"Incident of Theft reported in Gulbarga district at coordinates (17.3112, 77.0696)."
2650,2650/2025,FIR/2650/2025,2025-02-17,29,15,1,2,5,9,3,15,2025-02-17 07:00:00,2025-02-17 07:30:00,2025-02-17 08:15:00,17.67454,77.120183,"Incident of Theft reported in Gulbarga district at coordinates (17.6745, 77.1202)."
2651,2651/2025,FIR/2651/2025,2025-02-05,30,15,1,2,5,10,3,15,2025-02-05 21:00:00,2025-02-05 21:30:00,2025-02-05 22:15:00,17.295913,77.06716,"Incident of Theft reported in Gulbarga district at coordinates (17.2959, 77.0672)."
2652,2652/2025,FIR/2652/2025,2025-06-12,29,15,1,2,5,9,1,15,2025-06-12 21:00:00,2025-06-12 21:30:00,2025-06-12 22:15:00,17.154909,76.860894,"Incident of Theft reported in Gulbarga district at coordinates (17.1549, 76.8609)."
2653,2653/2025,FIR/2653/2025,2025-10-09,30,15,1,2,5,10,3,15,2025-10-09 12:00:00,2025-10-09 12:30:00,2025-10-09 13:15:00,17.367293,76.485278,"Incident of Theft reported in Gulbarga district at coordinates (17.3673, 76.4853)."
2654,2654/2025,FIR/2654/2025,2025-12-13,29,15,1,2,5,9,2,15,2025-12-13 13:00:00,2025-12-13 13:30:00,2025-12-13 14:15:00,17.166094,76.847603,"Incident of Theft reported in Gulbarga district at coordinates (17.1661, 76.8476)."
2655,2655/2025,FIR/2655/2025,2025-04-27,30,15,1,2,5,10,2,15,2025-04-27 12:00:00,2025-04-27 12:30:00,2025-04-27 13:15:00,17.363869,76.495868,"Incident of Theft reported in Gulbarga district at coordinates (17.3639, 76.4959)."
2656,2656/2025,FIR/2656/2025,2025-08-24,29,15,1,2,5,9,2,15,2025-08-24 14:00:00,2025-08-24 14:30:00,2025-08-24 15:15:00,17.341559,76.490825,"Incident of Theft reported in Gulbarga district at coordinates (17.3416, 76.4908)."
2657,2657/2025,FIR/2657/2025,2025-05-12,30,15,1,2,5,10,2,15,2025-05-12 12:00:00,2025-05-12 12:30:00,2025-05-12 13:15:00,16.956478,76.917155,"Incident of Theft reported in Gulbarga district at coordinates (16.9565, 76.9172)."
2658,2658/2025,FIR/2658/2025,2025-06-17,29,15,1,2,5,9,2,15,2025-06-17 23:00:00,2025-06-17 23:30:00,2025-06-17 23:15:00,16.972747,76.922882,"Incident of Theft reported in Gulbarga district at coordinates (16.9727, 76.9229)."
2659,2659/2025,FIR/2659/2025,2025-09-21,30,15,1,2,5,10,2,15,2025-09-21 23:00:00,2025-09-21 23:30:00,2025-09-21 23:15:00,16.983813,76.921822,"Incident of Theft reported in Gulbarga district at coordinates (16.9838, 76.9218)."
2660,2660/2025,FIR/2660/2025,2025-05-16,29,15,1,2,5,9,1,15,2025-05-16 23:00:00,2025-05-16 23:30:00,2025-05-16 23:15:00,17.36788,76.493234,"Incident of Theft reported in Gulbarga district at coordinates (17.3679, 76.4932)."
2661,2661/2025,FIR/2661/2025,2025-08-29,30,15,1,2,5,10,2,15,2025-08-29 15:00:00,2025-08-29 15:30:00,2025-08-29 16:15:00,17.36903,76.530235,"Incident of Theft reported in Gulbarga district at coordinates (17.3690, 76.5302)."
2662,2662/2025,FIR/2662/2025,2025-03-08,29,15,1,2,5,9,1,15,2025-03-08 20:00:00,2025-03-08 20:30:00,2025-03-08 21:15:00,17.172583,76.849996,"Incident of Theft reported in Gulbarga district at coordinates (17.1726, 76.8500)."
2663,2663/2025,FIR/2663/2025,2025-09-25,30,15,1,2,5,10,1,15,2025-09-25 13:00:00,2025-09-25 13:30:00,2025-09-25 14:15:00,17.335353,76.875299,"Incident of Theft reported in Gulbarga district at coordinates (17.3354, 76.8753)."
2664,2664/2025,FIR/2664/2025,2025-02-27,29,15,1,2,5,9,1,15,2025-02-27 05:00:00,2025-02-27 05:30:00,2025-02-27 06:15:00,17.37552,76.470328,"Incident of Theft reported in Gulbarga district at coordinates (17.3755, 76.4703)."
2665,2665/2025,FIR/2665/2025,2025-08-19,30,15,1,2,5,10,2,15,2025-08-19 20:00:00,2025-08-19 20:30:00,2025-08-19 21:15:00,17.309903,77.053254,"Incident of Theft reported in Gulbarga district at coordinates (17.3099, 77.0533)."
2666,2666/2025,FIR/2666/2025,2025-06-03,29,15,1,2,5,9,1,15,2025-06-03 05:00:00,2025-06-03 05:30:00,2025-06-03 06:15:00,17.287613,77.067675,"Incident of Theft reported in Gulbarga district at coordinates (17.2876, 77.0677)."
2667,2667/2025,FIR/2667/2025,2025-01-13,30,15,1,2,5,10,1,15,2025-01-13 10:00:00,2025-01-13 10:30:00,2025-01-13 11:15:00,17.295434,77.067004,"Incident of Theft reported in Gulbarga district at coordinates (17.2954, 77.0670)."
2668,2668/2025,FIR/2668/2025,2025-10-05,29,15,1,2,5,9,2,15,2025-10-05 15:00:00,2025-10-05 15:30:00,2025-10-05 16:15:00,17.303613,77.069197,"Incident of Theft reported in Gulbarga district at coordinates (17.3036, 77.0692)."
2669,2669/2025,FIR/2669/2025,2025-02-22,30,15,1,2,5,10,2,15,2025-02-22 03:00:00,2025-02-22 03:30:00,2025-02-22 04:15:00,17.303229,77.067644,"Incident of Theft reported in Gulbarga district at coordinates (17.3032, 77.0676)."
2670,2670/2025,FIR/2670/2025,2025-01-10,29,15,1,2,5,9,1,15,2025-01-10 07:00:00,2025-01-10 07:30:00,2025-01-10 08:15:00,16.984816,76.929383,"Incident of Theft reported in Gulbarga district at coordinates (16.9848, 76.9294)."
2671,2671/2025,FIR/2671/2025,2025-03-19,30,15,1,2,5,10,3,15,2025-03-19 09:00:00,2025-03-19 09:30:00,2025-03-19 10:15:00,17.365085,76.481447,"Incident of Theft reported in Gulbarga district at coordinates (17.3651, 76.4814)."
2672,2672/2025,FIR/2672/2025,2025-07-21,29,15,1,2,5,9,1,15,2025-07-21 19:00:00,2025-07-21 19:30:00,2025-07-21 20:15:00,17.171139,76.851128,"Incident of Theft reported in Gulbarga district at coordinates (17.1711, 76.8511)."
2673,2673/2025,FIR/2673/2025,2025-04-03,30,15,1,2,5,10,3,15,2025-04-03 19:00:00,2025-04-03 19:30:00,2025-04-03 20:15:00,17.175104,76.851174,"Incident of Theft reported in Gulbarga district at coordinates (17.1751, 76.8512)."
2674,2674/2025,FIR/2674/2025,2025-10-07,29,15,1,2,5,9,1,15,2025-10-07 20:00:00,2025-10-07 20:30:00,2025-10-07 21:15:00,17.290411,77.058264,"Incident of Theft reported in Gulbarga district at coordinates (17.2904, 77.0583)."
2675,2675/2025,FIR/2675/2025,2025-10-28,30,15,1,2,5,10,3,15,2025-10-28 08:00:00,2025-10-28 08:30:00,2025-10-28 09:15:00,16.71073,77.18521,"Incident of Theft reported in Gulbarga district at coordinates (16.7107, 77.1852)."
2676,2676/2025,FIR/2676/2025,2025-04-12,29,15,1,1,4,7,3,15,2025-04-12 00:00:00,2025-04-12 00:30:00,2025-04-12 01:15:00,17.176029,76.84796,"Incident of Robbery reported in Gulbarga district at coordinates (17.1760, 76.8480)."
2677,2677/2025,FIR/2677/2025,2025-05-10,30,15,1,1,4,8,1,15,2025-05-10 06:00:00,2025-05-10 06:30:00,2025-05-10 07:15:00,17.361074,76.487283,"Incident of Robbery reported in Gulbarga district at coordinates (17.3611, 76.4873)."
2678,2678/2025,FIR/2678/2025,2025-07-16,29,15,1,1,4,7,1,15,2025-07-16 05:00:00,2025-07-16 05:30:00,2025-07-16 06:15:00,17.29548,77.062089,"Incident of Robbery reported in Gulbarga district at coordinates (17.2955, 77.0621)."
2679,2679/2025,FIR/2679/2025,2025-01-31,30,15,1,1,4,8,3,15,2025-01-31 07:00:00,2025-01-31 07:30:00,2025-01-31 08:15:00,17.170179,76.844373,"Incident of Robbery reported in Gulbarga district at coordinates (17.1702, 76.8444)."
2680,2680/2025,FIR/2680/2025,2025-07-04,29,15,1,1,4,7,1,15,2025-07-04 12:00:00,2025-07-04 12:30:00,2025-07-04 13:15:00,17.216277,76.521782,"Incident of Robbery reported in Gulbarga district at coordinates (17.2163, 76.5218)."
2681,2681/2025,FIR/2681/2025,2025-05-05,30,15,1,1,4,8,1,15,2025-05-05 09:00:00,2025-05-05 09:30:00,2025-05-05 10:15:00,17.302641,77.058951,"Incident of Robbery reported in Gulbarga district at coordinates (17.3026, 77.0590)."
2682,2682/2025,FIR/2682/2025,2025-01-19,29,15,1,2,3,5,2,15,2025-01-19 12:00:00,2025-01-19 12:30:00,2025-01-19 13:15:00,17.167292,76.846344,"Incident of Chain Snatching reported in Gulbarga district at coordinates (17.1673, 76.8463)."
2683,2683/2025,FIR/2683/2025,2025-09-11,30,15,1,2,3,6,1,15,2025-09-11 15:00:00,2025-09-11 15:30:00,2025-09-11 16:15:00,17.166183,76.847625,"Incident of Chain Snatching reported in Gulbarga district at coordinates (17.1662, 76.8476)."
2684,2684/2025,FIR/2684/2025,2025-03-20,29,15,1,2,3,5,3,15,2025-03-20 03:00:00,2025-03-20 03:30:00,2025-03-20 04:15:00,17.165126,76.839523,"Incident of Chain Snatching reported in Gulbarga district at coordinates (17.1651, 76.8395)."
2685,2685/2025,FIR/2685/2025,2025-06-25,30,15,1,2,2,4,2,15,2025-06-25 04:00:00,2025-06-25 04:30:00,2025-06-25 05:15:00,17.160636,76.853109,"Incident of Burglary reported in Gulbarga district at coordinates (17.1606, 76.8531)."
2686,2686/2025,FIR/2686/2025,2025-02-19,29,15,1,2,2,3,3,15,2025-02-19 04:00:00,2025-02-19 04:30:00,2025-02-19 05:15:00,17.304219,77.067772,"Incident of Burglary reported in Gulbarga district at coordinates (17.3042, 77.0678)."
2687,2687/2025,FIR/2687/2025,2025-09-26,30,15,1,2,2,4,2,15,2025-09-26 13:00:00,2025-09-26 13:30:00,2025-09-26 14:15:00,17.158529,76.854648,"Incident of Burglary reported in Gulbarga district at coordinates (17.1585, 76.8546)."
2688,2688/2025,FIR/2688/2025,2025-07-03,29,15,1,2,2,3,1,15,2025-07-03 05:00:00,2025-07-03 05:30:00,2025-07-03 06:15:00,17.3087,77.052048,"Incident of Burglary reported in Gulbarga district at coordinates (17.3087, 77.0520)."
2689,2689/2025,FIR/2689/2025,2025-08-06,30,15,1,2,2,4,3,15,2025-08-06 14:00:00,2025-08-06 14:30:00,2025-08-06 15:15:00,16.872396,77.115773,"Incident of Burglary reported in Gulbarga district at coordinates (16.8724, 77.1158)."
2690,2690/2025,FIR/2690/2025,2025-02-25,29,15,1,2,2,3,3,15,2025-02-25 12:00:00,2025-02-25 12:30:00,2025-02-25 13:15:00,17.312429,77.054951,"Incident of Burglary reported in Gulbarga district at coordinates (17.3124, 77.0550)."
2691,2691/2025,FIR/2691/2025,2025-07-09,30,15,1,2,2,4,3,15,2025-07-09 09:00:00,2025-07-09 09:30:00,2025-07-09 10:15:00,17.158713,76.845533,"Incident of Burglary reported in Gulbarga district at coordinates (17.1587, 76.8455)."
2692,2692/2025,FIR/2692/2025,2025-07-04,29,15,1,2,2,3,2,15,2025-07-04 00:00:00,2025-07-04 00:30:00,2025-07-04 01:15:00,17.305555,77.077052,"Incident of Burglary reported in Gulbarga district at coordinates (17.3056, 77.0771)."
2693,2693/2025,FIR/2693/2025,2025-08-03,30,15,1,2,2,4,3,15,2025-08-03 21:00:00,2025-08-03 21:30:00,2025-08-03 22:15:00,17.369137,76.494424,"Incident of Burglary reported in Gulbarga district at coordinates (17.3691, 76.4944)."
2694,2694/2025,FIR/2694/2025,2025-03-09,29,15,1,2,2,3,3,15,2025-03-09 22:00:00,2025-03-09 22:30:00,2025-03-09 23:15:00,17.297843,77.062617,"Incident of Burglary reported in Gulbarga district at coordinates (17.2978, 77.0626)."
2695,2695/2025,FIR/2695/2025,2025-07-02,30,15,1,2,2,4,3,15,2025-07-02 19:00:00,2025-07-02 19:30:00,2025-07-02 20:15:00,16.977672,76.919798,"Incident of Burglary reported in Gulbarga district at coordinates (16.9777, 76.9198)."
2696,2696/2025,FIR/2696/2025,2025-03-15,29,15,1,2,2,3,3,15,2025-03-15 23:00:00,2025-03-15 23:30:00,2025-03-15 23:15:00,17.374717,76.492584,"Incident of Burglary reported in Gulbarga district at coordinates (17.3747, 76.4926)."
2697,2697/2025,FIR/2697/2025,2025-04-24,30,15,1,1,1,2,2,15,2025-04-24 12:00:00,2025-04-24 12:30:00,2025-04-24 13:15:00,17.159352,76.846074,"Incident of Assault reported in Gulbarga district at coordinates (17.1594, 76.8461)."
2698,2698/2025,FIR/2698/2025,2025-08-22,29,15,1,1,1,1,3,15,2025-08-22 21:00:00,2025-08-22 21:30:00,2025-08-22 22:15:00,17.010247,76.570071,"Incident of Assault reported in Gulbarga district at coordinates (17.0102, 76.5701)."
2699,2699/2025,FIR/2699/2025,2025-02-07,30,15,1,1,1,2,3,15,2025-02-07 07:00:00,2025-02-07 07:30:00,2025-02-07 08:15:00,17.307019,77.060017,"Incident of Assault reported in Gulbarga district at coordinates (17.3070, 77.0600)."
2700,2700/2025,FIR/2700/2025,2025-09-19,29,15,1,1,1,1,3,15,2025-09-19 23:00:00,2025-09-19 23:30:00,2025-09-19 23:15:00,16.960975,76.930446,"Incident of Assault reported in Gulbarga district at coordinates (16.9610, 76.9304)."
2701,2701/2025,FIR/2701/2025,2025-09-29,30,15,1,1,1,2,2,15,2025-09-29 12:00:00,2025-09-29 12:30:00,2025-09-29 13:15:00,17.162315,76.853737,"Incident of Assault reported in Gulbarga district at coordinates (17.1623, 76.8537)."
2702,2702/2025,FIR/2702/2025,2025-07-23,29,15,1,1,1,1,2,15,2025-07-23 08:00:00,2025-07-23 08:30:00,2025-07-23 09:15:00,17.013707,77.044007,"Incident of Assault reported in Gulbarga district at coordinates (17.0137, 77.0440)."
2703,2703/2025,FIR/2703/2025,2025-02-08,30,15,1,1,1,2,3,15,2025-02-08 21:00:00,2025-02-08 21:30:00,2025-02-08 22:15:00,16.456087,76.665155,"Incident of Assault reported in Gulbarga district at coordinates (16.4561, 76.6652)."
2704,2704/2025,FIR/2704/2025,2025-05-28,29,15,1,1,1,1,1,15,2025-05-28 06:00:00,2025-05-28 06:30:00,2025-05-28 07:15:00,17.168704,76.84971,"Incident of Assault reported in Gulbarga district at coordinates (17.1687, 76.8497)."
2705,2705/2025,FIR/2705/2025,2025-12-14,30,15,1,1,1,2,3,15,2025-12-14 11:00:00,2025-12-14 11:30:00,2025-12-14 12:15:00,17.367584,76.485794,"Incident of Assault reported in Gulbarga district at coordinates (17.3676, 76.4858)."
2706,2706/2025,FIR/2706/2025,2025-11-10,29,15,1,1,1,1,1,15,2025-11-10 00:00:00,2025-11-10 00:30:00,2025-11-10 01:15:00,17.304205,77.058067,"Incident of Assault reported in Gulbarga district at coordinates (17.3042, 77.0581)."
2707,2707/2025,FIR/2707/2025,2025-10-30,30,15,1,1,1,2,3,15,2025-10-30 00:00:00,2025-10-30 00:30:00,2025-10-30 01:15:00,17.29927,77.050245,"Incident of Assault reported in Gulbarga district at coordinates (17.2993, 77.0502)."
2708,2708/2025,FIR/2708/2025,2025-06-29,29,15,1,1,1,1,1,15,2025-06-29 04:00:00,2025-06-29 04:30:00,2025-06-29 05:15:00,17.0372,76.686785,"Incident of Assault reported in Gulbarga district at coordinates (17.0372, 76.6868)."
2709,2709/2025,FIR/2709/2025,2025-01-12,30,15,1,1,1,2,2,15,2025-01-12 22:00:00,2025-01-12 22:30:00,2025-01-12 23:15:00,16.984065,76.945275,"Incident of Assault reported in Gulbarga district at coordinates (16.9841, 76.9453)."
2710,2710/2025,FIR/2710/2025,2025-09-30,29,15,1,1,1,1,2,15,2025-09-30 04:00:00,2025-09-30 04:30:00,2025-09-30 05:15:00,16.9688,76.929725,"Incident of Assault reported in Gulbarga district at coordinates (16.9688, 76.9297)."
2711,2711/2025,FIR/2711/2025,2025-03-27,30,15,1,1,1,2,2,15,2025-03-27 17:00:00,2025-03-27 17:30:00,2025-03-27 18:15:00,16.654844,77.093907,"Incident of Assault reported in Gulbarga district at coordinates (16.6548, 77.0939)."
2712,2712/2025,FIR/2712/2025,2025-04-18,29,15,1,1,1,1,2,15,2025-04-18 15:00:00,2025-04-18 15:30:00,2025-04-18 16:15:00,17.036087,77.273582,"Incident of Assault reported in Gulbarga district at coordinates (17.0361, 77.2736)."
2713,2713/2025,FIR/2713/2025,2025-03-02,30,15,1,1,1,2,2,15,2025-03-02 01:00:00,2025-03-02 01:30:00,2025-03-02 02:15:00,16.973651,76.916342,"Incident of Assault reported in Gulbarga district at coordinates (16.9737, 76.9163)."
2714,2714/2025,FIR/2714/2025,2025-04-04,29,15,1,1,1,1,1,15,2025-04-04 10:00:00,2025-04-04 10:30:00,2025-04-04 11:15:00,17.301958,77.068041,"Incident of Assault reported in Gulbarga district at coordinates (17.3020, 77.0680)."
2715,2715/2025,FIR/2715/2025,2025-12-22,30,15,1,1,1,2,2,15,2025-12-22 17:00:00,2025-12-22 17:30:00,2025-12-22 18:15:00,17.358874,76.494723,"Incident of Assault reported in Gulbarga district at coordinates (17.3589, 76.4947)."
2716,2716/2025,FIR/2716/2025,2025-04-17,29,15,1,1,1,1,1,15,2025-04-17 17:00:00,2025-04-17 17:30:00,2025-04-17 18:15:00,17.500925,77.441719,"Incident of Assault reported in Gulbarga district at coordinates (17.5009, 77.4417)."
2717,2717/2025,FIR/2717/2025,2025-07-15,32,16,1,2,5,10,2,16,2025-07-15 16:00:00,2025-07-15 16:30:00,2025-07-15 17:15:00,13.183808,76.099505,"Incident of Theft reported in Hassan district at coordinates (13.1838, 76.0995)."
2718,2718/2025,FIR/2718/2025,2025-07-14,31,16,1,2,5,9,2,16,2025-07-14 23:00:00,2025-07-14 23:30:00,2025-07-14 23:15:00,12.959201,76.265272,"Incident of Theft reported in Hassan district at coordinates (12.9592, 76.2653)."
2719,2719/2025,FIR/2719/2025,2025-11-07,32,16,1,2,5,10,2,16,2025-11-07 07:00:00,2025-11-07 07:30:00,2025-11-07 08:15:00,13.084661,76.314992,"Incident of Theft reported in Hassan district at coordinates (13.0847, 76.3150)."
2720,2720/2025,FIR/2720/2025,2025-04-24,31,16,1,2,5,9,2,16,2025-04-24 03:00:00,2025-04-24 03:30:00,2025-04-24 04:15:00,12.746856,75.774118,"Incident of Theft reported in Hassan district at coordinates (12.7469, 75.7741)."
2721,2721/2025,FIR/2721/2025,2025-04-13,32,16,1,2,5,10,3,16,2025-04-13 20:00:00,2025-04-13 20:30:00,2025-04-13 21:15:00,13.124105,76.144692,"Incident of Theft reported in Hassan district at coordinates (13.1241, 76.1447)."
2722,2722/2025,FIR/2722/2025,2025-05-13,31,16,1,2,5,9,2,16,2025-05-13 20:00:00,2025-05-13 20:30:00,2025-05-13 21:15:00,13.083019,76.314276,"Incident of Theft reported in Hassan district at coordinates (13.0830, 76.3143)."
2723,2723/2025,FIR/2723/2025,2025-08-08,32,16,1,2,5,10,1,16,2025-08-08 18:00:00,2025-08-08 18:30:00,2025-08-08 19:15:00,13.161279,76.100584,"Incident of Theft reported in Hassan district at coordinates (13.1613, 76.1006)."
2724,2724/2025,FIR/2724/2025,2025-07-05,31,16,1,2,5,9,2,16,2025-07-05 23:00:00,2025-07-05 23:30:00,2025-07-05 23:15:00,13.155168,76.107898,"Incident of Theft reported in Hassan district at coordinates (13.1552, 76.1079)."
2725,2725/2025,FIR/2725/2025,2025-07-06,32,16,1,2,5,10,2,16,2025-07-06 10:00:00,2025-07-06 10:30:00,2025-07-06 11:15:00,13.093436,75.9461,"Incident of Theft reported in Hassan district at coordinates (13.0934, 75.9461)."
2726,2726/2025,FIR/2726/2025,2025-06-23,31,16,1,2,5,9,3,16,2025-06-23 05:00:00,2025-06-23 05:30:00,2025-06-23 06:15:00,13.088631,76.32217,"Incident of Theft reported in Hassan district at coordinates (13.0886, 76.3222)."
2727,2727/2025,FIR/2727/2025,2025-06-08,32,16,1,2,5,10,2,16,2025-06-08 09:00:00,2025-06-08 09:30:00,2025-06-08 10:15:00,13.08263,76.319922,"Incident of Theft reported in Hassan district at coordinates (13.0826, 76.3199)."
2728,2728/2025,FIR/2728/2025,2025-10-23,31,16,1,2,5,9,3,16,2025-10-23 08:00:00,2025-10-23 08:30:00,2025-10-23 09:15:00,12.980165,76.251687,"Incident of Theft reported in Hassan district at coordinates (12.9802, 76.2517)."
2729,2729/2025,FIR/2729/2025,2025-07-05,32,16,1,2,5,10,3,16,2025-07-05 21:00:00,2025-07-05 21:30:00,2025-07-05 22:15:00,13.076395,76.313332,"Incident of Theft reported in Hassan district at coordinates (13.0764, 76.3133)."
2730,2730/2025,FIR/2730/2025,2025-11-17,31,16,1,2,5,9,1,16,2025-11-17 06:00:00,2025-11-17 06:30:00,2025-11-17 07:15:00,12.969266,76.258439,"Incident of Theft reported in Hassan district at coordinates (12.9693, 76.2584)."
2731,2731/2025,FIR/2731/2025,2025-03-13,32,16,1,2,5,10,1,16,2025-03-13 03:00:00,2025-03-13 03:30:00,2025-03-13 04:15:00,13.18056,76.329624,"Incident of Theft reported in Hassan district at coordinates (13.1806, 76.3296)."
2732,2732/2025,FIR/2732/2025,2025-04-16,31,16,1,2,5,9,3,16,2025-04-16 18:00:00,2025-04-16 18:30:00,2025-04-16 19:15:00,13.076281,76.315715,"Incident of Theft reported in Hassan district at coordinates (13.0763, 76.3157)."
2733,2733/2025,FIR/2733/2025,2025-05-10,32,16,1,2,5,10,1,16,2025-05-10 13:00:00,2025-05-10 13:30:00,2025-05-10 14:15:00,12.961357,76.265871,"Incident of Theft reported in Hassan district at coordinates (12.9614, 76.2659)."
2734,2734/2025,FIR/2734/2025,2025-02-12,31,16,1,2,5,9,1,16,2025-02-12 01:00:00,2025-02-12 01:30:00,2025-02-12 02:15:00,12.959872,76.269887,"Incident of Theft reported in Hassan district at coordinates (12.9599, 76.2699)."
2735,2735/2025,FIR/2735/2025,2025-06-27,32,16,1,2,5,10,2,16,2025-06-27 05:00:00,2025-06-27 05:30:00,2025-06-27 06:15:00,12.971273,76.264147,"Incident of Theft reported in Hassan district at coordinates (12.9713, 76.2641)."
2736,2736/2025,FIR/2736/2025,2025-08-13,31,16,1,2,5,9,3,16,2025-08-13 17:00:00,2025-08-13 17:30:00,2025-08-13 18:15:00,13.171877,76.110451,"Incident of Theft reported in Hassan district at coordinates (13.1719, 76.1105)."
2737,2737/2025,FIR/2737/2025,2025-05-13,32,16,1,2,5,10,3,16,2025-05-13 03:00:00,2025-05-13 03:30:00,2025-05-13 04:15:00,13.07153,76.323675,"Incident of Theft reported in Hassan district at coordinates (13.0715, 76.3237)."
2738,2738/2025,FIR/2738/2025,2025-06-09,31,16,1,2,5,9,3,16,2025-06-09 05:00:00,2025-06-09 05:30:00,2025-06-09 06:15:00,13.068015,76.289466,"Incident of Theft reported in Hassan district at coordinates (13.0680, 76.2895)."
2739,2739/2025,FIR/2739/2025,2025-10-08,32,16,1,2,5,10,2,16,2025-10-08 19:00:00,2025-10-08 19:30:00,2025-10-08 20:15:00,13.083593,76.311169,"Incident of Theft reported in Hassan district at coordinates (13.0836, 76.3112)."
2740,2740/2025,FIR/2740/2025,2025-11-10,31,16,1,2,5,9,3,16,2025-11-10 00:00:00,2025-11-10 00:30:00,2025-11-10 01:15:00,12.96951,76.265659,"Incident of Theft reported in Hassan district at coordinates (12.9695, 76.2657)."
2741,2741/2025,FIR/2741/2025,2025-03-24,32,16,1,2,5,10,2,16,2025-03-24 11:00:00,2025-03-24 11:30:00,2025-03-24 12:15:00,13.175949,76.106937,"Incident of Theft reported in Hassan district at coordinates (13.1759, 76.1069)."
2742,2742/2025,FIR/2742/2025,2025-03-24,31,16,1,2,5,9,2,16,2025-03-24 03:00:00,2025-03-24 03:30:00,2025-03-24 04:15:00,12.932826,75.789078,"Incident of Theft reported in Hassan district at coordinates (12.9328, 75.7891)."
2743,2743/2025,FIR/2743/2025,2025-04-21,32,16,1,2,5,10,2,16,2025-04-21 03:00:00,2025-04-21 03:30:00,2025-04-21 04:15:00,13.173236,76.09901,"Incident of Theft reported in Hassan district at coordinates (13.1732, 76.0990)."
2744,2744/2025,FIR/2744/2025,2025-01-22,31,16,1,2,5,9,3,16,2025-01-22 19:00:00,2025-01-22 19:30:00,2025-01-22 20:15:00,13.172653,76.098841,"Incident of Theft reported in Hassan district at coordinates (13.1727, 76.0988)."
2745,2745/2025,FIR/2745/2025,2025-01-18,32,16,1,2,5,10,3,16,2025-01-18 11:00:00,2025-01-18 11:30:00,2025-01-18 12:15:00,13.426793,76.395321,"Incident of Theft reported in Hassan district at coordinates (13.4268, 76.3953)."
2746,2746/2025,FIR/2746/2025,2025-06-04,31,16,1,2,5,9,3,16,2025-06-04 12:00:00,2025-06-04 12:30:00,2025-06-04 13:15:00,12.969901,76.253653,"Incident of Theft reported in Hassan district at coordinates (12.9699, 76.2537)."
2747,2747/2025,FIR/2747/2025,2025-02-26,32,16,1,2,5,10,1,16,2025-02-26 02:00:00,2025-02-26 02:30:00,2025-02-26 03:15:00,13.339392,76.330745,"Incident of Theft reported in Hassan district at coordinates (13.3394, 76.3307)."
2748,2748/2025,FIR/2748/2025,2025-08-01,31,16,1,2,5,9,1,16,2025-08-01 14:00:00,2025-08-01 14:30:00,2025-08-01 15:15:00,13.182619,76.105009,"Incident of Theft reported in Hassan district at coordinates (13.1826, 76.1050)."
2749,2749/2025,FIR/2749/2025,2025-05-10,32,16,1,2,5,10,1,16,2025-05-10 23:00:00,2025-05-10 23:30:00,2025-05-10 23:15:00,13.170671,76.101372,"Incident of Theft reported in Hassan district at coordinates (13.1707, 76.1014)."
2750,2750/2025,FIR/2750/2025,2025-08-27,31,16,1,2,5,9,3,16,2025-08-27 01:00:00,2025-08-27 01:30:00,2025-08-27 02:15:00,13.160925,76.11116,"Incident of Theft reported in Hassan district at coordinates (13.1609, 76.1112)."
2751,2751/2025,FIR/2751/2025,2025-12-20,32,16,1,2,5,10,2,16,2025-12-20 05:00:00,2025-12-20 05:30:00,2025-12-20 06:15:00,13.072882,76.313539,"Incident of Theft reported in Hassan district at coordinates (13.0729, 76.3135)."
2752,2752/2025,FIR/2752/2025,2025-09-08,31,16,1,2,5,9,3,16,2025-09-08 12:00:00,2025-09-08 12:30:00,2025-09-08 13:15:00,13.08198,76.292007,"Incident of Theft reported in Hassan district at coordinates (13.0820, 76.2920)."
2753,2753/2025,FIR/2753/2025,2025-03-14,32,16,1,2,5,10,2,16,2025-03-14 11:00:00,2025-03-14 11:30:00,2025-03-14 12:15:00,12.9753,76.257518,"Incident of Theft reported in Hassan district at coordinates (12.9753, 76.2575)."
2754,2754/2025,FIR/2754/2025,2025-04-15,31,16,1,2,5,9,1,16,2025-04-15 20:00:00,2025-04-15 20:30:00,2025-04-15 21:15:00,13.166006,76.093774,"Incident of Theft reported in Hassan district at coordinates (13.1660, 76.0938)."
2755,2755/2025,FIR/2755/2025,2025-11-03,32,16,1,2,5,10,2,16,2025-11-03 16:00:00,2025-11-03 16:30:00,2025-11-03 17:15:00,13.169776,76.100098,"Incident of Theft reported in Hassan district at coordinates (13.1698, 76.1001)."
2756,2756/2025,FIR/2756/2025,2025-08-11,31,16,1,2,5,9,2,16,2025-08-11 15:00:00,2025-08-11 15:30:00,2025-08-11 16:15:00,13.168219,75.812653,"Incident of Theft reported in Hassan district at coordinates (13.1682, 75.8127)."
2757,2757/2025,FIR/2757/2025,2025-01-21,32,16,1,1,4,8,2,16,2025-01-21 04:00:00,2025-01-21 04:30:00,2025-01-21 05:15:00,12.896546,76.127607,"Incident of Robbery reported in Hassan district at coordinates (12.8965, 76.1276)."
2758,2758/2025,FIR/2758/2025,2025-05-15,31,16,1,1,4,7,1,16,2025-05-15 18:00:00,2025-05-15 18:30:00,2025-05-15 19:15:00,12.975799,76.259536,"Incident of Robbery reported in Hassan district at coordinates (12.9758, 76.2595)."
2759,2759/2025,FIR/2759/2025,2025-06-22,32,16,1,1,4,8,1,16,2025-06-22 12:00:00,2025-06-22 12:30:00,2025-06-22 13:15:00,12.883097,75.667212,"Incident of Robbery reported in Hassan district at coordinates (12.8831, 75.6672)."
2760,2760/2025,FIR/2760/2025,2025-05-30,31,16,1,1,4,7,1,16,2025-05-30 09:00:00,2025-05-30 09:30:00,2025-05-30 10:15:00,13.164728,76.106603,"Incident of Robbery reported in Hassan district at coordinates (13.1647, 76.1066)."
2761,2761/2025,FIR/2761/2025,2025-11-10,32,16,1,1,4,8,2,16,2025-11-10 00:00:00,2025-11-10 00:30:00,2025-11-10 01:15:00,13.0755,76.326264,"Incident of Robbery reported in Hassan district at coordinates (13.0755, 76.3263)."
2762,2762/2025,FIR/2762/2025,2025-10-11,31,16,1,1,4,7,3,16,2025-10-11 19:00:00,2025-10-11 19:30:00,2025-10-11 20:15:00,12.558419,76.097264,"Incident of Robbery reported in Hassan district at coordinates (12.5584, 76.0973)."
2763,2763/2025,FIR/2763/2025,2025-04-22,32,16,1,2,3,6,3,16,2025-04-22 01:00:00,2025-04-22 01:30:00,2025-04-22 02:15:00,12.986684,76.247217,"Incident of Chain Snatching reported in Hassan district at coordinates (12.9867, 76.2472)."
2764,2764/2025,FIR/2764/2025,2025-09-25,31,16,1,2,3,5,1,16,2025-09-25 22:00:00,2025-09-25 22:30:00,2025-09-25 23:15:00,12.97363,76.257137,"Incident of Chain Snatching reported in Hassan district at coordinates (12.9736, 76.2571)."
2765,2765/2025,FIR/2765/2025,2025-05-29,32,16,1,2,3,6,1,16,2025-05-29 03:00:00,2025-05-29 03:30:00,2025-05-29 04:15:00,13.081548,76.313512,"Incident of Chain Snatching reported in Hassan district at coordinates (13.0815, 76.3135)."
2766,2766/2025,FIR/2766/2025,2025-03-17,31,16,1,2,2,3,2,16,2025-03-17 23:00:00,2025-03-17 23:30:00,2025-03-17 23:15:00,12.655162,75.971349,"Incident of Burglary reported in Hassan district at coordinates (12.6552, 75.9713)."
2767,2767/2025,FIR/2767/2025,2025-10-17,32,16,1,2,2,4,3,16,2025-10-17 06:00:00,2025-10-17 06:30:00,2025-10-17 07:15:00,12.965186,76.260565,"Incident of Burglary reported in Hassan district at coordinates (12.9652, 76.2606)."
2768,2768/2025,FIR/2768/2025,2025-04-03,31,16,1,2,2,3,2,16,2025-04-03 07:00:00,2025-04-03 07:30:00,2025-04-03 08:15:00,12.9695,76.251248,"Incident of Burglary reported in Hassan district at coordinates (12.9695, 76.2512)."
2769,2769/2025,FIR/2769/2025,2025-12-21,32,16,1,2,2,4,3,16,2025-12-21 17:00:00,2025-12-21 17:30:00,2025-12-21 18:15:00,13.071201,76.3023,"Incident of Burglary reported in Hassan district at coordinates (13.0712, 76.3023)."
2770,2770/2025,FIR/2770/2025,2025-04-08,31,16,1,2,2,3,2,16,2025-04-08 20:00:00,2025-04-08 20:30:00,2025-04-08 21:15:00,13.137841,76.078029,"Incident of Burglary reported in Hassan district at coordinates (13.1378, 76.0780)."
2771,2771/2025,FIR/2771/2025,2025-04-18,32,16,1,2,2,4,1,16,2025-04-18 22:00:00,2025-04-18 22:30:00,2025-04-18 23:15:00,13.073594,76.327638,"Incident of Burglary reported in Hassan district at coordinates (13.0736, 76.3276)."
2772,2772/2025,FIR/2772/2025,2025-06-18,31,16,1,2,2,3,3,16,2025-06-18 14:00:00,2025-06-18 14:30:00,2025-06-18 15:15:00,12.97403,76.243756,"Incident of Burglary reported in Hassan district at coordinates (12.9740, 76.2438)."
2773,2773/2025,FIR/2773/2025,2025-04-03,32,16,1,2,2,4,1,16,2025-04-03 05:00:00,2025-04-03 05:30:00,2025-04-03 06:15:00,12.974912,76.250339,"Incident of Burglary reported in Hassan district at coordinates (12.9749, 76.2503)."
2774,2774/2025,FIR/2774/2025,2025-07-12,31,16,1,2,2,3,3,16,2025-07-12 18:00:00,2025-07-12 18:30:00,2025-07-12 19:15:00,13.079219,76.301219,"Incident of Burglary reported in Hassan district at coordinates (13.0792, 76.3012)."
2775,2775/2025,FIR/2775/2025,2025-03-03,32,16,1,2,2,4,2,16,2025-03-03 21:00:00,2025-03-03 21:30:00,2025-03-03 22:15:00,13.155298,76.402778,"Incident of Burglary reported in Hassan district at coordinates (13.1553, 76.4028)."
2776,2776/2025,FIR/2776/2025,2025-09-13,31,16,1,2,2,3,2,16,2025-09-13 01:00:00,2025-09-13 01:30:00,2025-09-13 02:15:00,13.071313,76.316554,"Incident of Burglary reported in Hassan district at coordinates (13.0713, 76.3166)."
2777,2777/2025,FIR/2777/2025,2025-08-25,32,16,1,2,2,4,2,16,2025-08-25 14:00:00,2025-08-25 14:30:00,2025-08-25 15:15:00,12.969126,76.256856,"Incident of Burglary reported in Hassan district at coordinates (12.9691, 76.2569)."
2778,2778/2025,FIR/2778/2025,2025-03-23,31,16,1,1,1,1,3,16,2025-03-23 09:00:00,2025-03-23 09:30:00,2025-03-23 10:15:00,12.873367,76.241305,"Incident of Assault reported in Hassan district at coordinates (12.8734, 76.2413)."
2779,2779/2025,FIR/2779/2025,2025-12-08,32,16,1,1,1,2,2,16,2025-12-08 08:00:00,2025-12-08 08:30:00,2025-12-08 09:15:00,12.985737,76.323196,"Incident of Assault reported in Hassan district at coordinates (12.9857, 76.3232)."
2780,2780/2025,FIR/2780/2025,2025-05-27,31,16,1,1,1,1,2,16,2025-05-27 07:00:00,2025-05-27 07:30:00,2025-05-27 08:15:00,13.160236,76.113246,"Incident of Assault reported in Hassan district at coordinates (13.1602, 76.1132)."
2781,2781/2025,FIR/2781/2025,2025-04-10,32,16,1,1,1,2,1,16,2025-04-10 08:00:00,2025-04-10 08:30:00,2025-04-10 09:15:00,12.548775,76.14711,"Incident of Assault reported in Hassan district at coordinates (12.5488, 76.1471)."
2782,2782/2025,FIR/2782/2025,2025-10-10,31,16,1,1,1,1,3,16,2025-10-10 13:00:00,2025-10-10 13:30:00,2025-10-10 14:15:00,13.078038,76.318371,"Incident of Assault reported in Hassan district at coordinates (13.0780, 76.3184)."
2783,2783/2025,FIR/2783/2025,2025-02-22,32,16,1,1,1,2,3,16,2025-02-22 21:00:00,2025-02-22 21:30:00,2025-02-22 22:15:00,12.844269,76.123399,"Incident of Assault reported in Hassan district at coordinates (12.8443, 76.1234)."
2784,2784/2025,FIR/2784/2025,2025-01-29,31,16,1,1,1,1,1,16,2025-01-29 02:00:00,2025-01-29 02:30:00,2025-01-29 03:15:00,12.972852,76.262914,"Incident of Assault reported in Hassan district at coordinates (12.9729, 76.2629)."
2785,2785/2025,FIR/2785/2025,2025-03-12,32,16,1,1,1,2,2,16,2025-03-12 15:00:00,2025-03-12 15:30:00,2025-03-12 16:15:00,12.953497,76.099332,"Incident of Assault reported in Hassan district at coordinates (12.9535, 76.0993)."
2786,2786/2025,FIR/2786/2025,2025-04-16,31,16,1,1,1,1,1,16,2025-04-16 13:00:00,2025-04-16 13:30:00,2025-04-16 14:15:00,12.78247,75.801879,"Incident of Assault reported in Hassan district at coordinates (12.7825, 75.8019)."
2787,2787/2025,FIR/2787/2025,2025-10-15,32,16,1,1,1,2,3,16,2025-10-15 23:00:00,2025-10-15 23:30:00,2025-10-15 23:15:00,12.975593,76.26097,"Incident of Assault reported in Hassan district at coordinates (12.9756, 76.2610)."
2788,2788/2025,FIR/2788/2025,2025-09-01,31,16,1,1,1,1,1,16,2025-09-01 05:00:00,2025-09-01 05:30:00,2025-09-01 06:15:00,12.924467,75.96982,"Incident of Assault reported in Hassan district at coordinates (12.9245, 75.9698)."
2789,2789/2025,FIR/2789/2025,2025-11-12,32,16,1,1,1,2,3,16,2025-11-12 19:00:00,2025-11-12 19:30:00,2025-11-12 20:15:00,13.069278,76.304275,"Incident of Assault reported in Hassan district at coordinates (13.0693, 76.3043)."
2790,2790/2025,FIR/2790/2025,2025-11-13,31,16,1,1,1,1,3,16,2025-11-13 09:00:00,2025-11-13 09:30:00,2025-11-13 10:15:00,13.072056,76.318293,"Incident of Assault reported in Hassan district at coordinates (13.0721, 76.3183)."
2791,2791/2025,FIR/2791/2025,2025-03-02,32,16,1,1,1,2,1,16,2025-03-02 09:00:00,2025-03-02 09:30:00,2025-03-02 10:15:00,13.173269,76.102671,"Incident of Assault reported in Hassan district at coordinates (13.1733, 76.1027)."
2792,2792/2025,FIR/2792/2025,2025-06-08,31,16,1,1,1,1,3,16,2025-06-08 18:00:00,2025-06-08 18:30:00,2025-06-08 19:15:00,13.391985,76.29468,"Incident of Assault reported in Hassan district at coordinates (13.3920, 76.2947)."
2793,2793/2025,FIR/2793/2025,2025-11-24,32,16,1,1,1,2,1,16,2025-11-24 00:00:00,2025-11-24 00:30:00,2025-11-24 01:15:00,12.970599,76.25263,"Incident of Assault reported in Hassan district at coordinates (12.9706, 76.2526)."
2794,2794/2025,FIR/2794/2025,2025-10-07,31,16,1,1,1,1,1,16,2025-10-07 03:00:00,2025-10-07 03:30:00,2025-10-07 04:15:00,12.960633,76.269528,"Incident of Assault reported in Hassan district at coordinates (12.9606, 76.2695)."
2795,2795/2025,FIR/2795/2025,2025-10-05,32,16,1,1,1,2,3,16,2025-10-05 04:00:00,2025-10-05 04:30:00,2025-10-05 05:15:00,13.07919,76.314211,"Incident of Assault reported in Hassan district at coordinates (13.0792, 76.3142)."
2796,2796/2025,FIR/2796/2025,2025-10-20,31,16,1,1,1,1,1,16,2025-10-20 00:00:00,2025-10-20 00:30:00,2025-10-20 01:15:00,12.963349,76.260082,"Incident of Assault reported in Hassan district at coordinates (12.9633, 76.2601)."
2797,2797/2025,FIR/2797/2025,2025-05-08,32,16,1,1,1,2,3,16,2025-05-08 09:00:00,2025-05-08 09:30:00,2025-05-08 10:15:00,12.592348,76.146285,"Incident of Assault reported in Hassan district at coordinates (12.5923, 76.1463)."
2798,2798/2025,FIR/2798/2025,2025-03-07,33,17,1,2,5,9,1,17,2025-03-07 02:00:00,2025-03-07 02:30:00,2025-03-07 03:15:00,14.757566,75.182048,"Incident of Theft reported in Haveri district at coordinates (14.7576, 75.1820)."
2799,2799/2025,FIR/2799/2025,2025-09-17,34,17,1,2,5,10,2,17,2025-09-17 09:00:00,2025-09-17 09:30:00,2025-09-17 10:15:00,14.317968,75.469805,"Incident of Theft reported in Haveri district at coordinates (14.3180, 75.4698)."
2800,2800/2025,FIR/2800/2025,2025-11-19,33,17,1,2,5,9,3,17,2025-11-19 21:00:00,2025-11-19 21:30:00,2025-11-19 22:15:00,14.62283,75.547431,"Incident of Theft reported in Haveri district at coordinates (14.6228, 75.5474)."
2801,2801/2025,FIR/2801/2025,2025-09-15,34,17,1,2,5,10,3,17,2025-09-15 08:00:00,2025-09-15 08:30:00,2025-09-15 09:15:00,14.797727,75.459043,"Incident of Theft reported in Haveri district at coordinates (14.7977, 75.4590)."
2802,2802/2025,FIR/2802/2025,2025-11-24,33,17,1,2,5,9,1,17,2025-11-24 07:00:00,2025-11-24 07:30:00,2025-11-24 08:15:00,14.938793,75.258502,"Incident of Theft reported in Haveri district at coordinates (14.9388, 75.2585)."
2803,2803/2025,FIR/2803/2025,2025-08-04,34,17,1,2,5,10,2,17,2025-08-04 04:00:00,2025-08-04 04:30:00,2025-08-04 05:15:00,14.703325,75.157507,"Incident of Theft reported in Haveri district at coordinates (14.7033, 75.1575)."
2804,2804/2025,FIR/2804/2025,2025-03-05,33,17,1,2,5,9,1,17,2025-03-05 13:00:00,2025-03-05 13:30:00,2025-03-05 14:15:00,14.794213,75.454714,"Incident of Theft reported in Haveri district at coordinates (14.7942, 75.4547)."
2805,2805/2025,FIR/2805/2025,2025-12-08,34,17,1,2,5,10,1,17,2025-12-08 15:00:00,2025-12-08 15:30:00,2025-12-08 16:15:00,14.325145,75.470976,"Incident of Theft reported in Haveri district at coordinates (14.3251, 75.4710)."
2806,2806/2025,FIR/2806/2025,2025-11-20,33,17,1,2,5,9,1,17,2025-11-20 02:00:00,2025-11-20 02:30:00,2025-11-20 03:15:00,14.624871,75.531323,"Incident of Theft reported in Haveri district at coordinates (14.6249, 75.5313)."
2807,2807/2025,FIR/2807/2025,2025-01-07,34,17,1,2,5,10,2,17,2025-01-07 10:00:00,2025-01-07 10:30:00,2025-01-07 11:15:00,14.40926,75.447741,"Incident of Theft reported in Haveri district at coordinates (14.4093, 75.4477)."
2808,2808/2025,FIR/2808/2025,2025-02-08,33,17,1,2,5,9,1,17,2025-02-08 18:00:00,2025-02-08 18:30:00,2025-02-08 19:15:00,14.795133,75.435481,"Incident of Theft reported in Haveri district at coordinates (14.7951, 75.4355)."
2809,2809/2025,FIR/2809/2025,2025-08-21,34,17,1,2,5,10,2,17,2025-08-21 14:00:00,2025-08-21 14:30:00,2025-08-21 15:15:00,14.586992,75.688117,"Incident of Theft reported in Haveri district at coordinates (14.5870, 75.6881)."
2810,2810/2025,FIR/2810/2025,2025-04-04,33,17,1,2,5,9,2,17,2025-04-04 05:00:00,2025-04-04 05:30:00,2025-04-04 06:15:00,14.798068,75.451977,"Incident of Theft reported in Haveri district at coordinates (14.7981, 75.4520)."
2811,2811/2025,FIR/2811/2025,2025-05-11,34,17,1,2,5,10,1,17,2025-05-11 19:00:00,2025-05-11 19:30:00,2025-05-11 20:15:00,14.332083,75.474486,"Incident of Theft reported in Haveri district at coordinates (14.3321, 75.4745)."
2812,2812/2025,FIR/2812/2025,2025-09-30,33,17,1,2,5,9,3,17,2025-09-30 11:00:00,2025-09-30 11:30:00,2025-09-30 12:15:00,14.333965,75.472881,"Incident of Theft reported in Haveri district at coordinates (14.3340, 75.4729)."
2813,2813/2025,FIR/2813/2025,2025-04-29,34,17,1,2,5,10,1,17,2025-04-29 17:00:00,2025-04-29 17:30:00,2025-04-29 18:15:00,14.967484,75.41417,"Incident of Theft reported in Haveri district at coordinates (14.9675, 75.4142)."
2814,2814/2025,FIR/2814/2025,2025-04-24,33,17,1,2,5,9,3,17,2025-04-24 00:00:00,2025-04-24 00:30:00,2025-04-24 01:15:00,14.328047,75.468875,"Incident of Theft reported in Haveri district at coordinates (14.3280, 75.4689)."
2815,2815/2025,FIR/2815/2025,2025-04-01,34,17,1,2,5,10,3,17,2025-04-01 01:00:00,2025-04-01 01:30:00,2025-04-01 02:15:00,14.957267,75.412419,"Incident of Theft reported in Haveri district at coordinates (14.9573, 75.4124)."
2816,2816/2025,FIR/2816/2025,2025-07-09,33,17,1,2,5,9,3,17,2025-07-09 21:00:00,2025-07-09 21:30:00,2025-07-09 22:15:00,14.762677,75.71099,"Incident of Theft reported in Haveri district at coordinates (14.7627, 75.7110)."
2817,2817/2025,FIR/2817/2025,2025-10-09,34,17,1,2,5,10,1,17,2025-10-09 02:00:00,2025-10-09 02:30:00,2025-10-09 03:15:00,14.80108,75.458383,"Incident of Theft reported in Haveri district at coordinates (14.8011, 75.4584)."
2818,2818/2025,FIR/2818/2025,2025-07-25,33,17,1,2,5,9,3,17,2025-07-25 03:00:00,2025-07-25 03:30:00,2025-07-25 04:15:00,14.584464,75.699752,"Incident of Theft reported in Haveri district at coordinates (14.5845, 75.6998)."
2819,2819/2025,FIR/2819/2025,2025-10-02,34,17,1,2,5,10,3,17,2025-10-02 10:00:00,2025-10-02 10:30:00,2025-10-02 11:15:00,14.688002,75.291618,"Incident of Theft reported in Haveri district at coordinates (14.6880, 75.2916)."
2820,2820/2025,FIR/2820/2025,2025-12-29,33,17,1,2,5,9,1,17,2025-12-29 19:00:00,2025-12-29 19:30:00,2025-12-29 20:15:00,14.629764,75.540382,"Incident of Theft reported in Haveri district at coordinates (14.6298, 75.5404)."
2821,2821/2025,FIR/2821/2025,2025-06-12,34,17,1,2,5,10,2,17,2025-06-12 21:00:00,2025-06-12 21:30:00,2025-06-12 22:15:00,14.515833,75.415882,"Incident of Theft reported in Haveri district at coordinates (14.5158, 75.4159)."
2822,2822/2025,FIR/2822/2025,2025-05-26,33,17,1,2,5,9,1,17,2025-05-26 08:00:00,2025-05-26 08:30:00,2025-05-26 09:15:00,14.623603,75.523241,"Incident of Theft reported in Haveri district at coordinates (14.6236, 75.5232)."
2823,2823/2025,FIR/2823/2025,2025-05-10,34,17,1,2,5,10,1,17,2025-05-10 06:00:00,2025-05-10 06:30:00,2025-05-10 07:15:00,14.786149,75.45891,"Incident of Theft reported in Haveri district at coordinates (14.7861, 75.4589)."
2824,2824/2025,FIR/2824/2025,2025-07-19,33,17,1,2,5,9,2,17,2025-07-19 21:00:00,2025-07-19 21:30:00,2025-07-19 22:15:00,14.943606,75.414321,"Incident of Theft reported in Haveri district at coordinates (14.9436, 75.4143)."
2825,2825/2025,FIR/2825/2025,2025-02-27,34,17,1,2,5,10,3,17,2025-02-27 10:00:00,2025-02-27 10:30:00,2025-02-27 11:15:00,14.622651,75.536237,"Incident of Theft reported in Haveri district at coordinates (14.6227, 75.5362)."
2826,2826/2025,FIR/2826/2025,2025-07-28,33,17,1,2,5,9,3,17,2025-07-28 16:00:00,2025-07-28 16:30:00,2025-07-28 17:15:00,14.329629,75.454002,"Incident of Theft reported in Haveri district at coordinates (14.3296, 75.4540)."
2827,2827/2025,FIR/2827/2025,2025-10-03,34,17,1,2,5,10,2,17,2025-10-03 04:00:00,2025-10-03 04:30:00,2025-10-03 05:15:00,14.960181,75.406255,"Incident of Theft reported in Haveri district at coordinates (14.9602, 75.4063)."
2828,2828/2025,FIR/2828/2025,2025-06-05,33,17,1,2,5,9,3,17,2025-06-05 01:00:00,2025-06-05 01:30:00,2025-06-05 02:15:00,14.628712,75.532827,"Incident of Theft reported in Haveri district at coordinates (14.6287, 75.5328)."
2829,2829/2025,FIR/2829/2025,2025-08-18,34,17,1,2,5,10,3,17,2025-08-18 16:00:00,2025-08-18 16:30:00,2025-08-18 17:15:00,14.624736,75.526036,"Incident of Theft reported in Haveri district at coordinates (14.6247, 75.5260)."
2830,2830/2025,FIR/2830/2025,2025-12-10,33,17,1,2,5,9,2,17,2025-12-10 17:00:00,2025-12-10 17:30:00,2025-12-10 18:15:00,14.323916,75.475767,"Incident of Theft reported in Haveri district at coordinates (14.3239, 75.4758)."
2831,2831/2025,FIR/2831/2025,2025-10-12,34,17,1,2,5,10,3,17,2025-10-12 18:00:00,2025-10-12 18:30:00,2025-10-12 19:15:00,14.626603,75.54111,"Incident of Theft reported in Haveri district at coordinates (14.6266, 75.5411)."
2832,2832/2025,FIR/2832/2025,2025-06-28,33,17,1,2,5,9,1,17,2025-06-28 02:00:00,2025-06-28 02:30:00,2025-06-28 03:15:00,14.615761,75.531635,"Incident of Theft reported in Haveri district at coordinates (14.6158, 75.5316)."
2833,2833/2025,FIR/2833/2025,2025-08-13,34,17,1,2,5,10,1,17,2025-08-13 13:00:00,2025-08-13 13:30:00,2025-08-13 14:15:00,14.576667,75.46853,"Incident of Theft reported in Haveri district at coordinates (14.5767, 75.4685)."
2834,2834/2025,FIR/2834/2025,2025-10-28,33,17,1,2,5,9,1,17,2025-10-28 01:00:00,2025-10-28 01:30:00,2025-10-28 02:15:00,14.588216,75.683322,"Incident of Theft reported in Haveri district at coordinates (14.5882, 75.6833)."
2835,2835/2025,FIR/2835/2025,2025-08-30,34,17,1,2,5,10,3,17,2025-08-30 05:00:00,2025-08-30 05:30:00,2025-08-30 06:15:00,14.619748,75.532639,"Incident of Theft reported in Haveri district at coordinates (14.6197, 75.5326)."
2836,2836/2025,FIR/2836/2025,2025-08-19,33,17,1,2,5,9,2,17,2025-08-19 18:00:00,2025-08-19 18:30:00,2025-08-19 19:15:00,14.632786,75.510338,"Incident of Theft reported in Haveri district at coordinates (14.6328, 75.5103)."
2837,2837/2025,FIR/2837/2025,2025-03-19,34,17,1,2,5,10,3,17,2025-03-19 22:00:00,2025-03-19 22:30:00,2025-03-19 23:15:00,14.793316,75.44747,"Incident of Theft reported in Haveri district at coordinates (14.7933, 75.4475)."
2838,2838/2025,FIR/2838/2025,2025-03-18,33,17,1,1,4,7,3,17,2025-03-18 18:00:00,2025-03-18 18:30:00,2025-03-18 19:15:00,14.800553,75.454516,"Incident of Robbery reported in Haveri district at coordinates (14.8006, 75.4545)."
2839,2839/2025,FIR/2839/2025,2025-12-03,34,17,1,1,4,8,3,17,2025-12-03 04:00:00,2025-12-03 04:30:00,2025-12-03 05:15:00,14.326338,75.452767,"Incident of Robbery reported in Haveri district at coordinates (14.3263, 75.4528)."
2840,2840/2025,FIR/2840/2025,2025-08-10,33,17,1,1,4,7,3,17,2025-08-10 12:00:00,2025-08-10 12:30:00,2025-08-10 13:15:00,14.427109,75.553463,"Incident of Robbery reported in Haveri district at coordinates (14.4271, 75.5535)."
2841,2841/2025,FIR/2841/2025,2025-05-14,34,17,1,1,4,8,2,17,2025-05-14 16:00:00,2025-05-14 16:30:00,2025-05-14 17:15:00,14.6096,75.547872,"Incident of Robbery reported in Haveri district at coordinates (14.6096, 75.5479)."
2842,2842/2025,FIR/2842/2025,2025-07-23,33,17,1,1,4,7,2,17,2025-07-23 16:00:00,2025-07-23 16:30:00,2025-07-23 17:15:00,14.948249,75.427247,"Incident of Robbery reported in Haveri district at coordinates (14.9482, 75.4272)."
2843,2843/2025,FIR/2843/2025,2025-09-24,34,17,1,1,4,8,1,17,2025-09-24 23:00:00,2025-09-24 23:30:00,2025-09-24 23:15:00,14.588012,75.675234,"Incident of Robbery reported in Haveri district at coordinates (14.5880, 75.6752)."
2844,2844/2025,FIR/2844/2025,2025-11-28,33,17,1,2,3,5,1,17,2025-11-28 23:00:00,2025-11-28 23:30:00,2025-11-28 23:15:00,15.016992,75.106863,"Incident of Chain Snatching reported in Haveri district at coordinates (15.0170, 75.1069)."
2845,2845/2025,FIR/2845/2025,2025-07-11,34,17,1,2,3,6,2,17,2025-07-11 10:00:00,2025-07-11 10:30:00,2025-07-11 11:15:00,14.791459,75.444808,"Incident of Chain Snatching reported in Haveri district at coordinates (14.7915, 75.4448)."
2846,2846/2025,FIR/2846/2025,2025-11-02,33,17,1,2,3,5,3,17,2025-11-02 14:00:00,2025-11-02 14:30:00,2025-11-02 15:15:00,14.340908,75.447327,"Incident of Chain Snatching reported in Haveri district at coordinates (14.3409, 75.4473)."
2847,2847/2025,FIR/2847/2025,2025-11-01,34,17,1,2,2,4,3,17,2025-11-01 21:00:00,2025-11-01 21:30:00,2025-11-01 22:15:00,14.809895,75.455681,"Incident of Burglary reported in Haveri district at coordinates (14.8099, 75.4557)."
2848,2848/2025,FIR/2848/2025,2025-05-20,33,17,1,2,2,3,2,17,2025-05-20 14:00:00,2025-05-20 14:30:00,2025-05-20 15:15:00,14.791484,75.445739,"Incident of Burglary reported in Haveri district at coordinates (14.7915, 75.4457)."
2849,2849/2025,FIR/2849/2025,2025-02-23,34,17,1,2,2,4,1,17,2025-02-23 16:00:00,2025-02-23 16:30:00,2025-02-23 17:15:00,14.579512,75.694837,"Incident of Burglary reported in Haveri district at coordinates (14.5795, 75.6948)."
2850,2850/2025,FIR/2850/2025,2025-04-30,33,17,1,2,2,3,1,17,2025-04-30 07:00:00,2025-04-30 07:30:00,2025-04-30 08:15:00,14.734724,75.689291,"Incident of Burglary reported in Haveri district at coordinates (14.7347, 75.6893)."
2851,2851/2025,FIR/2851/2025,2025-02-14,34,17,1,2,2,4,3,17,2025-02-14 04:00:00,2025-02-14 04:30:00,2025-02-14 05:15:00,14.576162,75.441196,"Incident of Burglary reported in Haveri district at coordinates (14.5762, 75.4412)."
2852,2852/2025,FIR/2852/2025,2025-11-02,33,17,1,2,2,3,3,17,2025-11-02 11:00:00,2025-11-02 11:30:00,2025-11-02 12:15:00,14.586584,75.697467,"Incident of Burglary reported in Haveri district at coordinates (14.5866, 75.6975)."
2853,2853/2025,FIR/2853/2025,2025-05-19,34,17,1,2,2,4,2,17,2025-05-19 19:00:00,2025-05-19 19:30:00,2025-05-19 20:15:00,14.351272,75.49782,"Incident of Burglary reported in Haveri district at coordinates (14.3513, 75.4978)."
2854,2854/2025,FIR/2854/2025,2025-11-01,33,17,1,2,2,3,1,17,2025-11-01 15:00:00,2025-11-01 15:30:00,2025-11-01 16:15:00,14.596858,75.700191,"Incident of Burglary reported in Haveri district at coordinates (14.5969, 75.7002)."
2855,2855/2025,FIR/2855/2025,2025-08-15,34,17,1,2,2,4,2,17,2025-08-15 11:00:00,2025-08-15 11:30:00,2025-08-15 12:15:00,14.631404,75.529665,"Incident of Burglary reported in Haveri district at coordinates (14.6314, 75.5297)."
2856,2856/2025,FIR/2856/2025,2025-06-29,33,17,1,2,2,3,3,17,2025-06-29 18:00:00,2025-06-29 18:30:00,2025-06-29 19:15:00,14.958348,75.413723,"Incident of Burglary reported in Haveri district at coordinates (14.9583, 75.4137)."
2857,2857/2025,FIR/2857/2025,2025-06-23,34,17,1,2,2,4,1,17,2025-06-23 06:00:00,2025-06-23 06:30:00,2025-06-23 07:15:00,14.336127,75.467152,"Incident of Burglary reported in Haveri district at coordinates (14.3361, 75.4672)."
2858,2858/2025,FIR/2858/2025,2025-08-26,33,17,1,2,2,3,1,17,2025-08-26 22:00:00,2025-08-26 22:30:00,2025-08-26 23:15:00,14.952162,75.418733,"Incident of Burglary reported in Haveri district at coordinates (14.9522, 75.4187)."
2859,2859/2025,FIR/2859/2025,2025-10-28,34,17,1,1,1,2,1,17,2025-10-28 21:00:00,2025-10-28 21:30:00,2025-10-28 22:15:00,14.798896,75.454204,"Incident of Assault reported in Haveri district at coordinates (14.7989, 75.4542)."
2860,2860/2025,FIR/2860/2025,2025-11-17,33,17,1,1,1,1,2,17,2025-11-17 10:00:00,2025-11-17 10:30:00,2025-11-17 11:15:00,14.619265,75.524782,"Incident of Assault reported in Haveri district at coordinates (14.6193, 75.5248)."
2861,2861/2025,FIR/2861/2025,2025-04-10,34,17,1,1,1,2,3,17,2025-04-10 19:00:00,2025-04-10 19:30:00,2025-04-10 20:15:00,14.583713,75.68327,"Incident of Assault reported in Haveri district at coordinates (14.5837, 75.6833)."
2862,2862/2025,FIR/2862/2025,2025-06-25,33,17,1,1,1,1,2,17,2025-06-25 11:00:00,2025-06-25 11:30:00,2025-06-25 12:15:00,14.628623,75.528336,"Incident of Assault reported in Haveri district at coordinates (14.6286, 75.5283)."
2863,2863/2025,FIR/2863/2025,2025-11-28,34,17,1,1,1,2,1,17,2025-11-28 21:00:00,2025-11-28 21:30:00,2025-11-28 22:15:00,14.476452,75.372226,"Incident of Assault reported in Haveri district at coordinates (14.4765, 75.3722)."
2864,2864/2025,FIR/2864/2025,2025-11-29,33,17,1,1,1,1,3,17,2025-11-29 15:00:00,2025-11-29 15:30:00,2025-11-29 16:15:00,14.795738,75.451674,"Incident of Assault reported in Haveri district at coordinates (14.7957, 75.4517)."
2865,2865/2025,FIR/2865/2025,2025-06-29,34,17,1,1,1,2,2,17,2025-06-29 14:00:00,2025-06-29 14:30:00,2025-06-29 15:15:00,14.788857,75.431285,"Incident of Assault reported in Haveri district at coordinates (14.7889, 75.4313)."
2866,2866/2025,FIR/2866/2025,2025-11-20,33,17,1,1,1,1,1,17,2025-11-20 05:00:00,2025-11-20 05:30:00,2025-11-20 06:15:00,14.795994,75.456854,"Incident of Assault reported in Haveri district at coordinates (14.7960, 75.4569)."
2867,2867/2025,FIR/2867/2025,2025-06-29,34,17,1,1,1,2,3,17,2025-06-29 12:00:00,2025-06-29 12:30:00,2025-06-29 13:15:00,14.796316,75.44782,"Incident of Assault reported in Haveri district at coordinates (14.7963, 75.4478)."
2868,2868/2025,FIR/2868/2025,2025-04-05,33,17,1,1,1,1,2,17,2025-04-05 22:00:00,2025-04-05 22:30:00,2025-04-05 23:15:00,14.782806,75.442211,"Incident of Assault reported in Haveri district at coordinates (14.7828, 75.4422)."
2869,2869/2025,FIR/2869/2025,2025-07-03,34,17,1,1,1,2,3,17,2025-07-03 10:00:00,2025-07-03 10:30:00,2025-07-03 11:15:00,14.628252,75.537801,"Incident of Assault reported in Haveri district at coordinates (14.6283, 75.5378)."
2870,2870/2025,FIR/2870/2025,2025-04-17,33,17,1,1,1,1,1,17,2025-04-17 13:00:00,2025-04-17 13:30:00,2025-04-17 14:15:00,14.966612,75.661113,"Incident of Assault reported in Haveri district at coordinates (14.9666, 75.6611)."
2871,2871/2025,FIR/2871/2025,2025-08-07,34,17,1,1,1,2,2,17,2025-08-07 09:00:00,2025-08-07 09:30:00,2025-08-07 10:15:00,14.59357,75.690403,"Incident of Assault reported in Haveri district at coordinates (14.5936, 75.6904)."
2872,2872/2025,FIR/2872/2025,2025-05-02,33,17,1,1,1,1,2,17,2025-05-02 09:00:00,2025-05-02 09:30:00,2025-05-02 10:15:00,14.957485,75.434311,"Incident of Assault reported in Haveri district at coordinates (14.9575, 75.4343)."
2873,2873/2025,FIR/2873/2025,2025-08-22,34,17,1,1,1,2,1,17,2025-08-22 01:00:00,2025-08-22 01:30:00,2025-08-22 02:15:00,14.968289,75.419343,"Incident of Assault reported in Haveri district at coordinates (14.9683, 75.4193)."
2874,2874/2025,FIR/2874/2025,2025-10-05,33,17,1,1,1,1,3,17,2025-10-05 16:00:00,2025-10-05 16:30:00,2025-10-05 17:15:00,14.954362,75.430432,"Incident of Assault reported in Haveri district at coordinates (14.9544, 75.4304)."
2875,2875/2025,FIR/2875/2025,2025-04-10,34,17,1,1,1,2,3,17,2025-04-10 02:00:00,2025-04-10 02:30:00,2025-04-10 03:15:00,14.588957,75.686104,"Incident of Assault reported in Haveri district at coordinates (14.5890, 75.6861)."
2876,2876/2025,FIR/2876/2025,2025-03-25,33,17,1,1,1,1,3,17,2025-03-25 05:00:00,2025-03-25 05:30:00,2025-03-25 06:15:00,14.938564,75.218475,"Incident of Assault reported in Haveri district at coordinates (14.9386, 75.2185)."
2877,2877/2025,FIR/2877/2025,2025-10-08,34,17,1,1,1,2,1,17,2025-10-08 16:00:00,2025-10-08 16:30:00,2025-10-08 17:15:00,14.325584,75.463156,"Incident of Assault reported in Haveri district at coordinates (14.3256, 75.4632)."
2878,2878/2025,FIR/2878/2025,2025-08-03,33,17,1,1,1,1,2,17,2025-08-03 05:00:00,2025-08-03 05:30:00,2025-08-03 06:15:00,14.595506,75.691922,"Incident of Assault reported in Haveri district at coordinates (14.5955, 75.6919)."
2879,2879/2025,FIR/2879/2025,2025-12-21,36,18,1,2,5,10,2,18,2025-12-21 10:00:00,2025-12-21 10:30:00,2025-12-21 11:15:00,12.210759,75.651228,"Incident of Theft reported in Kodagu district at coordinates (12.2108, 75.6512)."
2880,2880/2025,FIR/2880/2025,2025-10-18,35,18,1,2,5,9,1,18,2025-10-18 00:00:00,2025-10-18 00:30:00,2025-10-18 01:15:00,12.245381,75.690129,"Incident of Theft reported in Kodagu district at coordinates (12.2454, 75.6901)."
2881,2881/2025,FIR/2881/2025,2025-08-27,36,18,1,2,5,10,2,18,2025-08-27 21:00:00,2025-08-27 21:30:00,2025-08-27 22:15:00,12.64905,75.789928,"Incident of Theft reported in Kodagu district at coordinates (12.6491, 75.7899)."
2882,2882/2025,FIR/2882/2025,2025-12-22,35,18,1,2,5,9,3,18,2025-12-22 01:00:00,2025-12-22 01:30:00,2025-12-22 02:15:00,12.25476,75.686795,"Incident of Theft reported in Kodagu district at coordinates (12.2548, 75.6868)."
2883,2883/2025,FIR/2883/2025,2025-07-13,36,18,1,2,5,10,3,18,2025-07-13 18:00:00,2025-07-13 18:30:00,2025-07-13 19:15:00,12.482004,75.879124,"Incident of Theft reported in Kodagu district at coordinates (12.4820, 75.8791)."
2884,2884/2025,FIR/2884/2025,2025-02-25,35,18,1,2,5,9,2,18,2025-02-25 10:00:00,2025-02-25 10:30:00,2025-02-25 11:15:00,12.484861,75.863457,"Incident of Theft reported in Kodagu district at coordinates (12.4849, 75.8635)."
2885,2885/2025,FIR/2885/2025,2025-07-20,36,18,1,2,5,10,1,18,2025-07-20 17:00:00,2025-07-20 17:30:00,2025-07-20 18:15:00,12.252656,75.687932,"Incident of Theft reported in Kodagu district at coordinates (12.2527, 75.6879)."
2886,2886/2025,FIR/2886/2025,2025-09-24,35,18,1,2,5,9,2,18,2025-09-24 08:00:00,2025-09-24 08:30:00,2025-09-24 09:15:00,12.193664,75.633558,"Incident of Theft reported in Kodagu district at coordinates (12.1937, 75.6336)."
2887,2887/2025,FIR/2887/2025,2025-07-09,36,18,1,2,5,10,2,18,2025-07-09 07:00:00,2025-07-09 07:30:00,2025-07-09 08:15:00,12.479881,75.876649,"Incident of Theft reported in Kodagu district at coordinates (12.4799, 75.8766)."
2888,2888/2025,FIR/2888/2025,2025-11-07,35,18,1,2,5,9,3,18,2025-11-07 16:00:00,2025-11-07 16:30:00,2025-11-07 17:15:00,12.219753,75.637052,"Incident of Theft reported in Kodagu district at coordinates (12.2198, 75.6371)."
2889,2889/2025,FIR/2889/2025,2025-09-18,36,18,1,2,5,10,2,18,2025-09-18 02:00:00,2025-09-18 02:30:00,2025-09-18 03:15:00,12.296852,75.517676,"Incident of Theft reported in Kodagu district at coordinates (12.2969, 75.5177)."
2890,2890/2025,FIR/2890/2025,2025-02-07,35,18,1,2,5,9,1,18,2025-02-07 00:00:00,2025-02-07 00:30:00,2025-02-07 01:15:00,12.259423,75.690487,"Incident of Theft reported in Kodagu district at coordinates (12.2594, 75.6905)."
2891,2891/2025,FIR/2891/2025,2025-05-01,36,18,1,2,5,10,2,18,2025-05-01 18:00:00,2025-05-01 18:30:00,2025-05-01 19:15:00,12.487849,75.870555,"Incident of Theft reported in Kodagu district at coordinates (12.4878, 75.8706)."
2892,2892/2025,FIR/2892/2025,2025-06-14,35,18,1,2,5,9,2,18,2025-06-14 09:00:00,2025-06-14 09:30:00,2025-06-14 10:15:00,12.211582,75.646313,"Incident of Theft reported in Kodagu district at coordinates (12.2116, 75.6463)."
2893,2893/2025,FIR/2893/2025,2025-10-10,36,18,1,2,5,10,1,18,2025-10-10 14:00:00,2025-10-10 14:30:00,2025-10-10 15:15:00,12.206422,75.627527,"Incident of Theft reported in Kodagu district at coordinates (12.2064, 75.6275)."
2894,2894/2025,FIR/2894/2025,2025-04-20,35,18,1,2,5,9,2,18,2025-04-20 16:00:00,2025-04-20 16:30:00,2025-04-20 17:15:00,12.202095,75.643445,"Incident of Theft reported in Kodagu district at coordinates (12.2021, 75.6434)."
2895,2895/2025,FIR/2895/2025,2025-07-13,36,18,1,2,5,10,1,18,2025-07-13 08:00:00,2025-07-13 08:30:00,2025-07-13 09:15:00,12.257815,75.67398,"Incident of Theft reported in Kodagu district at coordinates (12.2578, 75.6740)."
2896,2896/2025,FIR/2896/2025,2025-12-20,35,18,1,2,5,9,3,18,2025-12-20 01:00:00,2025-12-20 01:30:00,2025-12-20 02:15:00,12.251787,75.684637,"Incident of Theft reported in Kodagu district at coordinates (12.2518, 75.6846)."
2897,2897/2025,FIR/2897/2025,2025-12-26,36,18,1,2,5,10,2,18,2025-12-26 23:00:00,2025-12-26 23:30:00,2025-12-26 23:15:00,12.479207,75.873111,"Incident of Theft reported in Kodagu district at coordinates (12.4792, 75.8731)."
2898,2898/2025,FIR/2898/2025,2025-12-21,35,18,1,2,5,9,3,18,2025-12-21 08:00:00,2025-12-21 08:30:00,2025-12-21 09:15:00,12.201913,75.637613,"Incident of Theft reported in Kodagu district at coordinates (12.2019, 75.6376)."
2899,2899/2025,FIR/2899/2025,2025-08-10,36,18,1,2,5,10,3,18,2025-08-10 06:00:00,2025-08-10 06:30:00,2025-08-10 07:15:00,12.52626,75.706149,"Incident of Theft reported in Kodagu district at coordinates (12.5263, 75.7061)."
2900,2900/2025,FIR/2900/2025,2025-01-28,35,18,1,2,5,9,3,18,2025-01-28 10:00:00,2025-01-28 10:30:00,2025-01-28 11:15:00,12.525859,75.98791,"Incident of Theft reported in Kodagu district at coordinates (12.5259, 75.9879)."
2901,2901/2025,FIR/2901/2025,2025-11-26,36,18,1,2,5,10,3,18,2025-11-26 12:00:00,2025-11-26 12:30:00,2025-11-26 13:15:00,12.202307,75.637951,"Incident of Theft reported in Kodagu district at coordinates (12.2023, 75.6380)."
2902,2902/2025,FIR/2902/2025,2025-09-01,35,18,1,2,5,9,2,18,2025-09-01 10:00:00,2025-09-01 10:30:00,2025-09-01 11:15:00,11.93513,75.952582,"Incident of Theft reported in Kodagu district at coordinates (11.9351, 75.9526)."
2903,2903/2025,FIR/2903/2025,2025-06-05,36,18,1,2,5,10,3,18,2025-06-05 01:00:00,2025-06-05 01:30:00,2025-06-05 02:15:00,12.211713,75.639405,"Incident of Theft reported in Kodagu district at coordinates (12.2117, 75.6394)."
2904,2904/2025,FIR/2904/2025,2025-01-11,35,18,1,2,5,9,2,18,2025-01-11 02:00:00,2025-01-11 02:30:00,2025-01-11 03:15:00,12.479248,75.869678,"Incident of Theft reported in Kodagu district at coordinates (12.4792, 75.8697)."
2905,2905/2025,FIR/2905/2025,2025-03-28,36,18,1,2,5,10,2,18,2025-03-28 04:00:00,2025-03-28 04:30:00,2025-03-28 05:15:00,12.20732,75.646338,"Incident of Theft reported in Kodagu district at coordinates (12.2073, 75.6463)."
2906,2906/2025,FIR/2906/2025,2025-10-14,35,18,1,2,5,9,2,18,2025-10-14 09:00:00,2025-10-14 09:30:00,2025-10-14 10:15:00,12.487281,75.886525,"Incident of Theft reported in Kodagu district at coordinates (12.4873, 75.8865)."
2907,2907/2025,FIR/2907/2025,2025-09-29,36,18,1,2,5,10,2,18,2025-09-29 17:00:00,2025-09-29 17:30:00,2025-09-29 18:15:00,12.195906,75.642049,"Incident of Theft reported in Kodagu district at coordinates (12.1959, 75.6420)."
2908,2908/2025,FIR/2908/2025,2025-07-16,35,18,1,2,5,9,2,18,2025-07-16 05:00:00,2025-07-16 05:30:00,2025-07-16 06:15:00,12.186825,75.631116,"Incident of Theft reported in Kodagu district at coordinates (12.1868, 75.6311)."
2909,2909/2025,FIR/2909/2025,2025-01-02,36,18,1,2,5,10,1,18,2025-01-02 20:00:00,2025-01-02 20:30:00,2025-01-02 21:15:00,12.049948,75.913148,"Incident of Theft reported in Kodagu district at coordinates (12.0499, 75.9131)."
2910,2910/2025,FIR/2910/2025,2025-05-16,35,18,1,2,5,9,3,18,2025-05-16 07:00:00,2025-05-16 07:30:00,2025-05-16 08:15:00,12.165278,76.105134,"Incident of Theft reported in Kodagu district at coordinates (12.1653, 76.1051)."
2911,2911/2025,FIR/2911/2025,2025-07-23,36,18,1,2,5,10,3,18,2025-07-23 23:00:00,2025-07-23 23:30:00,2025-07-23 23:15:00,12.201391,75.621343,"Incident of Theft reported in Kodagu district at coordinates (12.2014, 75.6213)."
2912,2912/2025,FIR/2912/2025,2025-07-08,35,18,1,2,5,9,2,18,2025-07-08 02:00:00,2025-07-08 02:30:00,2025-07-08 03:15:00,12.207114,75.636759,"Incident of Theft reported in Kodagu district at coordinates (12.2071, 75.6368)."
2913,2913/2025,FIR/2913/2025,2025-09-25,36,18,1,2,5,10,3,18,2025-09-25 10:00:00,2025-09-25 10:30:00,2025-09-25 11:15:00,12.20574,75.636409,"Incident of Theft reported in Kodagu district at coordinates (12.2057, 75.6364)."
2914,2914/2025,FIR/2914/2025,2025-01-24,35,18,1,2,5,9,3,18,2025-01-24 01:00:00,2025-01-24 01:30:00,2025-01-24 02:15:00,12.487724,75.879765,"Incident of Theft reported in Kodagu district at coordinates (12.4877, 75.8798)."
2915,2915/2025,FIR/2915/2025,2025-06-06,36,18,1,2,5,10,3,18,2025-06-06 15:00:00,2025-06-06 15:30:00,2025-06-06 16:15:00,12.484959,75.871483,"Incident of Theft reported in Kodagu district at coordinates (12.4850, 75.8715)."
2916,2916/2025,FIR/2916/2025,2025-11-26,35,18,1,2,5,9,2,18,2025-11-26 14:00:00,2025-11-26 14:30:00,2025-11-26 15:15:00,12.472358,75.875448,"Incident of Theft reported in Kodagu district at coordinates (12.4724, 75.8754)."
2917,2917/2025,FIR/2917/2025,2025-06-12,36,18,1,2,5,10,3,18,2025-06-12 00:00:00,2025-06-12 00:30:00,2025-06-12 01:15:00,12.484627,75.865908,"Incident of Theft reported in Kodagu district at coordinates (12.4846, 75.8659)."
2918,2918/2025,FIR/2918/2025,2025-01-22,35,18,1,2,5,9,1,18,2025-01-22 02:00:00,2025-01-22 02:30:00,2025-01-22 03:15:00,12.48118,75.867701,"Incident of Theft reported in Kodagu district at coordinates (12.4812, 75.8677)."
2919,2919/2025,FIR/2919/2025,2025-04-12,36,18,1,1,4,8,3,18,2025-04-12 00:00:00,2025-04-12 00:30:00,2025-04-12 01:15:00,12.254249,75.678511,"Incident of Robbery reported in Kodagu district at coordinates (12.2542, 75.6785)."
2920,2920/2025,FIR/2920/2025,2025-10-13,35,18,1,1,4,7,1,18,2025-10-13 12:00:00,2025-10-13 12:30:00,2025-10-13 13:15:00,12.213564,75.631729,"Incident of Robbery reported in Kodagu district at coordinates (12.2136, 75.6317)."
2921,2921/2025,FIR/2921/2025,2025-05-08,36,18,1,1,4,8,2,18,2025-05-08 11:00:00,2025-05-08 11:30:00,2025-05-08 12:15:00,12.209566,75.650608,"Incident of Robbery reported in Kodagu district at coordinates (12.2096, 75.6506)."
2922,2922/2025,FIR/2922/2025,2025-06-17,35,18,1,1,4,7,1,18,2025-06-17 18:00:00,2025-06-17 18:30:00,2025-06-17 19:15:00,12.484976,75.87223,"Incident of Robbery reported in Kodagu district at coordinates (12.4850, 75.8722)."
2923,2923/2025,FIR/2923/2025,2025-10-08,36,18,1,1,4,8,3,18,2025-10-08 14:00:00,2025-10-08 14:30:00,2025-10-08 15:15:00,12.205686,75.644254,"Incident of Robbery reported in Kodagu district at coordinates (12.2057, 75.6443)."
2924,2924/2025,FIR/2924/2025,2025-11-21,35,18,1,1,4,7,2,18,2025-11-21 06:00:00,2025-11-21 06:30:00,2025-11-21 07:15:00,12.484986,75.869936,"Incident of Robbery reported in Kodagu district at coordinates (12.4850, 75.8699)."
2925,2925/2025,FIR/2925/2025,2025-04-29,36,18,1,2,3,6,2,18,2025-04-29 14:00:00,2025-04-29 14:30:00,2025-04-29 15:15:00,12.245288,75.677076,"Incident of Chain Snatching reported in Kodagu district at coordinates (12.2453, 75.6771)."
2926,2926/2025,FIR/2926/2025,2025-03-24,35,18,1,2,3,5,2,18,2025-03-24 11:00:00,2025-03-24 11:30:00,2025-03-24 12:15:00,12.48468,75.887335,"Incident of Chain Snatching reported in Kodagu district at coordinates (12.4847, 75.8873)."
2927,2927/2025,FIR/2927/2025,2025-03-25,36,18,1,2,3,6,2,18,2025-03-25 18:00:00,2025-03-25 18:30:00,2025-03-25 19:15:00,12.209003,75.647816,"Incident of Chain Snatching reported in Kodagu district at coordinates (12.2090, 75.6478)."
2928,2928/2025,FIR/2928/2025,2025-11-30,35,18,1,2,2,3,1,18,2025-11-30 20:00:00,2025-11-30 20:30:00,2025-11-30 21:15:00,12.340561,75.771309,"Incident of Burglary reported in Kodagu district at coordinates (12.3406, 75.7713)."
2929,2929/2025,FIR/2929/2025,2025-08-31,36,18,1,2,2,4,2,18,2025-08-31 09:00:00,2025-08-31 09:30:00,2025-08-31 10:15:00,12.225678,75.638662,"Incident of Burglary reported in Kodagu district at coordinates (12.2257, 75.6387)."
2930,2930/2025,FIR/2930/2025,2025-07-13,35,18,1,2,2,3,1,18,2025-07-13 04:00:00,2025-07-13 04:30:00,2025-07-13 05:15:00,12.257971,75.684736,"Incident of Burglary reported in Kodagu district at coordinates (12.2580, 75.6847)."
2931,2931/2025,FIR/2931/2025,2025-08-06,36,18,1,2,2,4,2,18,2025-08-06 17:00:00,2025-08-06 17:30:00,2025-08-06 18:15:00,12.200376,75.637802,"Incident of Burglary reported in Kodagu district at coordinates (12.2004, 75.6378)."
2932,2932/2025,FIR/2932/2025,2025-12-04,35,18,1,2,2,3,2,18,2025-12-04 08:00:00,2025-12-04 08:30:00,2025-12-04 09:15:00,11.992611,76.030525,"Incident of Burglary reported in Kodagu district at coordinates (11.9926, 76.0305)."
2933,2933/2025,FIR/2933/2025,2025-10-08,36,18,1,2,2,4,3,18,2025-10-08 18:00:00,2025-10-08 18:30:00,2025-10-08 19:15:00,12.260418,75.67307,"Incident of Burglary reported in Kodagu district at coordinates (12.2604, 75.6731)."
2934,2934/2025,FIR/2934/2025,2025-07-08,35,18,1,2,2,3,3,18,2025-07-08 18:00:00,2025-07-08 18:30:00,2025-07-08 19:15:00,12.488302,75.875355,"Incident of Burglary reported in Kodagu district at coordinates (12.4883, 75.8754)."
2935,2935/2025,FIR/2935/2025,2025-02-08,36,18,1,2,2,4,3,18,2025-02-08 04:00:00,2025-02-08 04:30:00,2025-02-08 05:15:00,12.483447,75.882179,"Incident of Burglary reported in Kodagu district at coordinates (12.4834, 75.8822)."
2936,2936/2025,FIR/2936/2025,2025-09-10,35,18,1,2,2,3,1,18,2025-09-10 04:00:00,2025-09-10 04:30:00,2025-09-10 05:15:00,12.467232,75.877913,"Incident of Burglary reported in Kodagu district at coordinates (12.4672, 75.8779)."
2937,2937/2025,FIR/2937/2025,2025-10-15,36,18,1,2,2,4,2,18,2025-10-15 12:00:00,2025-10-15 12:30:00,2025-10-15 13:15:00,12.195332,75.644637,"Incident of Burglary reported in Kodagu district at coordinates (12.1953, 75.6446)."
2938,2938/2025,FIR/2938/2025,2025-12-19,35,18,1,2,2,3,2,18,2025-12-19 12:00:00,2025-12-19 12:30:00,2025-12-19 13:15:00,12.629058,75.879971,"Incident of Burglary reported in Kodagu district at coordinates (12.6291, 75.8800)."
2939,2939/2025,FIR/2939/2025,2025-07-23,36,18,1,2,2,4,1,18,2025-07-23 10:00:00,2025-07-23 10:30:00,2025-07-23 11:15:00,12.266058,75.687351,"Incident of Burglary reported in Kodagu district at coordinates (12.2661, 75.6874)."
2940,2940/2025,FIR/2940/2025,2025-08-01,35,18,1,1,1,1,2,18,2025-08-01 13:00:00,2025-08-01 13:30:00,2025-08-01 14:15:00,12.481314,75.872264,"Incident of Assault reported in Kodagu district at coordinates (12.4813, 75.8723)."
2941,2941/2025,FIR/2941/2025,2025-06-10,36,18,1,1,1,2,1,18,2025-06-10 16:00:00,2025-06-10 16:30:00,2025-06-10 17:15:00,12.212948,75.634777,"Incident of Assault reported in Kodagu district at coordinates (12.2129, 75.6348)."
2942,2942/2025,FIR/2942/2025,2025-11-03,35,18,1,1,1,1,3,18,2025-11-03 13:00:00,2025-11-03 13:30:00,2025-11-03 14:15:00,12.2466,75.858628,"Incident of Assault reported in Kodagu district at coordinates (12.2466, 75.8586)."
2943,2943/2025,FIR/2943/2025,2025-01-27,36,18,1,1,1,2,3,18,2025-01-27 04:00:00,2025-01-27 04:30:00,2025-01-27 05:15:00,12.474354,75.881488,"Incident of Assault reported in Kodagu district at coordinates (12.4744, 75.8815)."
2944,2944/2025,FIR/2944/2025,2025-08-16,35,18,1,1,1,1,2,18,2025-08-16 12:00:00,2025-08-16 12:30:00,2025-08-16 13:15:00,12.195433,75.622562,"Incident of Assault reported in Kodagu district at coordinates (12.1954, 75.6226)."
2945,2945/2025,FIR/2945/2025,2025-03-06,36,18,1,1,1,2,1,18,2025-03-06 12:00:00,2025-03-06 12:30:00,2025-03-06 13:15:00,12.260911,75.671004,"Incident of Assault reported in Kodagu district at coordinates (12.2609, 75.6710)."
2946,2946/2025,FIR/2946/2025,2025-10-26,35,18,1,1,1,1,1,18,2025-10-26 23:00:00,2025-10-26 23:30:00,2025-10-26 23:15:00,12.487289,75.881201,"Incident of Assault reported in Kodagu district at coordinates (12.4873, 75.8812)."
2947,2947/2025,FIR/2947/2025,2025-05-03,36,18,1,1,1,2,3,18,2025-05-03 18:00:00,2025-05-03 18:30:00,2025-05-03 19:15:00,12.20591,75.640451,"Incident of Assault reported in Kodagu district at coordinates (12.2059, 75.6405)."
2948,2948/2025,FIR/2948/2025,2025-05-17,35,18,1,1,1,1,1,18,2025-05-17 06:00:00,2025-05-17 06:30:00,2025-05-17 07:15:00,12.481185,75.610188,"Incident of Assault reported in Kodagu district at coordinates (12.4812, 75.6102)."
2949,2949/2025,FIR/2949/2025,2025-10-30,36,18,1,1,1,2,2,18,2025-10-30 09:00:00,2025-10-30 09:30:00,2025-10-30 10:15:00,12.222843,75.649676,"Incident of Assault reported in Kodagu district at coordinates (12.2228, 75.6497)."
2950,2950/2025,FIR/2950/2025,2025-11-19,35,18,1,1,1,1,2,18,2025-11-19 15:00:00,2025-11-19 15:30:00,2025-11-19 16:15:00,12.492863,75.871186,"Incident of Assault reported in Kodagu district at coordinates (12.4929, 75.8712)."
2951,2951/2025,FIR/2951/2025,2025-09-01,36,18,1,1,1,2,1,18,2025-09-01 17:00:00,2025-09-01 17:30:00,2025-09-01 18:15:00,12.431486,75.561588,"Incident of Assault reported in Kodagu district at coordinates (12.4315, 75.5616)."
2952,2952/2025,FIR/2952/2025,2025-02-22,35,18,1,1,1,1,3,18,2025-02-22 00:00:00,2025-02-22 00:30:00,2025-02-22 01:15:00,12.487351,75.870209,"Incident of Assault reported in Kodagu district at coordinates (12.4874, 75.8702)."
2953,2953/2025,FIR/2953/2025,2025-11-03,36,18,1,1,1,2,2,18,2025-11-03 14:00:00,2025-11-03 14:30:00,2025-11-03 15:15:00,12.197512,75.648106,"Incident of Assault reported in Kodagu district at coordinates (12.1975, 75.6481)."
2954,2954/2025,FIR/2954/2025,2025-08-09,35,18,1,1,1,1,3,18,2025-08-09 03:00:00,2025-08-09 03:30:00,2025-08-09 04:15:00,12.477821,75.872118,"Incident of Assault reported in Kodagu district at coordinates (12.4778, 75.8721)."
2955,2955/2025,FIR/2955/2025,2025-07-14,36,18,1,1,1,2,2,18,2025-07-14 04:00:00,2025-07-14 04:30:00,2025-07-14 05:15:00,12.14658,75.996857,"Incident of Assault reported in Kodagu district at coordinates (12.1466, 75.9969)."
2956,2956/2025,FIR/2956/2025,2025-12-27,35,18,1,1,1,1,2,18,2025-12-27 09:00:00,2025-12-27 09:30:00,2025-12-27 10:15:00,12.199301,75.647397,"Incident of Assault reported in Kodagu district at coordinates (12.1993, 75.6474)."
2957,2957/2025,FIR/2957/2025,2025-10-04,36,18,1,1,1,2,1,18,2025-10-04 04:00:00,2025-10-04 04:30:00,2025-10-04 05:15:00,12.491037,75.881235,"Incident of Assault reported in Kodagu district at coordinates (12.4910, 75.8812)."
2958,2958/2025,FIR/2958/2025,2025-02-23,35,18,1,1,1,1,1,18,2025-02-23 19:00:00,2025-02-23 19:30:00,2025-02-23 20:15:00,12.523867,75.723452,"Incident of Assault reported in Kodagu district at coordinates (12.5239, 75.7235)."
2959,2959/2025,FIR/2959/2025,2025-08-19,36,18,1,1,1,2,2,18,2025-08-19 12:00:00,2025-08-19 12:30:00,2025-08-19 13:15:00,12.204882,75.625176,"Incident of Assault reported in Kodagu district at coordinates (12.2049, 75.6252)."
2960,2960/2025,FIR/2960/2025,2025-06-29,37,19,1,2,5,9,1,19,2025-06-29 08:00:00,2025-06-29 08:30:00,2025-06-29 09:15:00,13.166857,78.107209,"Incident of Theft reported in Kolar district at coordinates (13.1669, 78.1072)."
2961,2961/2025,FIR/2961/2025,2025-04-11,38,19,1,2,5,10,3,19,2025-04-11 21:00:00,2025-04-11 21:30:00,2025-04-11 22:15:00,13.406847,78.081003,"Incident of Theft reported in Kolar district at coordinates (13.4068, 78.0810)."
2962,2962/2025,FIR/2962/2025,2025-07-06,37,19,1,2,5,9,2,19,2025-07-06 18:00:00,2025-07-06 18:30:00,2025-07-06 19:15:00,13.800651,78.04351,"Incident of Theft reported in Kolar district at coordinates (13.8007, 78.0435)."
2963,2963/2025,FIR/2963/2025,2025-03-26,38,19,1,2,5,10,1,19,2025-03-26 00:00:00,2025-03-26 00:30:00,2025-03-26 01:15:00,13.639378,77.839931,"Incident of Theft reported in Kolar district at coordinates (13.6394, 77.8399)."
2964,2964/2025,FIR/2964/2025,2025-10-01,37,19,1,2,5,9,1,19,2025-10-01 13:00:00,2025-10-01 13:30:00,2025-10-01 14:15:00,13.743517,78.034137,"Incident of Theft reported in Kolar district at coordinates (13.7435, 78.0341)."
2965,2965/2025,FIR/2965/2025,2025-07-26,38,19,1,2,5,10,3,19,2025-07-26 08:00:00,2025-07-26 08:30:00,2025-07-26 09:15:00,13.479864,78.256705,"Incident of Theft reported in Kolar district at coordinates (13.4799, 78.2567)."
2966,2966/2025,FIR/2966/2025,2025-03-27,37,19,1,2,5,9,3,19,2025-03-27 13:00:00,2025-03-27 13:30:00,2025-03-27 14:15:00,13.174097,78.092957,"Incident of Theft reported in Kolar district at coordinates (13.1741, 78.0930)."
2967,2967/2025,FIR/2967/2025,2025-02-22,38,19,1,2,5,10,3,19,2025-02-22 02:00:00,2025-02-22 02:30:00,2025-02-22 03:15:00,13.245209,78.470559,"Incident of Theft reported in Kolar district at coordinates (13.2452, 78.4706)."
2968,2968/2025,FIR/2968/2025,2025-11-09,37,19,1,2,5,9,1,19,2025-11-09 07:00:00,2025-11-09 07:30:00,2025-11-09 08:15:00,13.235583,78.48411,"Incident of Theft reported in Kolar district at coordinates (13.2356, 78.4841)."
2969,2969/2025,FIR/2969/2025,2025-11-11,38,19,1,2,5,10,1,19,2025-11-11 14:00:00,2025-11-11 14:30:00,2025-11-11 15:15:00,13.496279,78.256965,"Incident of Theft reported in Kolar district at coordinates (13.4963, 78.2570)."
2970,2970/2025,FIR/2970/2025,2025-05-06,37,19,1,2,5,9,2,19,2025-05-06 01:00:00,2025-05-06 01:30:00,2025-05-06 02:15:00,13.183279,78.089068,"Incident of Theft reported in Kolar district at coordinates (13.1833, 78.0891)."
2971,2971/2025,FIR/2971/2025,2025-02-18,38,19,1,2,5,10,1,19,2025-02-18 17:00:00,2025-02-18 17:30:00,2025-02-18 18:15:00,13.169774,78.087184,"Incident of Theft reported in Kolar district at coordinates (13.1698, 78.0872)."
2972,2972/2025,FIR/2972/2025,2025-09-24,37,19,1,2,5,9,2,19,2025-09-24 07:00:00,2025-09-24 07:30:00,2025-09-24 08:15:00,13.642047,77.829613,"Incident of Theft reported in Kolar district at coordinates (13.6420, 77.8296)."
2973,2973/2025,FIR/2973/2025,2025-12-30,38,19,1,2,5,10,1,19,2025-12-30 11:00:00,2025-12-30 11:30:00,2025-12-30 12:15:00,13.550151,77.470498,"Incident of Theft reported in Kolar district at coordinates (13.5502, 77.4705)."
2974,2974/2025,FIR/2974/2025,2025-07-06,37,19,1,2,5,9,3,19,2025-07-06 06:00:00,2025-07-06 06:30:00,2025-07-06 07:15:00,13.633356,77.862606,"Incident of Theft reported in Kolar district at coordinates (13.6334, 77.8626)."
2975,2975/2025,FIR/2975/2025,2025-11-17,38,19,1,2,5,10,3,19,2025-11-17 20:00:00,2025-11-17 20:30:00,2025-11-17 21:15:00,13.395204,78.164859,"Incident of Theft reported in Kolar district at coordinates (13.3952, 78.1649)."
2976,2976/2025,FIR/2976/2025,2025-08-16,37,19,1,2,5,9,1,19,2025-08-16 14:00:00,2025-08-16 14:30:00,2025-08-16 15:15:00,13.249197,78.481417,"Incident of Theft reported in Kolar district at coordinates (13.2492, 78.4814)."
2977,2977/2025,FIR/2977/2025,2025-05-26,38,19,1,2,5,10,1,19,2025-05-26 13:00:00,2025-05-26 13:30:00,2025-05-26 14:15:00,13.246271,78.479691,"Incident of Theft reported in Kolar district at coordinates (13.2463, 78.4797)."
2978,2978/2025,FIR/2978/2025,2025-11-07,37,19,1,2,5,9,2,19,2025-11-07 02:00:00,2025-11-07 02:30:00,2025-11-07 03:15:00,13.476839,78.252678,"Incident of Theft reported in Kolar district at coordinates (13.4768, 78.2527)."
2979,2979/2025,FIR/2979/2025,2025-11-25,38,19,1,2,5,10,2,19,2025-11-25 20:00:00,2025-11-25 20:30:00,2025-11-25 21:15:00,13.180127,78.099677,"Incident of Theft reported in Kolar district at coordinates (13.1801, 78.0997)."
2980,2980/2025,FIR/2980/2025,2025-09-02,37,19,1,2,5,9,1,19,2025-09-02 16:00:00,2025-09-02 16:30:00,2025-09-02 17:15:00,13.480539,77.433428,"Incident of Theft reported in Kolar district at coordinates (13.4805, 77.4334)."
2981,2981/2025,FIR/2981/2025,2025-07-02,38,19,1,2,5,10,1,19,2025-07-02 12:00:00,2025-07-02 12:30:00,2025-07-02 13:15:00,13.470122,78.261765,"Incident of Theft reported in Kolar district at coordinates (13.4701, 78.2618)."
2982,2982/2025,FIR/2982/2025,2025-12-22,37,19,1,2,5,9,3,19,2025-12-22 04:00:00,2025-12-22 04:30:00,2025-12-22 05:15:00,13.160259,78.101445,"Incident of Theft reported in Kolar district at coordinates (13.1603, 78.1014)."
2983,2983/2025,FIR/2983/2025,2025-05-26,38,19,1,2,5,10,3,19,2025-05-26 11:00:00,2025-05-26 11:30:00,2025-05-26 12:15:00,13.667492,77.854525,"Incident of Theft reported in Kolar district at coordinates (13.6675, 77.8545)."
2984,2984/2025,FIR/2984/2025,2025-10-05,37,19,1,2,5,9,2,19,2025-10-05 10:00:00,2025-10-05 10:30:00,2025-10-05 11:15:00,13.24232,78.485827,"Incident of Theft reported in Kolar district at coordinates (13.2423, 78.4858)."
2985,2985/2025,FIR/2985/2025,2025-11-18,38,19,1,2,5,10,2,19,2025-11-18 00:00:00,2025-11-18 00:30:00,2025-11-18 01:15:00,13.559519,78.102326,"Incident of Theft reported in Kolar district at coordinates (13.5595, 78.1023)."
2986,2986/2025,FIR/2986/2025,2025-08-12,37,19,1,2,5,9,1,19,2025-08-12 23:00:00,2025-08-12 23:30:00,2025-08-12 23:15:00,13.646075,77.867249,"Incident of Theft reported in Kolar district at coordinates (13.6461, 77.8672)."
2987,2987/2025,FIR/2987/2025,2025-05-01,38,19,1,2,5,10,3,19,2025-05-01 20:00:00,2025-05-01 20:30:00,2025-05-01 21:15:00,12.88404,78.074169,"Incident of Theft reported in Kolar district at coordinates (12.8840, 78.0742)."
2988,2988/2025,FIR/2988/2025,2025-03-07,37,19,1,2,5,9,2,19,2025-03-07 00:00:00,2025-03-07 00:30:00,2025-03-07 01:15:00,13.481353,78.259347,"Incident of Theft reported in Kolar district at coordinates (13.4814, 78.2593)."
2989,2989/2025,FIR/2989/2025,2025-02-06,38,19,1,2,5,10,1,19,2025-02-06 12:00:00,2025-02-06 12:30:00,2025-02-06 13:15:00,13.190377,78.095573,"Incident of Theft reported in Kolar district at coordinates (13.1904, 78.0956)."
2990,2990/2025,FIR/2990/2025,2025-12-06,37,19,1,2,5,9,1,19,2025-12-06 14:00:00,2025-12-06 14:30:00,2025-12-06 15:15:00,13.180399,78.099079,"Incident of Theft reported in Kolar district at coordinates (13.1804, 78.0991)."
2991,2991/2025,FIR/2991/2025,2025-07-29,38,19,1,2,5,10,3,19,2025-07-29 18:00:00,2025-07-29 18:30:00,2025-07-29 19:15:00,13.112073,78.218313,"Incident of Theft reported in Kolar district at coordinates (13.1121, 78.2183)."
2992,2992/2025,FIR/2992/2025,2025-11-20,37,19,1,2,5,9,1,19,2025-11-20 12:00:00,2025-11-20 12:30:00,2025-11-20 13:15:00,13.250103,78.481594,"Incident of Theft reported in Kolar district at coordinates (13.2501, 78.4816)."
2993,2993/2025,FIR/2993/2025,2025-06-02,38,19,1,2,5,10,1,19,2025-06-02 03:00:00,2025-06-02 03:30:00,2025-06-02 04:15:00,13.239149,78.484995,"Incident of Theft reported in Kolar district at coordinates (13.2391, 78.4850)."
2994,2994/2025,FIR/2994/2025,2025-03-05,37,19,1,2,5,9,3,19,2025-03-05 17:00:00,2025-03-05 17:30:00,2025-03-05 18:15:00,13.491545,78.261301,"Incident of Theft reported in Kolar district at coordinates (13.4915, 78.2613)."
2995,2995/2025,FIR/2995/2025,2025-07-22,38,19,1,2,5,10,3,19,2025-07-22 02:00:00,2025-07-22 02:30:00,2025-07-22 03:15:00,13.200273,78.088459,"Incident of Theft reported in Kolar district at coordinates (13.2003, 78.0885)."
2996,2996/2025,FIR/2996/2025,2025-08-08,37,19,1,2,5,9,1,19,2025-08-08 11:00:00,2025-08-08 11:30:00,2025-08-08 12:15:00,13.647831,77.833149,"Incident of Theft reported in Kolar district at coordinates (13.6478, 77.8331)."
2997,2997/2025,FIR/2997/2025,2025-06-04,38,19,1,2,5,10,1,19,2025-06-04 02:00:00,2025-06-04 02:30:00,2025-06-04 03:15:00,13.187863,78.109976,"Incident of Theft reported in Kolar district at coordinates (13.1879, 78.1100)."
2998,2998/2025,FIR/2998/2025,2025-07-27,37,19,1,2,5,9,3,19,2025-07-27 10:00:00,2025-07-27 10:30:00,2025-07-27 11:15:00,13.407584,77.642349,"Incident of Theft reported in Kolar district at coordinates (13.4076, 77.6423)."
2999,2999/2025,FIR/2999/2025,2025-01-05,38,19,1,2,5,10,3,19,2025-01-05 08:00:00,2025-01-05 08:30:00,2025-01-05 09:15:00,13.243053,78.490023,"Incident of Theft reported in Kolar district at coordinates (13.2431, 78.4900)."
3000,3000/2025,FIR/3000/2025,2025-09-11,37,19,1,1,4,7,3,19,2025-09-11 07:00:00,2025-09-11 07:30:00,2025-09-11 08:15:00,12.992437,78.419981,"Incident of Robbery reported in Kolar district at coordinates (12.9924, 78.4200)."
3001,3001/2025,FIR/3001/2025,2025-03-10,38,19,1,1,4,8,1,19,2025-03-10 00:00:00,2025-03-10 00:30:00,2025-03-10 01:15:00,13.18958,78.107486,"Incident of Robbery reported in Kolar district at coordinates (13.1896, 78.1075)."
3002,3002/2025,FIR/3002/2025,2025-09-07,37,19,1,1,4,7,3,19,2025-09-07 12:00:00,2025-09-07 12:30:00,2025-09-07 13:15:00,13.483126,78.261611,"Incident of Robbery reported in Kolar district at coordinates (13.4831, 78.2616)."
3003,3003/2025,FIR/3003/2025,2025-04-22,38,19,1,1,4,8,3,19,2025-04-22 03:00:00,2025-04-22 03:30:00,2025-04-22 04:15:00,13.195362,78.102514,"Incident of Robbery reported in Kolar district at coordinates (13.1954, 78.1025)."
3004,3004/2025,FIR/3004/2025,2025-12-20,37,19,1,1,4,7,3,19,2025-12-20 12:00:00,2025-12-20 12:30:00,2025-12-20 13:15:00,13.480563,78.277793,"Incident of Robbery reported in Kolar district at coordinates (13.4806, 78.2778)."
3005,3005/2025,FIR/3005/2025,2025-11-05,38,19,1,1,4,8,2,19,2025-11-05 07:00:00,2025-11-05 07:30:00,2025-11-05 08:15:00,13.491956,78.267627,"Incident of Robbery reported in Kolar district at coordinates (13.4920, 78.2676)."
3006,3006/2025,FIR/3006/2025,2025-11-08,37,19,1,2,3,5,1,19,2025-11-08 09:00:00,2025-11-08 09:30:00,2025-11-08 10:15:00,13.491233,78.25583,"Incident of Chain Snatching reported in Kolar district at coordinates (13.4912, 78.2558)."
3007,3007/2025,FIR/3007/2025,2025-10-13,38,19,1,2,3,6,3,19,2025-10-13 23:00:00,2025-10-13 23:30:00,2025-10-13 23:15:00,13.490247,78.271989,"Incident of Chain Snatching reported in Kolar district at coordinates (13.4902, 78.2720)."
3008,3008/2025,FIR/3008/2025,2025-11-18,37,19,1,2,3,5,1,19,2025-11-18 15:00:00,2025-11-18 15:30:00,2025-11-18 16:15:00,13.50008,78.255441,"Incident of Chain Snatching reported in Kolar district at coordinates (13.5001, 78.2554)."
3009,3009/2025,FIR/3009/2025,2025-03-02,38,19,1,2,2,4,2,19,2025-03-02 14:00:00,2025-03-02 14:30:00,2025-03-02 15:15:00,13.652424,77.848825,"Incident of Burglary reported in Kolar district at coordinates (13.6524, 77.8488)."
3010,3010/2025,FIR/3010/2025,2025-05-23,37,19,1,2,2,3,2,19,2025-05-23 08:00:00,2025-05-23 08:30:00,2025-05-23 09:15:00,13.642852,77.864031,"Incident of Burglary reported in Kolar district at coordinates (13.6429, 77.8640)."
3011,3011/2025,FIR/3011/2025,2025-07-22,38,19,1,2,2,4,1,19,2025-07-22 22:00:00,2025-07-22 22:30:00,2025-07-22 23:15:00,13.63968,77.855268,"Incident of Burglary reported in Kolar district at coordinates (13.6397, 77.8553)."
3012,3012/2025,FIR/3012/2025,2025-12-14,37,19,1,2,2,3,1,19,2025-12-14 05:00:00,2025-12-14 05:30:00,2025-12-14 06:15:00,13.646634,77.854297,"Incident of Burglary reported in Kolar district at coordinates (13.6466, 77.8543)."
3013,3013/2025,FIR/3013/2025,2025-07-23,38,19,1,2,2,4,3,19,2025-07-23 20:00:00,2025-07-23 20:30:00,2025-07-23 21:15:00,13.247819,78.475386,"Incident of Burglary reported in Kolar district at coordinates (13.2478, 78.4754)."
3014,3014/2025,FIR/3014/2025,2025-11-20,37,19,1,2,2,3,1,19,2025-11-20 08:00:00,2025-11-20 08:30:00,2025-11-20 09:15:00,13.246724,78.473299,"Incident of Burglary reported in Kolar district at coordinates (13.2467, 78.4733)."
3015,3015/2025,FIR/3015/2025,2025-10-01,38,19,1,2,2,4,2,19,2025-10-01 11:00:00,2025-10-01 11:30:00,2025-10-01 12:15:00,13.652122,77.836446,"Incident of Burglary reported in Kolar district at coordinates (13.6521, 77.8364)."
3016,3016/2025,FIR/3016/2025,2025-03-29,37,19,1,2,2,3,3,19,2025-03-29 13:00:00,2025-03-29 13:30:00,2025-03-29 14:15:00,13.630109,77.856148,"Incident of Burglary reported in Kolar district at coordinates (13.6301, 77.8561)."
3017,3017/2025,FIR/3017/2025,2025-07-20,38,19,1,2,2,4,2,19,2025-07-20 00:00:00,2025-07-20 00:30:00,2025-07-20 01:15:00,13.250508,78.478439,"Incident of Burglary reported in Kolar district at coordinates (13.2505, 78.4784)."
3018,3018/2025,FIR/3018/2025,2025-09-10,37,19,1,2,2,3,1,19,2025-09-10 01:00:00,2025-09-10 01:30:00,2025-09-10 02:15:00,13.255031,78.474258,"Incident of Burglary reported in Kolar district at coordinates (13.2550, 78.4743)."
3019,3019/2025,FIR/3019/2025,2025-04-24,38,19,1,2,2,4,2,19,2025-04-24 02:00:00,2025-04-24 02:30:00,2025-04-24 03:15:00,13.226887,78.390194,"Incident of Burglary reported in Kolar district at coordinates (13.2269, 78.3902)."
3020,3020/2025,FIR/3020/2025,2025-12-29,37,19,1,2,2,3,1,19,2025-12-29 07:00:00,2025-12-29 07:30:00,2025-12-29 08:15:00,13.182572,78.112119,"Incident of Burglary reported in Kolar district at coordinates (13.1826, 78.1121)."
3021,3021/2025,FIR/3021/2025,2025-03-08,38,19,1,1,1,2,3,19,2025-03-08 13:00:00,2025-03-08 13:30:00,2025-03-08 14:15:00,13.645674,77.852794,"Incident of Assault reported in Kolar district at coordinates (13.6457, 77.8528)."
3022,3022/2025,FIR/3022/2025,2025-08-16,37,19,1,1,1,1,3,19,2025-08-16 16:00:00,2025-08-16 16:30:00,2025-08-16 17:15:00,13.667747,77.84693,"Incident of Assault reported in Kolar district at coordinates (13.6677, 77.8469)."
3023,3023/2025,FIR/3023/2025,2025-04-29,38,19,1,1,1,2,1,19,2025-04-29 16:00:00,2025-04-29 16:30:00,2025-04-29 17:15:00,13.476432,78.266639,"Incident of Assault reported in Kolar district at coordinates (13.4764, 78.2666)."
3024,3024/2025,FIR/3024/2025,2025-01-19,37,19,1,1,1,1,3,19,2025-01-19 07:00:00,2025-01-19 07:30:00,2025-01-19 08:15:00,13.664339,77.860345,"Incident of Assault reported in Kolar district at coordinates (13.6643, 77.8603)."
3025,3025/2025,FIR/3025/2025,2025-06-30,38,19,1,1,1,2,3,19,2025-06-30 10:00:00,2025-06-30 10:30:00,2025-06-30 11:15:00,13.174148,78.108234,"Incident of Assault reported in Kolar district at coordinates (13.1741, 78.1082)."
3026,3026/2025,FIR/3026/2025,2025-03-31,37,19,1,1,1,1,3,19,2025-03-31 23:00:00,2025-03-31 23:30:00,2025-03-31 23:15:00,13.572298,77.619524,"Incident of Assault reported in Kolar district at coordinates (13.5723, 77.6195)."
3027,3027/2025,FIR/3027/2025,2025-01-04,38,19,1,1,1,2,3,19,2025-01-04 09:00:00,2025-01-04 09:30:00,2025-01-04 10:15:00,13.251667,78.487808,"Incident of Assault reported in Kolar district at coordinates (13.2517, 78.4878)."
3028,3028/2025,FIR/3028/2025,2025-08-11,37,19,1,1,1,1,2,19,2025-08-11 18:00:00,2025-08-11 18:30:00,2025-08-11 19:15:00,13.195219,78.104604,"Incident of Assault reported in Kolar district at coordinates (13.1952, 78.1046)."
3029,3029/2025,FIR/3029/2025,2025-11-07,38,19,1,1,1,2,1,19,2025-11-07 20:00:00,2025-11-07 20:30:00,2025-11-07 21:15:00,13.256109,78.473619,"Incident of Assault reported in Kolar district at coordinates (13.2561, 78.4736)."
3030,3030/2025,FIR/3030/2025,2025-02-23,37,19,1,1,1,1,1,19,2025-02-23 04:00:00,2025-02-23 04:30:00,2025-02-23 05:15:00,13.483683,78.255941,"Incident of Assault reported in Kolar district at coordinates (13.4837, 78.2559)."
3031,3031/2025,FIR/3031/2025,2025-03-26,38,19,1,1,1,2,2,19,2025-03-26 16:00:00,2025-03-26 16:30:00,2025-03-26 17:15:00,13.48347,78.241969,"Incident of Assault reported in Kolar district at coordinates (13.4835, 78.2420)."
3032,3032/2025,FIR/3032/2025,2025-01-27,37,19,1,1,1,1,1,19,2025-01-27 01:00:00,2025-01-27 01:30:00,2025-01-27 02:15:00,13.648316,77.866468,"Incident of Assault reported in Kolar district at coordinates (13.6483, 77.8665)."
3033,3033/2025,FIR/3033/2025,2025-12-18,38,19,1,1,1,2,3,19,2025-12-18 21:00:00,2025-12-18 21:30:00,2025-12-18 22:15:00,13.816336,78.020677,"Incident of Assault reported in Kolar district at coordinates (13.8163, 78.0207)."
3034,3034/2025,FIR/3034/2025,2025-11-29,37,19,1,1,1,1,3,19,2025-11-29 17:00:00,2025-11-29 17:30:00,2025-11-29 18:15:00,13.468146,78.258973,"Incident of Assault reported in Kolar district at coordinates (13.4681, 78.2590)."
3035,3035/2025,FIR/3035/2025,2025-02-05,38,19,1,1,1,2,2,19,2025-02-05 00:00:00,2025-02-05 00:30:00,2025-02-05 01:15:00,13.484735,78.260567,"Incident of Assault reported in Kolar district at coordinates (13.4847, 78.2606)."
3036,3036/2025,FIR/3036/2025,2025-01-30,37,19,1,1,1,1,3,19,2025-01-30 02:00:00,2025-01-30 02:30:00,2025-01-30 03:15:00,13.646675,77.84223,"Incident of Assault reported in Kolar district at coordinates (13.6467, 77.8422)."
3037,3037/2025,FIR/3037/2025,2025-10-24,38,19,1,1,1,2,1,19,2025-10-24 15:00:00,2025-10-24 15:30:00,2025-10-24 16:15:00,13.444747,77.674024,"Incident of Assault reported in Kolar district at coordinates (13.4447, 77.6740)."
3038,3038/2025,FIR/3038/2025,2025-12-19,37,19,1,1,1,1,3,19,2025-12-19 13:00:00,2025-12-19 13:30:00,2025-12-19 14:15:00,13.162862,78.378711,"Incident of Assault reported in Kolar district at coordinates (13.1629, 78.3787)."
3039,3039/2025,FIR/3039/2025,2025-10-26,38,19,1,1,1,2,3,19,2025-10-26 18:00:00,2025-10-26 18:30:00,2025-10-26 19:15:00,13.222325,78.469449,"Incident of Assault reported in Kolar district at coordinates (13.2223, 78.4694)."
3040,3040/2025,FIR/3040/2025,2025-11-17,37,19,1,1,1,1,1,19,2025-11-17 15:00:00,2025-11-17 15:30:00,2025-11-17 16:15:00,13.197176,78.087975,"Incident of Assault reported in Kolar district at coordinates (13.1972, 78.0880)."
3041,3041/2025,FIR/3041/2025,2025-05-06,40,20,1,2,5,10,3,20,2025-05-06 05:00:00,2025-05-06 05:30:00,2025-05-06 06:15:00,15.412434,75.895015,"Incident of Theft reported in Koppal district at coordinates (15.4124, 75.8950)."
3042,3042/2025,FIR/3042/2025,2025-09-02,39,20,1,2,5,9,2,20,2025-09-02 16:00:00,2025-09-02 16:30:00,2025-09-02 17:15:00,15.888055,76.402165,"Incident of Theft reported in Koppal district at coordinates (15.8881, 76.4022)."
3043,3043/2025,FIR/3043/2025,2025-08-12,40,20,1,2,5,10,3,20,2025-08-12 16:00:00,2025-08-12 16:30:00,2025-08-12 17:15:00,15.466795,76.24237,"Incident of Theft reported in Koppal district at coordinates (15.4668, 76.2424)."
3044,3044/2025,FIR/3044/2025,2025-01-24,39,20,1,2,5,9,3,20,2025-01-24 06:00:00,2025-01-24 06:30:00,2025-01-24 07:15:00,15.54667,75.924796,"Incident of Theft reported in Koppal district at coordinates (15.5467, 75.9248)."
3045,3045/2025,FIR/3045/2025,2025-07-03,40,20,1,2,5,10,2,20,2025-07-03 08:00:00,2025-07-03 08:30:00,2025-07-03 09:15:00,15.412239,76.119462,"Incident of Theft reported in Koppal district at coordinates (15.4122, 76.1195)."
3046,3046/2025,FIR/3046/2025,2025-08-01,39,20,1,2,5,9,2,20,2025-08-01 18:00:00,2025-08-01 18:30:00,2025-08-01 19:15:00,15.569805,75.909362,"Incident of Theft reported in Koppal district at coordinates (15.5698, 75.9094)."
3047,3047/2025,FIR/3047/2025,2025-05-05,40,20,1,2,5,10,3,20,2025-05-05 22:00:00,2025-05-05 22:30:00,2025-05-05 23:15:00,15.449473,76.265824,"Incident of Theft reported in Koppal district at coordinates (15.4495, 76.2658)."
3048,3048/2025,FIR/3048/2025,2025-01-07,39,20,1,2,5,9,1,20,2025-01-07 20:00:00,2025-01-07 20:30:00,2025-01-07 21:15:00,15.418334,75.896765,"Incident of Theft reported in Koppal district at coordinates (15.4183, 75.8968)."
3049,3049/2025,FIR/3049/2025,2025-07-14,40,20,1,2,5,10,3,20,2025-07-14 18:00:00,2025-07-14 18:30:00,2025-07-14 19:15:00,15.459231,76.226492,"Incident of Theft reported in Koppal district at coordinates (15.4592, 76.2265)."
3050,3050/2025,FIR/3050/2025,2025-01-11,39,20,1,2,5,9,1,20,2025-01-11 15:00:00,2025-01-11 15:30:00,2025-01-11 16:15:00,15.434579,76.260689,"Incident of Theft reported in Koppal district at coordinates (15.4346, 76.2607)."
3051,3051/2025,FIR/3051/2025,2025-11-05,40,20,1,2,5,10,2,20,2025-11-05 20:00:00,2025-11-05 20:30:00,2025-11-05 21:15:00,15.616104,76.633689,"Incident of Theft reported in Koppal district at coordinates (15.6161, 76.6337)."
3052,3052/2025,FIR/3052/2025,2025-06-12,39,20,1,2,5,9,2,20,2025-06-12 18:00:00,2025-06-12 18:30:00,2025-06-12 19:15:00,15.403636,75.887316,"Incident of Theft reported in Koppal district at coordinates (15.4036, 75.8873)."
3053,3053/2025,FIR/3053/2025,2025-11-16,40,20,1,2,5,10,3,20,2025-11-16 00:00:00,2025-11-16 00:30:00,2025-11-16 01:15:00,15.883549,76.402046,"Incident of Theft reported in Koppal district at coordinates (15.8835, 76.4020)."
3054,3054/2025,FIR/3054/2025,2025-05-10,39,20,1,2,5,9,1,20,2025-05-10 09:00:00,2025-05-10 09:30:00,2025-05-10 10:15:00,15.408074,75.912895,"Incident of Theft reported in Koppal district at coordinates (15.4081, 75.9129)."
3055,3055/2025,FIR/3055/2025,2025-05-15,40,20,1,2,5,10,3,20,2025-05-15 18:00:00,2025-05-15 18:30:00,2025-05-15 19:15:00,15.883655,76.393277,"Incident of Theft reported in Koppal district at coordinates (15.8837, 76.3933)."
3056,3056/2025,FIR/3056/2025,2025-07-11,39,20,1,2,5,9,1,20,2025-07-11 01:00:00,2025-07-11 01:30:00,2025-07-11 02:15:00,15.484107,76.235496,"Incident of Theft reported in Koppal district at coordinates (15.4841, 76.2355)."
3057,3057/2025,FIR/3057/2025,2025-01-21,40,20,1,2,5,10,2,20,2025-01-21 15:00:00,2025-01-21 15:30:00,2025-01-21 16:15:00,15.570001,75.932221,"Incident of Theft reported in Koppal district at coordinates (15.5700, 75.9322)."
3058,3058/2025,FIR/3058/2025,2025-03-13,39,20,1,2,5,9,2,20,2025-03-13 00:00:00,2025-03-13 00:30:00,2025-03-13 01:15:00,15.409712,75.907038,"Incident of Theft reported in Koppal district at coordinates (15.4097, 75.9070)."
3059,3059/2025,FIR/3059/2025,2025-11-21,40,20,1,2,5,10,2,20,2025-11-21 14:00:00,2025-11-21 14:30:00,2025-11-21 15:15:00,15.958883,76.050296,"Incident of Theft reported in Koppal district at coordinates (15.9589, 76.0503)."
3060,3060/2025,FIR/3060/2025,2025-10-31,39,20,1,2,5,9,1,20,2025-10-31 11:00:00,2025-10-31 11:30:00,2025-10-31 12:15:00,15.880678,76.391242,"Incident of Theft reported in Koppal district at coordinates (15.8807, 76.3912)."
3061,3061/2025,FIR/3061/2025,2025-08-14,40,20,1,2,5,10,1,20,2025-08-14 01:00:00,2025-08-14 01:30:00,2025-08-14 02:15:00,15.407244,75.898074,"Incident of Theft reported in Koppal district at coordinates (15.4072, 75.8981)."
3062,3062/2025,FIR/3062/2025,2025-02-23,39,20,1,2,5,9,1,20,2025-02-23 00:00:00,2025-02-23 00:30:00,2025-02-23 01:15:00,15.881943,76.30774,"Incident of Theft reported in Koppal district at coordinates (15.8819, 76.3077)."
3063,3063/2025,FIR/3063/2025,2025-04-21,40,20,1,2,5,10,3,20,2025-04-21 20:00:00,2025-04-21 20:30:00,2025-04-21 21:15:00,15.8486,76.325491,"Incident of Theft reported in Koppal district at coordinates (15.8486, 76.3255)."
3064,3064/2025,FIR/3064/2025,2025-01-31,39,20,1,2,5,9,2,20,2025-01-31 03:00:00,2025-01-31 03:30:00,2025-01-31 04:15:00,15.560707,75.923198,"Incident of Theft reported in Koppal district at coordinates (15.5607, 75.9232)."
3065,3065/2025,FIR/3065/2025,2025-01-01,40,20,1,2,5,10,2,20,2025-01-01 19:00:00,2025-01-01 19:30:00,2025-01-01 20:15:00,15.870435,76.308198,"Incident of Theft reported in Koppal district at coordinates (15.8704, 76.3082)."
3066,3066/2025,FIR/3066/2025,2025-11-11,39,20,1,2,5,9,1,20,2025-11-11 18:00:00,2025-11-11 18:30:00,2025-11-11 19:15:00,15.877123,76.31958,"Incident of Theft reported in Koppal district at coordinates (15.8771, 76.3196)."
3067,3067/2025,FIR/3067/2025,2025-04-12,40,20,1,2,5,10,1,20,2025-04-12 19:00:00,2025-04-12 19:30:00,2025-04-12 20:15:00,15.403792,75.900892,"Incident of Theft reported in Koppal district at coordinates (15.4038, 75.9009)."
3068,3068/2025,FIR/3068/2025,2025-06-13,39,20,1,2,5,9,1,20,2025-06-13 15:00:00,2025-06-13 15:30:00,2025-06-13 16:15:00,15.882113,76.385741,"Incident of Theft reported in Koppal district at coordinates (15.8821, 76.3857)."
3069,3069/2025,FIR/3069/2025,2025-07-31,40,20,1,2,5,10,2,20,2025-07-31 10:00:00,2025-07-31 10:30:00,2025-07-31 11:15:00,15.487363,76.225932,"Incident of Theft reported in Koppal district at coordinates (15.4874, 76.2259)."
3070,3070/2025,FIR/3070/2025,2025-10-20,39,20,1,2,5,9,3,20,2025-10-20 06:00:00,2025-10-20 06:30:00,2025-10-20 07:15:00,15.606665,76.086278,"Incident of Theft reported in Koppal district at coordinates (15.6067, 76.0863)."
3071,3071/2025,FIR/3071/2025,2025-07-12,40,20,1,2,5,10,1,20,2025-07-12 10:00:00,2025-07-12 10:30:00,2025-07-12 11:15:00,15.877179,76.310203,"Incident of Theft reported in Koppal district at coordinates (15.8772, 76.3102)."
3072,3072/2025,FIR/3072/2025,2025-10-24,39,20,1,2,5,9,3,20,2025-10-24 11:00:00,2025-10-24 11:30:00,2025-10-24 12:15:00,15.407401,75.894748,"Incident of Theft reported in Koppal district at coordinates (15.4074, 75.8947)."
3073,3073/2025,FIR/3073/2025,2025-10-08,40,20,1,2,5,10,1,20,2025-10-08 08:00:00,2025-10-08 08:30:00,2025-10-08 09:15:00,15.479804,76.584527,"Incident of Theft reported in Koppal district at coordinates (15.4798, 76.5845)."
3074,3074/2025,FIR/3074/2025,2025-01-01,39,20,1,2,5,9,3,20,2025-01-01 21:00:00,2025-01-01 21:30:00,2025-01-01 22:15:00,15.557678,75.919894,"Incident of Theft reported in Koppal district at coordinates (15.5577, 75.9199)."
3075,3075/2025,FIR/3075/2025,2025-06-29,40,20,1,2,5,10,1,20,2025-06-29 02:00:00,2025-06-29 02:30:00,2025-06-29 03:15:00,15.458937,75.864334,"Incident of Theft reported in Koppal district at coordinates (15.4589, 75.8643)."
3076,3076/2025,FIR/3076/2025,2025-10-14,39,20,1,2,5,9,1,20,2025-10-14 12:00:00,2025-10-14 12:30:00,2025-10-14 13:15:00,15.857705,76.327549,"Incident of Theft reported in Koppal district at coordinates (15.8577, 76.3275)."
3077,3077/2025,FIR/3077/2025,2025-09-02,40,20,1,2,5,10,3,20,2025-09-02 18:00:00,2025-09-02 18:30:00,2025-09-02 19:15:00,15.408434,75.91221,"Incident of Theft reported in Koppal district at coordinates (15.4084, 75.9122)."
3078,3078/2025,FIR/3078/2025,2025-09-18,39,20,1,2,5,9,1,20,2025-09-18 11:00:00,2025-09-18 11:30:00,2025-09-18 12:15:00,15.884487,76.03044,"Incident of Theft reported in Koppal district at coordinates (15.8845, 76.0304)."
3079,3079/2025,FIR/3079/2025,2025-04-07,40,20,1,2,5,10,3,20,2025-04-07 09:00:00,2025-04-07 09:30:00,2025-04-07 10:15:00,15.413067,76.190665,"Incident of Theft reported in Koppal district at coordinates (15.4131, 76.1907)."
3080,3080/2025,FIR/3080/2025,2025-03-03,39,20,1,2,5,9,1,20,2025-03-03 15:00:00,2025-03-03 15:30:00,2025-03-03 16:15:00,15.865034,76.324785,"Incident of Theft reported in Koppal district at coordinates (15.8650, 76.3248)."
3081,3081/2025,FIR/3081/2025,2025-01-18,40,20,1,1,4,8,3,20,2025-01-18 21:00:00,2025-01-18 21:30:00,2025-01-18 22:15:00,15.549102,75.924012,"Incident of Robbery reported in Koppal district at coordinates (15.5491, 75.9240)."
3082,3082/2025,FIR/3082/2025,2025-09-05,39,20,1,1,4,7,3,20,2025-09-05 08:00:00,2025-09-05 08:30:00,2025-09-05 09:15:00,15.46263,76.244125,"Incident of Robbery reported in Koppal district at coordinates (15.4626, 76.2441)."
3083,3083/2025,FIR/3083/2025,2025-10-08,40,20,1,1,4,8,2,20,2025-10-08 08:00:00,2025-10-08 08:30:00,2025-10-08 09:15:00,15.448897,76.246224,"Incident of Robbery reported in Koppal district at coordinates (15.4489, 76.2462)."
3084,3084/2025,FIR/3084/2025,2025-01-08,39,20,1,1,4,7,1,20,2025-01-08 08:00:00,2025-01-08 08:30:00,2025-01-08 09:15:00,15.41651,75.90711,"Incident of Robbery reported in Koppal district at coordinates (15.4165, 75.9071)."
3085,3085/2025,FIR/3085/2025,2025-08-20,40,20,1,1,4,8,2,20,2025-08-20 00:00:00,2025-08-20 00:30:00,2025-08-20 01:15:00,15.87083,76.315348,"Incident of Robbery reported in Koppal district at coordinates (15.8708, 76.3153)."
3086,3086/2025,FIR/3086/2025,2025-04-25,39,20,1,1,4,7,1,20,2025-04-25 11:00:00,2025-04-25 11:30:00,2025-04-25 12:15:00,15.569979,75.910214,"Incident of Robbery reported in Koppal district at coordinates (15.5700, 75.9102)."
3087,3087/2025,FIR/3087/2025,2025-06-05,40,20,1,2,3,6,1,20,2025-06-05 12:00:00,2025-06-05 12:30:00,2025-06-05 13:15:00,15.647746,76.093087,"Incident of Chain Snatching reported in Koppal district at coordinates (15.6477, 76.0931)."
3088,3088/2025,FIR/3088/2025,2025-05-04,39,20,1,2,3,5,3,20,2025-05-04 13:00:00,2025-05-04 13:30:00,2025-05-04 14:15:00,15.88771,76.400513,"Incident of Chain Snatching reported in Koppal district at coordinates (15.8877, 76.4005)."
3089,3089/2025,FIR/3089/2025,2025-05-17,40,20,1,2,3,6,2,20,2025-05-17 22:00:00,2025-05-17 22:30:00,2025-05-17 23:15:00,15.41411,75.887344,"Incident of Chain Snatching reported in Koppal district at coordinates (15.4141, 75.8873)."
3090,3090/2025,FIR/3090/2025,2025-06-20,39,20,1,2,2,3,3,20,2025-06-20 09:00:00,2025-06-20 09:30:00,2025-06-20 10:15:00,15.442525,76.266331,"Incident of Burglary reported in Koppal district at coordinates (15.4425, 76.2663)."
3091,3091/2025,FIR/3091/2025,2025-02-01,40,20,1,2,2,4,1,20,2025-02-01 07:00:00,2025-02-01 07:30:00,2025-02-01 08:15:00,15.564056,75.921372,"Incident of Burglary reported in Koppal district at coordinates (15.5641, 75.9214)."
3092,3092/2025,FIR/3092/2025,2025-09-25,39,20,1,2,2,3,2,20,2025-09-25 22:00:00,2025-09-25 22:30:00,2025-09-25 23:15:00,15.485579,76.383275,"Incident of Burglary reported in Koppal district at coordinates (15.4856, 76.3833)."
3093,3093/2025,FIR/3093/2025,2025-07-06,40,20,1,2,2,4,3,20,2025-07-06 04:00:00,2025-07-06 04:30:00,2025-07-06 05:15:00,15.874044,76.312539,"Incident of Burglary reported in Koppal district at coordinates (15.8740, 76.3125)."
3094,3094/2025,FIR/3094/2025,2025-01-02,39,20,1,2,2,3,3,20,2025-01-02 18:00:00,2025-01-02 18:30:00,2025-01-02 19:15:00,15.891414,76.398651,"Incident of Burglary reported in Koppal district at coordinates (15.8914, 76.3987)."
3095,3095/2025,FIR/3095/2025,2025-10-22,40,20,1,2,2,4,1,20,2025-10-22 08:00:00,2025-10-22 08:30:00,2025-10-22 09:15:00,15.470549,76.245921,"Incident of Burglary reported in Koppal district at coordinates (15.4705, 76.2459)."
3096,3096/2025,FIR/3096/2025,2025-03-12,39,20,1,2,2,3,3,20,2025-03-12 23:00:00,2025-03-12 23:30:00,2025-03-12 23:15:00,15.456728,75.947366,"Incident of Burglary reported in Koppal district at coordinates (15.4567, 75.9474)."
3097,3097/2025,FIR/3097/2025,2025-01-29,40,20,1,2,2,4,1,20,2025-01-29 12:00:00,2025-01-29 12:30:00,2025-01-29 13:15:00,15.883184,76.307347,"Incident of Burglary reported in Koppal district at coordinates (15.8832, 76.3073)."
3098,3098/2025,FIR/3098/2025,2025-02-15,39,20,1,2,2,3,1,20,2025-02-15 15:00:00,2025-02-15 15:30:00,2025-02-15 16:15:00,15.441977,76.248288,"Incident of Burglary reported in Koppal district at coordinates (15.4420, 76.2483)."
3099,3099/2025,FIR/3099/2025,2025-02-20,40,20,1,2,2,4,1,20,2025-02-20 22:00:00,2025-02-20 22:30:00,2025-02-20 23:15:00,15.961387,76.003754,"Incident of Burglary reported in Koppal district at coordinates (15.9614, 76.0038)."
3100,3100/2025,FIR/3100/2025,2025-11-02,39,20,1,2,2,3,1,20,2025-11-02 23:00:00,2025-11-02 23:30:00,2025-11-02 23:15:00,15.267933,76.287739,"Incident of Burglary reported in Koppal district at coordinates (15.2679, 76.2877)."
3101,3101/2025,FIR/3101/2025,2025-03-19,40,20,1,2,2,4,2,20,2025-03-19 19:00:00,2025-03-19 19:30:00,2025-03-19 20:15:00,15.405518,75.900839,"Incident of Burglary reported in Koppal district at coordinates (15.4055, 75.9008)."
3102,3102/2025,FIR/3102/2025,2025-03-01,39,20,1,1,1,1,2,20,2025-03-01 18:00:00,2025-03-01 18:30:00,2025-03-01 19:15:00,15.868572,76.39661,"Incident of Assault reported in Koppal district at coordinates (15.8686, 76.3966)."
3103,3103/2025,FIR/3103/2025,2025-01-31,40,20,1,1,1,2,2,20,2025-01-31 14:00:00,2025-01-31 14:30:00,2025-01-31 15:15:00,15.878542,76.398368,"Incident of Assault reported in Koppal district at coordinates (15.8785, 76.3984)."
3104,3104/2025,FIR/3104/2025,2025-03-31,39,20,1,1,1,1,1,20,2025-03-31 13:00:00,2025-03-31 13:30:00,2025-03-31 14:15:00,15.478926,76.231462,"Incident of Assault reported in Koppal district at coordinates (15.4789, 76.2315)."
3105,3105/2025,FIR/3105/2025,2025-12-26,40,20,1,1,1,2,1,20,2025-12-26 17:00:00,2025-12-26 17:30:00,2025-12-26 18:15:00,15.777172,76.036037,"Incident of Assault reported in Koppal district at coordinates (15.7772, 76.0360)."
3106,3106/2025,FIR/3106/2025,2025-08-20,39,20,1,1,1,1,2,20,2025-08-20 16:00:00,2025-08-20 16:30:00,2025-08-20 17:15:00,15.381917,76.379023,"Incident of Assault reported in Koppal district at coordinates (15.3819, 76.3790)."
3107,3107/2025,FIR/3107/2025,2025-05-19,40,20,1,1,1,2,3,20,2025-05-19 00:00:00,2025-05-19 00:30:00,2025-05-19 01:15:00,15.229214,76.159698,"Incident of Assault reported in Koppal district at coordinates (15.2292, 76.1597)."
3108,3108/2025,FIR/3108/2025,2025-11-27,39,20,1,1,1,1,2,20,2025-11-27 03:00:00,2025-11-27 03:30:00,2025-11-27 04:15:00,15.444498,76.268829,"Incident of Assault reported in Koppal district at coordinates (15.4445, 76.2688)."
3109,3109/2025,FIR/3109/2025,2025-01-21,40,20,1,1,1,2,2,20,2025-01-21 22:00:00,2025-01-21 22:30:00,2025-01-21 23:15:00,15.413274,75.905635,"Incident of Assault reported in Koppal district at coordinates (15.4133, 75.9056)."
3110,3110/2025,FIR/3110/2025,2025-02-05,39,20,1,1,1,1,2,20,2025-02-05 10:00:00,2025-02-05 10:30:00,2025-02-05 11:15:00,15.879121,76.313158,"Incident of Assault reported in Koppal district at coordinates (15.8791, 76.3132)."
3111,3111/2025,FIR/3111/2025,2025-07-21,40,20,1,1,1,2,1,20,2025-07-21 09:00:00,2025-07-21 09:30:00,2025-07-21 10:15:00,15.551262,75.904697,"Incident of Assault reported in Koppal district at coordinates (15.5513, 75.9047)."
3112,3112/2025,FIR/3112/2025,2025-06-26,39,20,1,1,1,1,1,20,2025-06-26 10:00:00,2025-06-26 10:30:00,2025-06-26 11:15:00,15.422017,75.889069,"Incident of Assault reported in Koppal district at coordinates (15.4220, 75.8891)."
3113,3113/2025,FIR/3113/2025,2025-03-17,40,20,1,1,1,2,1,20,2025-03-17 22:00:00,2025-03-17 22:30:00,2025-03-17 23:15:00,15.562676,75.931676,"Incident of Assault reported in Koppal district at coordinates (15.5627, 75.9317)."
3114,3114/2025,FIR/3114/2025,2025-12-05,39,20,1,1,1,1,3,20,2025-12-05 08:00:00,2025-12-05 08:30:00,2025-12-05 09:15:00,15.547349,75.921521,"Incident of Assault reported in Koppal district at coordinates (15.5473, 75.9215)."
3115,3115/2025,FIR/3115/2025,2025-02-12,40,20,1,1,1,2,3,20,2025-02-12 01:00:00,2025-02-12 01:30:00,2025-02-12 02:15:00,15.741715,76.35864,"Incident of Assault reported in Koppal district at coordinates (15.7417, 76.3586)."
3116,3116/2025,FIR/3116/2025,2025-08-22,39,20,1,1,1,1,3,20,2025-08-22 06:00:00,2025-08-22 06:30:00,2025-08-22 07:15:00,15.440407,76.33244,"Incident of Assault reported in Koppal district at coordinates (15.4404, 76.3324)."
3117,3117/2025,FIR/3117/2025,2025-07-19,40,20,1,1,1,2,1,20,2025-07-19 02:00:00,2025-07-19 02:30:00,2025-07-19 03:15:00,15.204662,76.144514,"Incident of Assault reported in Koppal district at coordinates (15.2047, 76.1445)."
3118,3118/2025,FIR/3118/2025,2025-08-30,39,20,1,1,1,1,2,20,2025-08-30 22:00:00,2025-08-30 22:30:00,2025-08-30 23:15:00,15.871008,76.335645,"Incident of Assault reported in Koppal district at coordinates (15.8710, 76.3356)."
3119,3119/2025,FIR/3119/2025,2025-06-04,40,20,1,1,1,2,1,20,2025-06-04 16:00:00,2025-06-04 16:30:00,2025-06-04 17:15:00,15.448879,76.263093,"Incident of Assault reported in Koppal district at coordinates (15.4489, 76.2631)."
3120,3120/2025,FIR/3120/2025,2025-06-12,39,20,1,1,1,1,3,20,2025-06-12 02:00:00,2025-06-12 02:30:00,2025-06-12 03:15:00,15.559511,75.925813,"Incident of Assault reported in Koppal district at coordinates (15.5595, 75.9258)."
3121,3121/2025,FIR/3121/2025,2025-02-24,40,20,1,1,1,2,2,20,2025-02-24 02:00:00,2025-02-24 02:30:00,2025-02-24 03:15:00,15.413606,75.89482,"Incident of Assault reported in Koppal district at coordinates (15.4136, 75.8948)."
3122,3122/2025,FIR/3122/2025,2025-06-02,41,21,1,2,5,9,1,21,2025-06-02 06:00:00,2025-06-02 06:30:00,2025-06-02 07:15:00,12.806293,76.854368,"Incident of Theft reported in Mandya district at coordinates (12.8063, 76.8544)."
3123,3123/2025,FIR/3123/2025,2025-01-16,42,21,1,2,5,10,1,21,2025-01-16 01:00:00,2025-01-16 01:30:00,2025-01-16 02:15:00,12.766117,76.747552,"Incident of Theft reported in Mandya district at coordinates (12.7661, 76.7476)."
3124,3124/2025,FIR/3124/2025,2025-05-18,41,21,1,2,5,9,3,21,2025-05-18 04:00:00,2025-05-18 04:30:00,2025-05-18 05:15:00,12.75535,76.74993,"Incident of Theft reported in Mandya district at coordinates (12.7553, 76.7499)."
3125,3125/2025,FIR/3125/2025,2025-08-29,42,21,1,2,5,10,3,21,2025-08-29 11:00:00,2025-08-29 11:30:00,2025-08-29 12:15:00,12.771763,76.761892,"Incident of Theft reported in Mandya district at coordinates (12.7718, 76.7619)."
3126,3126/2025,FIR/3126/2025,2025-02-05,41,21,1,2,5,9,3,21,2025-02-05 08:00:00,2025-02-05 08:30:00,2025-02-05 09:15:00,12.860592,76.710071,"Incident of Theft reported in Mandya district at coordinates (12.8606, 76.7101)."
3127,3127/2025,FIR/3127/2025,2025-06-13,42,21,1,2,5,10,3,21,2025-06-13 00:00:00,2025-06-13 00:30:00,2025-06-13 01:15:00,12.762821,76.741089,"Incident of Theft reported in Mandya district at coordinates (12.7628, 76.7411)."
3128,3128/2025,FIR/3128/2025,2025-12-28,41,21,1,2,5,9,1,21,2025-12-28 03:00:00,2025-12-28 03:30:00,2025-12-28 04:15:00,12.764962,76.76099,"Incident of Theft reported in Mandya district at coordinates (12.7650, 76.7610)."
3129,3129/2025,FIR/3129/2025,2025-11-21,42,21,1,2,5,10,2,21,2025-11-21 16:00:00,2025-11-21 16:30:00,2025-11-21 17:15:00,12.799784,76.832656,"Incident of Theft reported in Mandya district at coordinates (12.7998, 76.8327)."
3130,3130/2025,FIR/3130/2025,2025-06-06,41,21,1,2,5,9,2,21,2025-06-06 03:00:00,2025-06-06 03:30:00,2025-06-06 04:15:00,12.820017,76.852205,"Incident of Theft reported in Mandya district at coordinates (12.8200, 76.8522)."
3131,3131/2025,FIR/3131/2025,2025-11-08,42,21,1,2,5,10,3,21,2025-11-08 11:00:00,2025-11-08 11:30:00,2025-11-08 12:15:00,12.810922,76.845968,"Incident of Theft reported in Mandya district at coordinates (12.8109, 76.8460)."
3132,3132/2025,FIR/3132/2025,2025-11-06,41,21,1,2,5,9,2,21,2025-11-06 22:00:00,2025-11-06 22:30:00,2025-11-06 23:15:00,12.773493,76.749828,"Incident of Theft reported in Mandya district at coordinates (12.7735, 76.7498)."
3133,3133/2025,FIR/3133/2025,2025-09-18,42,21,1,2,5,10,2,21,2025-09-18 23:00:00,2025-09-18 23:30:00,2025-09-18 23:15:00,12.75487,76.75681,"Incident of Theft reported in Mandya district at coordinates (12.7549, 76.7568)."
3134,3134/2025,FIR/3134/2025,2025-01-18,41,21,1,2,5,9,2,21,2025-01-18 19:00:00,2025-01-18 19:30:00,2025-01-18 20:15:00,12.808492,76.850268,"Incident of Theft reported in Mandya district at coordinates (12.8085, 76.8503)."
3135,3135/2025,FIR/3135/2025,2025-07-15,42,21,1,2,5,10,1,21,2025-07-15 01:00:00,2025-07-15 01:30:00,2025-07-15 02:15:00,12.859138,76.703568,"Incident of Theft reported in Mandya district at coordinates (12.8591, 76.7036)."
3136,3136/2025,FIR/3136/2025,2025-08-10,41,21,1,2,5,9,3,21,2025-08-10 20:00:00,2025-08-10 20:30:00,2025-08-10 21:15:00,12.867071,76.691982,"Incident of Theft reported in Mandya district at coordinates (12.8671, 76.6920)."
3137,3137/2025,FIR/3137/2025,2025-07-16,42,21,1,2,5,10,2,21,2025-07-16 06:00:00,2025-07-16 06:30:00,2025-07-16 07:15:00,12.856781,76.709021,"Incident of Theft reported in Mandya district at coordinates (12.8568, 76.7090)."
3138,3138/2025,FIR/3138/2025,2025-07-18,41,21,1,2,5,9,1,21,2025-07-18 14:00:00,2025-07-18 14:30:00,2025-07-18 15:15:00,12.644243,76.399684,"Incident of Theft reported in Mandya district at coordinates (12.6442, 76.3997)."
3139,3139/2025,FIR/3139/2025,2025-06-18,42,21,1,2,5,10,2,21,2025-06-18 05:00:00,2025-06-18 05:30:00,2025-06-18 06:15:00,12.856609,76.703203,"Incident of Theft reported in Mandya district at coordinates (12.8566, 76.7032)."
3140,3140/2025,FIR/3140/2025,2025-05-09,41,21,1,2,5,9,1,21,2025-05-09 04:00:00,2025-05-09 04:30:00,2025-05-09 05:15:00,12.808141,76.849973,"Incident of Theft reported in Mandya district at coordinates (12.8081, 76.8500)."
3141,3141/2025,FIR/3141/2025,2025-11-15,42,21,1,2,5,10,2,21,2025-11-15 04:00:00,2025-11-15 04:30:00,2025-11-15 05:15:00,12.819627,76.856327,"Incident of Theft reported in Mandya district at coordinates (12.8196, 76.8563)."
3142,3142/2025,FIR/3142/2025,2025-04-01,41,21,1,2,5,9,2,21,2025-04-01 08:00:00,2025-04-01 08:30:00,2025-04-01 09:15:00,12.763333,76.751774,"Incident of Theft reported in Mandya district at coordinates (12.7633, 76.7518)."
3143,3143/2025,FIR/3143/2025,2025-12-29,42,21,1,2,5,10,1,21,2025-12-29 10:00:00,2025-12-29 10:30:00,2025-12-29 11:15:00,12.761491,76.754181,"Incident of Theft reported in Mandya district at coordinates (12.7615, 76.7542)."
3144,3144/2025,FIR/3144/2025,2025-11-15,41,21,1,2,5,9,3,21,2025-11-15 11:00:00,2025-11-15 11:30:00,2025-11-15 12:15:00,12.779143,76.742291,"Incident of Theft reported in Mandya district at coordinates (12.7791, 76.7423)."
3145,3145/2025,FIR/3145/2025,2025-11-19,42,21,1,2,5,10,2,21,2025-11-19 13:00:00,2025-11-19 13:30:00,2025-11-19 14:15:00,12.581401,76.522026,"Incident of Theft reported in Mandya district at coordinates (12.5814, 76.5220)."
3146,3146/2025,FIR/3146/2025,2025-10-13,41,21,1,2,5,9,1,21,2025-10-13 14:00:00,2025-10-13 14:30:00,2025-10-13 15:15:00,12.862722,76.715426,"Incident of Theft reported in Mandya district at coordinates (12.8627, 76.7154)."
3147,3147/2025,FIR/3147/2025,2025-06-12,42,21,1,2,5,10,3,21,2025-06-12 02:00:00,2025-06-12 02:30:00,2025-06-12 03:15:00,12.813763,76.8412,"Incident of Theft reported in Mandya district at coordinates (12.8138, 76.8412)."
3148,3148/2025,FIR/3148/2025,2025-07-03,41,21,1,2,5,9,3,21,2025-07-03 03:00:00,2025-07-03 03:30:00,2025-07-03 04:15:00,12.775879,76.746583,"Incident of Theft reported in Mandya district at coordinates (12.7759, 76.7466)."
3149,3149/2025,FIR/3149/2025,2025-09-28,42,21,1,2,5,10,1,21,2025-09-28 16:00:00,2025-09-28 16:30:00,2025-09-28 17:15:00,12.849335,76.742475,"Incident of Theft reported in Mandya district at coordinates (12.8493, 76.7425)."
3150,3150/2025,FIR/3150/2025,2025-07-03,41,21,1,2,5,9,3,21,2025-07-03 14:00:00,2025-07-03 14:30:00,2025-07-03 15:15:00,12.75368,76.757207,"Incident of Theft reported in Mandya district at coordinates (12.7537, 76.7572)."
3151,3151/2025,FIR/3151/2025,2025-04-05,42,21,1,2,5,10,2,21,2025-04-05 10:00:00,2025-04-05 10:30:00,2025-04-05 11:15:00,12.810303,76.831153,"Incident of Theft reported in Mandya district at coordinates (12.8103, 76.8312)."
3152,3152/2025,FIR/3152/2025,2025-01-03,41,21,1,2,5,9,1,21,2025-01-03 09:00:00,2025-01-03 09:30:00,2025-01-03 10:15:00,12.612711,76.838493,"Incident of Theft reported in Mandya district at coordinates (12.6127, 76.8385)."
3153,3153/2025,FIR/3153/2025,2025-03-30,42,21,1,2,5,10,2,21,2025-03-30 20:00:00,2025-03-30 20:30:00,2025-03-30 21:15:00,12.775986,76.763345,"Incident of Theft reported in Mandya district at coordinates (12.7760, 76.7633)."
3154,3154/2025,FIR/3154/2025,2025-12-15,41,21,1,2,5,9,2,21,2025-12-15 10:00:00,2025-12-15 10:30:00,2025-12-15 11:15:00,12.765391,76.749476,"Incident of Theft reported in Mandya district at coordinates (12.7654, 76.7495)."
3155,3155/2025,FIR/3155/2025,2025-05-03,42,21,1,2,5,10,1,21,2025-05-03 20:00:00,2025-05-03 20:30:00,2025-05-03 21:15:00,12.857237,76.70915,"Incident of Theft reported in Mandya district at coordinates (12.8572, 76.7091)."
3156,3156/2025,FIR/3156/2025,2025-04-28,41,21,1,2,5,9,3,21,2025-04-28 01:00:00,2025-04-28 01:30:00,2025-04-28 02:15:00,12.81043,76.839021,"Incident of Theft reported in Mandya district at coordinates (12.8104, 76.8390)."
3157,3157/2025,FIR/3157/2025,2025-06-26,42,21,1,2,5,10,1,21,2025-06-26 12:00:00,2025-06-26 12:30:00,2025-06-26 13:15:00,12.767843,76.751575,"Incident of Theft reported in Mandya district at coordinates (12.7678, 76.7516)."
3158,3158/2025,FIR/3158/2025,2025-09-10,41,21,1,2,5,9,3,21,2025-09-10 06:00:00,2025-09-10 06:30:00,2025-09-10 07:15:00,12.740875,76.757308,"Incident of Theft reported in Mandya district at coordinates (12.7409, 76.7573)."
3159,3159/2025,FIR/3159/2025,2025-08-25,42,21,1,2,5,10,2,21,2025-08-25 19:00:00,2025-08-25 19:30:00,2025-08-25 20:15:00,12.812014,76.850104,"Incident of Theft reported in Mandya district at coordinates (12.8120, 76.8501)."
3160,3160/2025,FIR/3160/2025,2025-03-17,41,21,1,2,5,9,2,21,2025-03-17 14:00:00,2025-03-17 14:30:00,2025-03-17 15:15:00,12.587987,76.473475,"Incident of Theft reported in Mandya district at coordinates (12.5880, 76.4735)."
3161,3161/2025,FIR/3161/2025,2025-04-18,42,21,1,2,5,10,1,21,2025-04-18 12:00:00,2025-04-18 12:30:00,2025-04-18 13:15:00,12.86063,76.705542,"Incident of Theft reported in Mandya district at coordinates (12.8606, 76.7055)."
3162,3162/2025,FIR/3162/2025,2025-04-06,41,21,1,1,4,7,2,21,2025-04-06 12:00:00,2025-04-06 12:30:00,2025-04-06 13:15:00,12.719208,76.779187,"Incident of Robbery reported in Mandya district at coordinates (12.7192, 76.7792)."
3163,3163/2025,FIR/3163/2025,2025-05-18,42,21,1,1,4,8,2,21,2025-05-18 04:00:00,2025-05-18 04:30:00,2025-05-18 05:15:00,12.77284,76.7316,"Incident of Robbery reported in Mandya district at coordinates (12.7728, 76.7316)."
3164,3164/2025,FIR/3164/2025,2025-07-22,41,21,1,1,4,7,2,21,2025-07-22 12:00:00,2025-07-22 12:30:00,2025-07-22 13:15:00,12.804251,76.834594,"Incident of Robbery reported in Mandya district at coordinates (12.8043, 76.8346)."
3165,3165/2025,FIR/3165/2025,2025-06-16,42,21,1,1,4,8,2,21,2025-06-16 04:00:00,2025-06-16 04:30:00,2025-06-16 05:15:00,12.774646,76.761397,"Incident of Robbery reported in Mandya district at coordinates (12.7746, 76.7614)."
3166,3166/2025,FIR/3166/2025,2025-09-11,41,21,1,1,4,7,2,21,2025-09-11 20:00:00,2025-09-11 20:30:00,2025-09-11 21:15:00,12.795124,76.840367,"Incident of Robbery reported in Mandya district at coordinates (12.7951, 76.8404)."
3167,3167/2025,FIR/3167/2025,2025-03-29,42,21,1,1,4,8,1,21,2025-03-29 04:00:00,2025-03-29 04:30:00,2025-03-29 05:15:00,12.779423,76.753477,"Incident of Robbery reported in Mandya district at coordinates (12.7794, 76.7535)."
3168,3168/2025,FIR/3168/2025,2025-07-11,41,21,1,2,3,5,2,21,2025-07-11 23:00:00,2025-07-11 23:30:00,2025-07-11 23:15:00,12.856709,76.705352,"Incident of Chain Snatching reported in Mandya district at coordinates (12.8567, 76.7054)."
3169,3169/2025,FIR/3169/2025,2025-04-08,42,21,1,2,3,6,2,21,2025-04-08 09:00:00,2025-04-08 09:30:00,2025-04-08 10:15:00,12.8045,76.845966,"Incident of Chain Snatching reported in Mandya district at coordinates (12.8045, 76.8460)."
3170,3170/2025,FIR/3170/2025,2025-05-25,41,21,1,2,3,5,2,21,2025-05-25 02:00:00,2025-05-25 02:30:00,2025-05-25 03:15:00,12.867523,76.707743,"Incident of Chain Snatching reported in Mandya district at coordinates (12.8675, 76.7077)."
3171,3171/2025,FIR/3171/2025,2025-04-11,42,21,1,2,2,4,3,21,2025-04-11 05:00:00,2025-04-11 05:30:00,2025-04-11 06:15:00,12.751258,76.74947,"Incident of Burglary reported in Mandya district at coordinates (12.7513, 76.7495)."
3172,3172/2025,FIR/3172/2025,2025-12-14,41,21,1,2,2,3,2,21,2025-12-14 09:00:00,2025-12-14 09:30:00,2025-12-14 10:15:00,12.852052,76.709867,"Incident of Burglary reported in Mandya district at coordinates (12.8521, 76.7099)."
3173,3173/2025,FIR/3173/2025,2025-05-04,42,21,1,2,2,4,1,21,2025-05-04 15:00:00,2025-05-04 15:30:00,2025-05-04 16:15:00,12.851782,76.708477,"Incident of Burglary reported in Mandya district at coordinates (12.8518, 76.7085)."
3174,3174/2025,FIR/3174/2025,2025-02-10,41,21,1,2,2,3,1,21,2025-02-10 13:00:00,2025-02-10 13:30:00,2025-02-10 14:15:00,12.81585,76.844935,"Incident of Burglary reported in Mandya district at coordinates (12.8158, 76.8449)."
3175,3175/2025,FIR/3175/2025,2025-04-25,42,21,1,2,2,4,1,21,2025-04-25 13:00:00,2025-04-25 13:30:00,2025-04-25 14:15:00,12.867807,76.718678,"Incident of Burglary reported in Mandya district at coordinates (12.8678, 76.7187)."
3176,3176/2025,FIR/3176/2025,2025-11-01,41,21,1,2,2,3,2,21,2025-11-01 21:00:00,2025-11-01 21:30:00,2025-11-01 22:15:00,12.764252,76.762702,"Incident of Burglary reported in Mandya district at coordinates (12.7643, 76.7627)."
3177,3177/2025,FIR/3177/2025,2025-06-01,42,21,1,2,2,4,3,21,2025-06-01 03:00:00,2025-06-01 03:30:00,2025-06-01 04:15:00,12.85353,76.714085,"Incident of Burglary reported in Mandya district at coordinates (12.8535, 76.7141)."
3178,3178/2025,FIR/3178/2025,2025-04-23,41,21,1,2,2,3,1,21,2025-04-23 20:00:00,2025-04-23 20:30:00,2025-04-23 21:15:00,12.57611,76.667156,"Incident of Burglary reported in Mandya district at coordinates (12.5761, 76.6672)."
3179,3179/2025,FIR/3179/2025,2025-03-12,42,21,1,2,2,4,3,21,2025-03-12 03:00:00,2025-03-12 03:30:00,2025-03-12 04:15:00,12.771212,76.764845,"Incident of Burglary reported in Mandya district at coordinates (12.7712, 76.7648)."
3180,3180/2025,FIR/3180/2025,2025-09-08,41,21,1,2,2,3,1,21,2025-09-08 04:00:00,2025-09-08 04:30:00,2025-09-08 05:15:00,12.6729,76.952617,"Incident of Burglary reported in Mandya district at coordinates (12.6729, 76.9526)."
3181,3181/2025,FIR/3181/2025,2025-02-01,42,21,1,2,2,4,1,21,2025-02-01 03:00:00,2025-02-01 03:30:00,2025-02-01 04:15:00,12.80749,76.8282,"Incident of Burglary reported in Mandya district at coordinates (12.8075, 76.8282)."
3182,3182/2025,FIR/3182/2025,2025-02-28,41,21,1,2,2,3,1,21,2025-02-28 05:00:00,2025-02-28 05:30:00,2025-02-28 06:15:00,12.775327,76.746284,"Incident of Burglary reported in Mandya district at coordinates (12.7753, 76.7463)."
3183,3183/2025,FIR/3183/2025,2025-12-20,42,21,1,1,1,2,1,21,2025-12-20 18:00:00,2025-12-20 18:30:00,2025-12-20 19:15:00,12.861961,76.695041,"Incident of Assault reported in Mandya district at coordinates (12.8620, 76.6950)."
3184,3184/2025,FIR/3184/2025,2025-02-17,41,21,1,1,1,1,2,21,2025-02-17 23:00:00,2025-02-17 23:30:00,2025-02-17 23:15:00,12.859672,76.702998,"Incident of Assault reported in Mandya district at coordinates (12.8597, 76.7030)."
3185,3185/2025,FIR/3185/2025,2025-12-18,42,21,1,1,1,2,1,21,2025-12-18 00:00:00,2025-12-18 00:30:00,2025-12-18 01:15:00,12.749129,76.737356,"Incident of Assault reported in Mandya district at coordinates (12.7491, 76.7374)."
3186,3186/2025,FIR/3186/2025,2025-04-03,41,21,1,1,1,1,1,21,2025-04-03 05:00:00,2025-04-03 05:30:00,2025-04-03 06:15:00,12.652516,76.778629,"Incident of Assault reported in Mandya district at coordinates (12.6525, 76.7786)."
3187,3187/2025,FIR/3187/2025,2025-12-07,42,21,1,1,1,2,1,21,2025-12-07 13:00:00,2025-12-07 13:30:00,2025-12-07 14:15:00,12.85571,76.705782,"Incident of Assault reported in Mandya district at coordinates (12.8557, 76.7058)."
3188,3188/2025,FIR/3188/2025,2025-10-28,41,21,1,1,1,1,1,21,2025-10-28 19:00:00,2025-10-28 19:30:00,2025-10-28 20:15:00,12.857963,76.695379,"Incident of Assault reported in Mandya district at coordinates (12.8580, 76.6954)."
3189,3189/2025,FIR/3189/2025,2025-03-24,42,21,1,1,1,2,1,21,2025-03-24 05:00:00,2025-03-24 05:30:00,2025-03-24 06:15:00,12.85794,76.690996,"Incident of Assault reported in Mandya district at coordinates (12.8579, 76.6910)."
3190,3190/2025,FIR/3190/2025,2025-03-11,41,21,1,1,1,1,3,21,2025-03-11 06:00:00,2025-03-11 06:30:00,2025-03-11 07:15:00,12.748161,76.754526,"Incident of Assault reported in Mandya district at coordinates (12.7482, 76.7545)."
3191,3191/2025,FIR/3191/2025,2025-02-13,42,21,1,1,1,2,3,21,2025-02-13 04:00:00,2025-02-13 04:30:00,2025-02-13 05:15:00,12.79104,76.75322,"Incident of Assault reported in Mandya district at coordinates (12.7910, 76.7532)."
3192,3192/2025,FIR/3192/2025,2025-05-06,41,21,1,1,1,1,2,21,2025-05-06 19:00:00,2025-05-06 19:30:00,2025-05-06 20:15:00,12.846905,76.718214,"Incident of Assault reported in Mandya district at coordinates (12.8469, 76.7182)."
3193,3193/2025,FIR/3193/2025,2025-10-22,42,21,1,1,1,2,1,21,2025-10-22 19:00:00,2025-10-22 19:30:00,2025-10-22 20:15:00,12.785986,76.752225,"Incident of Assault reported in Mandya district at coordinates (12.7860, 76.7522)."
3194,3194/2025,FIR/3194/2025,2025-01-25,41,21,1,1,1,1,1,21,2025-01-25 13:00:00,2025-01-25 13:30:00,2025-01-25 14:15:00,12.851042,76.71547,"Incident of Assault reported in Mandya district at coordinates (12.8510, 76.7155)."
3195,3195/2025,FIR/3195/2025,2025-08-03,42,21,1,1,1,2,1,21,2025-08-03 20:00:00,2025-08-03 20:30:00,2025-08-03 21:15:00,12.759429,76.746267,"Incident of Assault reported in Mandya district at coordinates (12.7594, 76.7463)."
3196,3196/2025,FIR/3196/2025,2025-04-14,41,21,1,1,1,1,3,21,2025-04-14 22:00:00,2025-04-14 22:30:00,2025-04-14 23:15:00,12.769605,76.740042,"Incident of Assault reported in Mandya district at coordinates (12.7696, 76.7400)."
3197,3197/2025,FIR/3197/2025,2025-06-14,42,21,1,1,1,2,1,21,2025-06-14 12:00:00,2025-06-14 12:30:00,2025-06-14 13:15:00,12.76988,76.774241,"Incident of Assault reported in Mandya district at coordinates (12.7699, 76.7742)."
3198,3198/2025,FIR/3198/2025,2025-04-23,41,21,1,1,1,1,3,21,2025-04-23 04:00:00,2025-04-23 04:30:00,2025-04-23 05:15:00,12.765701,76.762424,"Incident of Assault reported in Mandya district at coordinates (12.7657, 76.7624)."
3199,3199/2025,FIR/3199/2025,2025-08-29,42,21,1,1,1,2,3,21,2025-08-29 02:00:00,2025-08-29 02:30:00,2025-08-29 03:15:00,12.847879,76.718757,"Incident of Assault reported in Mandya district at coordinates (12.8479, 76.7188)."
3200,3200/2025,FIR/3200/2025,2025-09-10,41,21,1,1,1,1,2,21,2025-09-10 10:00:00,2025-09-10 10:30:00,2025-09-10 11:15:00,12.76028,76.771127,"Incident of Assault reported in Mandya district at coordinates (12.7603, 76.7711)."
3201,3201/2025,FIR/3201/2025,2025-04-20,42,21,1,1,1,2,3,21,2025-04-20 19:00:00,2025-04-20 19:30:00,2025-04-20 20:15:00,12.765986,76.749223,"Incident of Assault reported in Mandya district at coordinates (12.7660, 76.7492)."
3202,3202/2025,FIR/3202/2025,2025-06-02,41,21,1,1,1,1,3,21,2025-06-02 21:00:00,2025-06-02 21:30:00,2025-06-02 22:15:00,12.758482,76.767575,"Incident of Assault reported in Mandya district at coordinates (12.7585, 76.7676)."
3203,3203/2025,FIR/3203/2025,2025-06-26,44,22,1,2,5,10,1,22,2025-06-26 09:00:00,2025-06-26 09:30:00,2025-06-26 10:15:00,12.011012,76.41949,"Incident of Theft reported in Mysore district at coordinates (12.0110, 76.4195)."
3204,3204/2025,FIR/3204/2025,2025-09-19,43,22,1,2,5,9,3,22,2025-09-19 05:00:00,2025-09-19 05:30:00,2025-09-19 06:15:00,11.833071,76.468005,"Incident of Theft reported in Mysore district at coordinates (11.8331, 76.4680)."
3205,3205/2025,FIR/3205/2025,2025-04-17,44,22,1,2,5,10,2,22,2025-04-17 10:00:00,2025-04-17 10:30:00,2025-04-17 11:15:00,11.843546,76.46515,"Incident of Theft reported in Mysore district at coordinates (11.8435, 76.4651)."
3206,3206/2025,FIR/3206/2025,2025-03-14,43,22,1,2,5,9,2,22,2025-03-14 00:00:00,2025-03-14 00:30:00,2025-03-14 01:15:00,12.012052,76.422368,"Incident of Theft reported in Mysore district at coordinates (12.0121, 76.4224)."
3207,3207/2025,FIR/3207/2025,2025-08-15,44,22,1,2,5,10,3,22,2025-08-15 13:00:00,2025-08-15 13:30:00,2025-08-15 14:15:00,12.346818,76.187099,"Incident of Theft reported in Mysore district at coordinates (12.3468, 76.1871)."
3208,3208/2025,FIR/3208/2025,2025-12-08,43,22,1,2,5,9,1,22,2025-12-08 09:00:00,2025-12-08 09:30:00,2025-12-08 10:15:00,12.003104,76.436307,"Incident of Theft reported in Mysore district at coordinates (12.0031, 76.4363)."
3209,3209/2025,FIR/3209/2025,2025-12-01,44,22,1,2,5,10,1,22,2025-12-01 04:00:00,2025-12-01 04:30:00,2025-12-01 05:15:00,12.031411,76.425605,"Incident of Theft reported in Mysore district at coordinates (12.0314, 76.4256)."
3210,3210/2025,FIR/3210/2025,2025-06-26,43,22,1,2,5,9,3,22,2025-06-26 09:00:00,2025-06-26 09:30:00,2025-06-26 10:15:00,12.461202,75.988823,"Incident of Theft reported in Mysore district at coordinates (12.4612, 75.9888)."
3211,3211/2025,FIR/3211/2025,2025-12-29,44,22,1,2,5,10,1,22,2025-12-29 15:00:00,2025-12-29 15:30:00,2025-12-29 16:15:00,12.013927,76.415487,"Incident of Theft reported in Mysore district at coordinates (12.0139, 76.4155)."
3212,3212/2025,FIR/3212/2025,2025-01-12,43,22,1,2,5,9,2,22,2025-01-12 04:00:00,2025-01-12 04:30:00,2025-01-12 05:15:00,12.341462,76.611195,"Incident of Theft reported in Mysore district at coordinates (12.3415, 76.6112)."
3213,3213/2025,FIR/3213/2025,2025-09-10,44,22,1,2,5,10,3,22,2025-09-10 22:00:00,2025-09-10 22:30:00,2025-09-10 23:15:00,12.143321,76.4969,"Incident of Theft reported in Mysore district at coordinates (12.1433, 76.4969)."
3214,3214/2025,FIR/3214/2025,2025-03-14,43,22,1,2,5,9,2,22,2025-03-14 02:00:00,2025-03-14 02:30:00,2025-03-14 03:15:00,11.834544,76.472955,"Incident of Theft reported in Mysore district at coordinates (11.8345, 76.4730)."
3215,3215/2025,FIR/3215/2025,2025-05-13,44,22,1,2,5,10,3,22,2025-05-13 03:00:00,2025-05-13 03:30:00,2025-05-13 04:15:00,12.350039,76.200771,"Incident of Theft reported in Mysore district at coordinates (12.3500, 76.2008)."
3216,3216/2025,FIR/3216/2025,2025-10-19,43,22,1,2,5,9,3,22,2025-10-19 05:00:00,2025-10-19 05:30:00,2025-10-19 06:15:00,12.430706,76.34295,"Incident of Theft reported in Mysore district at coordinates (12.4307, 76.3430)."
3217,3217/2025,FIR/3217/2025,2025-04-22,44,22,1,2,5,10,1,22,2025-04-22 00:00:00,2025-04-22 00:30:00,2025-04-22 01:15:00,11.823738,76.47183,"Incident of Theft reported in Mysore district at coordinates (11.8237, 76.4718)."
3218,3218/2025,FIR/3218/2025,2025-10-21,43,22,1,2,5,9,1,22,2025-10-21 19:00:00,2025-10-21 19:30:00,2025-10-21 20:15:00,12.339817,76.20151,"Incident of Theft reported in Mysore district at coordinates (12.3398, 76.2015)."
3219,3219/2025,FIR/3219/2025,2025-12-18,44,22,1,2,5,10,2,22,2025-12-18 04:00:00,2025-12-18 04:30:00,2025-12-18 05:15:00,12.243595,76.249917,"Incident of Theft reported in Mysore district at coordinates (12.2436, 76.2499)."
3220,3220/2025,FIR/3220/2025,2025-05-22,43,22,1,2,5,9,3,22,2025-05-22 19:00:00,2025-05-22 19:30:00,2025-05-22 20:15:00,12.014871,76.422936,"Incident of Theft reported in Mysore district at coordinates (12.0149, 76.4229)."
3221,3221/2025,FIR/3221/2025,2025-12-03,44,22,1,2,5,10,2,22,2025-12-03 11:00:00,2025-12-03 11:30:00,2025-12-03 12:15:00,12.297597,76.896875,"Incident of Theft reported in Mysore district at coordinates (12.2976, 76.8969)."
3222,3222/2025,FIR/3222/2025,2025-05-05,43,22,1,2,5,9,2,22,2025-05-05 23:00:00,2025-05-05 23:30:00,2025-05-05 23:15:00,12.350619,76.211149,"Incident of Theft reported in Mysore district at coordinates (12.3506, 76.2111)."
3223,3223/2025,FIR/3223/2025,2025-03-06,44,22,1,2,5,10,1,22,2025-03-06 08:00:00,2025-03-06 08:30:00,2025-03-06 09:15:00,12.008332,76.404734,"Incident of Theft reported in Mysore district at coordinates (12.0083, 76.4047)."
3224,3224/2025,FIR/3224/2025,2025-09-07,43,22,1,2,5,9,1,22,2025-09-07 08:00:00,2025-09-07 08:30:00,2025-09-07 09:15:00,11.821066,76.45291,"Incident of Theft reported in Mysore district at coordinates (11.8211, 76.4529)."
3225,3225/2025,FIR/3225/2025,2025-06-14,44,22,1,2,5,10,1,22,2025-06-14 11:00:00,2025-06-14 11:30:00,2025-06-14 12:15:00,12.024577,76.415787,"Incident of Theft reported in Mysore district at coordinates (12.0246, 76.4158)."
3226,3226/2025,FIR/3226/2025,2025-07-01,43,22,1,2,5,9,2,22,2025-07-01 15:00:00,2025-07-01 15:30:00,2025-07-01 16:15:00,11.843843,76.47232,"Incident of Theft reported in Mysore district at coordinates (11.8438, 76.4723)."
3227,3227/2025,FIR/3227/2025,2025-03-05,44,22,1,2,5,10,3,22,2025-03-05 02:00:00,2025-03-05 02:30:00,2025-03-05 03:15:00,12.367334,76.197265,"Incident of Theft reported in Mysore district at coordinates (12.3673, 76.1973)."
3228,3228/2025,FIR/3228/2025,2025-02-06,43,22,1,2,5,9,2,22,2025-02-06 11:00:00,2025-02-06 11:30:00,2025-02-06 12:15:00,11.821547,76.479649,"Incident of Theft reported in Mysore district at coordinates (11.8215, 76.4796)."
3229,3229/2025,FIR/3229/2025,2025-02-13,44,22,1,2,5,10,1,22,2025-02-13 18:00:00,2025-02-13 18:30:00,2025-02-13 19:15:00,12.026957,76.409116,"Incident of Theft reported in Mysore district at coordinates (12.0270, 76.4091)."
3230,3230/2025,FIR/3230/2025,2025-11-28,43,22,1,2,5,9,3,22,2025-11-28 18:00:00,2025-11-28 18:30:00,2025-11-28 19:15:00,12.464733,75.976366,"Incident of Theft reported in Mysore district at coordinates (12.4647, 75.9764)."
3231,3231/2025,FIR/3231/2025,2025-10-07,44,22,1,2,5,10,1,22,2025-10-07 20:00:00,2025-10-07 20:30:00,2025-10-07 21:15:00,12.080736,76.269683,"Incident of Theft reported in Mysore district at coordinates (12.0807, 76.2697)."
3232,3232/2025,FIR/3232/2025,2025-05-18,43,22,1,2,5,9,2,22,2025-05-18 05:00:00,2025-05-18 05:30:00,2025-05-18 06:15:00,12.264013,76.067393,"Incident of Theft reported in Mysore district at coordinates (12.2640, 76.0674)."
3233,3233/2025,FIR/3233/2025,2025-10-20,44,22,1,2,5,10,1,22,2025-10-20 07:00:00,2025-10-20 07:30:00,2025-10-20 08:15:00,12.463833,75.978316,"Incident of Theft reported in Mysore district at coordinates (12.4638, 75.9783)."
3234,3234/2025,FIR/3234/2025,2025-11-20,43,22,1,2,5,9,3,22,2025-11-20 23:00:00,2025-11-20 23:30:00,2025-11-20 23:15:00,12.353492,76.18995,"Incident of Theft reported in Mysore district at coordinates (12.3535, 76.1899)."
3235,3235/2025,FIR/3235/2025,2025-10-14,44,22,1,2,5,10,3,22,2025-10-14 14:00:00,2025-10-14 14:30:00,2025-10-14 15:15:00,11.83529,76.464953,"Incident of Theft reported in Mysore district at coordinates (11.8353, 76.4650)."
3236,3236/2025,FIR/3236/2025,2025-11-29,43,22,1,2,5,9,1,22,2025-11-29 15:00:00,2025-11-29 15:30:00,2025-11-29 16:15:00,12.352889,76.199699,"Incident of Theft reported in Mysore district at coordinates (12.3529, 76.1997)."
3237,3237/2025,FIR/3237/2025,2025-06-15,44,22,1,2,5,10,3,22,2025-06-15 22:00:00,2025-06-15 22:30:00,2025-06-15 23:15:00,12.169372,76.306393,"Incident of Theft reported in Mysore district at coordinates (12.1694, 76.3064)."
3238,3238/2025,FIR/3238/2025,2025-05-15,43,22,1,2,5,9,2,22,2025-05-15 01:00:00,2025-05-15 01:30:00,2025-05-15 02:15:00,12.47112,75.975967,"Incident of Theft reported in Mysore district at coordinates (12.4711, 75.9760)."
3239,3239/2025,FIR/3239/2025,2025-12-18,44,22,1,2,5,10,3,22,2025-12-18 13:00:00,2025-12-18 13:30:00,2025-12-18 14:15:00,12.353159,76.208957,"Incident of Theft reported in Mysore district at coordinates (12.3532, 76.2090)."
3240,3240/2025,FIR/3240/2025,2025-04-15,43,22,1,2,5,9,2,22,2025-04-15 23:00:00,2025-04-15 23:30:00,2025-04-15 23:15:00,12.466524,75.977362,"Incident of Theft reported in Mysore district at coordinates (12.4665, 75.9774)."
3241,3241/2025,FIR/3241/2025,2025-11-29,44,22,1,2,5,10,3,22,2025-11-29 08:00:00,2025-11-29 08:30:00,2025-11-29 09:15:00,11.831071,76.46182,"Incident of Theft reported in Mysore district at coordinates (11.8311, 76.4618)."
3242,3242/2025,FIR/3242/2025,2025-07-22,43,22,1,2,5,9,1,22,2025-07-22 05:00:00,2025-07-22 05:30:00,2025-07-22 06:15:00,11.80065,76.353333,"Incident of Theft reported in Mysore district at coordinates (11.8006, 76.3533)."
3243,3243/2025,FIR/3243/2025,2025-02-21,44,22,1,2,5,10,3,22,2025-02-21 06:00:00,2025-02-21 06:30:00,2025-02-21 07:15:00,12.468229,75.985346,"Incident of Theft reported in Mysore district at coordinates (12.4682, 75.9853)."
3244,3244/2025,FIR/3244/2025,2025-10-13,43,22,1,2,5,9,2,22,2025-10-13 00:00:00,2025-10-13 00:30:00,2025-10-13 01:15:00,12.472665,75.97491,"Incident of Theft reported in Mysore district at coordinates (12.4727, 75.9749)."
3245,3245/2025,FIR/3245/2025,2025-01-29,44,22,1,2,5,10,1,22,2025-01-29 09:00:00,2025-01-29 09:30:00,2025-01-29 10:15:00,11.81955,76.477607,"Incident of Theft reported in Mysore district at coordinates (11.8195, 76.4776)."
3246,3246/2025,FIR/3246/2025,2025-12-12,43,22,1,2,5,9,3,22,2025-12-12 03:00:00,2025-12-12 03:30:00,2025-12-12 04:15:00,12.50939,76.028524,"Incident of Theft reported in Mysore district at coordinates (12.5094, 76.0285)."
3247,3247/2025,FIR/3247/2025,2025-02-07,44,22,1,2,5,10,1,22,2025-02-07 10:00:00,2025-02-07 10:30:00,2025-02-07 11:15:00,11.996105,76.414831,"Incident of Theft reported in Mysore district at coordinates (11.9961, 76.4148)."
3248,3248/2025,FIR/3248/2025,2025-05-04,43,22,1,2,5,9,3,22,2025-05-04 03:00:00,2025-05-04 03:30:00,2025-05-04 04:15:00,11.841722,76.469276,"Incident of Theft reported in Mysore district at coordinates (11.8417, 76.4693)."
3249,3249/2025,FIR/3249/2025,2025-10-29,44,22,1,2,5,10,2,22,2025-10-29 17:00:00,2025-10-29 17:30:00,2025-10-29 18:15:00,12.215497,76.992394,"Incident of Theft reported in Mysore district at coordinates (12.2155, 76.9924)."
3250,3250/2025,FIR/3250/2025,2025-08-16,43,22,1,2,5,9,3,22,2025-08-16 22:00:00,2025-08-16 22:30:00,2025-08-16 23:15:00,12.466995,75.985973,"Incident of Theft reported in Mysore district at coordinates (12.4670, 75.9860)."
3251,3251/2025,FIR/3251/2025,2025-10-06,44,22,1,2,5,10,2,22,2025-10-06 23:00:00,2025-10-06 23:30:00,2025-10-06 23:15:00,12.464267,75.979898,"Incident of Theft reported in Mysore district at coordinates (12.4643, 75.9799)."
3252,3252/2025,FIR/3252/2025,2025-11-29,43,22,1,2,5,9,3,22,2025-11-29 10:00:00,2025-11-29 10:30:00,2025-11-29 11:15:00,12.129539,76.187694,"Incident of Theft reported in Mysore district at coordinates (12.1295, 76.1877)."
3253,3253/2025,FIR/3253/2025,2025-09-01,44,22,1,2,5,10,1,22,2025-09-01 21:00:00,2025-09-01 21:30:00,2025-09-01 22:15:00,12.363813,76.193208,"Incident of Theft reported in Mysore district at coordinates (12.3638, 76.1932)."
3254,3254/2025,FIR/3254/2025,2025-06-05,43,22,1,2,5,9,3,22,2025-06-05 17:00:00,2025-06-05 17:30:00,2025-06-05 18:15:00,12.460883,76.002014,"Incident of Theft reported in Mysore district at coordinates (12.4609, 76.0020)."
3255,3255/2025,FIR/3255/2025,2025-06-04,44,22,1,2,5,10,1,22,2025-06-04 13:00:00,2025-06-04 13:30:00,2025-06-04 14:15:00,12.016706,76.428601,"Incident of Theft reported in Mysore district at coordinates (12.0167, 76.4286)."
3256,3256/2025,FIR/3256/2025,2025-12-17,43,22,1,2,5,9,3,22,2025-12-17 14:00:00,2025-12-17 14:30:00,2025-12-17 15:15:00,12.342171,76.197169,"Incident of Theft reported in Mysore district at coordinates (12.3422, 76.1972)."
3257,3257/2025,FIR/3257/2025,2025-04-19,44,22,1,2,5,10,3,22,2025-04-19 11:00:00,2025-04-19 11:30:00,2025-04-19 12:15:00,12.340223,76.196308,"Incident of Theft reported in Mysore district at coordinates (12.3402, 76.1963)."
3258,3258/2025,FIR/3258/2025,2025-11-30,43,22,1,2,5,9,2,22,2025-11-30 12:00:00,2025-11-30 12:30:00,2025-11-30 13:15:00,11.831112,76.47367,"Incident of Theft reported in Mysore district at coordinates (11.8311, 76.4737)."
3259,3259/2025,FIR/3259/2025,2025-09-03,44,22,1,2,5,10,2,22,2025-09-03 15:00:00,2025-09-03 15:30:00,2025-09-03 16:15:00,12.019358,76.415181,"Incident of Theft reported in Mysore district at coordinates (12.0194, 76.4152)."
3260,3260/2025,FIR/3260/2025,2025-05-16,43,22,1,2,5,9,1,22,2025-05-16 07:00:00,2025-05-16 07:30:00,2025-05-16 08:15:00,12.341664,76.200259,"Incident of Theft reported in Mysore district at coordinates (12.3417, 76.2003)."
3261,3261/2025,FIR/3261/2025,2025-12-18,44,22,1,2,5,10,1,22,2025-12-18 09:00:00,2025-12-18 09:30:00,2025-12-18 10:15:00,12.119977,76.21907,"Incident of Theft reported in Mysore district at coordinates (12.1200, 76.2191)."
3262,3262/2025,FIR/3262/2025,2025-10-16,43,22,1,2,5,9,1,22,2025-10-16 02:00:00,2025-10-16 02:30:00,2025-10-16 03:15:00,12.012467,76.422036,"Incident of Theft reported in Mysore district at coordinates (12.0125, 76.4220)."
3263,3263/2025,FIR/3263/2025,2025-03-21,44,22,1,2,5,10,3,22,2025-03-21 23:00:00,2025-03-21 23:30:00,2025-03-21 23:15:00,12.460839,75.988996,"Incident of Theft reported in Mysore district at coordinates (12.4608, 75.9890)."
3264,3264/2025,FIR/3264/2025,2025-01-11,43,22,1,2,5,9,3,22,2025-01-11 04:00:00,2025-01-11 04:30:00,2025-01-11 05:15:00,11.818282,76.287265,"Incident of Theft reported in Mysore district at coordinates (11.8183, 76.2873)."
3265,3265/2025,FIR/3265/2025,2025-03-08,44,22,1,2,5,10,2,22,2025-03-08 15:00:00,2025-03-08 15:30:00,2025-03-08 16:15:00,12.016238,76.431745,"Incident of Theft reported in Mysore district at coordinates (12.0162, 76.4317)."
3266,3266/2025,FIR/3266/2025,2025-07-16,43,22,1,2,5,9,2,22,2025-07-16 08:00:00,2025-07-16 08:30:00,2025-07-16 09:15:00,12.008204,76.404919,"Incident of Theft reported in Mysore district at coordinates (12.0082, 76.4049)."
3267,3267/2025,FIR/3267/2025,2025-07-04,44,22,1,2,5,10,2,22,2025-07-04 10:00:00,2025-07-04 10:30:00,2025-07-04 11:15:00,12.470151,75.985118,"Incident of Theft reported in Mysore district at coordinates (12.4702, 75.9851)."
3268,3268/2025,FIR/3268/2025,2025-06-18,43,22,1,2,5,9,3,22,2025-06-18 17:00:00,2025-06-18 17:30:00,2025-06-18 18:15:00,12.018217,76.415046,"Incident of Theft reported in Mysore district at coordinates (12.0182, 76.4150)."
3269,3269/2025,FIR/3269/2025,2025-09-15,44,22,1,2,5,10,1,22,2025-09-15 09:00:00,2025-09-15 09:30:00,2025-09-15 10:15:00,12.456582,75.979058,"Incident of Theft reported in Mysore district at coordinates (12.4566, 75.9791)."
3270,3270/2025,FIR/3270/2025,2025-03-25,43,22,1,2,5,9,3,22,2025-03-25 19:00:00,2025-03-25 19:30:00,2025-03-25 20:15:00,12.457274,75.980419,"Incident of Theft reported in Mysore district at coordinates (12.4573, 75.9804)."
3271,3271/2025,FIR/3271/2025,2025-07-19,44,22,1,2,5,10,1,22,2025-07-19 13:00:00,2025-07-19 13:30:00,2025-07-19 14:15:00,11.81857,76.459294,"Incident of Theft reported in Mysore district at coordinates (11.8186, 76.4593)."
3272,3272/2025,FIR/3272/2025,2025-09-13,43,22,1,2,5,9,2,22,2025-09-13 00:00:00,2025-09-13 00:30:00,2025-09-13 01:15:00,11.83193,76.457168,"Incident of Theft reported in Mysore district at coordinates (11.8319, 76.4572)."
3273,3273/2025,FIR/3273/2025,2025-03-29,44,22,1,2,5,10,1,22,2025-03-29 11:00:00,2025-03-29 11:30:00,2025-03-29 12:15:00,12.240639,76.97311,"Incident of Theft reported in Mysore district at coordinates (12.2406, 76.9731)."
3274,3274/2025,FIR/3274/2025,2025-03-21,43,22,1,2,5,9,3,22,2025-03-21 15:00:00,2025-03-21 15:30:00,2025-03-21 16:15:00,12.00791,76.422514,"Incident of Theft reported in Mysore district at coordinates (12.0079, 76.4225)."
3275,3275/2025,FIR/3275/2025,2025-01-06,44,22,1,2,5,10,1,22,2025-01-06 00:00:00,2025-01-06 00:30:00,2025-01-06 01:15:00,11.829359,76.463709,"Incident of Theft reported in Mysore district at coordinates (11.8294, 76.4637)."
3276,3276/2025,FIR/3276/2025,2025-07-17,43,22,1,2,5,9,2,22,2025-07-17 09:00:00,2025-07-17 09:30:00,2025-07-17 10:15:00,12.475287,75.988019,"Incident of Theft reported in Mysore district at coordinates (12.4753, 75.9880)."
3277,3277/2025,FIR/3277/2025,2025-06-05,44,22,1,2,5,10,2,22,2025-06-05 22:00:00,2025-06-05 22:30:00,2025-06-05 23:15:00,12.32218,76.002488,"Incident of Theft reported in Mysore district at coordinates (12.3222, 76.0025)."
3278,3278/2025,FIR/3278/2025,2025-03-09,43,22,1,2,5,9,2,22,2025-03-09 14:00:00,2025-03-09 14:30:00,2025-03-09 15:15:00,12.0196,76.409636,"Incident of Theft reported in Mysore district at coordinates (12.0196, 76.4096)."
3279,3279/2025,FIR/3279/2025,2025-12-26,44,22,1,2,5,10,1,22,2025-12-26 13:00:00,2025-12-26 13:30:00,2025-12-26 14:15:00,12.471439,75.984091,"Incident of Theft reported in Mysore district at coordinates (12.4714, 75.9841)."
3280,3280/2025,FIR/3280/2025,2025-02-02,43,22,1,2,5,9,1,22,2025-02-02 20:00:00,2025-02-02 20:30:00,2025-02-02 21:15:00,11.824507,76.477393,"Incident of Theft reported in Mysore district at coordinates (11.8245, 76.4774)."
3281,3281/2025,FIR/3281/2025,2025-08-21,44,22,1,2,5,10,1,22,2025-08-21 20:00:00,2025-08-21 20:30:00,2025-08-21 21:15:00,12.356921,76.203473,"Incident of Theft reported in Mysore district at coordinates (12.3569, 76.2035)."
3282,3282/2025,FIR/3282/2025,2025-04-14,43,22,1,2,5,9,2,22,2025-04-14 03:00:00,2025-04-14 03:30:00,2025-04-14 04:15:00,12.463127,75.984739,"Incident of Theft reported in Mysore district at coordinates (12.4631, 75.9847)."
3283,3283/2025,FIR/3283/2025,2025-03-02,44,22,1,2,5,10,3,22,2025-03-02 12:00:00,2025-03-02 12:30:00,2025-03-02 13:15:00,11.830473,76.477148,"Incident of Theft reported in Mysore district at coordinates (11.8305, 76.4771)."
3284,3284/2025,FIR/3284/2025,2025-12-07,43,22,1,2,5,9,1,22,2025-12-07 01:00:00,2025-12-07 01:30:00,2025-12-07 02:15:00,12.479997,75.980556,"Incident of Theft reported in Mysore district at coordinates (12.4800, 75.9806)."
3285,3285/2025,FIR/3285/2025,2025-04-12,44,22,1,2,5,10,3,22,2025-04-12 22:00:00,2025-04-12 22:30:00,2025-04-12 23:15:00,12.475491,75.990033,"Incident of Theft reported in Mysore district at coordinates (12.4755, 75.9900)."
3286,3286/2025,FIR/3286/2025,2025-09-10,43,22,1,2,5,9,1,22,2025-09-10 17:00:00,2025-09-10 17:30:00,2025-09-10 18:15:00,12.02994,76.412522,"Incident of Theft reported in Mysore district at coordinates (12.0299, 76.4125)."
3287,3287/2025,FIR/3287/2025,2025-09-17,44,22,1,2,5,10,1,22,2025-09-17 14:00:00,2025-09-17 14:30:00,2025-09-17 15:15:00,11.832949,76.475022,"Incident of Theft reported in Mysore district at coordinates (11.8329, 76.4750)."
3288,3288/2025,FIR/3288/2025,2025-02-02,43,22,1,2,5,9,3,22,2025-02-02 02:00:00,2025-02-02 02:30:00,2025-02-02 03:15:00,12.014842,76.412565,"Incident of Theft reported in Mysore district at coordinates (12.0148, 76.4126)."
3289,3289/2025,FIR/3289/2025,2025-03-25,44,22,1,2,5,10,2,22,2025-03-25 16:00:00,2025-03-25 16:30:00,2025-03-25 17:15:00,12.033821,76.412293,"Incident of Theft reported in Mysore district at coordinates (12.0338, 76.4123)."
3290,3290/2025,FIR/3290/2025,2025-03-05,43,22,1,2,5,9,3,22,2025-03-05 13:00:00,2025-03-05 13:30:00,2025-03-05 14:15:00,12.023105,76.426687,"Incident of Theft reported in Mysore district at coordinates (12.0231, 76.4267)."
3291,3291/2025,FIR/3291/2025,2025-10-03,44,22,1,2,5,10,1,22,2025-10-03 00:00:00,2025-10-03 00:30:00,2025-10-03 01:15:00,12.020674,76.416533,"Incident of Theft reported in Mysore district at coordinates (12.0207, 76.4165)."
3292,3292/2025,FIR/3292/2025,2025-09-24,43,22,1,2,5,9,3,22,2025-09-24 08:00:00,2025-09-24 08:30:00,2025-09-24 09:15:00,11.829296,76.480311,"Incident of Theft reported in Mysore district at coordinates (11.8293, 76.4803)."
3293,3293/2025,FIR/3293/2025,2025-07-01,44,22,1,2,5,10,1,22,2025-07-01 11:00:00,2025-07-01 11:30:00,2025-07-01 12:15:00,12.474227,75.976337,"Incident of Theft reported in Mysore district at coordinates (12.4742, 75.9763)."
3294,3294/2025,FIR/3294/2025,2025-06-04,43,22,1,2,5,9,3,22,2025-06-04 23:00:00,2025-06-04 23:30:00,2025-06-04 23:15:00,11.901035,76.274282,"Incident of Theft reported in Mysore district at coordinates (11.9010, 76.2743)."
3295,3295/2025,FIR/3295/2025,2025-03-13,44,22,1,2,5,10,1,22,2025-03-13 16:00:00,2025-03-13 16:30:00,2025-03-13 17:15:00,12.35617,76.198552,"Incident of Theft reported in Mysore district at coordinates (12.3562, 76.1986)."
3296,3296/2025,FIR/3296/2025,2025-11-19,43,22,1,2,5,9,1,22,2025-11-19 21:00:00,2025-11-19 21:30:00,2025-11-19 22:15:00,12.487638,76.370916,"Incident of Theft reported in Mysore district at coordinates (12.4876, 76.3709)."
3297,3297/2025,FIR/3297/2025,2025-06-08,44,22,1,2,5,10,2,22,2025-06-08 18:00:00,2025-06-08 18:30:00,2025-06-08 19:15:00,12.462119,75.977855,"Incident of Theft reported in Mysore district at coordinates (12.4621, 75.9779)."
3298,3298/2025,FIR/3298/2025,2025-12-23,43,22,1,2,5,9,2,22,2025-12-23 05:00:00,2025-12-23 05:30:00,2025-12-23 06:15:00,12.018002,76.406917,"Incident of Theft reported in Mysore district at coordinates (12.0180, 76.4069)."
3299,3299/2025,FIR/3299/2025,2025-07-24,44,22,1,2,5,10,2,22,2025-07-24 13:00:00,2025-07-24 13:30:00,2025-07-24 14:15:00,11.831866,76.46504,"Incident of Theft reported in Mysore district at coordinates (11.8319, 76.4650)."
3300,3300/2025,FIR/3300/2025,2025-05-29,43,22,1,2,5,9,1,22,2025-05-29 22:00:00,2025-05-29 22:30:00,2025-05-29 23:15:00,12.092453,76.441934,"Incident of Theft reported in Mysore district at coordinates (12.0925, 76.4419)."
3301,3301/2025,FIR/3301/2025,2025-06-19,44,22,1,2,5,10,2,22,2025-06-19 02:00:00,2025-06-19 02:30:00,2025-06-19 03:15:00,12.451137,75.983208,"Incident of Theft reported in Mysore district at coordinates (12.4511, 75.9832)."
3302,3302/2025,FIR/3302/2025,2025-05-27,43,22,1,2,5,9,2,22,2025-05-27 21:00:00,2025-05-27 21:30:00,2025-05-27 22:15:00,12.150868,76.891667,"Incident of Theft reported in Mysore district at coordinates (12.1509, 76.8917)."
3303,3303/2025,FIR/3303/2025,2025-12-07,44,22,1,2,5,10,2,22,2025-12-07 02:00:00,2025-12-07 02:30:00,2025-12-07 03:15:00,12.355821,76.197051,"Incident of Theft reported in Mysore district at coordinates (12.3558, 76.1971)."
3304,3304/2025,FIR/3304/2025,2025-02-28,43,22,1,2,5,9,1,22,2025-02-28 09:00:00,2025-02-28 09:30:00,2025-02-28 10:15:00,12.464273,75.987932,"Incident of Theft reported in Mysore district at coordinates (12.4643, 75.9879)."
3305,3305/2025,FIR/3305/2025,2025-01-08,44,22,1,2,5,10,3,22,2025-01-08 01:00:00,2025-01-08 01:30:00,2025-01-08 02:15:00,12.53721,76.215636,"Incident of Theft reported in Mysore district at coordinates (12.5372, 76.2156)."
3306,3306/2025,FIR/3306/2025,2025-12-12,43,22,1,2,5,9,3,22,2025-12-12 02:00:00,2025-12-12 02:30:00,2025-12-12 03:15:00,12.460002,75.981564,"Incident of Theft reported in Mysore district at coordinates (12.4600, 75.9816)."
3307,3307/2025,FIR/3307/2025,2025-08-18,44,22,1,2,5,10,3,22,2025-08-18 09:00:00,2025-08-18 09:30:00,2025-08-18 10:15:00,12.022039,76.416721,"Incident of Theft reported in Mysore district at coordinates (12.0220, 76.4167)."
3308,3308/2025,FIR/3308/2025,2025-02-26,43,22,1,2,5,9,3,22,2025-02-26 05:00:00,2025-02-26 05:30:00,2025-02-26 06:15:00,12.28187,76.272005,"Incident of Theft reported in Mysore district at coordinates (12.2819, 76.2720)."
3309,3309/2025,FIR/3309/2025,2025-09-11,44,22,1,2,5,10,1,22,2025-09-11 09:00:00,2025-09-11 09:30:00,2025-09-11 10:15:00,12.452264,75.981318,"Incident of Theft reported in Mysore district at coordinates (12.4523, 75.9813)."
3310,3310/2025,FIR/3310/2025,2025-06-05,43,22,1,2,5,9,3,22,2025-06-05 22:00:00,2025-06-05 22:30:00,2025-06-05 23:15:00,12.467627,75.975374,"Incident of Theft reported in Mysore district at coordinates (12.4676, 75.9754)."
3311,3311/2025,FIR/3311/2025,2025-05-11,44,22,1,2,5,10,1,22,2025-05-11 13:00:00,2025-05-11 13:30:00,2025-05-11 14:15:00,12.472879,75.978898,"Incident of Theft reported in Mysore district at coordinates (12.4729, 75.9789)."
3312,3312/2025,FIR/3312/2025,2025-09-21,43,22,1,2,5,9,2,22,2025-09-21 20:00:00,2025-09-21 20:30:00,2025-09-21 21:15:00,11.835714,76.481244,"Incident of Theft reported in Mysore district at coordinates (11.8357, 76.4812)."
3313,3313/2025,FIR/3313/2025,2025-05-16,44,22,1,2,5,10,1,22,2025-05-16 17:00:00,2025-05-16 17:30:00,2025-05-16 18:15:00,12.007671,76.414941,"Incident of Theft reported in Mysore district at coordinates (12.0077, 76.4149)."
3314,3314/2025,FIR/3314/2025,2025-10-24,43,22,1,2,5,9,2,22,2025-10-24 22:00:00,2025-10-24 22:30:00,2025-10-24 23:15:00,11.855978,76.465978,"Incident of Theft reported in Mysore district at coordinates (11.8560, 76.4660)."
3315,3315/2025,FIR/3315/2025,2025-07-07,44,22,1,2,5,10,2,22,2025-07-07 02:00:00,2025-07-07 02:30:00,2025-07-07 03:15:00,12.302866,76.905629,"Incident of Theft reported in Mysore district at coordinates (12.3029, 76.9056)."
3316,3316/2025,FIR/3316/2025,2025-10-01,43,22,1,2,5,9,3,22,2025-10-01 01:00:00,2025-10-01 01:30:00,2025-10-01 02:15:00,12.012914,76.416468,"Incident of Theft reported in Mysore district at coordinates (12.0129, 76.4165)."
3317,3317/2025,FIR/3317/2025,2025-11-19,44,22,1,2,5,10,1,22,2025-11-19 06:00:00,2025-11-19 06:30:00,2025-11-19 07:15:00,12.008928,76.416751,"Incident of Theft reported in Mysore district at coordinates (12.0089, 76.4168)."
3318,3318/2025,FIR/3318/2025,2025-04-14,43,22,1,2,5,9,3,22,2025-04-14 13:00:00,2025-04-14 13:30:00,2025-04-14 14:15:00,12.189845,76.95108,"Incident of Theft reported in Mysore district at coordinates (12.1898, 76.9511)."
3319,3319/2025,FIR/3319/2025,2025-09-17,44,22,1,2,5,10,1,22,2025-09-17 01:00:00,2025-09-17 01:30:00,2025-09-17 02:15:00,11.966221,76.247032,"Incident of Theft reported in Mysore district at coordinates (11.9662, 76.2470)."
3320,3320/2025,FIR/3320/2025,2025-10-20,43,22,1,2,5,9,1,22,2025-10-20 01:00:00,2025-10-20 01:30:00,2025-10-20 02:15:00,12.024027,76.405982,"Incident of Theft reported in Mysore district at coordinates (12.0240, 76.4060)."
3321,3321/2025,FIR/3321/2025,2025-04-24,44,22,1,2,5,10,3,22,2025-04-24 23:00:00,2025-04-24 23:30:00,2025-04-24 23:15:00,12.221958,77.054913,"Incident of Theft reported in Mysore district at coordinates (12.2220, 77.0549)."
3322,3322/2025,FIR/3322/2025,2025-12-11,43,22,1,2,5,9,1,22,2025-12-11 18:00:00,2025-12-11 18:30:00,2025-12-11 19:15:00,12.032811,76.423191,"Incident of Theft reported in Mysore district at coordinates (12.0328, 76.4232)."
3323,3323/2025,FIR/3323/2025,2025-12-08,44,22,1,2,5,10,1,22,2025-12-08 11:00:00,2025-12-08 11:30:00,2025-12-08 12:15:00,12.011743,76.416129,"Incident of Theft reported in Mysore district at coordinates (12.0117, 76.4161)."
3324,3324/2025,FIR/3324/2025,2025-09-04,43,22,1,2,5,9,2,22,2025-09-04 02:00:00,2025-09-04 02:30:00,2025-09-04 03:15:00,12.023273,76.406669,"Incident of Theft reported in Mysore district at coordinates (12.0233, 76.4067)."
3325,3325/2025,FIR/3325/2025,2025-04-01,44,22,1,2,5,10,1,22,2025-04-01 17:00:00,2025-04-01 17:30:00,2025-04-01 18:15:00,12.028366,76.425148,"Incident of Theft reported in Mysore district at coordinates (12.0284, 76.4251)."
3326,3326/2025,FIR/3326/2025,2025-02-07,43,22,1,2,5,9,2,22,2025-02-07 13:00:00,2025-02-07 13:30:00,2025-02-07 14:15:00,11.992266,76.314803,"Incident of Theft reported in Mysore district at coordinates (11.9923, 76.3148)."
3327,3327/2025,FIR/3327/2025,2025-02-07,44,22,1,2,5,10,1,22,2025-02-07 08:00:00,2025-02-07 08:30:00,2025-02-07 09:15:00,12.351708,76.202616,"Incident of Theft reported in Mysore district at coordinates (12.3517, 76.2026)."
3328,3328/2025,FIR/3328/2025,2025-10-02,43,22,1,2,5,9,2,22,2025-10-02 09:00:00,2025-10-02 09:30:00,2025-10-02 10:15:00,12.356395,76.206895,"Incident of Theft reported in Mysore district at coordinates (12.3564, 76.2069)."
3329,3329/2025,FIR/3329/2025,2025-11-12,44,22,1,2,5,10,1,22,2025-11-12 04:00:00,2025-11-12 04:30:00,2025-11-12 05:15:00,12.358566,76.180908,"Incident of Theft reported in Mysore district at coordinates (12.3586, 76.1809)."
3330,3330/2025,FIR/3330/2025,2025-07-17,43,22,1,2,5,9,2,22,2025-07-17 13:00:00,2025-07-17 13:30:00,2025-07-17 14:15:00,12.477823,75.974468,"Incident of Theft reported in Mysore district at coordinates (12.4778, 75.9745)."
3331,3331/2025,FIR/3331/2025,2025-09-16,44,22,1,2,5,10,2,22,2025-09-16 03:00:00,2025-09-16 03:30:00,2025-09-16 04:15:00,11.830503,76.452358,"Incident of Theft reported in Mysore district at coordinates (11.8305, 76.4524)."
3332,3332/2025,FIR/3332/2025,2025-08-04,43,22,1,2,5,9,1,22,2025-08-04 20:00:00,2025-08-04 20:30:00,2025-08-04 21:15:00,12.472283,75.971312,"Incident of Theft reported in Mysore district at coordinates (12.4723, 75.9713)."
3333,3333/2025,FIR/3333/2025,2025-07-23,44,22,1,2,5,10,1,22,2025-07-23 11:00:00,2025-07-23 11:30:00,2025-07-23 12:15:00,12.462893,76.004632,"Incident of Theft reported in Mysore district at coordinates (12.4629, 76.0046)."
3334,3334/2025,FIR/3334/2025,2025-01-22,43,22,1,2,5,9,2,22,2025-01-22 13:00:00,2025-01-22 13:30:00,2025-01-22 14:15:00,12.011729,76.714351,"Incident of Theft reported in Mysore district at coordinates (12.0117, 76.7144)."
3335,3335/2025,FIR/3335/2025,2025-05-01,44,22,1,2,5,10,3,22,2025-05-01 20:00:00,2025-05-01 20:30:00,2025-05-01 21:15:00,12.355328,76.212391,"Incident of Theft reported in Mysore district at coordinates (12.3553, 76.2124)."
3336,3336/2025,FIR/3336/2025,2025-08-16,43,22,1,2,5,9,1,22,2025-08-16 02:00:00,2025-08-16 02:30:00,2025-08-16 03:15:00,12.44823,75.981896,"Incident of Theft reported in Mysore district at coordinates (12.4482, 75.9819)."
3337,3337/2025,FIR/3337/2025,2025-07-31,44,22,1,2,5,10,3,22,2025-07-31 17:00:00,2025-07-31 17:30:00,2025-07-31 18:15:00,12.349836,76.202352,"Incident of Theft reported in Mysore district at coordinates (12.3498, 76.2024)."
3338,3338/2025,FIR/3338/2025,2025-09-26,43,22,1,2,5,9,3,22,2025-09-26 01:00:00,2025-09-26 01:30:00,2025-09-26 02:15:00,12.353639,76.193647,"Incident of Theft reported in Mysore district at coordinates (12.3536, 76.1936)."
3339,3339/2025,FIR/3339/2025,2025-04-18,44,22,1,2,5,10,2,22,2025-04-18 04:00:00,2025-04-18 04:30:00,2025-04-18 05:15:00,12.013551,76.415694,"Incident of Theft reported in Mysore district at coordinates (12.0136, 76.4157)."
3340,3340/2025,FIR/3340/2025,2025-05-23,43,22,1,2,5,9,3,22,2025-05-23 09:00:00,2025-05-23 09:30:00,2025-05-23 10:15:00,11.8508,76.476902,"Incident of Theft reported in Mysore district at coordinates (11.8508, 76.4769)."
3341,3341/2025,FIR/3341/2025,2025-02-25,44,22,1,2,5,10,2,22,2025-02-25 08:00:00,2025-02-25 08:30:00,2025-02-25 09:15:00,12.025527,76.411984,"Incident of Theft reported in Mysore district at coordinates (12.0255, 76.4120)."
3342,3342/2025,FIR/3342/2025,2025-07-11,43,22,1,2,5,9,1,22,2025-07-11 21:00:00,2025-07-11 21:30:00,2025-07-11 22:15:00,12.213766,76.594827,"Incident of Theft reported in Mysore district at coordinates (12.2138, 76.5948)."
3343,3343/2025,FIR/3343/2025,2025-10-04,44,22,1,2,5,10,3,22,2025-10-04 07:00:00,2025-10-04 07:30:00,2025-10-04 08:15:00,12.462081,75.987486,"Incident of Theft reported in Mysore district at coordinates (12.4621, 75.9875)."
3344,3344/2025,FIR/3344/2025,2025-06-22,43,22,1,2,5,9,1,22,2025-06-22 16:00:00,2025-06-22 16:30:00,2025-06-22 17:15:00,12.476543,75.981856,"Incident of Theft reported in Mysore district at coordinates (12.4765, 75.9819)."
3345,3345/2025,FIR/3345/2025,2025-07-28,44,22,1,2,5,10,3,22,2025-07-28 13:00:00,2025-07-28 13:30:00,2025-07-28 14:15:00,12.348835,76.21539,"Incident of Theft reported in Mysore district at coordinates (12.3488, 76.2154)."
3346,3346/2025,FIR/3346/2025,2025-09-08,43,22,1,2,5,9,3,22,2025-09-08 05:00:00,2025-09-08 05:30:00,2025-09-08 06:15:00,12.476745,75.981068,"Incident of Theft reported in Mysore district at coordinates (12.4767, 75.9811)."
3347,3347/2025,FIR/3347/2025,2025-01-31,44,22,1,2,5,10,3,22,2025-01-31 20:00:00,2025-01-31 20:30:00,2025-01-31 21:15:00,11.829614,76.474922,"Incident of Theft reported in Mysore district at coordinates (11.8296, 76.4749)."
3348,3348/2025,FIR/3348/2025,2025-01-17,43,22,1,2,5,9,2,22,2025-01-17 21:00:00,2025-01-17 21:30:00,2025-01-17 22:15:00,11.838404,76.462204,"Incident of Theft reported in Mysore district at coordinates (11.8384, 76.4622)."
3349,3349/2025,FIR/3349/2025,2025-12-03,44,22,1,2,5,10,2,22,2025-12-03 21:00:00,2025-12-03 21:30:00,2025-12-03 22:15:00,12.362771,76.196133,"Incident of Theft reported in Mysore district at coordinates (12.3628, 76.1961)."
3350,3350/2025,FIR/3350/2025,2025-02-25,43,22,1,2,5,9,1,22,2025-02-25 07:00:00,2025-02-25 07:30:00,2025-02-25 08:15:00,12.337684,76.196701,"Incident of Theft reported in Mysore district at coordinates (12.3377, 76.1967)."
3351,3351/2025,FIR/3351/2025,2025-04-09,44,22,1,2,5,10,1,22,2025-04-09 17:00:00,2025-04-09 17:30:00,2025-04-09 18:15:00,11.840955,76.46697,"Incident of Theft reported in Mysore district at coordinates (11.8410, 76.4670)."
3352,3352/2025,FIR/3352/2025,2025-10-01,43,22,1,2,5,9,1,22,2025-10-01 11:00:00,2025-10-01 11:30:00,2025-10-01 12:15:00,12.012441,76.40992,"Incident of Theft reported in Mysore district at coordinates (12.0124, 76.4099)."
3353,3353/2025,FIR/3353/2025,2025-10-10,44,22,1,2,5,10,2,22,2025-10-10 19:00:00,2025-10-10 19:30:00,2025-10-10 20:15:00,12.166874,76.499364,"Incident of Theft reported in Mysore district at coordinates (12.1669, 76.4994)."
3354,3354/2025,FIR/3354/2025,2025-12-16,43,22,1,2,5,9,3,22,2025-12-16 11:00:00,2025-12-16 11:30:00,2025-12-16 12:15:00,12.341789,76.206845,"Incident of Theft reported in Mysore district at coordinates (12.3418, 76.2068)."
3355,3355/2025,FIR/3355/2025,2025-03-07,44,22,1,2,5,10,2,22,2025-03-07 02:00:00,2025-03-07 02:30:00,2025-03-07 03:15:00,12.349976,76.191903,"Incident of Theft reported in Mysore district at coordinates (12.3500, 76.1919)."
3356,3356/2025,FIR/3356/2025,2025-05-23,43,22,1,2,5,9,1,22,2025-05-23 04:00:00,2025-05-23 04:30:00,2025-05-23 05:15:00,12.348317,76.196729,"Incident of Theft reported in Mysore district at coordinates (12.3483, 76.1967)."
3357,3357/2025,FIR/3357/2025,2025-08-23,44,22,1,2,5,10,3,22,2025-08-23 21:00:00,2025-08-23 21:30:00,2025-08-23 22:15:00,12.469531,75.978869,"Incident of Theft reported in Mysore district at coordinates (12.4695, 75.9789)."
3358,3358/2025,FIR/3358/2025,2025-10-18,43,22,1,2,5,9,3,22,2025-10-18 03:00:00,2025-10-18 03:30:00,2025-10-18 04:15:00,12.288677,76.129484,"Incident of Theft reported in Mysore district at coordinates (12.2887, 76.1295)."
3359,3359/2025,FIR/3359/2025,2025-09-12,44,22,1,2,5,10,3,22,2025-09-12 08:00:00,2025-09-12 08:30:00,2025-09-12 09:15:00,12.350662,76.198575,"Incident of Theft reported in Mysore district at coordinates (12.3507, 76.1986)."
3360,3360/2025,FIR/3360/2025,2025-04-21,43,22,1,2,5,9,1,22,2025-04-21 04:00:00,2025-04-21 04:30:00,2025-04-21 05:15:00,12.4539,75.983346,"Incident of Theft reported in Mysore district at coordinates (12.4539, 75.9833)."
3361,3361/2025,FIR/3361/2025,2025-11-06,44,22,1,2,5,10,2,22,2025-11-06 09:00:00,2025-11-06 09:30:00,2025-11-06 10:15:00,12.467971,75.971706,"Incident of Theft reported in Mysore district at coordinates (12.4680, 75.9717)."
3362,3362/2025,FIR/3362/2025,2025-01-13,43,22,1,2,5,9,1,22,2025-01-13 00:00:00,2025-01-13 00:30:00,2025-01-13 01:15:00,12.348829,76.196656,"Incident of Theft reported in Mysore district at coordinates (12.3488, 76.1967)."
3363,3363/2025,FIR/3363/2025,2025-09-10,44,22,1,2,5,10,1,22,2025-09-10 01:00:00,2025-09-10 01:30:00,2025-09-10 02:15:00,12.365079,76.167968,"Incident of Theft reported in Mysore district at coordinates (12.3651, 76.1680)."
3364,3364/2025,FIR/3364/2025,2025-07-15,43,22,1,2,5,9,1,22,2025-07-15 06:00:00,2025-07-15 06:30:00,2025-07-15 07:15:00,11.820054,76.459432,"Incident of Theft reported in Mysore district at coordinates (11.8201, 76.4594)."
3365,3365/2025,FIR/3365/2025,2025-08-05,44,22,1,2,5,10,1,22,2025-08-05 23:00:00,2025-08-05 23:30:00,2025-08-05 23:15:00,12.461957,75.991682,"Incident of Theft reported in Mysore district at coordinates (12.4620, 75.9917)."
3366,3366/2025,FIR/3366/2025,2025-05-08,43,22,1,2,5,9,3,22,2025-05-08 11:00:00,2025-05-08 11:30:00,2025-05-08 12:15:00,12.063224,76.447601,"Incident of Theft reported in Mysore district at coordinates (12.0632, 76.4476)."
3367,3367/2025,FIR/3367/2025,2025-10-01,44,22,1,2,5,10,1,22,2025-10-01 06:00:00,2025-10-01 06:30:00,2025-10-01 07:15:00,12.34615,76.202234,"Incident of Theft reported in Mysore district at coordinates (12.3461, 76.2022)."
3368,3368/2025,FIR/3368/2025,2025-04-27,43,22,1,2,5,9,1,22,2025-04-27 01:00:00,2025-04-27 01:30:00,2025-04-27 02:15:00,12.347039,76.195217,"Incident of Theft reported in Mysore district at coordinates (12.3470, 76.1952)."
3369,3369/2025,FIR/3369/2025,2025-02-15,44,22,1,2,5,10,3,22,2025-02-15 21:00:00,2025-02-15 21:30:00,2025-02-15 22:15:00,12.011972,76.422353,"Incident of Theft reported in Mysore district at coordinates (12.0120, 76.4224)."
3370,3370/2025,FIR/3370/2025,2025-11-28,43,22,1,2,5,9,1,22,2025-11-28 05:00:00,2025-11-28 05:30:00,2025-11-28 06:15:00,12.514339,76.2824,"Incident of Theft reported in Mysore district at coordinates (12.5143, 76.2824)."
3371,3371/2025,FIR/3371/2025,2025-07-30,44,22,1,2,5,10,2,22,2025-07-30 14:00:00,2025-07-30 14:30:00,2025-07-30 15:15:00,12.464969,75.993104,"Incident of Theft reported in Mysore district at coordinates (12.4650, 75.9931)."
3372,3372/2025,FIR/3372/2025,2025-01-07,43,22,1,2,5,9,2,22,2025-01-07 20:00:00,2025-01-07 20:30:00,2025-01-07 21:15:00,12.49089,75.983758,"Incident of Theft reported in Mysore district at coordinates (12.4909, 75.9838)."
3373,3373/2025,FIR/3373/2025,2025-02-19,44,22,1,2,5,10,1,22,2025-02-19 02:00:00,2025-02-19 02:30:00,2025-02-19 03:15:00,12.027434,76.417239,"Incident of Theft reported in Mysore district at coordinates (12.0274, 76.4172)."
3374,3374/2025,FIR/3374/2025,2025-02-05,43,22,1,2,5,9,1,22,2025-02-05 07:00:00,2025-02-05 07:30:00,2025-02-05 08:15:00,12.395802,76.040085,"Incident of Theft reported in Mysore district at coordinates (12.3958, 76.0401)."
3375,3375/2025,FIR/3375/2025,2025-12-19,44,22,1,2,5,10,2,22,2025-12-19 20:00:00,2025-12-19 20:30:00,2025-12-19 21:15:00,12.010774,76.413528,"Incident of Theft reported in Mysore district at coordinates (12.0108, 76.4135)."
3376,3376/2025,FIR/3376/2025,2025-02-15,43,22,1,2,5,9,2,22,2025-02-15 13:00:00,2025-02-15 13:30:00,2025-02-15 14:15:00,12.456081,75.989623,"Incident of Theft reported in Mysore district at coordinates (12.4561, 75.9896)."
3377,3377/2025,FIR/3377/2025,2025-07-13,44,22,1,2,5,10,2,22,2025-07-13 18:00:00,2025-07-13 18:30:00,2025-07-13 19:15:00,12.013562,76.415745,"Incident of Theft reported in Mysore district at coordinates (12.0136, 76.4157)."
3378,3378/2025,FIR/3378/2025,2025-01-08,43,22,1,2,5,9,2,22,2025-01-08 20:00:00,2025-01-08 20:30:00,2025-01-08 21:15:00,11.83835,76.475461,"Incident of Theft reported in Mysore district at coordinates (11.8384, 76.4755)."
3379,3379/2025,FIR/3379/2025,2025-05-18,44,22,1,2,5,10,1,22,2025-05-18 02:00:00,2025-05-18 02:30:00,2025-05-18 03:15:00,11.841665,76.462734,"Incident of Theft reported in Mysore district at coordinates (11.8417, 76.4627)."
3380,3380/2025,FIR/3380/2025,2025-08-13,43,22,1,2,5,9,3,22,2025-08-13 04:00:00,2025-08-13 04:30:00,2025-08-13 05:15:00,12.466755,75.971233,"Incident of Theft reported in Mysore district at coordinates (12.4668, 75.9712)."
3381,3381/2025,FIR/3381/2025,2025-01-30,44,22,1,2,5,10,3,22,2025-01-30 03:00:00,2025-01-30 03:30:00,2025-01-30 04:15:00,12.273262,76.875263,"Incident of Theft reported in Mysore district at coordinates (12.2733, 76.8753)."
3382,3382/2025,FIR/3382/2025,2025-04-29,43,22,1,2,5,9,3,22,2025-04-29 02:00:00,2025-04-29 02:30:00,2025-04-29 03:15:00,12.473863,75.984198,"Incident of Theft reported in Mysore district at coordinates (12.4739, 75.9842)."
3383,3383/2025,FIR/3383/2025,2025-04-26,44,22,1,1,4,8,3,22,2025-04-26 11:00:00,2025-04-26 11:30:00,2025-04-26 12:15:00,11.783941,76.373063,"Incident of Robbery reported in Mysore district at coordinates (11.7839, 76.3731)."
3384,3384/2025,FIR/3384/2025,2025-01-02,43,22,1,1,4,7,3,22,2025-01-02 23:00:00,2025-01-02 23:30:00,2025-01-02 23:15:00,12.448412,75.993712,"Incident of Robbery reported in Mysore district at coordinates (12.4484, 75.9937)."
3385,3385/2025,FIR/3385/2025,2025-08-21,44,22,1,1,4,8,2,22,2025-08-21 23:00:00,2025-08-21 23:30:00,2025-08-21 23:15:00,12.010906,76.406376,"Incident of Robbery reported in Mysore district at coordinates (12.0109, 76.4064)."
3386,3386/2025,FIR/3386/2025,2025-08-04,43,22,1,1,4,7,1,22,2025-08-04 19:00:00,2025-08-04 19:30:00,2025-08-04 20:15:00,12.429166,76.218145,"Incident of Robbery reported in Mysore district at coordinates (12.4292, 76.2181)."
3387,3387/2025,FIR/3387/2025,2025-10-19,44,22,1,1,4,8,1,22,2025-10-19 03:00:00,2025-10-19 03:30:00,2025-10-19 04:15:00,12.023982,76.41363,"Incident of Robbery reported in Mysore district at coordinates (12.0240, 76.4136)."
3388,3388/2025,FIR/3388/2025,2025-06-19,43,22,1,1,4,7,3,22,2025-06-19 10:00:00,2025-06-19 10:30:00,2025-06-19 11:15:00,11.822532,76.467411,"Incident of Robbery reported in Mysore district at coordinates (11.8225, 76.4674)."
3389,3389/2025,FIR/3389/2025,2025-12-08,44,22,1,1,4,8,2,22,2025-12-08 15:00:00,2025-12-08 15:30:00,2025-12-08 16:15:00,12.47715,75.985137,"Incident of Robbery reported in Mysore district at coordinates (12.4771, 75.9851)."
3390,3390/2025,FIR/3390/2025,2025-09-08,43,22,1,1,4,7,1,22,2025-09-08 00:00:00,2025-09-08 00:30:00,2025-09-08 01:15:00,12.006494,76.414975,"Incident of Robbery reported in Mysore district at coordinates (12.0065, 76.4150)."
3391,3391/2025,FIR/3391/2025,2025-03-19,44,22,1,1,4,8,3,22,2025-03-19 05:00:00,2025-03-19 05:30:00,2025-03-19 06:15:00,12.431506,76.069871,"Incident of Robbery reported in Mysore district at coordinates (12.4315, 76.0699)."
3392,3392/2025,FIR/3392/2025,2025-04-07,43,22,1,1,4,7,3,22,2025-04-07 18:00:00,2025-04-07 18:30:00,2025-04-07 19:15:00,12.012119,76.420508,"Incident of Robbery reported in Mysore district at coordinates (12.0121, 76.4205)."
3393,3393/2025,FIR/3393/2025,2025-08-28,44,22,1,1,4,8,2,22,2025-08-28 21:00:00,2025-08-28 21:30:00,2025-08-28 22:15:00,12.249978,76.784036,"Incident of Robbery reported in Mysore district at coordinates (12.2500, 76.7840)."
3394,3394/2025,FIR/3394/2025,2025-05-01,43,22,1,1,4,7,2,22,2025-05-01 11:00:00,2025-05-01 11:30:00,2025-05-01 12:15:00,12.464621,75.980353,"Incident of Robbery reported in Mysore district at coordinates (12.4646, 75.9804)."
3395,3395/2025,FIR/3395/2025,2025-09-22,44,22,1,1,4,8,1,22,2025-09-22 10:00:00,2025-09-22 10:30:00,2025-09-22 11:15:00,12.023465,76.415921,"Incident of Robbery reported in Mysore district at coordinates (12.0235, 76.4159)."
3396,3396/2025,FIR/3396/2025,2025-05-19,43,22,1,1,4,7,1,22,2025-05-19 20:00:00,2025-05-19 20:30:00,2025-05-19 21:15:00,12.017842,76.414195,"Incident of Robbery reported in Mysore district at coordinates (12.0178, 76.4142)."
3397,3397/2025,FIR/3397/2025,2025-09-12,44,22,1,1,4,8,3,22,2025-09-12 18:00:00,2025-09-12 18:30:00,2025-09-12 19:15:00,12.466827,75.980345,"Incident of Robbery reported in Mysore district at coordinates (12.4668, 75.9803)."
3398,3398/2025,FIR/3398/2025,2025-09-23,43,22,1,1,4,7,1,22,2025-09-23 00:00:00,2025-09-23 00:30:00,2025-09-23 01:15:00,11.836489,76.462396,"Incident of Robbery reported in Mysore district at coordinates (11.8365, 76.4624)."
3399,3399/2025,FIR/3399/2025,2025-09-05,44,22,1,1,4,8,2,22,2025-09-05 10:00:00,2025-09-05 10:30:00,2025-09-05 11:15:00,12.461794,75.997221,"Incident of Robbery reported in Mysore district at coordinates (12.4618, 75.9972)."
3400,3400/2025,FIR/3400/2025,2025-01-06,43,22,1,1,4,7,3,22,2025-01-06 14:00:00,2025-01-06 14:30:00,2025-01-06 15:15:00,12.347026,76.475523,"Incident of Robbery reported in Mysore district at coordinates (12.3470, 76.4755)."
3401,3401/2025,FIR/3401/2025,2025-07-04,44,22,1,1,4,8,1,22,2025-07-04 10:00:00,2025-07-04 10:30:00,2025-07-04 11:15:00,11.843027,76.475522,"Incident of Robbery reported in Mysore district at coordinates (11.8430, 76.4755)."
3402,3402/2025,FIR/3402/2025,2025-03-12,43,22,1,1,4,7,3,22,2025-03-12 17:00:00,2025-03-12 17:30:00,2025-03-12 18:15:00,12.342233,76.189607,"Incident of Robbery reported in Mysore district at coordinates (12.3422, 76.1896)."
3403,3403/2025,FIR/3403/2025,2025-11-05,44,22,1,1,4,8,3,22,2025-11-05 03:00:00,2025-11-05 03:30:00,2025-11-05 04:15:00,12.445003,76.190246,"Incident of Robbery reported in Mysore district at coordinates (12.4450, 76.1902)."
3404,3404/2025,FIR/3404/2025,2025-11-19,43,22,1,1,4,7,1,22,2025-11-19 10:00:00,2025-11-19 10:30:00,2025-11-19 11:15:00,11.832138,76.465888,"Incident of Robbery reported in Mysore district at coordinates (11.8321, 76.4659)."
3405,3405/2025,FIR/3405/2025,2025-05-13,44,22,1,1,4,8,2,22,2025-05-13 11:00:00,2025-05-13 11:30:00,2025-05-13 12:15:00,12.375984,76.554783,"Incident of Robbery reported in Mysore district at coordinates (12.3760, 76.5548)."
3406,3406/2025,FIR/3406/2025,2025-08-22,43,22,1,1,4,7,1,22,2025-08-22 21:00:00,2025-08-22 21:30:00,2025-08-22 22:15:00,12.35398,76.197988,"Incident of Robbery reported in Mysore district at coordinates (12.3540, 76.1980)."
3407,3407/2025,FIR/3407/2025,2025-01-18,44,22,1,1,4,8,3,22,2025-01-18 08:00:00,2025-01-18 08:30:00,2025-01-18 09:15:00,12.467432,75.988682,"Incident of Robbery reported in Mysore district at coordinates (12.4674, 75.9887)."
3408,3408/2025,FIR/3408/2025,2025-05-16,43,22,1,1,4,7,2,22,2025-05-16 18:00:00,2025-05-16 18:30:00,2025-05-16 19:15:00,12.462188,75.984011,"Incident of Robbery reported in Mysore district at coordinates (12.4622, 75.9840)."
3409,3409/2025,FIR/3409/2025,2025-06-28,44,22,1,1,4,8,3,22,2025-06-28 00:00:00,2025-06-28 00:30:00,2025-06-28 01:15:00,12.538993,76.303703,"Incident of Robbery reported in Mysore district at coordinates (12.5390, 76.3037)."
3410,3410/2025,FIR/3410/2025,2025-03-05,43,22,1,1,4,7,2,22,2025-03-05 16:00:00,2025-03-05 16:30:00,2025-03-05 17:15:00,12.463267,75.987712,"Incident of Robbery reported in Mysore district at coordinates (12.4633, 75.9877)."
3411,3411/2025,FIR/3411/2025,2025-12-13,44,22,1,1,4,8,1,22,2025-12-13 06:00:00,2025-12-13 06:30:00,2025-12-13 07:15:00,12.474566,75.988532,"Incident of Robbery reported in Mysore district at coordinates (12.4746, 75.9885)."
3412,3412/2025,FIR/3412/2025,2025-05-22,43,22,1,1,4,7,2,22,2025-05-22 09:00:00,2025-05-22 09:30:00,2025-05-22 10:15:00,12.086966,76.745699,"Incident of Robbery reported in Mysore district at coordinates (12.0870, 76.7457)."
3413,3413/2025,FIR/3413/2025,2025-06-05,44,22,1,1,4,8,2,22,2025-06-05 10:00:00,2025-06-05 10:30:00,2025-06-05 11:15:00,12.026765,76.427207,"Incident of Robbery reported in Mysore district at coordinates (12.0268, 76.4272)."
3414,3414/2025,FIR/3414/2025,2025-02-26,43,22,1,1,4,7,1,22,2025-02-26 06:00:00,2025-02-26 06:30:00,2025-02-26 07:15:00,11.826444,76.465159,"Incident of Robbery reported in Mysore district at coordinates (11.8264, 76.4652)."
3415,3415/2025,FIR/3415/2025,2025-03-25,44,22,1,1,4,8,1,22,2025-03-25 07:00:00,2025-03-25 07:30:00,2025-03-25 08:15:00,12.016712,76.419352,"Incident of Robbery reported in Mysore district at coordinates (12.0167, 76.4194)."
3416,3416/2025,FIR/3416/2025,2025-03-06,43,22,1,1,4,7,2,22,2025-03-06 19:00:00,2025-03-06 19:30:00,2025-03-06 20:15:00,11.816787,76.319288,"Incident of Robbery reported in Mysore district at coordinates (11.8168, 76.3193)."
3417,3417/2025,FIR/3417/2025,2025-11-15,44,22,1,1,4,8,3,22,2025-11-15 06:00:00,2025-11-15 06:30:00,2025-11-15 07:15:00,12.027952,76.409628,"Incident of Robbery reported in Mysore district at coordinates (12.0280, 76.4096)."
3418,3418/2025,FIR/3418/2025,2025-10-11,43,22,1,2,3,5,3,22,2025-10-11 13:00:00,2025-10-11 13:30:00,2025-10-11 14:15:00,12.434747,76.339442,"Incident of Chain Snatching reported in Mysore district at coordinates (12.4347, 76.3394)."
3419,3419/2025,FIR/3419/2025,2025-06-05,44,22,1,2,3,6,3,22,2025-06-05 04:00:00,2025-06-05 04:30:00,2025-06-05 05:15:00,12.017003,76.420012,"Incident of Chain Snatching reported in Mysore district at coordinates (12.0170, 76.4200)."
3420,3420/2025,FIR/3420/2025,2025-02-27,43,22,1,2,3,5,1,22,2025-02-27 10:00:00,2025-02-27 10:30:00,2025-02-27 11:15:00,12.465525,75.982307,"Incident of Chain Snatching reported in Mysore district at coordinates (12.4655, 75.9823)."
3421,3421/2025,FIR/3421/2025,2025-02-18,44,22,1,2,3,6,1,22,2025-02-18 13:00:00,2025-02-18 13:30:00,2025-02-18 14:15:00,12.357926,76.20534,"Incident of Chain Snatching reported in Mysore district at coordinates (12.3579, 76.2053)."
3422,3422/2025,FIR/3422/2025,2025-01-03,43,22,1,2,3,5,1,22,2025-01-03 18:00:00,2025-01-03 18:30:00,2025-01-03 19:15:00,11.832287,76.467588,"Incident of Chain Snatching reported in Mysore district at coordinates (11.8323, 76.4676)."
3423,3423/2025,FIR/3423/2025,2025-02-18,44,22,1,2,3,6,3,22,2025-02-18 23:00:00,2025-02-18 23:30:00,2025-02-18 23:15:00,12.40203,76.517677,"Incident of Chain Snatching reported in Mysore district at coordinates (12.4020, 76.5177)."
3424,3424/2025,FIR/3424/2025,2025-10-23,43,22,1,2,3,5,1,22,2025-10-23 16:00:00,2025-10-23 16:30:00,2025-10-23 17:15:00,12.441703,76.040322,"Incident of Chain Snatching reported in Mysore district at coordinates (12.4417, 76.0403)."
3425,3425/2025,FIR/3425/2025,2025-01-20,44,22,1,2,3,6,3,22,2025-01-20 04:00:00,2025-01-20 04:30:00,2025-01-20 05:15:00,11.820508,76.455934,"Incident of Chain Snatching reported in Mysore district at coordinates (11.8205, 76.4559)."
3426,3426/2025,FIR/3426/2025,2025-07-14,43,22,1,2,3,5,2,22,2025-07-14 03:00:00,2025-07-14 03:30:00,2025-07-14 04:15:00,11.829807,76.471172,"Incident of Chain Snatching reported in Mysore district at coordinates (11.8298, 76.4712)."
3427,3427/2025,FIR/3427/2025,2025-04-02,44,22,1,2,3,6,1,22,2025-04-02 18:00:00,2025-04-02 18:30:00,2025-04-02 19:15:00,12.363286,76.202037,"Incident of Chain Snatching reported in Mysore district at coordinates (12.3633, 76.2020)."
3428,3428/2025,FIR/3428/2025,2025-06-22,43,22,1,2,3,5,1,22,2025-06-22 12:00:00,2025-06-22 12:30:00,2025-06-22 13:15:00,12.473028,75.985234,"Incident of Chain Snatching reported in Mysore district at coordinates (12.4730, 75.9852)."
3429,3429/2025,FIR/3429/2025,2025-08-11,44,22,1,2,3,6,3,22,2025-08-11 08:00:00,2025-08-11 08:30:00,2025-08-11 09:15:00,12.337715,76.187481,"Incident of Chain Snatching reported in Mysore district at coordinates (12.3377, 76.1875)."
3430,3430/2025,FIR/3430/2025,2025-10-29,43,22,1,2,3,5,2,22,2025-10-29 22:00:00,2025-10-29 22:30:00,2025-10-29 23:15:00,12.453712,75.967425,"Incident of Chain Snatching reported in Mysore district at coordinates (12.4537, 75.9674)."
3431,3431/2025,FIR/3431/2025,2025-07-01,44,22,1,2,3,6,3,22,2025-07-01 00:00:00,2025-07-01 00:30:00,2025-07-01 01:15:00,12.36383,76.435697,"Incident of Chain Snatching reported in Mysore district at coordinates (12.3638, 76.4357)."
3432,3432/2025,FIR/3432/2025,2025-05-30,43,22,1,2,3,5,2,22,2025-05-30 05:00:00,2025-05-30 05:30:00,2025-05-30 06:15:00,12.01788,76.401277,"Incident of Chain Snatching reported in Mysore district at coordinates (12.0179, 76.4013)."
3433,3433/2025,FIR/3433/2025,2025-12-28,44,22,1,2,3,6,2,22,2025-12-28 13:00:00,2025-12-28 13:30:00,2025-12-28 14:15:00,11.842634,76.469213,"Incident of Chain Snatching reported in Mysore district at coordinates (11.8426, 76.4692)."
3434,3434/2025,FIR/3434/2025,2025-01-21,43,22,1,2,3,5,2,22,2025-01-21 19:00:00,2025-01-21 19:30:00,2025-01-21 20:15:00,11.845681,76.460177,"Incident of Chain Snatching reported in Mysore district at coordinates (11.8457, 76.4602)."
3435,3435/2025,FIR/3435/2025,2025-06-05,44,22,1,2,3,6,2,22,2025-06-05 06:00:00,2025-06-05 06:30:00,2025-06-05 07:15:00,12.026864,76.429788,"Incident of Chain Snatching reported in Mysore district at coordinates (12.0269, 76.4298)."
3436,3436/2025,FIR/3436/2025,2025-01-10,43,22,1,2,3,5,1,22,2025-01-10 08:00:00,2025-01-10 08:30:00,2025-01-10 09:15:00,11.821294,76.469061,"Incident of Chain Snatching reported in Mysore district at coordinates (11.8213, 76.4691)."
3437,3437/2025,FIR/3437/2025,2025-04-05,44,22,1,2,3,6,3,22,2025-04-05 20:00:00,2025-04-05 20:30:00,2025-04-05 21:15:00,12.103759,76.642591,"Incident of Chain Snatching reported in Mysore district at coordinates (12.1038, 76.6426)."
3438,3438/2025,FIR/3438/2025,2025-05-05,43,22,1,2,3,5,2,22,2025-05-05 04:00:00,2025-05-05 04:30:00,2025-05-05 05:15:00,12.348154,76.206554,"Incident of Chain Snatching reported in Mysore district at coordinates (12.3482, 76.2066)."
3439,3439/2025,FIR/3439/2025,2025-05-23,44,22,1,2,3,6,1,22,2025-05-23 20:00:00,2025-05-23 20:30:00,2025-05-23 21:15:00,11.836762,76.470911,"Incident of Chain Snatching reported in Mysore district at coordinates (11.8368, 76.4709)."
3440,3440/2025,FIR/3440/2025,2025-01-08,43,22,1,2,3,5,1,22,2025-01-08 09:00:00,2025-01-08 09:30:00,2025-01-08 10:15:00,12.47336,75.989126,"Incident of Chain Snatching reported in Mysore district at coordinates (12.4734, 75.9891)."
3441,3441/2025,FIR/3441/2025,2025-07-26,44,22,1,2,3,6,2,22,2025-07-26 17:00:00,2025-07-26 17:30:00,2025-07-26 18:15:00,12.357686,76.19959,"Incident of Chain Snatching reported in Mysore district at coordinates (12.3577, 76.1996)."
3442,3442/2025,FIR/3442/2025,2025-01-11,43,22,1,2,3,5,3,22,2025-01-11 13:00:00,2025-01-11 13:30:00,2025-01-11 14:15:00,11.831725,76.472234,"Incident of Chain Snatching reported in Mysore district at coordinates (11.8317, 76.4722)."
3443,3443/2025,FIR/3443/2025,2025-02-05,44,22,1,2,2,4,1,22,2025-02-05 02:00:00,2025-02-05 02:30:00,2025-02-05 03:15:00,12.462781,75.976323,"Incident of Burglary reported in Mysore district at coordinates (12.4628, 75.9763)."
3444,3444/2025,FIR/3444/2025,2025-12-23,43,22,1,2,2,3,2,22,2025-12-23 07:00:00,2025-12-23 07:30:00,2025-12-23 08:15:00,12.355433,76.194517,"Incident of Burglary reported in Mysore district at coordinates (12.3554, 76.1945)."
3445,3445/2025,FIR/3445/2025,2025-07-11,44,22,1,2,2,4,2,22,2025-07-11 07:00:00,2025-07-11 07:30:00,2025-07-11 08:15:00,12.344497,76.192927,"Incident of Burglary reported in Mysore district at coordinates (12.3445, 76.1929)."
3446,3446/2025,FIR/3446/2025,2025-03-07,43,22,1,2,2,3,2,22,2025-03-07 02:00:00,2025-03-07 02:30:00,2025-03-07 03:15:00,12.020684,76.417944,"Incident of Burglary reported in Mysore district at coordinates (12.0207, 76.4179)."
3447,3447/2025,FIR/3447/2025,2025-08-08,44,22,1,2,2,4,2,22,2025-08-08 12:00:00,2025-08-08 12:30:00,2025-08-08 13:15:00,11.826997,76.46469,"Incident of Burglary reported in Mysore district at coordinates (11.8270, 76.4647)."
3448,3448/2025,FIR/3448/2025,2025-09-29,43,22,1,2,2,3,2,22,2025-09-29 00:00:00,2025-09-29 00:30:00,2025-09-29 01:15:00,11.839241,76.463304,"Incident of Burglary reported in Mysore district at coordinates (11.8392, 76.4633)."
3449,3449/2025,FIR/3449/2025,2025-02-16,44,22,1,2,2,4,3,22,2025-02-16 11:00:00,2025-02-16 11:30:00,2025-02-16 12:15:00,12.465434,75.980361,"Incident of Burglary reported in Mysore district at coordinates (12.4654, 75.9804)."
3450,3450/2025,FIR/3450/2025,2025-12-05,43,22,1,2,2,3,2,22,2025-12-05 10:00:00,2025-12-05 10:30:00,2025-12-05 11:15:00,12.085594,76.717439,"Incident of Burglary reported in Mysore district at coordinates (12.0856, 76.7174)."
3451,3451/2025,FIR/3451/2025,2025-08-31,44,22,1,2,2,4,1,22,2025-08-31 04:00:00,2025-08-31 04:30:00,2025-08-31 05:15:00,12.090025,76.242441,"Incident of Burglary reported in Mysore district at coordinates (12.0900, 76.2424)."
3452,3452/2025,FIR/3452/2025,2025-06-01,43,22,1,2,2,3,3,22,2025-06-01 22:00:00,2025-06-01 22:30:00,2025-06-01 23:15:00,12.353137,76.219138,"Incident of Burglary reported in Mysore district at coordinates (12.3531, 76.2191)."
3453,3453/2025,FIR/3453/2025,2025-03-21,44,22,1,2,2,4,1,22,2025-03-21 01:00:00,2025-03-21 01:30:00,2025-03-21 02:15:00,12.460191,75.986776,"Incident of Burglary reported in Mysore district at coordinates (12.4602, 75.9868)."
3454,3454/2025,FIR/3454/2025,2025-07-30,43,22,1,2,2,3,3,22,2025-07-30 21:00:00,2025-07-30 21:30:00,2025-07-30 22:15:00,11.831624,76.462978,"Incident of Burglary reported in Mysore district at coordinates (11.8316, 76.4630)."
3455,3455/2025,FIR/3455/2025,2025-02-19,44,22,1,2,2,4,1,22,2025-02-19 11:00:00,2025-02-19 11:30:00,2025-02-19 12:15:00,11.826313,76.475421,"Incident of Burglary reported in Mysore district at coordinates (11.8263, 76.4754)."
3456,3456/2025,FIR/3456/2025,2025-05-10,43,22,1,2,2,3,2,22,2025-05-10 19:00:00,2025-05-10 19:30:00,2025-05-10 20:15:00,11.839074,76.454082,"Incident of Burglary reported in Mysore district at coordinates (11.8391, 76.4541)."
3457,3457/2025,FIR/3457/2025,2025-05-26,44,22,1,2,2,4,2,22,2025-05-26 17:00:00,2025-05-26 17:30:00,2025-05-26 18:15:00,12.431817,75.992244,"Incident of Burglary reported in Mysore district at coordinates (12.4318, 75.9922)."
3458,3458/2025,FIR/3458/2025,2025-02-07,43,22,1,2,2,3,3,22,2025-02-07 23:00:00,2025-02-07 23:30:00,2025-02-07 23:15:00,12.02658,76.423529,"Incident of Burglary reported in Mysore district at coordinates (12.0266, 76.4235)."
3459,3459/2025,FIR/3459/2025,2025-01-10,44,22,1,2,2,4,1,22,2025-01-10 21:00:00,2025-01-10 21:30:00,2025-01-10 22:15:00,12.360102,76.180478,"Incident of Burglary reported in Mysore district at coordinates (12.3601, 76.1805)."
3460,3460/2025,FIR/3460/2025,2025-04-07,43,22,1,2,2,3,2,22,2025-04-07 17:00:00,2025-04-07 17:30:00,2025-04-07 18:15:00,12.468594,75.977685,"Incident of Burglary reported in Mysore district at coordinates (12.4686, 75.9777)."
3461,3461/2025,FIR/3461/2025,2025-12-09,44,22,1,2,2,4,3,22,2025-12-09 06:00:00,2025-12-09 06:30:00,2025-12-09 07:15:00,12.015786,76.406771,"Incident of Burglary reported in Mysore district at coordinates (12.0158, 76.4068)."
3462,3462/2025,FIR/3462/2025,2025-02-02,43,22,1,2,2,3,3,22,2025-02-02 18:00:00,2025-02-02 18:30:00,2025-02-02 19:15:00,12.39243,76.421727,"Incident of Burglary reported in Mysore district at coordinates (12.3924, 76.4217)."
3463,3463/2025,FIR/3463/2025,2025-05-30,44,22,1,2,2,4,2,22,2025-05-30 13:00:00,2025-05-30 13:30:00,2025-05-30 14:15:00,12.047817,76.81249,"Incident of Burglary reported in Mysore district at coordinates (12.0478, 76.8125)."
3464,3464/2025,FIR/3464/2025,2025-07-19,43,22,1,2,2,3,3,22,2025-07-19 10:00:00,2025-07-19 10:30:00,2025-07-19 11:15:00,11.839775,76.473675,"Incident of Burglary reported in Mysore district at coordinates (11.8398, 76.4737)."
3465,3465/2025,FIR/3465/2025,2025-01-10,44,22,1,2,2,4,3,22,2025-01-10 13:00:00,2025-01-10 13:30:00,2025-01-10 14:15:00,12.348233,76.213291,"Incident of Burglary reported in Mysore district at coordinates (12.3482, 76.2133)."
3466,3466/2025,FIR/3466/2025,2025-03-23,43,22,1,2,2,3,3,22,2025-03-23 19:00:00,2025-03-23 19:30:00,2025-03-23 20:15:00,11.843274,76.461005,"Incident of Burglary reported in Mysore district at coordinates (11.8433, 76.4610)."
3467,3467/2025,FIR/3467/2025,2025-09-14,44,22,1,2,2,4,3,22,2025-09-14 11:00:00,2025-09-14 11:30:00,2025-09-14 12:15:00,11.841294,76.460637,"Incident of Burglary reported in Mysore district at coordinates (11.8413, 76.4606)."
3468,3468/2025,FIR/3468/2025,2025-01-25,43,22,1,2,2,3,1,22,2025-01-25 06:00:00,2025-01-25 06:30:00,2025-01-25 07:15:00,12.36823,76.1967,"Incident of Burglary reported in Mysore district at coordinates (12.3682, 76.1967)."
3469,3469/2025,FIR/3469/2025,2025-02-01,44,22,1,2,2,4,2,22,2025-02-01 00:00:00,2025-02-01 00:30:00,2025-02-01 01:15:00,12.016989,76.409587,"Incident of Burglary reported in Mysore district at coordinates (12.0170, 76.4096)."
3470,3470/2025,FIR/3470/2025,2025-08-29,43,22,1,2,2,3,3,22,2025-08-29 12:00:00,2025-08-29 12:30:00,2025-08-29 13:15:00,12.343935,76.188938,"Incident of Burglary reported in Mysore district at coordinates (12.3439, 76.1889)."
3471,3471/2025,FIR/3471/2025,2025-12-17,44,22,1,2,2,4,1,22,2025-12-17 11:00:00,2025-12-17 11:30:00,2025-12-17 12:15:00,11.838288,76.468411,"Incident of Burglary reported in Mysore district at coordinates (11.8383, 76.4684)."
3472,3472/2025,FIR/3472/2025,2025-10-01,43,22,1,2,2,3,3,22,2025-10-01 20:00:00,2025-10-01 20:30:00,2025-10-01 21:15:00,12.478344,75.986324,"Incident of Burglary reported in Mysore district at coordinates (12.4783, 75.9863)."
3473,3473/2025,FIR/3473/2025,2025-11-19,44,22,1,2,2,4,2,22,2025-11-19 02:00:00,2025-11-19 02:30:00,2025-11-19 03:15:00,12.008845,76.418067,"Incident of Burglary reported in Mysore district at coordinates (12.0088, 76.4181)."
3474,3474/2025,FIR/3474/2025,2025-04-22,43,22,1,2,2,3,2,22,2025-04-22 17:00:00,2025-04-22 17:30:00,2025-04-22 18:15:00,12.452471,75.98205,"Incident of Burglary reported in Mysore district at coordinates (12.4525, 75.9821)."
3475,3475/2025,FIR/3475/2025,2025-08-22,44,22,1,2,2,4,1,22,2025-08-22 20:00:00,2025-08-22 20:30:00,2025-08-22 21:15:00,12.029987,76.411321,"Incident of Burglary reported in Mysore district at coordinates (12.0300, 76.4113)."
3476,3476/2025,FIR/3476/2025,2025-08-12,43,22,1,2,2,3,3,22,2025-08-12 18:00:00,2025-08-12 18:30:00,2025-08-12 19:15:00,12.353314,76.202996,"Incident of Burglary reported in Mysore district at coordinates (12.3533, 76.2030)."
3477,3477/2025,FIR/3477/2025,2025-08-05,44,22,1,2,2,4,1,22,2025-08-05 03:00:00,2025-08-05 03:30:00,2025-08-05 04:15:00,11.951616,76.368464,"Incident of Burglary reported in Mysore district at coordinates (11.9516, 76.3685)."
3478,3478/2025,FIR/3478/2025,2025-11-30,43,22,1,2,2,3,2,22,2025-11-30 11:00:00,2025-11-30 11:30:00,2025-11-30 12:15:00,12.343868,76.196108,"Incident of Burglary reported in Mysore district at coordinates (12.3439, 76.1961)."
3479,3479/2025,FIR/3479/2025,2025-10-27,44,22,1,2,2,4,1,22,2025-10-27 12:00:00,2025-10-27 12:30:00,2025-10-27 13:15:00,12.309264,76.216641,"Incident of Burglary reported in Mysore district at coordinates (12.3093, 76.2166)."
3480,3480/2025,FIR/3480/2025,2025-05-23,43,22,1,2,2,3,2,22,2025-05-23 21:00:00,2025-05-23 21:30:00,2025-05-23 22:15:00,12.352295,76.210002,"Incident of Burglary reported in Mysore district at coordinates (12.3523, 76.2100)."
3481,3481/2025,FIR/3481/2025,2025-05-23,44,22,1,2,2,4,1,22,2025-05-23 14:00:00,2025-05-23 14:30:00,2025-05-23 15:15:00,12.348804,76.192328,"Incident of Burglary reported in Mysore district at coordinates (12.3488, 76.1923)."
3482,3482/2025,FIR/3482/2025,2025-02-14,43,22,1,2,2,3,2,22,2025-02-14 02:00:00,2025-02-14 02:30:00,2025-02-14 03:15:00,11.838858,76.470048,"Incident of Burglary reported in Mysore district at coordinates (11.8389, 76.4700)."
3483,3483/2025,FIR/3483/2025,2025-11-16,44,22,1,2,2,4,2,22,2025-11-16 17:00:00,2025-11-16 17:30:00,2025-11-16 18:15:00,12.026939,76.423749,"Incident of Burglary reported in Mysore district at coordinates (12.0269, 76.4237)."
3484,3484/2025,FIR/3484/2025,2025-09-26,43,22,1,2,2,3,2,22,2025-09-26 09:00:00,2025-09-26 09:30:00,2025-09-26 10:15:00,11.830179,76.462723,"Incident of Burglary reported in Mysore district at coordinates (11.8302, 76.4627)."
3485,3485/2025,FIR/3485/2025,2025-08-02,44,22,1,2,2,4,1,22,2025-08-02 00:00:00,2025-08-02 00:30:00,2025-08-02 01:15:00,11.831887,76.4728,"Incident of Burglary reported in Mysore district at coordinates (11.8319, 76.4728)."
3486,3486/2025,FIR/3486/2025,2025-04-18,43,22,1,2,2,3,3,22,2025-04-18 14:00:00,2025-04-18 14:30:00,2025-04-18 15:15:00,11.893283,76.481857,"Incident of Burglary reported in Mysore district at coordinates (11.8933, 76.4819)."
3487,3487/2025,FIR/3487/2025,2025-01-17,44,22,1,2,2,4,3,22,2025-01-17 08:00:00,2025-01-17 08:30:00,2025-01-17 09:15:00,12.021843,76.414924,"Incident of Burglary reported in Mysore district at coordinates (12.0218, 76.4149)."
3488,3488/2025,FIR/3488/2025,2025-11-23,43,22,1,2,2,3,2,22,2025-11-23 21:00:00,2025-11-23 21:30:00,2025-11-23 22:15:00,11.849637,76.463093,"Incident of Burglary reported in Mysore district at coordinates (11.8496, 76.4631)."
3489,3489/2025,FIR/3489/2025,2025-04-26,44,22,1,2,2,4,3,22,2025-04-26 10:00:00,2025-04-26 10:30:00,2025-04-26 11:15:00,12.473633,75.980934,"Incident of Burglary reported in Mysore district at coordinates (12.4736, 75.9809)."
3490,3490/2025,FIR/3490/2025,2025-08-19,43,22,1,2,2,3,3,22,2025-08-19 13:00:00,2025-08-19 13:30:00,2025-08-19 14:15:00,12.458024,75.985113,"Incident of Burglary reported in Mysore district at coordinates (12.4580, 75.9851)."
3491,3491/2025,FIR/3491/2025,2025-10-27,44,22,1,2,2,4,1,22,2025-10-27 17:00:00,2025-10-27 17:30:00,2025-10-27 18:15:00,11.839528,76.467609,"Incident of Burglary reported in Mysore district at coordinates (11.8395, 76.4676)."
3492,3492/2025,FIR/3492/2025,2025-04-03,43,22,1,2,2,3,3,22,2025-04-03 21:00:00,2025-04-03 21:30:00,2025-04-03 22:15:00,12.016723,76.415022,"Incident of Burglary reported in Mysore district at coordinates (12.0167, 76.4150)."
3493,3493/2025,FIR/3493/2025,2025-07-10,44,22,1,2,2,4,1,22,2025-07-10 11:00:00,2025-07-10 11:30:00,2025-07-10 12:15:00,12.479673,75.97204,"Incident of Burglary reported in Mysore district at coordinates (12.4797, 75.9720)."
3494,3494/2025,FIR/3494/2025,2025-10-21,43,22,1,2,2,3,2,22,2025-10-21 04:00:00,2025-10-21 04:30:00,2025-10-21 05:15:00,12.034157,76.294441,"Incident of Burglary reported in Mysore district at coordinates (12.0342, 76.2944)."
3495,3495/2025,FIR/3495/2025,2025-02-04,44,22,1,2,2,4,2,22,2025-02-04 06:00:00,2025-02-04 06:30:00,2025-02-04 07:15:00,12.034846,76.414611,"Incident of Burglary reported in Mysore district at coordinates (12.0348, 76.4146)."
3496,3496/2025,FIR/3496/2025,2025-04-08,43,22,1,2,2,3,1,22,2025-04-08 20:00:00,2025-04-08 20:30:00,2025-04-08 21:15:00,12.481022,75.973702,"Incident of Burglary reported in Mysore district at coordinates (12.4810, 75.9737)."
3497,3497/2025,FIR/3497/2025,2025-09-26,44,22,1,2,2,4,1,22,2025-09-26 06:00:00,2025-09-26 06:30:00,2025-09-26 07:15:00,12.448822,76.066744,"Incident of Burglary reported in Mysore district at coordinates (12.4488, 76.0667)."
3498,3498/2025,FIR/3498/2025,2025-04-13,43,22,1,2,2,3,3,22,2025-04-13 16:00:00,2025-04-13 16:30:00,2025-04-13 17:15:00,12.473233,75.986431,"Incident of Burglary reported in Mysore district at coordinates (12.4732, 75.9864)."
3499,3499/2025,FIR/3499/2025,2025-03-17,44,22,1,2,2,4,3,22,2025-03-17 08:00:00,2025-03-17 08:30:00,2025-03-17 09:15:00,12.459038,75.992609,"Incident of Burglary reported in Mysore district at coordinates (12.4590, 75.9926)."
3500,3500/2025,FIR/3500/2025,2025-11-14,43,22,1,2,2,3,1,22,2025-11-14 16:00:00,2025-11-14 16:30:00,2025-11-14 17:15:00,11.84035,76.452715,"Incident of Burglary reported in Mysore district at coordinates (11.8404, 76.4527)."
3501,3501/2025,FIR/3501/2025,2025-12-07,44,22,1,2,2,4,3,22,2025-12-07 08:00:00,2025-12-07 08:30:00,2025-12-07 09:15:00,12.471653,75.981271,"Incident of Burglary reported in Mysore district at coordinates (12.4717, 75.9813)."
3502,3502/2025,FIR/3502/2025,2025-04-29,43,22,1,2,2,3,2,22,2025-04-29 01:00:00,2025-04-29 01:30:00,2025-04-29 02:15:00,12.349073,76.184986,"Incident of Burglary reported in Mysore district at coordinates (12.3491, 76.1850)."
3503,3503/2025,FIR/3503/2025,2025-10-28,44,22,1,1,1,2,3,22,2025-10-28 07:00:00,2025-10-28 07:30:00,2025-10-28 08:15:00,12.300819,76.64113,"Incident of Assault reported in Mysore district at coordinates (12.3008, 76.6411)."
3504,3504/2025,FIR/3504/2025,2025-11-27,43,22,1,1,1,1,2,22,2025-11-27 06:00:00,2025-11-27 06:30:00,2025-11-27 07:15:00,12.019857,76.41097,"Incident of Assault reported in Mysore district at coordinates (12.0199, 76.4110)."
3505,3505/2025,FIR/3505/2025,2025-11-15,44,22,1,1,1,2,1,22,2025-11-15 05:00:00,2025-11-15 05:30:00,2025-11-15 06:15:00,12.012773,76.419973,"Incident of Assault reported in Mysore district at coordinates (12.0128, 76.4200)."
3506,3506/2025,FIR/3506/2025,2025-02-09,43,22,1,1,1,1,1,22,2025-02-09 05:00:00,2025-02-09 05:30:00,2025-02-09 06:15:00,12.467836,75.9924,"Incident of Assault reported in Mysore district at coordinates (12.4678, 75.9924)."
3507,3507/2025,FIR/3507/2025,2025-02-01,44,22,1,1,1,2,1,22,2025-02-01 00:00:00,2025-02-01 00:30:00,2025-02-01 01:15:00,12.465441,75.979105,"Incident of Assault reported in Mysore district at coordinates (12.4654, 75.9791)."
3508,3508/2025,FIR/3508/2025,2025-04-27,43,22,1,1,1,1,2,22,2025-04-27 15:00:00,2025-04-27 15:30:00,2025-04-27 16:15:00,11.834289,76.472389,"Incident of Assault reported in Mysore district at coordinates (11.8343, 76.4724)."
3509,3509/2025,FIR/3509/2025,2025-04-11,44,22,1,1,1,2,2,22,2025-04-11 05:00:00,2025-04-11 05:30:00,2025-04-11 06:15:00,12.329997,76.904195,"Incident of Assault reported in Mysore district at coordinates (12.3300, 76.9042)."
3510,3510/2025,FIR/3510/2025,2025-09-14,43,22,1,1,1,1,2,22,2025-09-14 20:00:00,2025-09-14 20:30:00,2025-09-14 21:15:00,11.826671,76.458957,"Incident of Assault reported in Mysore district at coordinates (11.8267, 76.4590)."
3511,3511/2025,FIR/3511/2025,2025-11-02,44,22,1,1,1,2,2,22,2025-11-02 22:00:00,2025-11-02 22:30:00,2025-11-02 23:15:00,11.828662,76.464184,"Incident of Assault reported in Mysore district at coordinates (11.8287, 76.4642)."
3512,3512/2025,FIR/3512/2025,2025-10-14,43,22,1,1,1,1,2,22,2025-10-14 13:00:00,2025-10-14 13:30:00,2025-10-14 14:15:00,12.472854,75.984591,"Incident of Assault reported in Mysore district at coordinates (12.4729, 75.9846)."
3513,3513/2025,FIR/3513/2025,2025-12-18,44,22,1,1,1,2,3,22,2025-12-18 03:00:00,2025-12-18 03:30:00,2025-12-18 04:15:00,12.104098,76.95573,"Incident of Assault reported in Mysore district at coordinates (12.1041, 76.9557)."
3514,3514/2025,FIR/3514/2025,2025-01-27,43,22,1,1,1,1,2,22,2025-01-27 02:00:00,2025-01-27 02:30:00,2025-01-27 03:15:00,12.018249,76.403783,"Incident of Assault reported in Mysore district at coordinates (12.0182, 76.4038)."
3515,3515/2025,FIR/3515/2025,2025-04-02,44,22,1,1,1,2,3,22,2025-04-02 17:00:00,2025-04-02 17:30:00,2025-04-02 18:15:00,11.823222,76.469622,"Incident of Assault reported in Mysore district at coordinates (11.8232, 76.4696)."
3516,3516/2025,FIR/3516/2025,2025-08-20,43,22,1,1,1,1,2,22,2025-08-20 15:00:00,2025-08-20 15:30:00,2025-08-20 16:15:00,12.278231,76.640088,"Incident of Assault reported in Mysore district at coordinates (12.2782, 76.6401)."
3517,3517/2025,FIR/3517/2025,2025-09-22,44,22,1,1,1,2,1,22,2025-09-22 19:00:00,2025-09-22 19:30:00,2025-09-22 20:15:00,12.212448,76.18194,"Incident of Assault reported in Mysore district at coordinates (12.2124, 76.1819)."
3518,3518/2025,FIR/3518/2025,2025-03-12,43,22,1,1,1,1,1,22,2025-03-12 10:00:00,2025-03-12 10:30:00,2025-03-12 11:15:00,12.466567,75.974627,"Incident of Assault reported in Mysore district at coordinates (12.4666, 75.9746)."
3519,3519/2025,FIR/3519/2025,2025-08-04,44,22,1,1,1,2,2,22,2025-08-04 01:00:00,2025-08-04 01:30:00,2025-08-04 02:15:00,12.487829,75.981106,"Incident of Assault reported in Mysore district at coordinates (12.4878, 75.9811)."
3520,3520/2025,FIR/3520/2025,2025-04-26,43,22,1,1,1,1,1,22,2025-04-26 17:00:00,2025-04-26 17:30:00,2025-04-26 18:15:00,12.267868,76.815271,"Incident of Assault reported in Mysore district at coordinates (12.2679, 76.8153)."
3521,3521/2025,FIR/3521/2025,2025-12-03,44,22,1,1,1,2,1,22,2025-12-03 08:00:00,2025-12-03 08:30:00,2025-12-03 09:15:00,11.823687,76.470585,"Incident of Assault reported in Mysore district at coordinates (11.8237, 76.4706)."
3522,3522/2025,FIR/3522/2025,2025-10-04,43,22,1,1,1,1,2,22,2025-10-04 02:00:00,2025-10-04 02:30:00,2025-10-04 03:15:00,11.837163,76.468439,"Incident of Assault reported in Mysore district at coordinates (11.8372, 76.4684)."
3523,3523/2025,FIR/3523/2025,2025-10-05,44,22,1,1,1,2,1,22,2025-10-05 08:00:00,2025-10-05 08:30:00,2025-10-05 09:15:00,12.470708,75.980844,"Incident of Assault reported in Mysore district at coordinates (12.4707, 75.9808)."
3524,3524/2025,FIR/3524/2025,2025-04-30,43,22,1,1,1,1,1,22,2025-04-30 05:00:00,2025-04-30 05:30:00,2025-04-30 06:15:00,12.315197,76.243427,"Incident of Assault reported in Mysore district at coordinates (12.3152, 76.2434)."
3525,3525/2025,FIR/3525/2025,2025-02-23,44,22,1,1,1,2,2,22,2025-02-23 21:00:00,2025-02-23 21:30:00,2025-02-23 22:15:00,12.476968,75.993916,"Incident of Assault reported in Mysore district at coordinates (12.4770, 75.9939)."
3526,3526/2025,FIR/3526/2025,2025-11-28,43,22,1,1,1,1,2,22,2025-11-28 22:00:00,2025-11-28 22:30:00,2025-11-28 23:15:00,12.461153,75.984418,"Incident of Assault reported in Mysore district at coordinates (12.4612, 75.9844)."
3527,3527/2025,FIR/3527/2025,2025-03-30,44,22,1,1,1,2,3,22,2025-03-30 21:00:00,2025-03-30 21:30:00,2025-03-30 22:15:00,12.463053,75.976654,"Incident of Assault reported in Mysore district at coordinates (12.4631, 75.9767)."
3528,3528/2025,FIR/3528/2025,2025-08-05,43,22,1,1,1,1,2,22,2025-08-05 13:00:00,2025-08-05 13:30:00,2025-08-05 14:15:00,12.548201,76.026528,"Incident of Assault reported in Mysore district at coordinates (12.5482, 76.0265)."
3529,3529/2025,FIR/3529/2025,2025-03-24,44,22,1,1,1,2,1,22,2025-03-24 21:00:00,2025-03-24 21:30:00,2025-03-24 22:15:00,11.8266,76.468819,"Incident of Assault reported in Mysore district at coordinates (11.8266, 76.4688)."
3530,3530/2025,FIR/3530/2025,2025-07-21,43,22,1,1,1,1,2,22,2025-07-21 19:00:00,2025-07-21 19:30:00,2025-07-21 20:15:00,12.015723,76.417056,"Incident of Assault reported in Mysore district at coordinates (12.0157, 76.4171)."
3531,3531/2025,FIR/3531/2025,2025-12-18,44,22,1,1,1,2,1,22,2025-12-18 13:00:00,2025-12-18 13:30:00,2025-12-18 14:15:00,12.368025,76.839057,"Incident of Assault reported in Mysore district at coordinates (12.3680, 76.8391)."
3532,3532/2025,FIR/3532/2025,2025-11-28,43,22,1,1,1,1,1,22,2025-11-28 14:00:00,2025-11-28 14:30:00,2025-11-28 15:15:00,12.030656,76.4135,"Incident of Assault reported in Mysore district at coordinates (12.0307, 76.4135)."
3533,3533/2025,FIR/3533/2025,2025-04-11,44,22,1,1,1,2,2,22,2025-04-11 11:00:00,2025-04-11 11:30:00,2025-04-11 12:15:00,11.835155,76.465424,"Incident of Assault reported in Mysore district at coordinates (11.8352, 76.4654)."
3534,3534/2025,FIR/3534/2025,2025-06-04,43,22,1,1,1,1,2,22,2025-06-04 12:00:00,2025-06-04 12:30:00,2025-06-04 13:15:00,11.833556,76.46225,"Incident of Assault reported in Mysore district at coordinates (11.8336, 76.4622)."
3535,3535/2025,FIR/3535/2025,2025-07-19,44,22,1,1,1,2,2,22,2025-07-19 18:00:00,2025-07-19 18:30:00,2025-07-19 19:15:00,12.201619,76.530059,"Incident of Assault reported in Mysore district at coordinates (12.2016, 76.5301)."
3536,3536/2025,FIR/3536/2025,2025-09-05,43,22,1,1,1,1,2,22,2025-09-05 16:00:00,2025-09-05 16:30:00,2025-09-05 17:15:00,11.838009,76.466055,"Incident of Assault reported in Mysore district at coordinates (11.8380, 76.4661)."
3537,3537/2025,FIR/3537/2025,2025-12-10,44,22,1,1,1,2,1,22,2025-12-10 03:00:00,2025-12-10 03:30:00,2025-12-10 04:15:00,11.831803,76.451429,"Incident of Assault reported in Mysore district at coordinates (11.8318, 76.4514)."
3538,3538/2025,FIR/3538/2025,2025-07-15,43,22,1,1,1,1,3,22,2025-07-15 22:00:00,2025-07-15 22:30:00,2025-07-15 23:15:00,12.026384,76.420605,"Incident of Assault reported in Mysore district at coordinates (12.0264, 76.4206)."
3539,3539/2025,FIR/3539/2025,2025-07-17,44,22,1,1,1,2,1,22,2025-07-17 04:00:00,2025-07-17 04:30:00,2025-07-17 05:15:00,12.46857,75.978739,"Incident of Assault reported in Mysore district at coordinates (12.4686, 75.9787)."
3540,3540/2025,FIR/3540/2025,2025-12-15,43,22,1,1,1,1,1,22,2025-12-15 22:00:00,2025-12-15 22:30:00,2025-12-15 23:15:00,12.342434,76.198311,"Incident of Assault reported in Mysore district at coordinates (12.3424, 76.1983)."
3541,3541/2025,FIR/3541/2025,2025-04-15,44,22,1,1,1,2,3,22,2025-04-15 02:00:00,2025-04-15 02:30:00,2025-04-15 03:15:00,11.837753,76.476158,"Incident of Assault reported in Mysore district at coordinates (11.8378, 76.4762)."
3542,3542/2025,FIR/3542/2025,2025-06-15,43,22,1,1,1,1,1,22,2025-06-15 02:00:00,2025-06-15 02:30:00,2025-06-15 03:15:00,12.470093,75.965037,"Incident of Assault reported in Mysore district at coordinates (12.4701, 75.9650)."
3543,3543/2025,FIR/3543/2025,2025-08-03,44,22,1,1,1,2,3,22,2025-08-03 07:00:00,2025-08-03 07:30:00,2025-08-03 08:15:00,12.455752,75.977118,"Incident of Assault reported in Mysore district at coordinates (12.4558, 75.9771)."
3544,3544/2025,FIR/3544/2025,2025-11-01,43,22,1,1,1,1,1,22,2025-11-01 13:00:00,2025-11-01 13:30:00,2025-11-01 14:15:00,12.377572,76.48084,"Incident of Assault reported in Mysore district at coordinates (12.3776, 76.4808)."
3545,3545/2025,FIR/3545/2025,2025-06-12,44,22,1,1,1,2,3,22,2025-06-12 08:00:00,2025-06-12 08:30:00,2025-06-12 09:15:00,11.829316,76.465281,"Incident of Assault reported in Mysore district at coordinates (11.8293, 76.4653)."
3546,3546/2025,FIR/3546/2025,2025-09-23,43,22,1,1,1,1,2,22,2025-09-23 20:00:00,2025-09-23 20:30:00,2025-09-23 21:15:00,12.459014,75.981956,"Incident of Assault reported in Mysore district at coordinates (12.4590, 75.9820)."
3547,3547/2025,FIR/3547/2025,2025-10-05,44,22,1,1,1,2,2,22,2025-10-05 21:00:00,2025-10-05 21:30:00,2025-10-05 22:15:00,12.47182,75.972908,"Incident of Assault reported in Mysore district at coordinates (12.4718, 75.9729)."
3548,3548/2025,FIR/3548/2025,2025-05-12,43,22,1,1,1,1,1,22,2025-05-12 10:00:00,2025-05-12 10:30:00,2025-05-12 11:15:00,12.014763,76.409043,"Incident of Assault reported in Mysore district at coordinates (12.0148, 76.4090)."
3549,3549/2025,FIR/3549/2025,2025-01-19,44,22,1,1,1,2,1,22,2025-01-19 04:00:00,2025-01-19 04:30:00,2025-01-19 05:15:00,12.01404,76.416766,"Incident of Assault reported in Mysore district at coordinates (12.0140, 76.4168)."
3550,3550/2025,FIR/3550/2025,2025-07-22,43,22,1,1,1,1,1,22,2025-07-22 23:00:00,2025-07-22 23:30:00,2025-07-22 23:15:00,12.464369,75.981044,"Incident of Assault reported in Mysore district at coordinates (12.4644, 75.9810)."
3551,3551/2025,FIR/3551/2025,2025-09-27,44,22,1,1,1,2,3,22,2025-09-27 13:00:00,2025-09-27 13:30:00,2025-09-27 14:15:00,11.847657,76.4742,"Incident of Assault reported in Mysore district at coordinates (11.8477, 76.4742)."
3552,3552/2025,FIR/3552/2025,2025-07-18,43,22,1,1,1,1,3,22,2025-07-18 00:00:00,2025-07-18 00:30:00,2025-07-18 01:15:00,11.853594,76.497303,"Incident of Assault reported in Mysore district at coordinates (11.8536, 76.4973)."
3553,3553/2025,FIR/3553/2025,2025-04-08,44,22,1,1,1,2,2,22,2025-04-08 19:00:00,2025-04-08 19:30:00,2025-04-08 20:15:00,11.740848,76.352589,"Incident of Assault reported in Mysore district at coordinates (11.7408, 76.3526)."
3554,3554/2025,FIR/3554/2025,2025-08-01,43,22,1,1,1,1,2,22,2025-08-01 14:00:00,2025-08-01 14:30:00,2025-08-01 15:15:00,12.45382,75.985365,"Incident of Assault reported in Mysore district at coordinates (12.4538, 75.9854)."
3555,3555/2025,FIR/3555/2025,2025-06-16,44,22,1,1,1,2,2,22,2025-06-16 09:00:00,2025-06-16 09:30:00,2025-06-16 10:15:00,12.467249,75.981806,"Incident of Assault reported in Mysore district at coordinates (12.4672, 75.9818)."
3556,3556/2025,FIR/3556/2025,2025-06-04,43,22,1,1,1,1,3,22,2025-06-04 07:00:00,2025-06-04 07:30:00,2025-06-04 08:15:00,11.824542,76.468055,"Incident of Assault reported in Mysore district at coordinates (11.8245, 76.4681)."
3557,3557/2025,FIR/3557/2025,2025-11-24,44,22,1,1,1,2,3,22,2025-11-24 15:00:00,2025-11-24 15:30:00,2025-11-24 16:15:00,12.454215,75.988666,"Incident of Assault reported in Mysore district at coordinates (12.4542, 75.9887)."
3558,3558/2025,FIR/3558/2025,2025-07-29,43,22,1,1,1,1,2,22,2025-07-29 15:00:00,2025-07-29 15:30:00,2025-07-29 16:15:00,12.459342,75.980786,"Incident of Assault reported in Mysore district at coordinates (12.4593, 75.9808)."
3559,3559/2025,FIR/3559/2025,2025-12-17,44,22,1,1,1,2,1,22,2025-12-17 21:00:00,2025-12-17 21:30:00,2025-12-17 22:15:00,12.005295,76.417805,"Incident of Assault reported in Mysore district at coordinates (12.0053, 76.4178)."
3560,3560/2025,FIR/3560/2025,2025-04-29,43,22,1,1,1,1,2,22,2025-04-29 00:00:00,2025-04-29 00:30:00,2025-04-29 01:15:00,11.831566,76.468582,"Incident of Assault reported in Mysore district at coordinates (11.8316, 76.4686)."
3561,3561/2025,FIR/3561/2025,2025-07-30,44,22,1,1,1,2,2,22,2025-07-30 22:00:00,2025-07-30 22:30:00,2025-07-30 23:15:00,12.017187,76.404615,"Incident of Assault reported in Mysore district at coordinates (12.0172, 76.4046)."
3562,3562/2025,FIR/3562/2025,2025-01-19,43,22,1,1,1,1,3,22,2025-01-19 02:00:00,2025-01-19 02:30:00,2025-01-19 03:15:00,12.624952,76.342178,"Incident of Assault reported in Mysore district at coordinates (12.6250, 76.3422)."
3563,3563/2025,FIR/3563/2025,2025-10-10,44,22,1,1,1,2,3,22,2025-10-10 04:00:00,2025-10-10 04:30:00,2025-10-10 05:15:00,12.342893,76.203978,"Incident of Assault reported in Mysore district at coordinates (12.3429, 76.2040)."
3564,3564/2025,FIR/3564/2025,2025-05-14,43,22,1,1,1,1,2,22,2025-05-14 05:00:00,2025-05-14 05:30:00,2025-05-14 06:15:00,11.84484,76.471874,"Incident of Assault reported in Mysore district at coordinates (11.8448, 76.4719)."
3565,3565/2025,FIR/3565/2025,2025-02-26,44,22,1,1,1,2,2,22,2025-02-26 22:00:00,2025-02-26 22:30:00,2025-02-26 23:15:00,12.454176,75.9791,"Incident of Assault reported in Mysore district at coordinates (12.4542, 75.9791)."
3566,3566/2025,FIR/3566/2025,2025-10-05,43,22,1,1,1,1,3,22,2025-10-05 12:00:00,2025-10-05 12:30:00,2025-10-05 13:15:00,11.825341,76.462432,"Incident of Assault reported in Mysore district at coordinates (11.8253, 76.4624)."
3567,3567/2025,FIR/3567/2025,2025-12-17,44,22,1,1,1,2,3,22,2025-12-17 13:00:00,2025-12-17 13:30:00,2025-12-17 14:15:00,12.375195,76.203311,"Incident of Assault reported in Mysore district at coordinates (12.3752, 76.2033)."
3568,3568/2025,FIR/3568/2025,2025-09-10,43,22,1,1,1,1,2,22,2025-09-10 17:00:00,2025-09-10 17:30:00,2025-09-10 18:15:00,12.357324,76.190442,"Incident of Assault reported in Mysore district at coordinates (12.3573, 76.1904)."
3569,3569/2025,FIR/3569/2025,2025-06-18,44,22,1,1,1,2,3,22,2025-06-18 22:00:00,2025-06-18 22:30:00,2025-06-18 23:15:00,12.354276,76.192987,"Incident of Assault reported in Mysore district at coordinates (12.3543, 76.1930)."
3570,3570/2025,FIR/3570/2025,2025-03-26,43,22,1,1,1,1,1,22,2025-03-26 00:00:00,2025-03-26 00:30:00,2025-03-26 01:15:00,11.842609,76.478471,"Incident of Assault reported in Mysore district at coordinates (11.8426, 76.4785)."
3571,3571/2025,FIR/3571/2025,2025-04-27,44,22,1,1,1,2,3,22,2025-04-27 15:00:00,2025-04-27 15:30:00,2025-04-27 16:15:00,12.333745,76.201944,"Incident of Assault reported in Mysore district at coordinates (12.3337, 76.2019)."
3572,3572/2025,FIR/3572/2025,2025-05-15,43,22,1,1,1,1,1,22,2025-05-15 22:00:00,2025-05-15 22:30:00,2025-05-15 23:15:00,11.83544,76.451499,"Incident of Assault reported in Mysore district at coordinates (11.8354, 76.4515)."
3573,3573/2025,FIR/3573/2025,2025-07-16,44,22,1,1,1,2,3,22,2025-07-16 17:00:00,2025-07-16 17:30:00,2025-07-16 18:15:00,12.40725,76.252043,"Incident of Assault reported in Mysore district at coordinates (12.4072, 76.2520)."
3574,3574/2025,FIR/3574/2025,2025-09-25,43,22,1,1,1,1,3,22,2025-09-25 02:00:00,2025-09-25 02:30:00,2025-09-25 03:15:00,12.189312,76.297613,"Incident of Assault reported in Mysore district at coordinates (12.1893, 76.2976)."
3575,3575/2025,FIR/3575/2025,2025-03-29,44,22,1,1,1,2,3,22,2025-03-29 13:00:00,2025-03-29 13:30:00,2025-03-29 14:15:00,11.849356,76.456035,"Incident of Assault reported in Mysore district at coordinates (11.8494, 76.4560)."
3576,3576/2025,FIR/3576/2025,2025-04-17,43,22,1,1,1,1,3,22,2025-04-17 01:00:00,2025-04-17 01:30:00,2025-04-17 02:15:00,11.822481,76.475436,"Incident of Assault reported in Mysore district at coordinates (11.8225, 76.4754)."
3577,3577/2025,FIR/3577/2025,2025-04-05,44,22,1,1,1,2,3,22,2025-04-05 01:00:00,2025-04-05 01:30:00,2025-04-05 02:15:00,12.347486,76.202424,"Incident of Assault reported in Mysore district at coordinates (12.3475, 76.2024)."
3578,3578/2025,FIR/3578/2025,2025-06-27,43,22,1,1,1,1,2,22,2025-06-27 11:00:00,2025-06-27 11:30:00,2025-06-27 12:15:00,12.462284,75.983029,"Incident of Assault reported in Mysore district at coordinates (12.4623, 75.9830)."
3579,3579/2025,FIR/3579/2025,2025-06-26,44,22,1,1,1,2,1,22,2025-06-26 15:00:00,2025-06-26 15:30:00,2025-06-26 16:15:00,12.369484,76.20606,"Incident of Assault reported in Mysore district at coordinates (12.3695, 76.2061)."
3580,3580/2025,FIR/3580/2025,2025-03-08,43,22,1,1,1,1,2,22,2025-03-08 19:00:00,2025-03-08 19:30:00,2025-03-08 20:15:00,12.463711,75.976231,"Incident of Assault reported in Mysore district at coordinates (12.4637, 75.9762)."
3581,3581/2025,FIR/3581/2025,2025-04-04,44,22,1,1,1,2,1,22,2025-04-04 20:00:00,2025-04-04 20:30:00,2025-04-04 21:15:00,12.34398,76.20315,"Incident of Assault reported in Mysore district at coordinates (12.3440, 76.2031)."
3582,3582/2025,FIR/3582/2025,2025-09-13,43,22,1,1,1,1,3,22,2025-09-13 16:00:00,2025-09-13 16:30:00,2025-09-13 17:15:00,12.467815,75.988832,"Incident of Assault reported in Mysore district at coordinates (12.4678, 75.9888)."
3583,3583/2025,FIR/3583/2025,2025-01-13,44,22,1,1,1,2,1,22,2025-01-13 02:00:00,2025-01-13 02:30:00,2025-01-13 03:15:00,11.8327,76.473901,"Incident of Assault reported in Mysore district at coordinates (11.8327, 76.4739)."
3584,3584/2025,FIR/3584/2025,2025-02-15,43,22,1,1,1,1,2,22,2025-02-15 06:00:00,2025-02-15 06:30:00,2025-02-15 07:15:00,12.072883,76.291731,"Incident of Assault reported in Mysore district at coordinates (12.0729, 76.2917)."
3585,3585/2025,FIR/3585/2025,2025-02-16,44,22,1,1,1,2,3,22,2025-02-16 23:00:00,2025-02-16 23:30:00,2025-02-16 23:15:00,12.461272,75.974805,"Incident of Assault reported in Mysore district at coordinates (12.4613, 75.9748)."
3586,3586/2025,FIR/3586/2025,2025-01-12,43,22,1,1,1,1,3,22,2025-01-12 18:00:00,2025-01-12 18:30:00,2025-01-12 19:15:00,12.462762,76.00241,"Incident of Assault reported in Mysore district at coordinates (12.4628, 76.0024)."
3587,3587/2025,FIR/3587/2025,2025-06-01,44,22,1,1,1,2,1,22,2025-06-01 12:00:00,2025-06-01 12:30:00,2025-06-01 13:15:00,12.009066,76.418742,"Incident of Assault reported in Mysore district at coordinates (12.0091, 76.4187)."
3588,3588/2025,FIR/3588/2025,2025-09-17,43,22,1,1,1,1,1,22,2025-09-17 14:00:00,2025-09-17 14:30:00,2025-09-17 15:15:00,11.830704,76.459335,"Incident of Assault reported in Mysore district at coordinates (11.8307, 76.4593)."
3589,3589/2025,FIR/3589/2025,2025-04-06,44,22,1,1,1,2,1,22,2025-04-06 02:00:00,2025-04-06 02:30:00,2025-04-06 03:15:00,12.411314,76.901215,"Incident of Assault reported in Mysore district at coordinates (12.4113, 76.9012)."
3590,3590/2025,FIR/3590/2025,2025-02-18,43,22,1,1,1,1,1,22,2025-02-18 21:00:00,2025-02-18 21:30:00,2025-02-18 22:15:00,11.837936,76.468517,"Incident of Assault reported in Mysore district at coordinates (11.8379, 76.4685)."
3591,3591/2025,FIR/3591/2025,2025-03-09,44,22,1,1,1,2,3,22,2025-03-09 20:00:00,2025-03-09 20:30:00,2025-03-09 21:15:00,12.017952,76.412784,"Incident of Assault reported in Mysore district at coordinates (12.0180, 76.4128)."
3592,3592/2025,FIR/3592/2025,2025-05-21,43,22,1,1,1,1,1,22,2025-05-21 23:00:00,2025-05-21 23:30:00,2025-05-21 23:15:00,11.835939,76.470501,"Incident of Assault reported in Mysore district at coordinates (11.8359, 76.4705)."
3593,3593/2025,FIR/3593/2025,2025-11-08,46,23,1,2,5,10,1,23,2025-11-08 22:00:00,2025-11-08 22:30:00,2025-11-08 23:15:00,16.376145,77.103428,"Incident of Theft reported in Raichur district at coordinates (16.3761, 77.1034)."
3594,3594/2025,FIR/3594/2025,2025-10-06,45,23,1,2,5,9,2,23,2025-10-06 01:00:00,2025-10-06 01:30:00,2025-10-06 02:15:00,16.211546,77.39452,"Incident of Theft reported in Raichur district at coordinates (16.2115, 77.3945)."
3595,3595/2025,FIR/3595/2025,2025-08-25,46,23,1,2,5,10,2,23,2025-08-25 05:00:00,2025-08-25 05:30:00,2025-08-25 06:15:00,16.209696,77.382465,"Incident of Theft reported in Raichur district at coordinates (16.2097, 77.3825)."
3596,3596/2025,FIR/3596/2025,2025-05-07,45,23,1,2,5,9,3,23,2025-05-07 05:00:00,2025-05-07 05:30:00,2025-05-07 06:15:00,15.964045,77.060521,"Incident of Theft reported in Raichur district at coordinates (15.9640, 77.0605)."
3597,3597/2025,FIR/3597/2025,2025-12-13,46,23,1,2,5,10,3,23,2025-12-13 00:00:00,2025-12-13 00:30:00,2025-12-13 01:15:00,16.127552,76.688931,"Incident of Theft reported in Raichur district at coordinates (16.1276, 76.6889)."
3598,3598/2025,FIR/3598/2025,2025-08-28,45,23,1,2,5,9,3,23,2025-08-28 10:00:00,2025-08-28 10:30:00,2025-08-28 11:15:00,16.085837,76.471807,"Incident of Theft reported in Raichur district at coordinates (16.0858, 76.4718)."
3599,3599/2025,FIR/3599/2025,2025-02-08,46,23,1,2,5,10,2,23,2025-02-08 22:00:00,2025-02-08 22:30:00,2025-02-08 23:15:00,16.376116,77.04711,"Incident of Theft reported in Raichur district at coordinates (16.3761, 77.0471)."
3600,3600/2025,FIR/3600/2025,2025-10-28,45,23,1,2,5,9,3,23,2025-10-28 18:00:00,2025-10-28 18:30:00,2025-10-28 19:15:00,16.414732,77.094453,"Incident of Theft reported in Raichur district at coordinates (16.4147, 77.0945)."
3601,3601/2025,FIR/3601/2025,2025-06-06,46,23,1,2,5,10,2,23,2025-06-06 13:00:00,2025-06-06 13:30:00,2025-06-06 14:15:00,16.200623,77.363046,"Incident of Theft reported in Raichur district at coordinates (16.2006, 77.3630)."
3602,3602/2025,FIR/3602/2025,2025-11-28,45,23,1,2,5,9,2,23,2025-11-28 03:00:00,2025-11-28 03:30:00,2025-11-28 04:15:00,16.088736,76.46008,"Incident of Theft reported in Raichur district at coordinates (16.0887, 76.4601)."
3603,3603/2025,FIR/3603/2025,2025-10-20,46,23,1,2,5,10,2,23,2025-10-20 18:00:00,2025-10-20 18:30:00,2025-10-20 19:15:00,15.971847,77.073153,"Incident of Theft reported in Raichur district at coordinates (15.9718, 77.0732)."
3604,3604/2025,FIR/3604/2025,2025-07-29,45,23,1,2,5,9,1,23,2025-07-29 08:00:00,2025-07-29 08:30:00,2025-07-29 09:15:00,16.095479,77.343451,"Incident of Theft reported in Raichur district at coordinates (16.0955, 77.3435)."
3605,3605/2025,FIR/3605/2025,2025-05-30,46,23,1,2,5,10,2,23,2025-05-30 12:00:00,2025-05-30 12:30:00,2025-05-30 13:15:00,16.098049,76.467885,"Incident of Theft reported in Raichur district at coordinates (16.0980, 76.4679)."
3606,3606/2025,FIR/3606/2025,2025-03-17,45,23,1,2,5,9,2,23,2025-03-17 10:00:00,2025-03-17 10:30:00,2025-03-17 11:15:00,16.436831,76.918415,"Incident of Theft reported in Raichur district at coordinates (16.4368, 76.9184)."
3607,3607/2025,FIR/3607/2025,2025-04-02,46,23,1,2,5,10,1,23,2025-04-02 08:00:00,2025-04-02 08:30:00,2025-04-02 09:15:00,16.13883,76.674448,"Incident of Theft reported in Raichur district at coordinates (16.1388, 76.6744)."
3608,3608/2025,FIR/3608/2025,2025-12-08,45,23,1,2,5,9,1,23,2025-12-08 20:00:00,2025-12-08 20:30:00,2025-12-08 21:15:00,15.97821,77.072131,"Incident of Theft reported in Raichur district at coordinates (15.9782, 77.0721)."
3609,3609/2025,FIR/3609/2025,2025-01-03,46,23,1,2,5,10,2,23,2025-01-03 01:00:00,2025-01-03 01:30:00,2025-01-03 02:15:00,16.11415,76.682777,"Incident of Theft reported in Raichur district at coordinates (16.1141, 76.6828)."
3610,3610/2025,FIR/3610/2025,2025-09-06,45,23,1,2,5,9,3,23,2025-09-06 11:00:00,2025-09-06 11:30:00,2025-09-06 12:15:00,16.100959,76.463868,"Incident of Theft reported in Raichur district at coordinates (16.1010, 76.4639)."
3611,3611/2025,FIR/3611/2025,2025-03-14,46,23,1,2,5,10,3,23,2025-03-14 02:00:00,2025-03-14 02:30:00,2025-03-14 03:15:00,16.122551,76.676117,"Incident of Theft reported in Raichur district at coordinates (16.1226, 76.6761)."
3612,3612/2025,FIR/3612/2025,2025-07-17,45,23,1,2,5,9,1,23,2025-07-17 15:00:00,2025-07-17 15:30:00,2025-07-17 16:15:00,16.198879,77.379176,"Incident of Theft reported in Raichur district at coordinates (16.1989, 77.3792)."
3613,3613/2025,FIR/3613/2025,2025-03-25,46,23,1,2,5,10,2,23,2025-03-25 19:00:00,2025-03-25 19:30:00,2025-03-25 20:15:00,16.095997,76.462793,"Incident of Theft reported in Raichur district at coordinates (16.0960, 76.4628)."
3614,3614/2025,FIR/3614/2025,2025-01-10,45,23,1,2,5,9,3,23,2025-01-10 01:00:00,2025-01-10 01:30:00,2025-01-10 02:15:00,16.121361,76.699256,"Incident of Theft reported in Raichur district at coordinates (16.1214, 76.6993)."
3615,3615/2025,FIR/3615/2025,2025-10-23,46,23,1,2,5,10,3,23,2025-10-23 12:00:00,2025-10-23 12:30:00,2025-10-23 13:15:00,16.46287,76.916212,"Incident of Theft reported in Raichur district at coordinates (16.4629, 76.9162)."
3616,3616/2025,FIR/3616/2025,2025-01-06,45,23,1,2,5,9,1,23,2025-01-06 16:00:00,2025-01-06 16:30:00,2025-01-06 17:15:00,16.200278,77.393507,"Incident of Theft reported in Raichur district at coordinates (16.2003, 77.3935)."
3617,3617/2025,FIR/3617/2025,2025-10-04,46,23,1,2,5,10,2,23,2025-10-04 22:00:00,2025-10-04 22:30:00,2025-10-04 23:15:00,16.095112,76.471457,"Incident of Theft reported in Raichur district at coordinates (16.0951, 76.4715)."
3618,3618/2025,FIR/3618/2025,2025-11-30,45,23,1,2,5,9,2,23,2025-11-30 03:00:00,2025-11-30 03:30:00,2025-11-30 04:15:00,16.119639,76.695409,"Incident of Theft reported in Raichur district at coordinates (16.1196, 76.6954)."
3619,3619/2025,FIR/3619/2025,2025-02-21,46,23,1,2,5,10,1,23,2025-02-21 17:00:00,2025-02-21 17:30:00,2025-02-21 18:15:00,16.449379,76.922851,"Incident of Theft reported in Raichur district at coordinates (16.4494, 76.9229)."
3620,3620/2025,FIR/3620/2025,2025-07-11,45,23,1,2,5,9,3,23,2025-07-11 00:00:00,2025-07-11 00:30:00,2025-07-11 01:15:00,16.19968,77.366289,"Incident of Theft reported in Raichur district at coordinates (16.1997, 77.3663)."
3621,3621/2025,FIR/3621/2025,2025-12-11,46,23,1,2,5,10,1,23,2025-12-11 08:00:00,2025-12-11 08:30:00,2025-12-11 09:15:00,16.119209,76.695426,"Incident of Theft reported in Raichur district at coordinates (16.1192, 76.6954)."
3622,3622/2025,FIR/3622/2025,2025-06-10,45,23,1,2,5,9,3,23,2025-06-10 12:00:00,2025-06-10 12:30:00,2025-06-10 13:15:00,16.003314,77.48145,"Incident of Theft reported in Raichur district at coordinates (16.0033, 77.4814)."
3623,3623/2025,FIR/3623/2025,2025-02-15,46,23,1,2,5,10,2,23,2025-02-15 11:00:00,2025-02-15 11:30:00,2025-02-15 12:15:00,15.961384,77.066766,"Incident of Theft reported in Raichur district at coordinates (15.9614, 77.0668)."
3624,3624/2025,FIR/3624/2025,2025-04-09,45,23,1,2,5,9,3,23,2025-04-09 08:00:00,2025-04-09 08:30:00,2025-04-09 09:15:00,15.980124,77.073403,"Incident of Theft reported in Raichur district at coordinates (15.9801, 77.0734)."
3625,3625/2025,FIR/3625/2025,2025-07-31,46,23,1,2,5,10,2,23,2025-07-31 04:00:00,2025-07-31 04:30:00,2025-07-31 05:15:00,16.08771,76.458377,"Incident of Theft reported in Raichur district at coordinates (16.0877, 76.4584)."
3626,3626/2025,FIR/3626/2025,2025-02-23,45,23,1,2,5,9,2,23,2025-02-23 16:00:00,2025-02-23 16:30:00,2025-02-23 17:15:00,16.207595,77.384527,"Incident of Theft reported in Raichur district at coordinates (16.2076, 77.3845)."
3627,3627/2025,FIR/3627/2025,2025-04-19,46,23,1,2,5,10,3,23,2025-04-19 02:00:00,2025-04-19 02:30:00,2025-04-19 03:15:00,16.208359,77.37597,"Incident of Theft reported in Raichur district at coordinates (16.2084, 77.3760)."
3628,3628/2025,FIR/3628/2025,2025-09-26,45,23,1,2,5,9,3,23,2025-09-26 08:00:00,2025-09-26 08:30:00,2025-09-26 09:15:00,16.440703,76.916866,"Incident of Theft reported in Raichur district at coordinates (16.4407, 76.9169)."
3629,3629/2025,FIR/3629/2025,2025-02-21,46,23,1,2,5,10,2,23,2025-02-21 04:00:00,2025-02-21 04:30:00,2025-02-21 05:15:00,16.267108,77.46084,"Incident of Theft reported in Raichur district at coordinates (16.2671, 77.4608)."
3630,3630/2025,FIR/3630/2025,2025-03-25,45,23,1,2,5,9,3,23,2025-03-25 22:00:00,2025-03-25 22:30:00,2025-03-25 23:15:00,16.150907,76.350491,"Incident of Theft reported in Raichur district at coordinates (16.1509, 76.3505)."
3631,3631/2025,FIR/3631/2025,2025-02-19,46,23,1,2,5,10,3,23,2025-02-19 04:00:00,2025-02-19 04:30:00,2025-02-19 05:15:00,15.965124,77.073067,"Incident of Theft reported in Raichur district at coordinates (15.9651, 77.0731)."
3632,3632/2025,FIR/3632/2025,2025-12-09,45,23,1,2,5,9,3,23,2025-12-09 16:00:00,2025-12-09 16:30:00,2025-12-09 17:15:00,16.200288,77.374259,"Incident of Theft reported in Raichur district at coordinates (16.2003, 77.3743)."
3633,3633/2025,FIR/3633/2025,2025-01-19,46,23,1,1,4,8,1,23,2025-01-19 17:00:00,2025-01-19 17:30:00,2025-01-19 18:15:00,16.122975,76.690818,"Incident of Robbery reported in Raichur district at coordinates (16.1230, 76.6908)."
3634,3634/2025,FIR/3634/2025,2025-09-11,45,23,1,1,4,7,2,23,2025-09-11 07:00:00,2025-09-11 07:30:00,2025-09-11 08:15:00,16.445858,76.908939,"Incident of Robbery reported in Raichur district at coordinates (16.4459, 76.9089)."
3635,3635/2025,FIR/3635/2025,2025-08-27,46,23,1,1,4,8,3,23,2025-08-27 19:00:00,2025-08-27 19:30:00,2025-08-27 20:15:00,15.976575,77.440173,"Incident of Robbery reported in Raichur district at coordinates (15.9766, 77.4402)."
3636,3636/2025,FIR/3636/2025,2025-05-28,45,23,1,1,4,7,1,23,2025-05-28 20:00:00,2025-05-28 20:30:00,2025-05-28 21:15:00,16.123363,76.687081,"Incident of Robbery reported in Raichur district at coordinates (16.1234, 76.6871)."
3637,3637/2025,FIR/3637/2025,2025-02-05,46,23,1,1,4,8,3,23,2025-02-05 16:00:00,2025-02-05 16:30:00,2025-02-05 17:15:00,16.079631,76.454933,"Incident of Robbery reported in Raichur district at coordinates (16.0796, 76.4549)."
3638,3638/2025,FIR/3638/2025,2025-10-11,45,23,1,1,4,7,1,23,2025-10-11 11:00:00,2025-10-11 11:30:00,2025-10-11 12:15:00,15.962899,77.079406,"Incident of Robbery reported in Raichur district at coordinates (15.9629, 77.0794)."
3639,3639/2025,FIR/3639/2025,2025-01-15,46,23,1,2,3,6,1,23,2025-01-15 19:00:00,2025-01-15 19:30:00,2025-01-15 20:15:00,16.197815,77.392137,"Incident of Chain Snatching reported in Raichur district at coordinates (16.1978, 77.3921)."
3640,3640/2025,FIR/3640/2025,2025-05-03,45,23,1,2,3,5,1,23,2025-05-03 12:00:00,2025-05-03 12:30:00,2025-05-03 13:15:00,16.45688,76.922157,"Incident of Chain Snatching reported in Raichur district at coordinates (16.4569, 76.9222)."
3641,3641/2025,FIR/3641/2025,2025-11-02,46,23,1,2,3,6,2,23,2025-11-02 12:00:00,2025-11-02 12:30:00,2025-11-02 13:15:00,15.980098,77.060403,"Incident of Chain Snatching reported in Raichur district at coordinates (15.9801, 77.0604)."
3642,3642/2025,FIR/3642/2025,2025-06-30,45,23,1,2,2,3,1,23,2025-06-30 05:00:00,2025-06-30 05:30:00,2025-06-30 06:15:00,16.135226,76.679924,"Incident of Burglary reported in Raichur district at coordinates (16.1352, 76.6799)."
3643,3643/2025,FIR/3643/2025,2025-07-23,46,23,1,2,2,4,3,23,2025-07-23 16:00:00,2025-07-23 16:30:00,2025-07-23 17:15:00,16.198619,77.375538,"Incident of Burglary reported in Raichur district at coordinates (16.1986, 77.3755)."
3644,3644/2025,FIR/3644/2025,2025-08-03,45,23,1,2,2,3,2,23,2025-08-03 05:00:00,2025-08-03 05:30:00,2025-08-03 06:15:00,16.20579,76.506958,"Incident of Burglary reported in Raichur district at coordinates (16.2058, 76.5070)."
3645,3645/2025,FIR/3645/2025,2025-09-02,46,23,1,2,2,4,3,23,2025-09-02 05:00:00,2025-09-02 05:30:00,2025-09-02 06:15:00,16.200405,77.385771,"Incident of Burglary reported in Raichur district at coordinates (16.2004, 77.3858)."
3646,3646/2025,FIR/3646/2025,2025-01-21,45,23,1,2,2,3,1,23,2025-01-21 11:00:00,2025-01-21 11:30:00,2025-01-21 12:15:00,16.456054,76.917536,"Incident of Burglary reported in Raichur district at coordinates (16.4561, 76.9175)."
3647,3647/2025,FIR/3647/2025,2025-09-04,46,23,1,2,2,4,1,23,2025-09-04 07:00:00,2025-09-04 07:30:00,2025-09-04 08:15:00,16.11973,76.682997,"Incident of Burglary reported in Raichur district at coordinates (16.1197, 76.6830)."
3648,3648/2025,FIR/3648/2025,2025-12-05,45,23,1,2,2,3,2,23,2025-12-05 10:00:00,2025-12-05 10:30:00,2025-12-05 11:15:00,16.113786,76.688491,"Incident of Burglary reported in Raichur district at coordinates (16.1138, 76.6885)."
3649,3649/2025,FIR/3649/2025,2025-09-04,46,23,1,2,2,4,3,23,2025-09-04 00:00:00,2025-09-04 00:30:00,2025-09-04 01:15:00,16.452596,76.913665,"Incident of Burglary reported in Raichur district at coordinates (16.4526, 76.9137)."
3650,3650/2025,FIR/3650/2025,2025-07-20,45,23,1,2,2,3,1,23,2025-07-20 03:00:00,2025-07-20 03:30:00,2025-07-20 04:15:00,16.004838,77.189937,"Incident of Burglary reported in Raichur district at coordinates (16.0048, 77.1899)."
3651,3651/2025,FIR/3651/2025,2025-07-29,46,23,1,2,2,4,3,23,2025-07-29 06:00:00,2025-07-29 06:30:00,2025-07-29 07:15:00,16.041816,77.235695,"Incident of Burglary reported in Raichur district at coordinates (16.0418, 77.2357)."
3652,3652/2025,FIR/3652/2025,2025-01-06,45,23,1,2,2,3,1,23,2025-01-06 18:00:00,2025-01-06 18:30:00,2025-01-06 19:15:00,15.989026,77.079288,"Incident of Burglary reported in Raichur district at coordinates (15.9890, 77.0793)."
3653,3653/2025,FIR/3653/2025,2025-03-06,46,23,1,2,2,4,2,23,2025-03-06 19:00:00,2025-03-06 19:30:00,2025-03-06 20:15:00,16.108331,76.457197,"Incident of Burglary reported in Raichur district at coordinates (16.1083, 76.4572)."
3654,3654/2025,FIR/3654/2025,2025-02-20,45,23,1,1,1,1,2,23,2025-02-20 15:00:00,2025-02-20 15:30:00,2025-02-20 16:15:00,16.095851,76.477238,"Incident of Assault reported in Raichur district at coordinates (16.0959, 76.4772)."
3655,3655/2025,FIR/3655/2025,2025-10-23,46,23,1,1,1,2,2,23,2025-10-23 22:00:00,2025-10-23 22:30:00,2025-10-23 23:15:00,16.456219,76.928412,"Incident of Assault reported in Raichur district at coordinates (16.4562, 76.9284)."
3656,3656/2025,FIR/3656/2025,2025-02-05,45,23,1,1,1,1,2,23,2025-02-05 16:00:00,2025-02-05 16:30:00,2025-02-05 17:15:00,16.092238,76.465073,"Incident of Assault reported in Raichur district at coordinates (16.0922, 76.4651)."
3657,3657/2025,FIR/3657/2025,2025-01-17,46,23,1,1,1,2,1,23,2025-01-17 03:00:00,2025-01-17 03:30:00,2025-01-17 04:15:00,16.0825,76.466303,"Incident of Assault reported in Raichur district at coordinates (16.0825, 76.4663)."
3658,3658/2025,FIR/3658/2025,2025-04-20,45,23,1,1,1,1,3,23,2025-04-20 20:00:00,2025-04-20 20:30:00,2025-04-20 21:15:00,15.963373,77.079226,"Incident of Assault reported in Raichur district at coordinates (15.9634, 77.0792)."
3659,3659/2025,FIR/3659/2025,2025-06-20,46,23,1,1,1,2,3,23,2025-06-20 18:00:00,2025-06-20 18:30:00,2025-06-20 19:15:00,16.102883,76.687829,"Incident of Assault reported in Raichur district at coordinates (16.1029, 76.6878)."
3660,3660/2025,FIR/3660/2025,2025-04-05,45,23,1,1,1,1,3,23,2025-04-05 10:00:00,2025-04-05 10:30:00,2025-04-05 11:15:00,16.101416,76.459244,"Incident of Assault reported in Raichur district at coordinates (16.1014, 76.4592)."
3661,3661/2025,FIR/3661/2025,2025-05-23,46,23,1,1,1,2,2,23,2025-05-23 18:00:00,2025-05-23 18:30:00,2025-05-23 19:15:00,16.202109,77.37643,"Incident of Assault reported in Raichur district at coordinates (16.2021, 77.3764)."
3662,3662/2025,FIR/3662/2025,2025-01-24,45,23,1,1,1,1,3,23,2025-01-24 03:00:00,2025-01-24 03:30:00,2025-01-24 04:15:00,16.071871,76.469801,"Incident of Assault reported in Raichur district at coordinates (16.0719, 76.4698)."
3663,3663/2025,FIR/3663/2025,2025-05-15,46,23,1,1,1,2,3,23,2025-05-15 11:00:00,2025-05-15 11:30:00,2025-05-15 12:15:00,16.457249,76.912826,"Incident of Assault reported in Raichur district at coordinates (16.4572, 76.9128)."
3664,3664/2025,FIR/3664/2025,2025-12-12,45,23,1,1,1,1,2,23,2025-12-12 09:00:00,2025-12-12 09:30:00,2025-12-12 10:15:00,16.436124,76.916443,"Incident of Assault reported in Raichur district at coordinates (16.4361, 76.9164)."
3665,3665/2025,FIR/3665/2025,2025-02-14,46,23,1,1,1,2,1,23,2025-02-14 22:00:00,2025-02-14 22:30:00,2025-02-14 23:15:00,15.939439,76.902653,"Incident of Assault reported in Raichur district at coordinates (15.9394, 76.9027)."
3666,3666/2025,FIR/3666/2025,2025-10-29,45,23,1,1,1,1,2,23,2025-10-29 03:00:00,2025-10-29 03:30:00,2025-10-29 04:15:00,15.980746,77.059861,"Incident of Assault reported in Raichur district at coordinates (15.9807, 77.0599)."
3667,3667/2025,FIR/3667/2025,2025-05-24,46,23,1,1,1,2,2,23,2025-05-24 17:00:00,2025-05-24 17:30:00,2025-05-24 18:15:00,15.974239,77.060922,"Incident of Assault reported in Raichur district at coordinates (15.9742, 77.0609)."
3668,3668/2025,FIR/3668/2025,2025-10-04,45,23,1,1,1,1,1,23,2025-10-04 14:00:00,2025-10-04 14:30:00,2025-10-04 15:15:00,16.199323,77.375198,"Incident of Assault reported in Raichur district at coordinates (16.1993, 77.3752)."
3669,3669/2025,FIR/3669/2025,2025-11-09,46,23,1,1,1,2,2,23,2025-11-09 18:00:00,2025-11-09 18:30:00,2025-11-09 19:15:00,16.084361,76.486766,"Incident of Assault reported in Raichur district at coordinates (16.0844, 76.4868)."
3670,3670/2025,FIR/3670/2025,2025-08-20,45,23,1,1,1,1,2,23,2025-08-20 11:00:00,2025-08-20 11:30:00,2025-08-20 12:15:00,16.097554,76.480226,"Incident of Assault reported in Raichur district at coordinates (16.0976, 76.4802)."
3671,3671/2025,FIR/3671/2025,2025-06-11,46,23,1,1,1,2,1,23,2025-06-11 02:00:00,2025-06-11 02:30:00,2025-06-11 03:15:00,15.98478,77.091698,"Incident of Assault reported in Raichur district at coordinates (15.9848, 77.0917)."
3672,3672/2025,FIR/3672/2025,2025-02-23,45,23,1,1,1,1,3,23,2025-02-23 22:00:00,2025-02-23 22:30:00,2025-02-23 23:15:00,15.967797,77.028426,"Incident of Assault reported in Raichur district at coordinates (15.9678, 77.0284)."
3673,3673/2025,FIR/3673/2025,2025-10-21,46,23,1,1,1,2,2,23,2025-10-21 08:00:00,2025-10-21 08:30:00,2025-10-21 09:15:00,15.859353,76.883541,"Incident of Assault reported in Raichur district at coordinates (15.8594, 76.8835)."
3674,3674/2025,FIR/3674/2025,2025-11-10,47,24,1,2,5,9,3,24,2025-11-10 11:00:00,2025-11-10 11:30:00,2025-11-10 12:15:00,14.607453,75.123487,"Incident of Theft reported in Shimoga district at coordinates (14.6075, 75.1235)."
3675,3675/2025,FIR/3675/2025,2025-11-03,48,24,1,2,5,10,3,24,2025-11-03 08:00:00,2025-11-03 08:30:00,2025-11-03 09:15:00,14.184723,75.380828,"Incident of Theft reported in Shimoga district at coordinates (14.1847, 75.3808)."
3676,3676/2025,FIR/3676/2025,2025-11-08,47,24,1,2,5,9,2,24,2025-11-08 08:00:00,2025-11-08 08:30:00,2025-11-08 09:15:00,14.261542,75.36303,"Incident of Theft reported in Shimoga district at coordinates (14.2615, 75.3630)."
3677,3677/2025,FIR/3677/2025,2025-12-23,48,24,1,2,5,10,3,24,2025-12-23 16:00:00,2025-12-23 16:30:00,2025-12-23 17:15:00,14.606958,75.116344,"Incident of Theft reported in Shimoga district at coordinates (14.6070, 75.1163)."
3678,3678/2025,FIR/3678/2025,2025-09-11,47,24,1,2,5,9,1,24,2025-09-11 05:00:00,2025-09-11 05:30:00,2025-09-11 06:15:00,14.268677,75.353014,"Incident of Theft reported in Shimoga district at coordinates (14.2687, 75.3530)."
3679,3679/2025,FIR/3679/2025,2025-10-18,48,24,1,2,5,10,2,24,2025-10-18 03:00:00,2025-10-18 03:30:00,2025-10-18 04:15:00,14.181203,75.383939,"Incident of Theft reported in Shimoga district at coordinates (14.1812, 75.3839)."
3680,3680/2025,FIR/3680/2025,2025-08-06,47,24,1,2,5,9,3,24,2025-08-06 23:00:00,2025-08-06 23:30:00,2025-08-06 23:15:00,13.889074,75.532407,"Incident of Theft reported in Shimoga district at coordinates (13.8891, 75.5324)."
3681,3681/2025,FIR/3681/2025,2025-10-24,48,24,1,2,5,10,1,24,2025-10-24 17:00:00,2025-10-24 17:30:00,2025-10-24 18:15:00,14.454144,74.928924,"Incident of Theft reported in Shimoga district at coordinates (14.4541, 74.9289)."
3682,3682/2025,FIR/3682/2025,2025-06-08,47,24,1,2,5,9,2,24,2025-06-08 19:00:00,2025-06-08 19:30:00,2025-06-08 20:15:00,14.133896,75.183343,"Incident of Theft reported in Shimoga district at coordinates (14.1339, 75.1833)."
3683,3683/2025,FIR/3683/2025,2025-03-24,48,24,1,2,5,10,2,24,2025-03-24 09:00:00,2025-03-24 09:30:00,2025-03-24 10:15:00,14.610078,75.111649,"Incident of Theft reported in Shimoga district at coordinates (14.6101, 75.1116)."
3684,3684/2025,FIR/3684/2025,2025-01-22,47,24,1,2,5,9,3,24,2025-01-22 19:00:00,2025-01-22 19:30:00,2025-01-22 20:15:00,13.87871,75.530212,"Incident of Theft reported in Shimoga district at coordinates (13.8787, 75.5302)."
3685,3685/2025,FIR/3685/2025,2025-06-23,48,24,1,2,5,10,3,24,2025-06-23 14:00:00,2025-06-23 14:30:00,2025-06-23 15:15:00,14.177883,75.37352,"Incident of Theft reported in Shimoga district at coordinates (14.1779, 75.3735)."
3686,3686/2025,FIR/3686/2025,2025-04-07,47,24,1,2,5,9,2,24,2025-04-07 18:00:00,2025-04-07 18:30:00,2025-04-07 19:15:00,14.263348,75.371066,"Incident of Theft reported in Shimoga district at coordinates (14.2633, 75.3711)."
3687,3687/2025,FIR/3687/2025,2025-05-05,48,24,1,2,5,10,2,24,2025-05-05 11:00:00,2025-05-05 11:30:00,2025-05-05 12:15:00,13.891674,75.533321,"Incident of Theft reported in Shimoga district at coordinates (13.8917, 75.5333)."
3688,3688/2025,FIR/3688/2025,2025-11-06,47,24,1,2,5,9,2,24,2025-11-06 01:00:00,2025-11-06 01:30:00,2025-11-06 02:15:00,13.960117,75.141182,"Incident of Theft reported in Shimoga district at coordinates (13.9601, 75.1412)."
3689,3689/2025,FIR/3689/2025,2025-04-27,48,24,1,2,5,10,1,24,2025-04-27 08:00:00,2025-04-27 08:30:00,2025-04-27 09:15:00,13.879689,75.535264,"Incident of Theft reported in Shimoga district at coordinates (13.8797, 75.5353)."
3690,3690/2025,FIR/3690/2025,2025-09-05,47,24,1,2,5,9,2,24,2025-09-05 20:00:00,2025-09-05 20:30:00,2025-09-05 21:15:00,13.884839,75.528998,"Incident of Theft reported in Shimoga district at coordinates (13.8848, 75.5290)."
3691,3691/2025,FIR/3691/2025,2025-06-01,48,24,1,2,5,10,2,24,2025-06-01 21:00:00,2025-06-01 21:30:00,2025-06-01 22:15:00,13.834732,75.097707,"Incident of Theft reported in Shimoga district at coordinates (13.8347, 75.0977)."
3692,3692/2025,FIR/3692/2025,2025-01-12,47,24,1,2,5,9,3,24,2025-01-12 22:00:00,2025-01-12 22:30:00,2025-01-12 23:15:00,14.127689,75.182592,"Incident of Theft reported in Shimoga district at coordinates (14.1277, 75.1826)."
3693,3693/2025,FIR/3693/2025,2025-11-27,48,24,1,2,5,10,3,24,2025-11-27 07:00:00,2025-11-27 07:30:00,2025-11-27 08:15:00,14.618579,75.119611,"Incident of Theft reported in Shimoga district at coordinates (14.6186, 75.1196)."
3694,3694/2025,FIR/3694/2025,2025-01-04,47,24,1,2,5,9,1,24,2025-01-04 02:00:00,2025-01-04 02:30:00,2025-01-04 03:15:00,14.257759,75.378962,"Incident of Theft reported in Shimoga district at coordinates (14.2578, 75.3790)."
3695,3695/2025,FIR/3695/2025,2025-09-06,48,24,1,2,5,10,2,24,2025-09-06 08:00:00,2025-09-06 08:30:00,2025-09-06 09:15:00,13.879285,75.526782,"Incident of Theft reported in Shimoga district at coordinates (13.8793, 75.5268)."
3696,3696/2025,FIR/3696/2025,2025-01-10,47,24,1,2,5,9,2,24,2025-01-10 02:00:00,2025-01-10 02:30:00,2025-01-10 03:15:00,14.283026,75.358091,"Incident of Theft reported in Shimoga district at coordinates (14.2830, 75.3581)."
3697,3697/2025,FIR/3697/2025,2025-06-09,48,24,1,2,5,10,2,24,2025-06-09 11:00:00,2025-06-09 11:30:00,2025-06-09 12:15:00,14.267575,75.355055,"Incident of Theft reported in Shimoga district at coordinates (14.2676, 75.3551)."
3698,3698/2025,FIR/3698/2025,2025-04-01,47,24,1,2,5,9,1,24,2025-04-01 04:00:00,2025-04-01 04:30:00,2025-04-01 05:15:00,14.274073,75.351209,"Incident of Theft reported in Shimoga district at coordinates (14.2741, 75.3512)."
3699,3699/2025,FIR/3699/2025,2025-01-08,48,24,1,2,5,10,1,24,2025-01-08 01:00:00,2025-01-08 01:30:00,2025-01-08 02:15:00,13.888216,75.370247,"Incident of Theft reported in Shimoga district at coordinates (13.8882, 75.3702)."
3700,3700/2025,FIR/3700/2025,2025-04-21,47,24,1,2,5,9,2,24,2025-04-21 18:00:00,2025-04-21 18:30:00,2025-04-21 19:15:00,14.173813,75.390963,"Incident of Theft reported in Shimoga district at coordinates (14.1738, 75.3910)."
3701,3701/2025,FIR/3701/2025,2025-10-30,48,24,1,2,5,10,3,24,2025-10-30 15:00:00,2025-10-30 15:30:00,2025-10-30 16:15:00,14.618721,75.115614,"Incident of Theft reported in Shimoga district at coordinates (14.6187, 75.1156)."
3702,3702/2025,FIR/3702/2025,2025-12-15,47,24,1,2,5,9,1,24,2025-12-15 20:00:00,2025-12-15 20:30:00,2025-12-15 21:15:00,14.063585,74.977872,"Incident of Theft reported in Shimoga district at coordinates (14.0636, 74.9779)."
3703,3703/2025,FIR/3703/2025,2025-06-21,48,24,1,2,5,10,3,24,2025-06-21 23:00:00,2025-06-21 23:30:00,2025-06-21 23:15:00,14.281735,75.363888,"Incident of Theft reported in Shimoga district at coordinates (14.2817, 75.3639)."
3704,3704/2025,FIR/3704/2025,2025-05-03,47,24,1,2,5,9,2,24,2025-05-03 01:00:00,2025-05-03 01:30:00,2025-05-03 02:15:00,14.30647,75.164486,"Incident of Theft reported in Shimoga district at coordinates (14.3065, 75.1645)."
3705,3705/2025,FIR/3705/2025,2025-06-28,48,24,1,2,5,10,2,24,2025-06-28 08:00:00,2025-06-28 08:30:00,2025-06-28 09:15:00,14.613909,75.139682,"Incident of Theft reported in Shimoga district at coordinates (14.6139, 75.1397)."
3706,3706/2025,FIR/3706/2025,2025-09-25,47,24,1,2,5,9,2,24,2025-09-25 23:00:00,2025-09-25 23:30:00,2025-09-25 23:15:00,14.427044,75.015779,"Incident of Theft reported in Shimoga district at coordinates (14.4270, 75.0158)."
3707,3707/2025,FIR/3707/2025,2025-04-15,48,24,1,2,5,10,2,24,2025-04-15 12:00:00,2025-04-15 12:30:00,2025-04-15 13:15:00,14.609611,75.126759,"Incident of Theft reported in Shimoga district at coordinates (14.6096, 75.1268)."
3708,3708/2025,FIR/3708/2025,2025-02-17,47,24,1,2,5,9,3,24,2025-02-17 20:00:00,2025-02-17 20:30:00,2025-02-17 21:15:00,13.889989,75.539113,"Incident of Theft reported in Shimoga district at coordinates (13.8900, 75.5391)."
3709,3709/2025,FIR/3709/2025,2025-11-12,48,24,1,2,5,10,3,24,2025-11-12 01:00:00,2025-11-12 01:30:00,2025-11-12 02:15:00,14.125887,75.176061,"Incident of Theft reported in Shimoga district at coordinates (14.1259, 75.1761)."
3710,3710/2025,FIR/3710/2025,2025-08-09,47,24,1,2,5,9,2,24,2025-08-09 06:00:00,2025-08-09 06:30:00,2025-08-09 07:15:00,14.617717,75.118573,"Incident of Theft reported in Shimoga district at coordinates (14.6177, 75.1186)."
3711,3711/2025,FIR/3711/2025,2025-06-18,48,24,1,2,5,10,2,24,2025-06-18 03:00:00,2025-06-18 03:30:00,2025-06-18 04:15:00,14.442105,75.258342,"Incident of Theft reported in Shimoga district at coordinates (14.4421, 75.2583)."
3712,3712/2025,FIR/3712/2025,2025-06-07,47,24,1,2,5,9,2,24,2025-06-07 13:00:00,2025-06-07 13:30:00,2025-06-07 14:15:00,14.610764,75.122392,"Incident of Theft reported in Shimoga district at coordinates (14.6108, 75.1224)."
3713,3713/2025,FIR/3713/2025,2025-08-09,48,24,1,2,5,10,1,24,2025-08-09 22:00:00,2025-08-09 22:30:00,2025-08-09 23:15:00,14.175619,75.019455,"Incident of Theft reported in Shimoga district at coordinates (14.1756, 75.0195)."
3714,3714/2025,FIR/3714/2025,2025-04-20,47,24,1,1,4,7,3,24,2025-04-20 11:00:00,2025-04-20 11:30:00,2025-04-20 12:15:00,14.280895,75.369476,"Incident of Robbery reported in Shimoga district at coordinates (14.2809, 75.3695)."
3715,3715/2025,FIR/3715/2025,2025-04-06,48,24,1,1,4,8,2,24,2025-04-06 03:00:00,2025-04-06 03:30:00,2025-04-06 04:15:00,14.599352,75.128978,"Incident of Robbery reported in Shimoga district at coordinates (14.5994, 75.1290)."
3716,3716/2025,FIR/3716/2025,2025-11-08,47,24,1,1,4,7,1,24,2025-11-08 11:00:00,2025-11-08 11:30:00,2025-11-08 12:15:00,14.123643,75.187475,"Incident of Robbery reported in Shimoga district at coordinates (14.1236, 75.1875)."
3717,3717/2025,FIR/3717/2025,2025-05-01,48,24,1,1,4,8,3,24,2025-05-01 04:00:00,2025-05-01 04:30:00,2025-05-01 05:15:00,13.882908,75.529854,"Incident of Robbery reported in Shimoga district at coordinates (13.8829, 75.5299)."
3718,3718/2025,FIR/3718/2025,2025-10-18,47,24,1,1,4,7,1,24,2025-10-18 19:00:00,2025-10-18 19:30:00,2025-10-18 20:15:00,13.677803,75.278583,"Incident of Robbery reported in Shimoga district at coordinates (13.6778, 75.2786)."
3719,3719/2025,FIR/3719/2025,2025-11-23,48,24,1,1,4,8,2,24,2025-11-23 19:00:00,2025-11-23 19:30:00,2025-11-23 20:15:00,14.124631,75.179773,"Incident of Robbery reported in Shimoga district at coordinates (14.1246, 75.1798)."
3720,3720/2025,FIR/3720/2025,2025-08-04,47,24,1,2,3,5,2,24,2025-08-04 03:00:00,2025-08-04 03:30:00,2025-08-04 04:15:00,14.204259,75.110124,"Incident of Chain Snatching reported in Shimoga district at coordinates (14.2043, 75.1101)."
3721,3721/2025,FIR/3721/2025,2025-09-20,48,24,1,2,3,6,2,24,2025-09-20 11:00:00,2025-09-20 11:30:00,2025-09-20 12:15:00,14.180273,75.378131,"Incident of Chain Snatching reported in Shimoga district at coordinates (14.1803, 75.3781)."
3722,3722/2025,FIR/3722/2025,2025-01-04,47,24,1,2,3,5,1,24,2025-01-04 15:00:00,2025-01-04 15:30:00,2025-01-04 16:15:00,14.264454,75.374388,"Incident of Chain Snatching reported in Shimoga district at coordinates (14.2645, 75.3744)."
3723,3723/2025,FIR/3723/2025,2025-08-08,48,24,1,2,2,4,3,24,2025-08-08 16:00:00,2025-08-08 16:30:00,2025-08-08 17:15:00,14.178211,75.390824,"Incident of Burglary reported in Shimoga district at coordinates (14.1782, 75.3908)."
3724,3724/2025,FIR/3724/2025,2025-09-04,47,24,1,2,2,3,2,24,2025-09-04 14:00:00,2025-09-04 14:30:00,2025-09-04 15:15:00,14.255725,75.35502,"Incident of Burglary reported in Shimoga district at coordinates (14.2557, 75.3550)."
3725,3725/2025,FIR/3725/2025,2025-01-26,48,24,1,2,2,4,3,24,2025-01-26 07:00:00,2025-01-26 07:30:00,2025-01-26 08:15:00,14.386,75.009333,"Incident of Burglary reported in Shimoga district at coordinates (14.3860, 75.0093)."
3726,3726/2025,FIR/3726/2025,2025-12-03,47,24,1,2,2,3,1,24,2025-12-03 12:00:00,2025-12-03 12:30:00,2025-12-03 13:15:00,14.602952,75.13155,"Incident of Burglary reported in Shimoga district at coordinates (14.6030, 75.1316)."
3727,3727/2025,FIR/3727/2025,2025-08-02,48,24,1,2,2,4,1,24,2025-08-02 08:00:00,2025-08-02 08:30:00,2025-08-02 09:15:00,14.065859,75.104622,"Incident of Burglary reported in Shimoga district at coordinates (14.0659, 75.1046)."
3728,3728/2025,FIR/3728/2025,2025-06-29,47,24,1,2,2,3,1,24,2025-06-29 03:00:00,2025-06-29 03:30:00,2025-06-29 04:15:00,14.144836,75.177539,"Incident of Burglary reported in Shimoga district at coordinates (14.1448, 75.1775)."
3729,3729/2025,FIR/3729/2025,2025-08-02,48,24,1,2,2,4,1,24,2025-08-02 02:00:00,2025-08-02 02:30:00,2025-08-02 03:15:00,14.312637,75.468047,"Incident of Burglary reported in Shimoga district at coordinates (14.3126, 75.4680)."
3730,3730/2025,FIR/3730/2025,2025-07-21,47,24,1,2,2,3,2,24,2025-07-21 14:00:00,2025-07-21 14:30:00,2025-07-21 15:15:00,13.876411,75.535913,"Incident of Burglary reported in Shimoga district at coordinates (13.8764, 75.5359)."
3731,3731/2025,FIR/3731/2025,2025-11-10,48,24,1,2,2,4,2,24,2025-11-10 00:00:00,2025-11-10 00:30:00,2025-11-10 01:15:00,13.879436,75.535344,"Incident of Burglary reported in Shimoga district at coordinates (13.8794, 75.5353)."
3732,3732/2025,FIR/3732/2025,2025-07-30,47,24,1,2,2,3,1,24,2025-07-30 06:00:00,2025-07-30 06:30:00,2025-07-30 07:15:00,14.612778,75.130821,"Incident of Burglary reported in Shimoga district at coordinates (14.6128, 75.1308)."
3733,3733/2025,FIR/3733/2025,2025-01-13,48,24,1,2,2,4,1,24,2025-01-13 22:00:00,2025-01-13 22:30:00,2025-01-13 23:15:00,14.609225,75.127774,"Incident of Burglary reported in Shimoga district at coordinates (14.6092, 75.1278)."
3734,3734/2025,FIR/3734/2025,2025-08-28,47,24,1,2,2,3,2,24,2025-08-28 16:00:00,2025-08-28 16:30:00,2025-08-28 17:15:00,14.168267,75.386261,"Incident of Burglary reported in Shimoga district at coordinates (14.1683, 75.3863)."
3735,3735/2025,FIR/3735/2025,2025-06-12,48,24,1,1,1,2,2,24,2025-06-12 05:00:00,2025-06-12 05:30:00,2025-06-12 06:15:00,13.88713,75.537482,"Incident of Assault reported in Shimoga district at coordinates (13.8871, 75.5375)."
3736,3736/2025,FIR/3736/2025,2025-06-19,47,24,1,1,1,1,3,24,2025-06-19 12:00:00,2025-06-19 12:30:00,2025-06-19 13:15:00,14.23625,75.053014,"Incident of Assault reported in Shimoga district at coordinates (14.2363, 75.0530)."
3737,3737/2025,FIR/3737/2025,2025-01-15,48,24,1,1,1,2,1,24,2025-01-15 01:00:00,2025-01-15 01:30:00,2025-01-15 02:15:00,14.269971,75.363116,"Incident of Assault reported in Shimoga district at coordinates (14.2700, 75.3631)."
3738,3738/2025,FIR/3738/2025,2025-05-31,47,24,1,1,1,1,3,24,2025-05-31 03:00:00,2025-05-31 03:30:00,2025-05-31 04:15:00,14.264509,75.373233,"Incident of Assault reported in Shimoga district at coordinates (14.2645, 75.3732)."
3739,3739/2025,FIR/3739/2025,2025-11-25,48,24,1,1,1,2,2,24,2025-11-25 10:00:00,2025-11-25 10:30:00,2025-11-25 11:15:00,14.610696,75.119214,"Incident of Assault reported in Shimoga district at coordinates (14.6107, 75.1192)."
3740,3740/2025,FIR/3740/2025,2025-09-01,47,24,1,1,1,1,3,24,2025-09-01 02:00:00,2025-09-01 02:30:00,2025-09-01 03:15:00,13.746531,75.252664,"Incident of Assault reported in Shimoga district at coordinates (13.7465, 75.2527)."
3741,3741/2025,FIR/3741/2025,2025-12-26,48,24,1,1,1,2,1,24,2025-12-26 02:00:00,2025-12-26 02:30:00,2025-12-26 03:15:00,14.108498,75.162055,"Incident of Assault reported in Shimoga district at coordinates (14.1085, 75.1621)."
3742,3742/2025,FIR/3742/2025,2025-12-12,47,24,1,1,1,1,1,24,2025-12-12 06:00:00,2025-12-12 06:30:00,2025-12-12 07:15:00,14.113439,75.179075,"Incident of Assault reported in Shimoga district at coordinates (14.1134, 75.1791)."
3743,3743/2025,FIR/3743/2025,2025-02-25,48,24,1,1,1,2,3,24,2025-02-25 02:00:00,2025-02-25 02:30:00,2025-02-25 03:15:00,13.862402,75.530603,"Incident of Assault reported in Shimoga district at coordinates (13.8624, 75.5306)."
3744,3744/2025,FIR/3744/2025,2025-09-20,47,24,1,1,1,1,2,24,2025-09-20 19:00:00,2025-09-20 19:30:00,2025-09-20 20:15:00,14.263389,75.368354,"Incident of Assault reported in Shimoga district at coordinates (14.2634, 75.3684)."
3745,3745/2025,FIR/3745/2025,2025-02-23,48,24,1,1,1,2,3,24,2025-02-23 15:00:00,2025-02-23 15:30:00,2025-02-23 16:15:00,14.623976,75.129233,"Incident of Assault reported in Shimoga district at coordinates (14.6240, 75.1292)."
3746,3746/2025,FIR/3746/2025,2025-04-24,47,24,1,1,1,1,2,24,2025-04-24 18:00:00,2025-04-24 18:30:00,2025-04-24 19:15:00,14.600718,75.126261,"Incident of Assault reported in Shimoga district at coordinates (14.6007, 75.1263)."
3747,3747/2025,FIR/3747/2025,2025-04-22,48,24,1,1,1,2,3,24,2025-04-22 14:00:00,2025-04-22 14:30:00,2025-04-22 15:15:00,14.604175,75.122684,"Incident of Assault reported in Shimoga district at coordinates (14.6042, 75.1227)."
3748,3748/2025,FIR/3748/2025,2025-08-18,47,24,1,1,1,1,3,24,2025-08-18 05:00:00,2025-08-18 05:30:00,2025-08-18 06:15:00,14.015423,75.47796,"Incident of Assault reported in Shimoga district at coordinates (14.0154, 75.4780)."
3749,3749/2025,FIR/3749/2025,2025-02-08,48,24,1,1,1,2,1,24,2025-02-08 04:00:00,2025-02-08 04:30:00,2025-02-08 05:15:00,13.894935,75.537067,"Incident of Assault reported in Shimoga district at coordinates (13.8949, 75.5371)."
3750,3750/2025,FIR/3750/2025,2025-08-19,47,24,1,1,1,1,2,24,2025-08-19 00:00:00,2025-08-19 00:30:00,2025-08-19 01:15:00,14.608991,75.135307,"Incident of Assault reported in Shimoga district at coordinates (14.6090, 75.1353)."
3751,3751/2025,FIR/3751/2025,2025-08-18,48,24,1,1,1,2,2,24,2025-08-18 16:00:00,2025-08-18 16:30:00,2025-08-18 17:15:00,14.603541,75.122422,"Incident of Assault reported in Shimoga district at coordinates (14.6035, 75.1224)."
3752,3752/2025,FIR/3752/2025,2025-03-20,47,24,1,1,1,1,2,24,2025-03-20 09:00:00,2025-03-20 09:30:00,2025-03-20 10:15:00,14.255723,75.37235,"Incident of Assault reported in Shimoga district at coordinates (14.2557, 75.3723)."
3753,3753/2025,FIR/3753/2025,2025-07-31,48,24,1,1,1,2,2,24,2025-07-31 18:00:00,2025-07-31 18:30:00,2025-07-31 19:15:00,13.867743,75.537411,"Incident of Assault reported in Shimoga district at coordinates (13.8677, 75.5374)."
3754,3754/2025,FIR/3754/2025,2025-06-04,47,24,1,1,1,1,3,24,2025-06-04 21:00:00,2025-06-04 21:30:00,2025-06-04 22:15:00,13.88398,75.540583,"Incident of Assault reported in Shimoga district at coordinates (13.8840, 75.5406)."
3755,3755/2025,FIR/3755/2025,2025-07-23,50,25,1,2,5,10,3,25,2025-07-23 04:00:00,2025-07-23 04:30:00,2025-07-23 05:15:00,13.283122,76.931038,"Incident of Theft reported in Tumkur district at coordinates (13.2831, 76.9310)."
3756,3756/2025,FIR/3756/2025,2025-11-12,49,25,1,2,5,9,3,25,2025-11-12 21:00:00,2025-11-12 21:30:00,2025-11-12 22:15:00,13.446526,76.46658,"Incident of Theft reported in Tumkur district at coordinates (13.4465, 76.4666)."
3757,3757/2025,FIR/3757/2025,2025-12-05,50,25,1,2,5,10,2,25,2025-12-05 11:00:00,2025-12-05 11:30:00,2025-12-05 12:15:00,13.550902,76.864736,"Incident of Theft reported in Tumkur district at coordinates (13.5509, 76.8647)."
3758,3758/2025,FIR/3758/2025,2025-09-15,49,25,1,2,5,9,3,25,2025-09-15 23:00:00,2025-09-15 23:30:00,2025-09-15 23:15:00,13.45445,76.458162,"Incident of Theft reported in Tumkur district at coordinates (13.4544, 76.4582)."
3759,3759/2025,FIR/3759/2025,2025-03-11,50,25,1,2,5,10,3,25,2025-03-11 02:00:00,2025-03-11 02:30:00,2025-03-11 03:15:00,13.664772,77.249975,"Incident of Theft reported in Tumkur district at coordinates (13.6648, 77.2500)."
3760,3760/2025,FIR/3760/2025,2025-12-26,49,25,1,2,5,9,1,25,2025-12-26 14:00:00,2025-12-26 14:30:00,2025-12-26 15:15:00,14.168553,77.175611,"Incident of Theft reported in Tumkur district at coordinates (14.1686, 77.1756)."
3761,3761/2025,FIR/3761/2025,2025-08-14,50,25,1,2,5,10,1,25,2025-08-14 05:00:00,2025-08-14 05:30:00,2025-08-14 06:15:00,13.276111,77.121141,"Incident of Theft reported in Tumkur district at coordinates (13.2761, 77.1211)."
3762,3762/2025,FIR/3762/2025,2025-03-18,49,25,1,2,5,9,1,25,2025-03-18 06:00:00,2025-03-18 06:30:00,2025-03-18 07:15:00,14.166485,77.16509,"Incident of Theft reported in Tumkur district at coordinates (14.1665, 77.1651)."
3763,3763/2025,FIR/3763/2025,2025-10-12,50,25,1,2,5,10,3,25,2025-10-12 06:00:00,2025-10-12 06:30:00,2025-10-12 07:15:00,13.784037,77.316955,"Incident of Theft reported in Tumkur district at coordinates (13.7840, 77.3170)."
3764,3764/2025,FIR/3764/2025,2025-11-06,49,25,1,2,5,9,3,25,2025-11-06 21:00:00,2025-11-06 21:30:00,2025-11-06 22:15:00,13.436992,76.451169,"Incident of Theft reported in Tumkur district at coordinates (13.4370, 76.4512)."
3765,3765/2025,FIR/3765/2025,2025-07-10,50,25,1,2,5,10,3,25,2025-07-10 21:00:00,2025-07-10 21:30:00,2025-07-10 22:15:00,13.43568,76.44745,"Incident of Theft reported in Tumkur district at coordinates (13.4357, 76.4475)."
3766,3766/2025,FIR/3766/2025,2025-06-09,49,25,1,2,5,9,1,25,2025-06-09 08:00:00,2025-06-09 08:30:00,2025-06-09 09:15:00,13.577677,76.857105,"Incident of Theft reported in Tumkur district at coordinates (13.5777, 76.8571)."
3767,3767/2025,FIR/3767/2025,2025-01-07,50,25,1,2,5,10,2,25,2025-01-07 12:00:00,2025-01-07 12:30:00,2025-01-07 13:15:00,13.216442,76.914688,"Incident of Theft reported in Tumkur district at coordinates (13.2164, 76.9147)."
3768,3768/2025,FIR/3768/2025,2025-04-18,49,25,1,2,5,9,1,25,2025-04-18 14:00:00,2025-04-18 14:30:00,2025-04-18 15:15:00,13.288228,77.118152,"Incident of Theft reported in Tumkur district at coordinates (13.2882, 77.1182)."
3769,3769/2025,FIR/3769/2025,2025-12-15,50,25,1,2,5,10,1,25,2025-12-15 00:00:00,2025-12-15 00:30:00,2025-12-15 01:15:00,13.560393,76.867372,"Incident of Theft reported in Tumkur district at coordinates (13.5604, 76.8674)."
3770,3770/2025,FIR/3770/2025,2025-12-04,49,25,1,2,5,9,3,25,2025-12-04 00:00:00,2025-12-04 00:30:00,2025-12-04 01:15:00,14.169967,77.171351,"Incident of Theft reported in Tumkur district at coordinates (14.1700, 77.1714)."
3771,3771/2025,FIR/3771/2025,2025-02-20,50,25,1,2,5,10,2,25,2025-02-20 19:00:00,2025-02-20 19:30:00,2025-02-20 20:15:00,13.552831,77.060021,"Incident of Theft reported in Tumkur district at coordinates (13.5528, 77.0600)."
3772,3772/2025,FIR/3772/2025,2025-02-27,49,25,1,2,5,9,2,25,2025-02-27 19:00:00,2025-02-27 19:30:00,2025-02-27 20:15:00,13.56284,76.864617,"Incident of Theft reported in Tumkur district at coordinates (13.5628, 76.8646)."
3773,3773/2025,FIR/3773/2025,2025-07-31,50,25,1,2,5,10,1,25,2025-07-31 16:00:00,2025-07-31 16:30:00,2025-07-31 17:15:00,13.66657,77.269018,"Incident of Theft reported in Tumkur district at coordinates (13.6666, 77.2690)."
3774,3774/2025,FIR/3774/2025,2025-10-14,49,25,1,2,5,9,1,25,2025-10-14 17:00:00,2025-10-14 17:30:00,2025-10-14 18:15:00,13.289173,77.129175,"Incident of Theft reported in Tumkur district at coordinates (13.2892, 77.1292)."
3775,3775/2025,FIR/3775/2025,2025-09-04,50,25,1,2,5,10,2,25,2025-09-04 00:00:00,2025-09-04 00:30:00,2025-09-04 01:15:00,13.455536,77.293166,"Incident of Theft reported in Tumkur district at coordinates (13.4555, 77.2932)."
3776,3776/2025,FIR/3776/2025,2025-12-08,49,25,1,2,5,9,3,25,2025-12-08 13:00:00,2025-12-08 13:30:00,2025-12-08 14:15:00,13.443708,76.487317,"Incident of Theft reported in Tumkur district at coordinates (13.4437, 76.4873)."
3777,3777/2025,FIR/3777/2025,2025-01-24,50,25,1,2,5,10,3,25,2025-01-24 04:00:00,2025-01-24 04:30:00,2025-01-24 05:15:00,13.904274,77.158917,"Incident of Theft reported in Tumkur district at coordinates (13.9043, 77.1589)."
3778,3778/2025,FIR/3778/2025,2025-08-13,49,25,1,2,5,9,2,25,2025-08-13 00:00:00,2025-08-13 00:30:00,2025-08-13 01:15:00,14.162375,77.179048,"Incident of Theft reported in Tumkur district at coordinates (14.1624, 77.1790)."
3779,3779/2025,FIR/3779/2025,2025-12-18,50,25,1,2,5,10,2,25,2025-12-18 11:00:00,2025-12-18 11:30:00,2025-12-18 12:15:00,13.561806,76.876015,"Incident of Theft reported in Tumkur district at coordinates (13.5618, 76.8760)."
3780,3780/2025,FIR/3780/2025,2025-07-24,49,25,1,2,5,9,3,25,2025-07-24 19:00:00,2025-07-24 19:30:00,2025-07-24 20:15:00,13.286212,77.115506,"Incident of Theft reported in Tumkur district at coordinates (13.2862, 77.1155)."
3781,3781/2025,FIR/3781/2025,2025-02-08,50,25,1,2,5,10,2,25,2025-02-08 17:00:00,2025-02-08 17:30:00,2025-02-08 18:15:00,13.465339,76.459855,"Incident of Theft reported in Tumkur district at coordinates (13.4653, 76.4599)."
3782,3782/2025,FIR/3782/2025,2025-05-04,49,25,1,2,5,9,3,25,2025-05-04 21:00:00,2025-05-04 21:30:00,2025-05-04 22:15:00,13.894,77.168043,"Incident of Theft reported in Tumkur district at coordinates (13.8940, 77.1680)."
3783,3783/2025,FIR/3783/2025,2025-12-26,50,25,1,2,5,10,2,25,2025-12-26 21:00:00,2025-12-26 21:30:00,2025-12-26 22:15:00,13.280918,77.114285,"Incident of Theft reported in Tumkur district at coordinates (13.2809, 77.1143)."
3784,3784/2025,FIR/3784/2025,2025-08-31,49,25,1,2,5,9,2,25,2025-08-31 13:00:00,2025-08-31 13:30:00,2025-08-31 14:15:00,13.436771,76.462464,"Incident of Theft reported in Tumkur district at coordinates (13.4368, 76.4625)."
3785,3785/2025,FIR/3785/2025,2025-08-21,50,25,1,2,5,10,3,25,2025-08-21 03:00:00,2025-08-21 03:30:00,2025-08-21 04:15:00,13.274865,77.131031,"Incident of Theft reported in Tumkur district at coordinates (13.2749, 77.1310)."
3786,3786/2025,FIR/3786/2025,2025-10-09,49,25,1,2,5,9,3,25,2025-10-09 12:00:00,2025-10-09 12:30:00,2025-10-09 13:15:00,13.552434,76.865941,"Incident of Theft reported in Tumkur district at coordinates (13.5524, 76.8659)."
3787,3787/2025,FIR/3787/2025,2025-12-07,50,25,1,2,5,10,3,25,2025-12-07 12:00:00,2025-12-07 12:30:00,2025-12-07 13:15:00,13.66157,77.275448,"Incident of Theft reported in Tumkur district at coordinates (13.6616, 77.2754)."
3788,3788/2025,FIR/3788/2025,2025-12-13,49,25,1,2,5,9,2,25,2025-12-13 00:00:00,2025-12-13 00:30:00,2025-12-13 01:15:00,13.280324,77.115949,"Incident of Theft reported in Tumkur district at coordinates (13.2803, 77.1159)."
3789,3789/2025,FIR/3789/2025,2025-05-02,50,25,1,2,5,10,3,25,2025-05-02 16:00:00,2025-05-02 16:30:00,2025-05-02 17:15:00,13.566783,76.87467,"Incident of Theft reported in Tumkur district at coordinates (13.5668, 76.8747)."
3790,3790/2025,FIR/3790/2025,2025-07-26,49,25,1,2,5,9,1,25,2025-07-26 13:00:00,2025-07-26 13:30:00,2025-07-26 14:15:00,13.901699,77.156941,"Incident of Theft reported in Tumkur district at coordinates (13.9017, 77.1569)."
3791,3791/2025,FIR/3791/2025,2025-04-19,50,25,1,2,5,10,1,25,2025-04-19 07:00:00,2025-04-19 07:30:00,2025-04-19 08:15:00,13.573897,76.84754,"Incident of Theft reported in Tumkur district at coordinates (13.5739, 76.8475)."
3792,3792/2025,FIR/3792/2025,2025-01-14,49,25,1,2,5,9,1,25,2025-01-14 20:00:00,2025-01-14 20:30:00,2025-01-14 21:15:00,13.280866,77.127106,"Incident of Theft reported in Tumkur district at coordinates (13.2809, 77.1271)."
3793,3793/2025,FIR/3793/2025,2025-05-13,50,25,1,2,5,10,1,25,2025-05-13 06:00:00,2025-05-13 06:30:00,2025-05-13 07:15:00,13.435724,77.280581,"Incident of Theft reported in Tumkur district at coordinates (13.4357, 77.2806)."
3794,3794/2025,FIR/3794/2025,2025-10-29,49,25,1,2,5,9,1,25,2025-10-29 05:00:00,2025-10-29 05:30:00,2025-10-29 06:15:00,13.374532,76.630684,"Incident of Theft reported in Tumkur district at coordinates (13.3745, 76.6307)."
3795,3795/2025,FIR/3795/2025,2025-09-24,50,25,1,1,4,8,2,25,2025-09-24 05:00:00,2025-09-24 05:30:00,2025-09-24 06:15:00,14.167398,77.17496,"Incident of Robbery reported in Tumkur district at coordinates (14.1674, 77.1750)."
3796,3796/2025,FIR/3796/2025,2025-08-05,49,25,1,1,4,7,2,25,2025-08-05 05:00:00,2025-08-05 05:30:00,2025-08-05 06:15:00,13.567626,76.864596,"Incident of Robbery reported in Tumkur district at coordinates (13.5676, 76.8646)."
3797,3797/2025,FIR/3797/2025,2025-07-05,50,25,1,1,4,8,2,25,2025-07-05 01:00:00,2025-07-05 01:30:00,2025-07-05 02:15:00,13.445266,76.458157,"Incident of Robbery reported in Tumkur district at coordinates (13.4453, 76.4582)."
3798,3798/2025,FIR/3798/2025,2025-02-27,49,25,1,1,4,7,2,25,2025-02-27 01:00:00,2025-02-27 01:30:00,2025-02-27 02:15:00,13.575071,76.854333,"Incident of Robbery reported in Tumkur district at coordinates (13.5751, 76.8543)."
3799,3799/2025,FIR/3799/2025,2025-07-26,50,25,1,1,4,8,2,25,2025-07-26 20:00:00,2025-07-26 20:30:00,2025-07-26 21:15:00,13.902741,77.164254,"Incident of Robbery reported in Tumkur district at coordinates (13.9027, 77.1643)."
3800,3800/2025,FIR/3800/2025,2025-04-27,49,25,1,1,4,7,3,25,2025-04-27 23:00:00,2025-04-27 23:30:00,2025-04-27 23:15:00,13.746802,77.170559,"Incident of Robbery reported in Tumkur district at coordinates (13.7468, 77.1706)."
3801,3801/2025,FIR/3801/2025,2025-01-18,50,25,1,2,3,6,3,25,2025-01-18 20:00:00,2025-01-18 20:30:00,2025-01-18 21:15:00,14.163917,77.193057,"Incident of Chain Snatching reported in Tumkur district at coordinates (14.1639, 77.1931)."
3802,3802/2025,FIR/3802/2025,2025-11-14,49,25,1,2,3,5,2,25,2025-11-14 03:00:00,2025-11-14 03:30:00,2025-11-14 04:15:00,13.654062,77.276073,"Incident of Chain Snatching reported in Tumkur district at coordinates (13.6541, 77.2761)."
3803,3803/2025,FIR/3803/2025,2025-03-19,50,25,1,2,3,6,3,25,2025-03-19 01:00:00,2025-03-19 01:30:00,2025-03-19 02:15:00,13.675948,77.267411,"Incident of Chain Snatching reported in Tumkur district at coordinates (13.6759, 77.2674)."
3804,3804/2025,FIR/3804/2025,2025-11-14,49,25,1,2,2,3,3,25,2025-11-14 04:00:00,2025-11-14 04:30:00,2025-11-14 05:15:00,13.293486,77.126552,"Incident of Burglary reported in Tumkur district at coordinates (13.2935, 77.1266)."
3805,3805/2025,FIR/3805/2025,2025-02-19,50,25,1,2,2,4,3,25,2025-02-19 09:00:00,2025-02-19 09:30:00,2025-02-19 10:15:00,13.555828,76.863342,"Incident of Burglary reported in Tumkur district at coordinates (13.5558, 76.8633)."
3806,3806/2025,FIR/3806/2025,2025-09-16,49,25,1,2,2,3,3,25,2025-09-16 21:00:00,2025-09-16 21:30:00,2025-09-16 22:15:00,13.920585,76.94783,"Incident of Burglary reported in Tumkur district at coordinates (13.9206, 76.9478)."
3807,3807/2025,FIR/3807/2025,2025-10-04,50,25,1,2,2,4,1,25,2025-10-04 05:00:00,2025-10-04 05:30:00,2025-10-04 06:15:00,13.885808,77.167931,"Incident of Burglary reported in Tumkur district at coordinates (13.8858, 77.1679)."
3808,3808/2025,FIR/3808/2025,2025-07-02,49,25,1,2,2,3,3,25,2025-07-02 08:00:00,2025-07-02 08:30:00,2025-07-02 09:15:00,13.669699,77.276567,"Incident of Burglary reported in Tumkur district at coordinates (13.6697, 77.2766)."
3809,3809/2025,FIR/3809/2025,2025-04-02,50,25,1,2,2,4,2,25,2025-04-02 08:00:00,2025-04-02 08:30:00,2025-04-02 09:15:00,13.453507,76.465029,"Incident of Burglary reported in Tumkur district at coordinates (13.4535, 76.4650)."
3810,3810/2025,FIR/3810/2025,2025-12-11,49,25,1,2,2,3,3,25,2025-12-11 22:00:00,2025-12-11 22:30:00,2025-12-11 23:15:00,13.66535,77.274105,"Incident of Burglary reported in Tumkur district at coordinates (13.6654, 77.2741)."
3811,3811/2025,FIR/3811/2025,2025-02-25,50,25,1,2,2,4,2,25,2025-02-25 16:00:00,2025-02-25 16:30:00,2025-02-25 17:15:00,14.158948,77.192937,"Incident of Burglary reported in Tumkur district at coordinates (14.1589, 77.1929)."
3812,3812/2025,FIR/3812/2025,2025-03-02,49,25,1,2,2,3,2,25,2025-03-02 17:00:00,2025-03-02 17:30:00,2025-03-02 18:15:00,13.653785,77.280754,"Incident of Burglary reported in Tumkur district at coordinates (13.6538, 77.2808)."
3813,3813/2025,FIR/3813/2025,2025-09-18,50,25,1,2,2,4,1,25,2025-09-18 13:00:00,2025-09-18 13:30:00,2025-09-18 14:15:00,13.553474,76.867036,"Incident of Burglary reported in Tumkur district at coordinates (13.5535, 76.8670)."
3814,3814/2025,FIR/3814/2025,2025-07-01,49,25,1,2,2,3,1,25,2025-07-01 18:00:00,2025-07-01 18:30:00,2025-07-01 19:15:00,13.66792,77.268107,"Incident of Burglary reported in Tumkur district at coordinates (13.6679, 77.2681)."
3815,3815/2025,FIR/3815/2025,2025-01-13,50,25,1,2,2,4,1,25,2025-01-13 01:00:00,2025-01-13 01:30:00,2025-01-13 02:15:00,13.275091,77.125576,"Incident of Burglary reported in Tumkur district at coordinates (13.2751, 77.1256)."
3816,3816/2025,FIR/3816/2025,2025-01-29,49,25,1,1,1,1,2,25,2025-01-29 01:00:00,2025-01-29 01:30:00,2025-01-29 02:15:00,14.157888,77.171622,"Incident of Assault reported in Tumkur district at coordinates (14.1579, 77.1716)."
3817,3817/2025,FIR/3817/2025,2025-07-11,50,25,1,1,1,2,3,25,2025-07-11 13:00:00,2025-07-11 13:30:00,2025-07-11 14:15:00,13.559761,76.857375,"Incident of Assault reported in Tumkur district at coordinates (13.5598, 76.8574)."
3818,3818/2025,FIR/3818/2025,2025-03-10,49,25,1,1,1,1,3,25,2025-03-10 09:00:00,2025-03-10 09:30:00,2025-03-10 10:15:00,14.174766,77.195553,"Incident of Assault reported in Tumkur district at coordinates (14.1748, 77.1956)."
3819,3819/2025,FIR/3819/2025,2025-11-06,50,25,1,1,1,2,1,25,2025-11-06 01:00:00,2025-11-06 01:30:00,2025-11-06 02:15:00,13.560856,76.863652,"Incident of Assault reported in Tumkur district at coordinates (13.5609, 76.8637)."
3820,3820/2025,FIR/3820/2025,2025-12-30,49,25,1,1,1,1,3,25,2025-12-30 13:00:00,2025-12-30 13:30:00,2025-12-30 14:15:00,13.270519,77.061206,"Incident of Assault reported in Tumkur district at coordinates (13.2705, 77.0612)."
3821,3821/2025,FIR/3821/2025,2025-02-27,50,25,1,1,1,2,3,25,2025-02-27 18:00:00,2025-02-27 18:30:00,2025-02-27 19:15:00,13.358293,76.760588,"Incident of Assault reported in Tumkur district at coordinates (13.3583, 76.7606)."
3822,3822/2025,FIR/3822/2025,2025-04-24,49,25,1,1,1,1,2,25,2025-04-24 04:00:00,2025-04-24 04:30:00,2025-04-24 05:15:00,13.46083,77.186057,"Incident of Assault reported in Tumkur district at coordinates (13.4608, 77.1861)."
3823,3823/2025,FIR/3823/2025,2025-03-01,50,25,1,1,1,2,3,25,2025-03-01 11:00:00,2025-03-01 11:30:00,2025-03-01 12:15:00,13.275515,77.134137,"Incident of Assault reported in Tumkur district at coordinates (13.2755, 77.1341)."
3824,3824/2025,FIR/3824/2025,2025-06-30,49,25,1,1,1,1,3,25,2025-06-30 20:00:00,2025-06-30 20:30:00,2025-06-30 21:15:00,13.903963,77.161789,"Incident of Assault reported in Tumkur district at coordinates (13.9040, 77.1618)."
3825,3825/2025,FIR/3825/2025,2025-08-08,50,25,1,1,1,2,2,25,2025-08-08 22:00:00,2025-08-08 22:30:00,2025-08-08 23:15:00,13.553683,76.856592,"Incident of Assault reported in Tumkur district at coordinates (13.5537, 76.8566)."
3826,3826/2025,FIR/3826/2025,2025-10-08,49,25,1,1,1,1,2,25,2025-10-08 08:00:00,2025-10-08 08:30:00,2025-10-08 09:15:00,14.150877,77.170249,"Incident of Assault reported in Tumkur district at coordinates (14.1509, 77.1702)."
3827,3827/2025,FIR/3827/2025,2025-08-09,50,25,1,1,1,2,3,25,2025-08-09 12:00:00,2025-08-09 12:30:00,2025-08-09 13:15:00,13.887525,77.17449,"Incident of Assault reported in Tumkur district at coordinates (13.8875, 77.1745)."
3828,3828/2025,FIR/3828/2025,2025-05-14,49,25,1,1,1,1,1,25,2025-05-14 11:00:00,2025-05-14 11:30:00,2025-05-14 12:15:00,13.662867,77.275743,"Incident of Assault reported in Tumkur district at coordinates (13.6629, 77.2757)."
3829,3829/2025,FIR/3829/2025,2025-11-23,50,25,1,1,1,2,1,25,2025-11-23 20:00:00,2025-11-23 20:30:00,2025-11-23 21:15:00,13.519097,77.183855,"Incident of Assault reported in Tumkur district at coordinates (13.5191, 77.1839)."
3830,3830/2025,FIR/3830/2025,2025-12-07,49,25,1,1,1,1,1,25,2025-12-07 13:00:00,2025-12-07 13:30:00,2025-12-07 14:15:00,14.048281,77.082271,"Incident of Assault reported in Tumkur district at coordinates (14.0483, 77.0823)."
3831,3831/2025,FIR/3831/2025,2025-07-25,50,25,1,1,1,2,1,25,2025-07-25 02:00:00,2025-07-25 02:30:00,2025-07-25 03:15:00,14.16363,77.179202,"Incident of Assault reported in Tumkur district at coordinates (14.1636, 77.1792)."
3832,3832/2025,FIR/3832/2025,2025-10-04,49,25,1,1,1,1,2,25,2025-10-04 21:00:00,2025-10-04 21:30:00,2025-10-04 22:15:00,13.511183,76.743161,"Incident of Assault reported in Tumkur district at coordinates (13.5112, 76.7432)."
3833,3833/2025,FIR/3833/2025,2025-11-12,50,25,1,1,1,2,2,25,2025-11-12 07:00:00,2025-11-12 07:30:00,2025-11-12 08:15:00,13.568357,76.860931,"Incident of Assault reported in Tumkur district at coordinates (13.5684, 76.8609)."
3834,3834/2025,FIR/3834/2025,2025-02-17,49,25,1,1,1,1,3,25,2025-02-17 09:00:00,2025-02-17 09:30:00,2025-02-17 10:15:00,13.452574,76.456579,"Incident of Assault reported in Tumkur district at coordinates (13.4526, 76.4566)."
3835,3835/2025,FIR/3835/2025,2025-12-15,50,25,1,1,1,2,3,25,2025-12-15 04:00:00,2025-12-15 04:30:00,2025-12-15 05:15:00,13.440842,76.461778,"Incident of Assault reported in Tumkur district at coordinates (13.4408, 76.4618)."
3836,3836/2025,FIR/3836/2025,2025-02-11,51,26,1,2,5,9,2,26,2025-02-11 05:00:00,2025-02-11 05:30:00,2025-02-11 06:15:00,13.450617,75.013767,"Incident of Theft reported in Udupi district at coordinates (13.4506, 75.0138)."
3837,3837/2025,FIR/3837/2025,2025-03-16,52,26,1,2,5,10,3,26,2025-03-16 01:00:00,2025-03-16 01:30:00,2025-03-16 02:15:00,13.148518,75.065034,"Incident of Theft reported in Udupi district at coordinates (13.1485, 75.0650)."
3838,3838/2025,FIR/3838/2025,2025-02-15,51,26,1,2,5,9,3,26,2025-02-15 06:00:00,2025-02-15 06:30:00,2025-02-15 07:15:00,13.155649,75.061267,"Incident of Theft reported in Udupi district at coordinates (13.1556, 75.0613)."
3839,3839/2025,FIR/3839/2025,2025-02-08,52,26,1,2,5,10,1,26,2025-02-08 06:00:00,2025-02-08 06:30:00,2025-02-08 07:15:00,13.914873,74.607052,"Incident of Theft reported in Udupi district at coordinates (13.9149, 74.6071)."
3840,3840/2025,FIR/3840/2025,2025-02-06,51,26,1,2,5,9,1,26,2025-02-06 02:00:00,2025-02-06 02:30:00,2025-02-06 03:15:00,13.579053,74.865235,"Incident of Theft reported in Udupi district at coordinates (13.5791, 74.8652)."
3841,3841/2025,FIR/3841/2025,2025-11-17,52,26,1,2,5,10,2,26,2025-11-17 02:00:00,2025-11-17 02:30:00,2025-11-17 03:15:00,13.918145,74.604901,"Incident of Theft reported in Udupi district at coordinates (13.9181, 74.6049)."
3842,3842/2025,FIR/3842/2025,2025-05-16,51,26,1,2,5,9,3,26,2025-05-16 21:00:00,2025-05-16 21:30:00,2025-05-16 22:15:00,13.921058,74.597833,"Incident of Theft reported in Udupi district at coordinates (13.9211, 74.5978)."
3843,3843/2025,FIR/3843/2025,2025-12-12,52,26,1,2,5,10,1,26,2025-12-12 07:00:00,2025-12-12 07:30:00,2025-12-12 08:15:00,13.444457,75.011223,"Incident of Theft reported in Udupi district at coordinates (13.4445, 75.0112)."
3844,3844/2025,FIR/3844/2025,2025-12-13,51,26,1,2,5,9,3,26,2025-12-13 23:00:00,2025-12-13 23:30:00,2025-12-13 23:15:00,13.429185,75.006283,"Incident of Theft reported in Udupi district at coordinates (13.4292, 75.0063)."
3845,3845/2025,FIR/3845/2025,2025-02-12,52,26,1,2,5,10,1,26,2025-02-12 12:00:00,2025-02-12 12:30:00,2025-02-12 13:15:00,13.241997,75.056459,"Incident of Theft reported in Udupi district at coordinates (13.2420, 75.0565)."
3846,3846/2025,FIR/3846/2025,2025-09-28,51,26,1,2,5,9,3,26,2025-09-28 15:00:00,2025-09-28 15:30:00,2025-09-28 16:15:00,13.927596,74.595446,"Incident of Theft reported in Udupi district at coordinates (13.9276, 74.5954)."
3847,3847/2025,FIR/3847/2025,2025-05-20,52,26,1,2,5,10,2,26,2025-05-20 19:00:00,2025-05-20 19:30:00,2025-05-20 20:15:00,13.148897,75.067974,"Incident of Theft reported in Udupi district at coordinates (13.1489, 75.0680)."
3848,3848/2025,FIR/3848/2025,2025-02-16,51,26,1,2,5,9,1,26,2025-02-16 00:00:00,2025-02-16 00:30:00,2025-02-16 01:15:00,13.147509,75.057425,"Incident of Theft reported in Udupi district at coordinates (13.1475, 75.0574)."
3849,3849/2025,FIR/3849/2025,2025-02-11,52,26,1,2,5,10,1,26,2025-02-11 11:00:00,2025-02-11 11:30:00,2025-02-11 12:15:00,13.247278,75.066793,"Incident of Theft reported in Udupi district at coordinates (13.2473, 75.0668)."
3850,3850/2025,FIR/3850/2025,2025-09-05,51,26,1,2,5,9,2,26,2025-09-05 05:00:00,2025-09-05 05:30:00,2025-09-05 06:15:00,13.755191,74.944662,"Incident of Theft reported in Udupi district at coordinates (13.7552, 74.9447)."
3851,3851/2025,FIR/3851/2025,2025-08-07,52,26,1,2,5,10,3,26,2025-08-07 09:00:00,2025-08-07 09:30:00,2025-08-07 10:15:00,13.488344,75.040286,"Incident of Theft reported in Udupi district at coordinates (13.4883, 75.0403)."
3852,3852/2025,FIR/3852/2025,2025-07-06,51,26,1,2,5,9,1,26,2025-07-06 01:00:00,2025-07-06 01:30:00,2025-07-06 02:15:00,13.758269,74.922733,"Incident of Theft reported in Udupi district at coordinates (13.7583, 74.9227)."
3853,3853/2025,FIR/3853/2025,2025-10-15,52,26,1,2,5,10,1,26,2025-10-15 08:00:00,2025-10-15 08:30:00,2025-10-15 09:15:00,13.771038,74.901024,"Incident of Theft reported in Udupi district at coordinates (13.7710, 74.9010)."
3854,3854/2025,FIR/3854/2025,2025-02-16,51,26,1,2,5,9,3,26,2025-02-16 18:00:00,2025-02-16 18:30:00,2025-02-16 19:15:00,13.211999,75.12271,"Incident of Theft reported in Udupi district at coordinates (13.2120, 75.1227)."
3855,3855/2025,FIR/3855/2025,2025-08-24,52,26,1,2,5,10,1,26,2025-08-24 05:00:00,2025-08-24 05:30:00,2025-08-24 06:15:00,13.148418,75.058213,"Incident of Theft reported in Udupi district at coordinates (13.1484, 75.0582)."
3856,3856/2025,FIR/3856/2025,2025-09-23,51,26,1,2,5,9,1,26,2025-09-23 17:00:00,2025-09-23 17:30:00,2025-09-23 18:15:00,13.431444,74.999234,"Incident of Theft reported in Udupi district at coordinates (13.4314, 74.9992)."
3857,3857/2025,FIR/3857/2025,2025-01-01,52,26,1,2,5,10,2,26,2025-01-01 05:00:00,2025-01-01 05:30:00,2025-01-01 06:15:00,13.085007,74.940413,"Incident of Theft reported in Udupi district at coordinates (13.0850, 74.9404)."
3858,3858/2025,FIR/3858/2025,2025-03-08,51,26,1,2,5,9,2,26,2025-03-08 02:00:00,2025-03-08 02:30:00,2025-03-08 03:15:00,13.148135,75.048527,"Incident of Theft reported in Udupi district at coordinates (13.1481, 75.0485)."
3859,3859/2025,FIR/3859/2025,2025-05-19,52,26,1,2,5,10,1,26,2025-05-19 04:00:00,2025-05-19 04:30:00,2025-05-19 05:15:00,13.150737,75.06816,"Incident of Theft reported in Udupi district at coordinates (13.1507, 75.0682)."
3860,3860/2025,FIR/3860/2025,2025-05-13,51,26,1,2,5,9,3,26,2025-05-13 05:00:00,2025-05-13 05:30:00,2025-05-13 06:15:00,13.246828,75.047605,"Incident of Theft reported in Udupi district at coordinates (13.2468, 75.0476)."
3861,3861/2025,FIR/3861/2025,2025-02-01,52,26,1,2,5,10,1,26,2025-02-01 18:00:00,2025-02-01 18:30:00,2025-02-01 19:15:00,13.418934,75.00468,"Incident of Theft reported in Udupi district at coordinates (13.4189, 75.0047)."
3862,3862/2025,FIR/3862/2025,2025-08-10,51,26,1,2,5,9,2,26,2025-08-10 19:00:00,2025-08-10 19:30:00,2025-08-10 20:15:00,13.428177,75.01851,"Incident of Theft reported in Udupi district at coordinates (13.4282, 75.0185)."
3863,3863/2025,FIR/3863/2025,2025-11-30,52,26,1,2,5,10,2,26,2025-11-30 00:00:00,2025-11-30 00:30:00,2025-11-30 01:15:00,13.934946,74.613001,"Incident of Theft reported in Udupi district at coordinates (13.9349, 74.6130)."
3864,3864/2025,FIR/3864/2025,2025-05-15,51,26,1,2,5,9,1,26,2025-05-15 19:00:00,2025-05-15 19:30:00,2025-05-15 20:15:00,13.914478,74.607767,"Incident of Theft reported in Udupi district at coordinates (13.9145, 74.6078)."
3865,3865/2025,FIR/3865/2025,2025-11-01,52,26,1,2,5,10,1,26,2025-11-01 16:00:00,2025-11-01 16:30:00,2025-11-01 17:15:00,13.158558,75.0622,"Incident of Theft reported in Udupi district at coordinates (13.1586, 75.0622)."
3866,3866/2025,FIR/3866/2025,2025-11-12,51,26,1,2,5,9,1,26,2025-11-12 17:00:00,2025-11-12 17:30:00,2025-11-12 18:15:00,13.764175,74.93933,"Incident of Theft reported in Udupi district at coordinates (13.7642, 74.9393)."
3867,3867/2025,FIR/3867/2025,2025-04-02,52,26,1,2,5,10,1,26,2025-04-02 20:00:00,2025-04-02 20:30:00,2025-04-02 21:15:00,13.75584,74.952443,"Incident of Theft reported in Udupi district at coordinates (13.7558, 74.9524)."
3868,3868/2025,FIR/3868/2025,2025-11-02,51,26,1,2,5,9,3,26,2025-11-02 23:00:00,2025-11-02 23:30:00,2025-11-02 23:15:00,13.751642,74.945045,"Incident of Theft reported in Udupi district at coordinates (13.7516, 74.9450)."
3869,3869/2025,FIR/3869/2025,2025-02-13,52,26,1,2,5,10,1,26,2025-02-13 10:00:00,2025-02-13 10:30:00,2025-02-13 11:15:00,13.249562,75.049201,"Incident of Theft reported in Udupi district at coordinates (13.2496, 75.0492)."
3870,3870/2025,FIR/3870/2025,2025-03-21,51,26,1,2,5,9,3,26,2025-03-21 00:00:00,2025-03-21 00:30:00,2025-03-21 01:15:00,13.749508,74.92482,"Incident of Theft reported in Udupi district at coordinates (13.7495, 74.9248)."
3871,3871/2025,FIR/3871/2025,2025-04-26,52,26,1,2,5,10,1,26,2025-04-26 07:00:00,2025-04-26 07:30:00,2025-04-26 08:15:00,13.25399,75.04982,"Incident of Theft reported in Udupi district at coordinates (13.2540, 75.0498)."
3872,3872/2025,FIR/3872/2025,2025-08-04,51,26,1,2,5,9,1,26,2025-08-04 10:00:00,2025-08-04 10:30:00,2025-08-04 11:15:00,13.451027,75.022249,"Incident of Theft reported in Udupi district at coordinates (13.4510, 75.0222)."
3873,3873/2025,FIR/3873/2025,2025-08-09,52,26,1,2,5,10,2,26,2025-08-09 12:00:00,2025-08-09 12:30:00,2025-08-09 13:15:00,13.42346,75.002128,"Incident of Theft reported in Udupi district at coordinates (13.4235, 75.0021)."
3874,3874/2025,FIR/3874/2025,2025-11-23,51,26,1,2,5,9,1,26,2025-11-23 14:00:00,2025-11-23 14:30:00,2025-11-23 15:15:00,13.136068,75.062171,"Incident of Theft reported in Udupi district at coordinates (13.1361, 75.0622)."
3875,3875/2025,FIR/3875/2025,2025-03-09,52,26,1,2,5,10,1,26,2025-03-09 05:00:00,2025-03-09 05:30:00,2025-03-09 06:15:00,13.528714,74.808878,"Incident of Theft reported in Udupi district at coordinates (13.5287, 74.8089)."
3876,3876/2025,FIR/3876/2025,2025-11-20,51,26,1,1,4,7,1,26,2025-11-20 08:00:00,2025-11-20 08:30:00,2025-11-20 09:15:00,13.279608,74.909995,"Incident of Robbery reported in Udupi district at coordinates (13.2796, 74.9100)."
3877,3877/2025,FIR/3877/2025,2025-12-28,52,26,1,1,4,8,2,26,2025-12-28 14:00:00,2025-12-28 14:30:00,2025-12-28 15:15:00,13.922276,74.598104,"Incident of Robbery reported in Udupi district at coordinates (13.9223, 74.5981)."
3878,3878/2025,FIR/3878/2025,2025-11-28,51,26,1,1,4,7,2,26,2025-11-28 20:00:00,2025-11-28 20:30:00,2025-11-28 21:15:00,13.415112,75.002326,"Incident of Robbery reported in Udupi district at coordinates (13.4151, 75.0023)."
3879,3879/2025,FIR/3879/2025,2025-05-25,52,26,1,1,4,8,2,26,2025-05-25 12:00:00,2025-05-25 12:30:00,2025-05-25 13:15:00,13.438677,75.023525,"Incident of Robbery reported in Udupi district at coordinates (13.4387, 75.0235)."
3880,3880/2025,FIR/3880/2025,2025-08-25,51,26,1,1,4,7,2,26,2025-08-25 04:00:00,2025-08-25 04:30:00,2025-08-25 05:15:00,13.806743,74.63033,"Incident of Robbery reported in Udupi district at coordinates (13.8067, 74.6303)."
3881,3881/2025,FIR/3881/2025,2025-10-08,52,26,1,1,4,8,3,26,2025-10-08 16:00:00,2025-10-08 16:30:00,2025-10-08 17:15:00,13.756297,74.940885,"Incident of Robbery reported in Udupi district at coordinates (13.7563, 74.9409)."
3882,3882/2025,FIR/3882/2025,2025-05-02,51,26,1,2,3,5,3,26,2025-05-02 19:00:00,2025-05-02 19:30:00,2025-05-02 20:15:00,13.917408,74.604336,"Incident of Chain Snatching reported in Udupi district at coordinates (13.9174, 74.6043)."
3883,3883/2025,FIR/3883/2025,2025-11-05,52,26,1,2,3,6,3,26,2025-11-05 09:00:00,2025-11-05 09:30:00,2025-11-05 10:15:00,13.766363,74.935552,"Incident of Chain Snatching reported in Udupi district at coordinates (13.7664, 74.9356)."
3884,3884/2025,FIR/3884/2025,2025-03-03,51,26,1,2,3,5,3,26,2025-03-03 07:00:00,2025-03-03 07:30:00,2025-03-03 08:15:00,13.128892,75.048922,"Incident of Chain Snatching reported in Udupi district at coordinates (13.1289, 75.0489)."
3885,3885/2025,FIR/3885/2025,2025-10-31,52,26,1,2,2,4,3,26,2025-10-31 08:00:00,2025-10-31 08:30:00,2025-10-31 09:15:00,13.237735,75.060379,"Incident of Burglary reported in Udupi district at coordinates (13.2377, 75.0604)."
3886,3886/2025,FIR/3886/2025,2025-05-27,51,26,1,2,2,3,1,26,2025-05-27 13:00:00,2025-05-27 13:30:00,2025-05-27 14:15:00,13.396854,74.944703,"Incident of Burglary reported in Udupi district at coordinates (13.3969, 74.9447)."
3887,3887/2025,FIR/3887/2025,2025-09-04,52,26,1,2,2,4,1,26,2025-09-04 05:00:00,2025-09-04 05:30:00,2025-09-04 06:15:00,13.743575,74.934797,"Incident of Burglary reported in Udupi district at coordinates (13.7436, 74.9348)."
3888,3888/2025,FIR/3888/2025,2025-06-01,51,26,1,2,2,3,3,26,2025-06-01 05:00:00,2025-06-01 05:30:00,2025-06-01 06:15:00,12.994858,75.022388,"Incident of Burglary reported in Udupi district at coordinates (12.9949, 75.0224)."
3889,3889/2025,FIR/3889/2025,2025-01-17,52,26,1,2,2,4,2,26,2025-01-17 05:00:00,2025-01-17 05:30:00,2025-01-17 06:15:00,13.926998,74.595496,"Incident of Burglary reported in Udupi district at coordinates (13.9270, 74.5955)."
3890,3890/2025,FIR/3890/2025,2025-07-03,51,26,1,2,2,3,3,26,2025-07-03 22:00:00,2025-07-03 22:30:00,2025-07-03 23:15:00,13.928191,74.607244,"Incident of Burglary reported in Udupi district at coordinates (13.9282, 74.6072)."
3891,3891/2025,FIR/3891/2025,2025-03-20,52,26,1,2,2,4,2,26,2025-03-20 09:00:00,2025-03-20 09:30:00,2025-03-20 10:15:00,13.29869,74.946392,"Incident of Burglary reported in Udupi district at coordinates (13.2987, 74.9464)."
3892,3892/2025,FIR/3892/2025,2025-10-16,51,26,1,2,2,3,3,26,2025-10-16 17:00:00,2025-10-16 17:30:00,2025-10-16 18:15:00,13.749977,74.935295,"Incident of Burglary reported in Udupi district at coordinates (13.7500, 74.9353)."
3893,3893/2025,FIR/3893/2025,2025-07-05,52,26,1,2,2,4,3,26,2025-07-05 15:00:00,2025-07-05 15:30:00,2025-07-05 16:15:00,13.758812,74.929522,"Incident of Burglary reported in Udupi district at coordinates (13.7588, 74.9295)."
3894,3894/2025,FIR/3894/2025,2025-11-04,51,26,1,2,2,3,1,26,2025-11-04 04:00:00,2025-11-04 04:30:00,2025-11-04 05:15:00,13.428738,75.005723,"Incident of Burglary reported in Udupi district at coordinates (13.4287, 75.0057)."
3895,3895/2025,FIR/3895/2025,2025-10-01,52,26,1,2,2,4,2,26,2025-10-01 08:00:00,2025-10-01 08:30:00,2025-10-01 09:15:00,13.247526,75.058673,"Incident of Burglary reported in Udupi district at coordinates (13.2475, 75.0587)."
3896,3896/2025,FIR/3896/2025,2025-11-19,51,26,1,2,2,3,3,26,2025-11-19 07:00:00,2025-11-19 07:30:00,2025-11-19 08:15:00,13.303267,74.883065,"Incident of Burglary reported in Udupi district at coordinates (13.3033, 74.8831)."
3897,3897/2025,FIR/3897/2025,2025-02-11,52,26,1,1,1,2,1,26,2025-02-11 12:00:00,2025-02-11 12:30:00,2025-02-11 13:15:00,13.437562,75.020167,"Incident of Assault reported in Udupi district at coordinates (13.4376, 75.0202)."
3898,3898/2025,FIR/3898/2025,2025-10-15,51,26,1,1,1,1,3,26,2025-10-15 03:00:00,2025-10-15 03:30:00,2025-10-15 04:15:00,13.434338,74.997485,"Incident of Assault reported in Udupi district at coordinates (13.4343, 74.9975)."
3899,3899/2025,FIR/3899/2025,2025-07-21,52,26,1,1,1,2,2,26,2025-07-21 23:00:00,2025-07-21 23:30:00,2025-07-21 23:15:00,13.732293,74.950132,"Incident of Assault reported in Udupi district at coordinates (13.7323, 74.9501)."
3900,3900/2025,FIR/3900/2025,2025-04-30,51,26,1,1,1,1,3,26,2025-04-30 22:00:00,2025-04-30 22:30:00,2025-04-30 23:15:00,13.896066,74.601885,"Incident of Assault reported in Udupi district at coordinates (13.8961, 74.6019)."
3901,3901/2025,FIR/3901/2025,2025-03-20,52,26,1,1,1,2,2,26,2025-03-20 12:00:00,2025-03-20 12:30:00,2025-03-20 13:15:00,13.164222,74.85539,"Incident of Assault reported in Udupi district at coordinates (13.1642, 74.8554)."
3902,3902/2025,FIR/3902/2025,2025-11-19,51,26,1,1,1,1,3,26,2025-11-19 16:00:00,2025-11-19 16:30:00,2025-11-19 17:15:00,13.033309,75.028813,"Incident of Assault reported in Udupi district at coordinates (13.0333, 75.0288)."
3903,3903/2025,FIR/3903/2025,2025-05-04,52,26,1,1,1,2,3,26,2025-05-04 23:00:00,2025-05-04 23:30:00,2025-05-04 23:15:00,13.742587,74.923509,"Incident of Assault reported in Udupi district at coordinates (13.7426, 74.9235)."
3904,3904/2025,FIR/3904/2025,2025-01-28,51,26,1,1,1,1,3,26,2025-01-28 20:00:00,2025-01-28 20:30:00,2025-01-28 21:15:00,13.749578,74.938682,"Incident of Assault reported in Udupi district at coordinates (13.7496, 74.9387)."
3905,3905/2025,FIR/3905/2025,2025-04-02,52,26,1,1,1,2,2,26,2025-04-02 23:00:00,2025-04-02 23:30:00,2025-04-02 23:15:00,13.243451,75.06438,"Incident of Assault reported in Udupi district at coordinates (13.2435, 75.0644)."
3906,3906/2025,FIR/3906/2025,2025-05-07,51,26,1,1,1,1,3,26,2025-05-07 08:00:00,2025-05-07 08:30:00,2025-05-07 09:15:00,13.234881,75.039943,"Incident of Assault reported in Udupi district at coordinates (13.2349, 75.0399)."
3907,3907/2025,FIR/3907/2025,2025-12-26,52,26,1,1,1,2,2,26,2025-12-26 04:00:00,2025-12-26 04:30:00,2025-12-26 05:15:00,13.751144,74.936415,"Incident of Assault reported in Udupi district at coordinates (13.7511, 74.9364)."
3908,3908/2025,FIR/3908/2025,2025-06-29,51,26,1,1,1,1,2,26,2025-06-29 15:00:00,2025-06-29 15:30:00,2025-06-29 16:15:00,13.242719,75.066152,"Incident of Assault reported in Udupi district at coordinates (13.2427, 75.0662)."
3909,3909/2025,FIR/3909/2025,2025-02-23,52,26,1,1,1,2,3,26,2025-02-23 08:00:00,2025-02-23 08:30:00,2025-02-23 09:15:00,13.25124,75.059355,"Incident of Assault reported in Udupi district at coordinates (13.2512, 75.0594)."
3910,3910/2025,FIR/3910/2025,2025-09-07,51,26,1,1,1,1,1,26,2025-09-07 18:00:00,2025-09-07 18:30:00,2025-09-07 19:15:00,13.762764,74.932627,"Incident of Assault reported in Udupi district at coordinates (13.7628, 74.9326)."
3911,3911/2025,FIR/3911/2025,2025-05-30,52,26,1,1,1,2,3,26,2025-05-30 13:00:00,2025-05-30 13:30:00,2025-05-30 14:15:00,13.928057,74.59929,"Incident of Assault reported in Udupi district at coordinates (13.9281, 74.5993)."
3912,3912/2025,FIR/3912/2025,2025-09-01,51,26,1,1,1,1,3,26,2025-09-01 03:00:00,2025-09-01 03:30:00,2025-09-01 04:15:00,13.919248,74.613486,"Incident of Assault reported in Udupi district at coordinates (13.9192, 74.6135)."
3913,3913/2025,FIR/3913/2025,2025-05-27,52,26,1,1,1,2,3,26,2025-05-27 09:00:00,2025-05-27 09:30:00,2025-05-27 10:15:00,13.758151,74.942154,"Incident of Assault reported in Udupi district at coordinates (13.7582, 74.9422)."
3914,3914/2025,FIR/3914/2025,2025-08-07,51,26,1,1,1,1,3,26,2025-08-07 17:00:00,2025-08-07 17:30:00,2025-08-07 18:15:00,13.761234,74.93957,"Incident of Assault reported in Udupi district at coordinates (13.7612, 74.9396)."
3915,3915/2025,FIR/3915/2025,2025-12-21,52,26,1,1,1,2,2,26,2025-12-21 17:00:00,2025-12-21 17:30:00,2025-12-21 18:15:00,13.23993,75.058871,"Incident of Assault reported in Udupi district at coordinates (13.2399, 75.0589)."
3916,3916/2025,FIR/3916/2025,2025-02-27,51,26,1,1,1,1,1,26,2025-02-27 16:00:00,2025-02-27 16:30:00,2025-02-27 17:15:00,13.43266,75.010783,"Incident of Assault reported in Udupi district at coordinates (13.4327, 75.0108)."
3917,3917/2025,FIR/3917/2025,2025-04-15,54,27,1,2,5,10,1,27,2025-04-15 15:00:00,2025-04-15 15:30:00,2025-04-15 16:15:00,15.177983,74.729381,"Incident of Theft reported in Uttar Kannand district at coordinates (15.1780, 74.7294)."
3918,3918/2025,FIR/3918/2025,2025-07-14,53,27,1,2,5,9,2,27,2025-07-14 07:00:00,2025-07-14 07:30:00,2025-07-14 08:15:00,15.147347,74.320648,"Incident of Theft reported in Uttar Kannand district at coordinates (15.1473, 74.3206)."
3919,3919/2025,FIR/3919/2025,2025-12-14,54,27,1,2,5,10,3,27,2025-12-14 07:00:00,2025-12-14 07:30:00,2025-12-14 08:15:00,14.897379,74.628129,"Incident of Theft reported in Uttar Kannand district at coordinates (14.8974, 74.6281)."
3920,3920/2025,FIR/3920/2025,2025-04-05,53,27,1,2,5,9,1,27,2025-04-05 17:00:00,2025-04-05 17:30:00,2025-04-05 18:15:00,15.011793,74.381355,"Incident of Theft reported in Uttar Kannand district at coordinates (15.0118, 74.3814)."
3921,3921/2025,FIR/3921/2025,2025-04-29,54,27,1,2,5,10,1,27,2025-04-29 10:00:00,2025-04-29 10:30:00,2025-04-29 11:15:00,14.631792,74.714687,"Incident of Theft reported in Uttar Kannand district at coordinates (14.6318, 74.7147)."
3922,3922/2025,FIR/3922/2025,2025-02-12,53,27,1,2,5,9,1,27,2025-02-12 10:00:00,2025-02-12 10:30:00,2025-02-12 11:15:00,15.346494,74.377253,"Incident of Theft reported in Uttar Kannand district at coordinates (15.3465, 74.3773)."
3923,3923/2025,FIR/3923/2025,2025-02-01,54,27,1,2,5,10,3,27,2025-02-01 02:00:00,2025-02-01 02:30:00,2025-02-01 03:15:00,14.772889,74.826213,"Incident of Theft reported in Uttar Kannand district at coordinates (14.7729, 74.8262)."
3924,3924/2025,FIR/3924/2025,2025-05-08,53,27,1,2,5,9,1,27,2025-05-08 08:00:00,2025-05-08 08:30:00,2025-05-08 09:15:00,14.978525,75.016744,"Incident of Theft reported in Uttar Kannand district at coordinates (14.9785, 75.0167)."
3925,3925/2025,FIR/3925/2025,2025-07-16,54,27,1,2,5,10,3,27,2025-07-16 09:00:00,2025-07-16 09:30:00,2025-07-16 10:15:00,15.018457,74.3707,"Incident of Theft reported in Uttar Kannand district at coordinates (15.0185, 74.3707)."
3926,3926/2025,FIR/3926/2025,2025-01-14,53,27,1,2,5,9,1,27,2025-01-14 09:00:00,2025-01-14 09:30:00,2025-01-14 10:15:00,14.892732,74.61851,"Incident of Theft reported in Uttar Kannand district at coordinates (14.8927, 74.6185)."
3927,3927/2025,FIR/3927/2025,2025-10-30,54,27,1,2,5,10,1,27,2025-10-30 07:00:00,2025-10-30 07:30:00,2025-10-30 08:15:00,15.17577,74.73777,"Incident of Theft reported in Uttar Kannand district at coordinates (15.1758, 74.7378)."
3928,3928/2025,FIR/3928/2025,2025-01-09,53,27,1,2,5,9,3,27,2025-01-09 03:00:00,2025-01-09 03:30:00,2025-01-09 04:15:00,15.170621,74.74409,"Incident of Theft reported in Uttar Kannand district at coordinates (15.1706, 74.7441)."
3929,3929/2025,FIR/3929/2025,2025-06-12,54,27,1,2,5,10,1,27,2025-06-12 11:00:00,2025-06-12 11:30:00,2025-06-12 12:15:00,15.173662,74.734873,"Incident of Theft reported in Uttar Kannand district at coordinates (15.1737, 74.7349)."
3930,3930/2025,FIR/3930/2025,2025-06-06,53,27,1,2,5,9,2,27,2025-06-06 10:00:00,2025-06-06 10:30:00,2025-06-06 11:15:00,15.17848,74.747636,"Incident of Theft reported in Uttar Kannand district at coordinates (15.1785, 74.7476)."
3931,3931/2025,FIR/3931/2025,2025-10-28,54,27,1,2,5,10,2,27,2025-10-28 08:00:00,2025-10-28 08:30:00,2025-10-28 09:15:00,15.190732,74.747234,"Incident of Theft reported in Uttar Kannand district at coordinates (15.1907, 74.7472)."
3932,3932/2025,FIR/3932/2025,2025-12-29,53,27,1,2,5,9,1,27,2025-12-29 02:00:00,2025-12-29 02:30:00,2025-12-29 03:15:00,15.033769,74.925175,"Incident of Theft reported in Uttar Kannand district at coordinates (15.0338, 74.9252)."
3933,3933/2025,FIR/3933/2025,2025-12-21,54,27,1,2,5,10,2,27,2025-12-21 22:00:00,2025-12-21 22:30:00,2025-12-21 23:15:00,14.855022,74.501586,"Incident of Theft reported in Uttar Kannand district at coordinates (14.8550, 74.5016)."
3934,3934/2025,FIR/3934/2025,2025-03-29,53,27,1,2,5,9,2,27,2025-03-29 02:00:00,2025-03-29 02:30:00,2025-03-29 03:15:00,15.013563,74.388038,"Incident of Theft reported in Uttar Kannand district at coordinates (15.0136, 74.3880)."
3935,3935/2025,FIR/3935/2025,2025-08-06,54,27,1,2,5,10,3,27,2025-08-06 02:00:00,2025-08-06 02:30:00,2025-08-06 03:15:00,15.008774,74.373013,"Incident of Theft reported in Uttar Kannand district at coordinates (15.0088, 74.3730)."
3936,3936/2025,FIR/3936/2025,2025-05-13,53,27,1,2,5,9,3,27,2025-05-13 19:00:00,2025-05-13 19:30:00,2025-05-13 20:15:00,15.166479,74.740087,"Incident of Theft reported in Uttar Kannand district at coordinates (15.1665, 74.7401)."
3937,3937/2025,FIR/3937/2025,2025-07-22,54,27,1,2,5,10,3,27,2025-07-22 08:00:00,2025-07-22 08:30:00,2025-07-22 09:15:00,14.634312,74.943913,"Incident of Theft reported in Uttar Kannand district at coordinates (14.6343, 74.9439)."
3938,3938/2025,FIR/3938/2025,2025-11-15,53,27,1,2,5,9,2,27,2025-11-15 17:00:00,2025-11-15 17:30:00,2025-11-15 18:15:00,15.163484,74.754439,"Incident of Theft reported in Uttar Kannand district at coordinates (15.1635, 74.7544)."
3939,3939/2025,FIR/3939/2025,2025-11-20,54,27,1,2,5,10,1,27,2025-11-20 22:00:00,2025-11-20 22:30:00,2025-11-20 23:15:00,15.168354,74.741119,"Incident of Theft reported in Uttar Kannand district at coordinates (15.1684, 74.7411)."
3940,3940/2025,FIR/3940/2025,2025-06-23,53,27,1,2,5,9,2,27,2025-06-23 01:00:00,2025-06-23 01:30:00,2025-06-23 02:15:00,15.347682,74.585389,"Incident of Theft reported in Uttar Kannand district at coordinates (15.3477, 74.5854)."
3941,3941/2025,FIR/3941/2025,2025-04-16,54,27,1,2,5,10,1,27,2025-04-16 06:00:00,2025-04-16 06:30:00,2025-04-16 07:15:00,15.020607,74.387781,"Incident of Theft reported in Uttar Kannand district at coordinates (15.0206, 74.3878)."
3942,3942/2025,FIR/3942/2025,2025-05-01,53,27,1,2,5,9,3,27,2025-05-01 01:00:00,2025-05-01 01:30:00,2025-05-01 02:15:00,14.888916,74.640376,"Incident of Theft reported in Uttar Kannand district at coordinates (14.8889, 74.6404)."
3943,3943/2025,FIR/3943/2025,2025-07-14,54,27,1,2,5,10,3,27,2025-07-14 20:00:00,2025-07-14 20:30:00,2025-07-14 21:15:00,14.908825,74.628648,"Incident of Theft reported in Uttar Kannand district at coordinates (14.9088, 74.6286)."
3944,3944/2025,FIR/3944/2025,2025-09-18,53,27,1,2,5,9,1,27,2025-09-18 16:00:00,2025-09-18 16:30:00,2025-09-18 17:15:00,15.172945,74.75312,"Incident of Theft reported in Uttar Kannand district at coordinates (15.1729, 74.7531)."
3945,3945/2025,FIR/3945/2025,2025-09-17,54,27,1,2,5,10,2,27,2025-09-17 12:00:00,2025-09-17 12:30:00,2025-09-17 13:15:00,14.290895,74.425745,"Incident of Theft reported in Uttar Kannand district at coordinates (14.2909, 74.4257)."
3946,3946/2025,FIR/3946/2025,2025-08-17,53,27,1,2,5,9,2,27,2025-08-17 00:00:00,2025-08-17 00:30:00,2025-08-17 01:15:00,15.020855,74.381431,"Incident of Theft reported in Uttar Kannand district at coordinates (15.0209, 74.3814)."
3947,3947/2025,FIR/3947/2025,2025-01-30,54,27,1,2,5,10,2,27,2025-01-30 22:00:00,2025-01-30 22:30:00,2025-01-30 23:15:00,15.001609,74.387025,"Incident of Theft reported in Uttar Kannand district at coordinates (15.0016, 74.3870)."
3948,3948/2025,FIR/3948/2025,2025-05-05,53,27,1,2,5,9,1,27,2025-05-05 09:00:00,2025-05-05 09:30:00,2025-05-05 10:15:00,14.901677,74.622406,"Incident of Theft reported in Uttar Kannand district at coordinates (14.9017, 74.6224)."
3949,3949/2025,FIR/3949/2025,2025-10-23,54,27,1,2,5,10,1,27,2025-10-23 05:00:00,2025-10-23 05:30:00,2025-10-23 06:15:00,14.894709,74.618374,"Incident of Theft reported in Uttar Kannand district at coordinates (14.8947, 74.6184)."
3950,3950/2025,FIR/3950/2025,2025-08-02,53,27,1,2,5,9,1,27,2025-08-02 16:00:00,2025-08-02 16:30:00,2025-08-02 17:15:00,14.886366,74.638422,"Incident of Theft reported in Uttar Kannand district at coordinates (14.8864, 74.6384)."
3951,3951/2025,FIR/3951/2025,2025-06-19,54,27,1,2,5,10,3,27,2025-06-19 06:00:00,2025-06-19 06:30:00,2025-06-19 07:15:00,14.90659,74.63815,"Incident of Theft reported in Uttar Kannand district at coordinates (14.9066, 74.6381)."
3952,3952/2025,FIR/3952/2025,2025-06-25,53,27,1,2,5,9,2,27,2025-06-25 05:00:00,2025-06-25 05:30:00,2025-06-25 06:15:00,14.8939,74.615814,"Incident of Theft reported in Uttar Kannand district at coordinates (14.8939, 74.6158)."
3953,3953/2025,FIR/3953/2025,2025-01-06,54,27,1,2,5,10,1,27,2025-01-06 18:00:00,2025-01-06 18:30:00,2025-01-06 19:15:00,14.262622,74.822137,"Incident of Theft reported in Uttar Kannand district at coordinates (14.2626, 74.8221)."
3954,3954/2025,FIR/3954/2025,2025-04-19,53,27,1,2,5,9,1,27,2025-04-19 07:00:00,2025-04-19 07:30:00,2025-04-19 08:15:00,14.808715,75.059476,"Incident of Theft reported in Uttar Kannand district at coordinates (14.8087, 75.0595)."
3955,3955/2025,FIR/3955/2025,2025-11-30,54,27,1,2,5,10,3,27,2025-11-30 15:00:00,2025-11-30 15:30:00,2025-11-30 16:15:00,15.165774,74.752003,"Incident of Theft reported in Uttar Kannand district at coordinates (15.1658, 74.7520)."
3956,3956/2025,FIR/3956/2025,2025-01-23,53,27,1,2,5,9,2,27,2025-01-23 05:00:00,2025-01-23 05:30:00,2025-01-23 06:15:00,14.914193,74.627352,"Incident of Theft reported in Uttar Kannand district at coordinates (14.9142, 74.6274)."
3957,3957/2025,FIR/3957/2025,2025-07-25,54,27,1,1,4,8,2,27,2025-07-25 16:00:00,2025-07-25 16:30:00,2025-07-25 17:15:00,15.006126,74.373373,"Incident of Robbery reported in Uttar Kannand district at coordinates (15.0061, 74.3734)."
3958,3958/2025,FIR/3958/2025,2025-11-07,53,27,1,1,4,7,1,27,2025-11-07 01:00:00,2025-11-07 01:30:00,2025-11-07 02:15:00,14.894675,74.626024,"Incident of Robbery reported in Uttar Kannand district at coordinates (14.8947, 74.6260)."
3959,3959/2025,FIR/3959/2025,2025-04-20,54,27,1,1,4,8,2,27,2025-04-20 13:00:00,2025-04-20 13:30:00,2025-04-20 14:15:00,14.899635,74.625584,"Incident of Robbery reported in Uttar Kannand district at coordinates (14.8996, 74.6256)."
3960,3960/2025,FIR/3960/2025,2025-08-13,53,27,1,1,4,7,2,27,2025-08-13 11:00:00,2025-08-13 11:30:00,2025-08-13 12:15:00,14.891656,74.630968,"Incident of Robbery reported in Uttar Kannand district at coordinates (14.8917, 74.6310)."
3961,3961/2025,FIR/3961/2025,2025-06-23,54,27,1,1,4,8,2,27,2025-06-23 09:00:00,2025-06-23 09:30:00,2025-06-23 10:15:00,15.012875,74.390334,"Incident of Robbery reported in Uttar Kannand district at coordinates (15.0129, 74.3903)."
3962,3962/2025,FIR/3962/2025,2025-09-29,53,27,1,1,4,7,3,27,2025-09-29 09:00:00,2025-09-29 09:30:00,2025-09-29 10:15:00,14.885552,74.611277,"Incident of Robbery reported in Uttar Kannand district at coordinates (14.8856, 74.6113)."
3963,3963/2025,FIR/3963/2025,2025-06-19,54,27,1,2,3,6,2,27,2025-06-19 20:00:00,2025-06-19 20:30:00,2025-06-19 21:15:00,14.281029,74.639591,"Incident of Chain Snatching reported in Uttar Kannand district at coordinates (14.2810, 74.6396)."
3964,3964/2025,FIR/3964/2025,2025-09-12,53,27,1,2,3,5,3,27,2025-09-12 14:00:00,2025-09-12 14:30:00,2025-09-12 15:15:00,15.18061,74.750375,"Incident of Chain Snatching reported in Uttar Kannand district at coordinates (15.1806, 74.7504)."
3965,3965/2025,FIR/3965/2025,2025-03-19,54,27,1,2,3,6,2,27,2025-03-19 01:00:00,2025-03-19 01:30:00,2025-03-19 02:15:00,15.163366,74.733792,"Incident of Chain Snatching reported in Uttar Kannand district at coordinates (15.1634, 74.7338)."
3966,3966/2025,FIR/3966/2025,2025-01-24,53,27,1,2,2,3,1,27,2025-01-24 00:00:00,2025-01-24 00:30:00,2025-01-24 01:15:00,14.897396,74.634714,"Incident of Burglary reported in Uttar Kannand district at coordinates (14.8974, 74.6347)."
3967,3967/2025,FIR/3967/2025,2025-02-15,54,27,1,2,2,4,1,27,2025-02-15 14:00:00,2025-02-15 14:30:00,2025-02-15 15:15:00,14.891393,74.137064,"Incident of Burglary reported in Uttar Kannand district at coordinates (14.8914, 74.1371)."
3968,3968/2025,FIR/3968/2025,2025-07-01,53,27,1,2,2,3,1,27,2025-07-01 17:00:00,2025-07-01 17:30:00,2025-07-01 18:15:00,15.178514,74.736182,"Incident of Burglary reported in Uttar Kannand district at coordinates (15.1785, 74.7362)."
3969,3969/2025,FIR/3969/2025,2025-12-18,54,27,1,2,2,4,2,27,2025-12-18 21:00:00,2025-12-18 21:30:00,2025-12-18 22:15:00,14.887136,74.631634,"Incident of Burglary reported in Uttar Kannand district at coordinates (14.8871, 74.6316)."
3970,3970/2025,FIR/3970/2025,2025-02-25,53,27,1,2,2,3,1,27,2025-02-25 20:00:00,2025-02-25 20:30:00,2025-02-25 21:15:00,15.1864,74.734797,"Incident of Burglary reported in Uttar Kannand district at coordinates (15.1864, 74.7348)."
3971,3971/2025,FIR/3971/2025,2025-02-09,54,27,1,2,2,4,1,27,2025-02-09 15:00:00,2025-02-09 15:30:00,2025-02-09 16:15:00,14.401308,74.507566,"Incident of Burglary reported in Uttar Kannand district at coordinates (14.4013, 74.5076)."
3972,3972/2025,FIR/3972/2025,2025-07-31,53,27,1,2,2,3,3,27,2025-07-31 20:00:00,2025-07-31 20:30:00,2025-07-31 21:15:00,15.252829,74.793107,"Incident of Burglary reported in Uttar Kannand district at coordinates (15.2528, 74.7931)."
3973,3973/2025,FIR/3973/2025,2025-10-28,54,27,1,2,2,4,1,27,2025-10-28 03:00:00,2025-10-28 03:30:00,2025-10-28 04:15:00,14.914184,74.632477,"Incident of Burglary reported in Uttar Kannand district at coordinates (14.9142, 74.6325)."
3974,3974/2025,FIR/3974/2025,2025-12-30,53,27,1,2,2,3,1,27,2025-12-30 04:00:00,2025-12-30 04:30:00,2025-12-30 05:15:00,14.903652,74.628207,"Incident of Burglary reported in Uttar Kannand district at coordinates (14.9037, 74.6282)."
3975,3975/2025,FIR/3975/2025,2025-04-20,54,27,1,2,2,4,1,27,2025-04-20 03:00:00,2025-04-20 03:30:00,2025-04-20 04:15:00,15.024107,74.380853,"Incident of Burglary reported in Uttar Kannand district at coordinates (15.0241, 74.3809)."
3976,3976/2025,FIR/3976/2025,2025-09-19,53,27,1,2,2,3,2,27,2025-09-19 14:00:00,2025-09-19 14:30:00,2025-09-19 15:15:00,14.8181,74.411318,"Incident of Burglary reported in Uttar Kannand district at coordinates (14.8181, 74.4113)."
3977,3977/2025,FIR/3977/2025,2025-10-09,54,27,1,2,2,4,3,27,2025-10-09 17:00:00,2025-10-09 17:30:00,2025-10-09 18:15:00,15.026679,74.386338,"Incident of Burglary reported in Uttar Kannand district at coordinates (15.0267, 74.3863)."
3978,3978/2025,FIR/3978/2025,2025-06-30,53,27,1,1,1,1,2,27,2025-06-30 03:00:00,2025-06-30 03:30:00,2025-06-30 04:15:00,15.175881,74.747835,"Incident of Assault reported in Uttar Kannand district at coordinates (15.1759, 74.7478)."
3979,3979/2025,FIR/3979/2025,2025-03-05,54,27,1,1,1,2,2,27,2025-03-05 19:00:00,2025-03-05 19:30:00,2025-03-05 20:15:00,15.018003,74.394635,"Incident of Assault reported in Uttar Kannand district at coordinates (15.0180, 74.3946)."
3980,3980/2025,FIR/3980/2025,2025-09-15,53,27,1,1,1,1,1,27,2025-09-15 06:00:00,2025-09-15 06:30:00,2025-09-15 07:15:00,15.165946,74.750495,"Incident of Assault reported in Uttar Kannand district at coordinates (15.1659, 74.7505)."
3981,3981/2025,FIR/3981/2025,2025-09-01,54,27,1,1,1,2,1,27,2025-09-01 03:00:00,2025-09-01 03:30:00,2025-09-01 04:15:00,14.901269,74.636865,"Incident of Assault reported in Uttar Kannand district at coordinates (14.9013, 74.6369)."
3982,3982/2025,FIR/3982/2025,2025-11-16,53,27,1,1,1,1,2,27,2025-11-16 20:00:00,2025-11-16 20:30:00,2025-11-16 21:15:00,14.900885,74.64059,"Incident of Assault reported in Uttar Kannand district at coordinates (14.9009, 74.6406)."
3983,3983/2025,FIR/3983/2025,2025-03-15,54,27,1,1,1,2,3,27,2025-03-15 21:00:00,2025-03-15 21:30:00,2025-03-15 22:15:00,14.474708,74.405882,"Incident of Assault reported in Uttar Kannand district at coordinates (14.4747, 74.4059)."
3984,3984/2025,FIR/3984/2025,2025-09-15,53,27,1,1,1,1,1,27,2025-09-15 18:00:00,2025-09-15 18:30:00,2025-09-15 19:15:00,14.622266,74.737142,"Incident of Assault reported in Uttar Kannand district at coordinates (14.6223, 74.7371)."
3985,3985/2025,FIR/3985/2025,2025-02-02,54,27,1,1,1,2,2,27,2025-02-02 01:00:00,2025-02-02 01:30:00,2025-02-02 02:15:00,15.170729,74.74397,"Incident of Assault reported in Uttar Kannand district at coordinates (15.1707, 74.7440)."
3986,3986/2025,FIR/3986/2025,2025-03-23,53,27,1,1,1,1,2,27,2025-03-23 16:00:00,2025-03-23 16:30:00,2025-03-23 17:15:00,14.906953,74.705262,"Incident of Assault reported in Uttar Kannand district at coordinates (14.9070, 74.7053)."
3987,3987/2025,FIR/3987/2025,2025-03-23,54,27,1,1,1,2,1,27,2025-03-23 10:00:00,2025-03-23 10:30:00,2025-03-23 11:15:00,15.01259,74.396046,"Incident of Assault reported in Uttar Kannand district at coordinates (15.0126, 74.3960)."
3988,3988/2025,FIR/3988/2025,2025-09-14,53,27,1,1,1,1,1,27,2025-09-14 04:00:00,2025-09-14 04:30:00,2025-09-14 05:15:00,15.025078,74.391528,"Incident of Assault reported in Uttar Kannand district at coordinates (15.0251, 74.3915)."
3989,3989/2025,FIR/3989/2025,2025-08-05,54,27,1,1,1,2,3,27,2025-08-05 21:00:00,2025-08-05 21:30:00,2025-08-05 22:15:00,15.175663,74.761099,"Incident of Assault reported in Uttar Kannand district at coordinates (15.1757, 74.7611)."
3990,3990/2025,FIR/3990/2025,2025-07-06,53,27,1,1,1,1,3,27,2025-07-06 10:00:00,2025-07-06 10:30:00,2025-07-06 11:15:00,15.171665,74.741366,"Incident of Assault reported in Uttar Kannand district at coordinates (15.1717, 74.7414)."
3991,3991/2025,FIR/3991/2025,2025-03-02,54,27,1,1,1,2,2,27,2025-03-02 16:00:00,2025-03-02 16:30:00,2025-03-02 17:15:00,15.01638,74.38536,"Incident of Assault reported in Uttar Kannand district at coordinates (15.0164, 74.3854)."
3992,3992/2025,FIR/3992/2025,2025-03-10,53,27,1,1,1,1,1,27,2025-03-10 13:00:00,2025-03-10 13:30:00,2025-03-10 14:15:00,14.89278,74.298098,"Incident of Assault reported in Uttar Kannand district at coordinates (14.8928, 74.2981)."
3993,3993/2025,FIR/3993/2025,2025-02-07,54,27,1,1,1,2,2,27,2025-02-07 14:00:00,2025-02-07 14:30:00,2025-02-07 15:15:00,15.179728,74.74889,"Incident of Assault reported in Uttar Kannand district at coordinates (15.1797, 74.7489)."
3994,3994/2025,FIR/3994/2025,2025-09-01,53,27,1,1,1,1,1,27,2025-09-01 18:00:00,2025-09-01 18:30:00,2025-09-01 19:15:00,14.367179,74.544145,"Incident of Assault reported in Uttar Kannand district at coordinates (14.3672, 74.5441)."
3995,3995/2025,FIR/3995/2025,2025-09-08,54,27,1,1,1,2,2,27,2025-09-08 00:00:00,2025-09-08 00:30:00,2025-09-08 01:15:00,15.163544,74.756929,"Incident of Assault reported in Uttar Kannand district at coordinates (15.1635, 74.7569)."
3996,3996/2025,FIR/3996/2025,2025-08-20,53,27,1,1,1,1,3,27,2025-08-20 10:00:00,2025-08-20 10:30:00,2025-08-20 11:15:00,14.892583,74.630068,"Incident of Assault reported in Uttar Kannand district at coordinates (14.8926, 74.6301)."
3997,3997/2025,FIR/3997/2025,2025-03-03,54,27,1,1,1,2,2,27,2025-03-03 01:00:00,2025-03-03 01:30:00,2025-03-03 02:15:00,15.027098,74.395721,"Incident of Assault reported in Uttar Kannand district at coordinates (15.0271, 74.3957)."
