CSID,CaseMasterID,csdate,cstype
1,1,2025-02-07 10:00:00,A
2,2,2025-10-08 10:00:00,C
3,3,2025-06-01 10:00:00,A
4,4,2025-06-10 10:00:00,A
5,5,2025-05-01 10:00:00,A
6,6,2025-04-20 10:00:00,A
7,7,2025-04-10 10:00:00,A
8,8,2025-09-13 10:00:00,A
9,9,2025-09-27 10:00:00,A
10,10,2025-03-06 10:00:00,A
11,11,2025-01-09 10:00:00,A
12,12,2025-12-17 10:00:00,A
13,13,2025-04-27 10:00:00,A
14,14,2025-06-04 10:00:00,A
15,15,2025-10-19 10:00:00,A
16,16,2025-11-02 10:00:00,A
17,17,2025-07-18 10:00:00,A
18,18,2025-06-22 10:00:00,A
19,19,2025-10-28 10:00:00,A
20,20,2025-03-19 10:00:00,A
21,21,2025-02-05 10:00:00,A
22,22,2025-11-21 10:00:00,A
23,23,2025-04-24 10:00:00,A
24,24,2025-10-15 10:00:00,A
25,25,2025-01-28 10:00:00,A
26,26,2025-09-08 10:00:00,A
27,27,2025-12-23 10:00:00,A
28,28,2025-07-04 10:00:00,A
29,29,2025-04-16 10:00:00,A
30,30,2025-03-19 10:00:00,C
31,31,2025-05-11 10:00:00,A
32,32,2025-04-01 10:00:00,A
33,33,2025-11-01 10:00:00,A
34,34,2025-11-16 10:00:00,A
35,35,2025-06-12 10:00:00,A
36,36,2025-07-22 10:00:00,A
37,37,2025-11-15 10:00:00,B
38,38,2025-06-23 10:00:00,A
39,39,2025-08-12 10:00:00,A
40,40,2025-01-22 10:00:00,A
41,41,2025-06-14 10:00:00,A
42,42,2025-07-22 10:00:00,A
43,43,2025-06-22 10:00:00,A
44,44,2025-02-24 10:00:00,B
45,45,2025-04-03 10:00:00,A
46,46,2025-02-11 10:00:00,A
47,47,2025-08-07 10:00:00,A
48,48,2025-10-17 10:00:00,A
49,49,2025-01-02 10:00:00,A
50,50,2025-06-19 10:00:00,A
51,51,2025-01-12 10:00:00,A
52,52,2025-12-07 10:00:00,A
53,53,2025-07-27 10:00:00,A
54,54,2025-06-09 10:00:00,A
55,55,2025-04-27 10:00:00,A
56,56,2025-08-01 10:00:00,A
57,57,2025-06-15 10:00:00,A
58,58,2025-08-03 10:00:00,A
59,59,2025-01-07 10:00:00,A
60,60,2025-04-08 10:00:00,A
61,61,2025-10-12 10:00:00,A
62,62,2025-02-17 10:00:00,A
63,63,2025-09-10 10:00:00,A
64,64,2025-02-04 10:00:00,A
65,65,2025-04-20 10:00:00,A
66,66,2025-01-17 10:00:00,A
67,67,2025-07-12 10:00:00,A
68,68,2025-09-25 10:00:00,A
69,69,2025-03-20 10:00:00,A
70,70,2025-02-18 10:00:00,A
71,71,2025-04-13 10:00:00,A
72,72,2025-02-10 10:00:00,A
73,73,2025-08-20 10:00:00,A
74,74,2025-11-13 10:00:00,A
75,75,2025-09-04 10:00:00,A
76,76,2025-06-15 10:00:00,A
77,77,2025-12-11 10:00:00,A
78,78,2025-06-29 10:00:00,A
79,79,2025-01-23 10:00:00,A
80,80,2025-12-17 10:00:00,A
81,81,2025-05-07 10:00:00,A
82,82,2025-06-09 10:00:00,A
83,83,2025-01-10 10:00:00,A
84,84,2025-12-20 10:00:00,C
85,85,2025-04-14 10:00:00,A
86,86,2025-11-10 10:00:00,A
87,87,2025-04-05 10:00:00,A
88,88,2025-02-18 10:00:00,A
89,89,2025-09-26 10:00:00,A
90,90,2025-08-24 10:00:00,A
91,91,2025-05-08 10:00:00,A
92,92,2025-07-12 10:00:00,A
93,93,2025-04-04 10:00:00,A
94,94,2025-09-17 10:00:00,A
95,95,2025-01-23 10:00:00,A
96,96,2025-11-07 10:00:00,A
97,97,2025-03-11 10:00:00,A
98,98,2025-11-02 10:00:00,A
99,99,2025-12-17 10:00:00,A
100,100,2025-11-13 10:00:00,A
101,101,2025-08-31 10:00:00,A
102,102,2025-05-12 10:00:00,A
103,103,2025-03-18 10:00:00,A
104,104,2025-09-13 10:00:00,A
105,105,2025-07-30 10:00:00,A
106,106,2025-02-08 10:00:00,A
107,107,2025-06-28 10:00:00,A
108,108,2025-03-18 10:00:00,A
109,109,2025-03-09 10:00:00,A
110,110,2025-05-07 10:00:00,A
111,111,2025-07-21 10:00:00,A
112,112,2025-07-17 10:00:00,C
113,113,2025-10-06 10:00:00,A
114,114,2025-02-24 10:00:00,A
115,115,2025-03-21 10:00:00,B
116,116,2025-01-31 10:00:00,A
117,117,2025-11-21 10:00:00,A
118,118,2025-09-20 10:00:00,A
119,119,2025-12-02 10:00:00,A
120,120,2025-07-13 10:00:00,A
121,121,2025-08-09 10:00:00,A
122,122,2025-03-25 10:00:00,A
123,123,2025-03-08 10:00:00,A
124,124,2025-10-13 10:00:00,A
125,125,2025-09-11 10:00:00,A
126,126,2025-08-17 10:00:00,A
127,127,2025-08-21 10:00:00,A
128,128,2025-08-30 10:00:00,A
129,129,2025-09-09 10:00:00,A
130,130,2025-09-19 10:00:00,A
131,131,2025-07-03 10:00:00,C
132,132,2025-01-05 10:00:00,A
133,133,2025-01-24 10:00:00,A
134,134,2025-10-07 10:00:00,A
135,135,2025-07-20 10:00:00,A
136,136,2025-05-26 10:00:00,A
137,137,2025-12-11 10:00:00,A
138,138,2025-12-10 10:00:00,A
139,139,2025-07-05 10:00:00,B
140,140,2025-06-18 10:00:00,A
141,141,2025-10-10 10:00:00,A
142,142,2025-03-23 10:00:00,A
143,143,2025-03-23 10:00:00,B
144,144,2025-05-11 10:00:00,A
145,145,2025-01-22 10:00:00,A
146,146,2025-11-24 10:00:00,A
147,147,2025-09-22 10:00:00,A
148,148,2025-04-01 10:00:00,A
149,149,2025-07-26 10:00:00,A
150,150,2025-08-05 10:00:00,A
151,151,2025-06-13 10:00:00,C
152,152,2025-04-23 10:00:00,A
153,153,2025-07-07 10:00:00,A
154,154,2025-06-25 10:00:00,B
155,155,2025-09-01 10:00:00,A
156,156,2025-01-03 10:00:00,A
157,157,2025-02-19 10:00:00,A
158,158,2025-06-28 10:00:00,A
159,159,2025-11-08 10:00:00,A
160,160,2025-03-13 10:00:00,A
161,161,2025-03-19 10:00:00,A
162,162,2025-06-19 10:00:00,C
163,163,2025-03-20 10:00:00,A
164,164,2025-11-18 10:00:00,A
165,165,2025-04-15 10:00:00,A
166,166,2025-02-10 10:00:00,A
167,167,2025-12-16 10:00:00,A
168,168,2025-11-09 10:00:00,A
169,169,2025-11-07 10:00:00,A
170,170,2025-06-07 10:00:00,A
171,171,2025-03-29 10:00:00,A
172,172,2025-05-14 10:00:00,A
173,173,2025-07-15 10:00:00,A
174,174,2025-04-12 10:00:00,A
175,175,2025-07-15 10:00:00,A
176,176,2025-04-08 10:00:00,A
177,177,2025-12-03 10:00:00,A
178,178,2025-05-17 10:00:00,A
179,179,2025-12-30 10:00:00,A
180,180,2025-05-09 10:00:00,A
181,181,2025-03-22 10:00:00,A
182,182,2025-11-08 10:00:00,A
183,183,2025-08-12 10:00:00,C
184,184,2025-06-30 10:00:00,A
185,185,2025-01-23 10:00:00,A
186,186,2025-10-31 10:00:00,A
187,187,2025-02-22 10:00:00,A
188,188,2025-12-02 10:00:00,B
189,189,2025-10-22 10:00:00,A
190,190,2025-08-11 10:00:00,A
191,191,2025-12-03 10:00:00,A
192,192,2025-03-28 10:00:00,A
193,193,2025-05-30 10:00:00,A
194,194,2025-07-15 10:00:00,A
195,195,2025-01-22 10:00:00,A
196,196,2025-02-13 10:00:00,B
197,197,2025-06-25 10:00:00,A
198,198,2025-06-04 10:00:00,A
199,199,2025-02-04 10:00:00,A
200,200,2025-01-31 10:00:00,A
201,201,2025-04-27 10:00:00,A
202,202,2025-04-23 10:00:00,A
203,203,2025-04-18 10:00:00,A
204,204,2025-12-18 10:00:00,A
205,205,2025-12-09 10:00:00,A
206,206,2025-11-29 10:00:00,A
207,207,2025-06-26 10:00:00,A
208,208,2025-05-08 10:00:00,A
209,209,2025-07-04 10:00:00,A
210,210,2025-02-26 10:00:00,A
211,211,2025-03-25 10:00:00,A
212,212,2025-06-01 10:00:00,A
213,213,2025-01-11 10:00:00,B
214,214,2025-11-16 10:00:00,A
215,215,2025-05-28 10:00:00,B
216,216,2025-10-09 10:00:00,A
217,217,2025-10-18 10:00:00,A
218,218,2025-06-12 10:00:00,A
219,219,2025-11-13 10:00:00,A
220,220,2025-05-29 10:00:00,A
221,221,2025-02-20 10:00:00,A
222,222,2025-08-03 10:00:00,A
223,223,2025-09-03 10:00:00,A
224,224,2025-09-02 10:00:00,A
225,225,2025-04-14 10:00:00,A
226,226,2025-01-21 10:00:00,A
227,227,2025-08-30 10:00:00,A
228,228,2025-07-05 10:00:00,A
229,229,2025-02-28 10:00:00,A
230,230,2025-10-15 10:00:00,A
231,231,2025-02-07 10:00:00,A
232,232,2025-12-20 10:00:00,A
233,233,2025-11-30 10:00:00,C
234,234,2025-10-16 10:00:00,A
235,235,2025-04-05 10:00:00,A
236,236,2025-01-12 10:00:00,A
237,237,2025-09-05 10:00:00,A
238,238,2025-11-01 10:00:00,A
239,239,2025-05-09 10:00:00,A
240,240,2025-02-24 10:00:00,A
241,241,2025-06-17 10:00:00,A
242,242,2025-11-24 10:00:00,A
243,243,2025-05-12 10:00:00,A
244,244,2025-12-14 10:00:00,A
245,245,2025-05-24 10:00:00,A
246,246,2025-04-23 10:00:00,A
247,247,2025-11-11 10:00:00,A
248,248,2025-10-23 10:00:00,A
249,249,2025-06-06 10:00:00,A
250,250,2025-05-02 10:00:00,B
251,251,2025-02-18 10:00:00,A
252,252,2025-04-30 10:00:00,A
253,253,2025-02-26 10:00:00,A
254,254,2025-08-01 10:00:00,A
255,255,2025-09-27 10:00:00,A
256,256,2025-07-16 10:00:00,A
257,257,2025-11-04 10:00:00,C
258,258,2025-08-05 10:00:00,A
259,259,2025-10-12 10:00:00,A
260,260,2025-01-21 10:00:00,A
261,261,2025-02-28 10:00:00,A
262,262,2025-07-24 10:00:00,A
263,263,2025-04-01 10:00:00,A
264,264,2025-03-19 10:00:00,A
265,265,2025-01-28 10:00:00,A
266,266,2025-08-21 10:00:00,A
267,267,2025-05-17 10:00:00,A
268,268,2025-11-21 10:00:00,A
269,269,2025-02-28 10:00:00,C
270,270,2025-02-26 10:00:00,A
271,271,2025-02-16 10:00:00,A
272,272,2025-12-29 10:00:00,A
273,273,2025-09-02 10:00:00,A
274,274,2025-12-30 10:00:00,A
275,275,2025-03-11 10:00:00,A
276,276,2025-02-10 10:00:00,A
277,277,2025-07-19 10:00:00,A
278,278,2025-12-26 10:00:00,A
279,279,2025-07-25 10:00:00,A
280,280,2025-06-01 10:00:00,A
281,281,2025-07-07 10:00:00,A
282,282,2025-10-23 10:00:00,A
283,283,2025-01-14 10:00:00,A
284,284,2025-06-07 10:00:00,A
285,285,2025-11-06 10:00:00,B
286,286,2025-05-19 10:00:00,A
287,287,2025-05-17 10:00:00,C
288,288,2025-01-03 10:00:00,A
289,289,2025-12-12 10:00:00,A
290,290,2025-04-02 10:00:00,A
291,291,2025-09-11 10:00:00,A
292,292,2025-06-16 10:00:00,A
293,293,2025-04-23 10:00:00,A
294,294,2025-01-01 10:00:00,A
295,295,2025-09-05 10:00:00,A
296,296,2025-05-19 10:00:00,C
297,297,2025-07-05 10:00:00,A
298,298,2025-04-11 10:00:00,A
299,299,2025-11-25 10:00:00,A
300,300,2025-08-12 10:00:00,A
301,301,2025-05-18 10:00:00,A
302,302,2025-08-25 10:00:00,A
303,303,2025-12-15 10:00:00,A
304,304,2025-06-27 10:00:00,A
305,305,2025-05-26 10:00:00,A
306,306,2025-01-27 10:00:00,A
307,307,2025-10-07 10:00:00,C
308,308,2025-02-23 10:00:00,C
309,309,2025-05-11 10:00:00,A
310,310,2025-03-25 10:00:00,A
311,311,2025-06-04 10:00:00,A
312,312,2025-02-25 10:00:00,A
313,313,2025-01-05 10:00:00,A
314,314,2025-09-08 10:00:00,A
315,315,2025-11-28 10:00:00,A
316,316,2025-07-11 10:00:00,A
317,317,2025-09-07 10:00:00,A
318,318,2025-05-01 10:00:00,A
319,319,2025-11-27 10:00:00,B
320,320,2025-05-16 10:00:00,A
321,321,2025-08-16 10:00:00,A
322,322,2025-05-07 10:00:00,A
323,323,2025-03-26 10:00:00,A
324,324,2025-05-15 10:00:00,A
325,325,2025-04-04 10:00:00,A
326,326,2025-08-04 10:00:00,A
327,327,2025-06-08 10:00:00,A
328,328,2025-08-19 10:00:00,A
329,329,2025-06-11 10:00:00,A
330,330,2025-04-20 10:00:00,A
331,331,2025-05-27 10:00:00,A
332,332,2025-10-01 10:00:00,A
333,333,2025-12-07 10:00:00,A
334,334,2025-11-21 10:00:00,A
335,335,2025-03-28 10:00:00,A
336,336,2025-01-20 10:00:00,A
337,337,2025-10-17 10:00:00,A
338,338,2025-10-27 10:00:00,A
339,339,2025-03-30 10:00:00,A
340,340,2025-03-24 10:00:00,A
341,341,2025-01-25 10:00:00,A
342,342,2025-06-02 10:00:00,A
343,343,2025-02-15 10:00:00,A
344,344,2025-12-22 10:00:00,A
345,345,2025-12-28 10:00:00,C
346,346,2025-02-01 10:00:00,A
347,347,2025-11-04 10:00:00,A
348,348,2025-06-27 10:00:00,A
349,349,2025-02-20 10:00:00,A
350,350,2025-06-23 10:00:00,A
351,351,2025-12-21 10:00:00,A
352,352,2025-09-06 10:00:00,A
353,353,2025-12-07 10:00:00,A
354,354,2025-11-02 10:00:00,A
355,355,2025-08-09 10:00:00,A
356,356,2025-08-03 10:00:00,A
357,357,2025-10-24 10:00:00,A
358,358,2025-05-27 10:00:00,A
359,359,2025-02-15 10:00:00,A
360,360,2025-08-30 10:00:00,A
361,361,2025-09-15 10:00:00,A
362,362,2025-06-18 10:00:00,A
363,363,2025-08-30 10:00:00,A
364,364,2025-03-29 10:00:00,A
365,365,2025-06-06 10:00:00,C
366,366,2025-09-26 10:00:00,A
367,367,2025-06-24 10:00:00,A
368,368,2025-04-16 10:00:00,A
369,369,2025-05-04 10:00:00,A
370,370,2025-01-22 10:00:00,A
371,371,2025-02-12 10:00:00,A
372,372,2025-02-17 10:00:00,A
373,373,2025-02-17 10:00:00,A
374,374,2025-10-29 10:00:00,A
375,375,2025-03-10 10:00:00,A
376,376,2025-07-16 10:00:00,A
377,377,2025-05-23 10:00:00,A
378,378,2025-12-12 10:00:00,A
379,379,2025-01-26 10:00:00,A
380,380,2025-11-26 10:00:00,A
381,381,2025-08-15 10:00:00,A
382,382,2025-04-21 10:00:00,A
383,383,2025-03-07 10:00:00,A
384,384,2025-01-27 10:00:00,B
385,385,2025-09-30 10:00:00,A
386,386,2025-03-06 10:00:00,A
387,387,2025-08-26 10:00:00,A
388,388,2025-07-19 10:00:00,A
389,389,2025-02-23 10:00:00,A
390,390,2025-11-15 10:00:00,A
391,391,2025-05-12 10:00:00,A
392,392,2025-04-20 10:00:00,A
393,393,2025-06-01 10:00:00,A
394,394,2025-10-25 10:00:00,A
395,395,2025-12-08 10:00:00,A
396,396,2025-09-05 10:00:00,A
397,397,2025-02-18 10:00:00,A
398,398,2025-03-25 10:00:00,A
399,399,2025-03-27 10:00:00,A
400,400,2025-04-10 10:00:00,A
401,401,2025-07-03 10:00:00,C
402,402,2025-03-29 10:00:00,A
403,403,2025-02-10 10:00:00,A
404,404,2025-01-21 10:00:00,A
405,405,2025-08-11 10:00:00,A
406,406,2025-07-31 10:00:00,A
407,407,2025-11-15 10:00:00,A
408,408,2025-11-27 10:00:00,A
409,409,2025-12-14 10:00:00,A
410,410,2025-10-15 10:00:00,A
411,411,2025-10-09 10:00:00,C
412,412,2025-01-31 10:00:00,A
413,413,2025-08-14 10:00:00,A
414,414,2025-06-19 10:00:00,A
415,415,2025-12-18 10:00:00,A
416,416,2025-01-23 10:00:00,A
417,417,2025-05-22 10:00:00,C
418,418,2025-06-19 10:00:00,A
419,419,2025-06-15 10:00:00,A
420,420,2025-11-14 10:00:00,A
421,421,2025-09-20 10:00:00,A
422,422,2025-12-19 10:00:00,A
423,423,2025-11-16 10:00:00,A
424,424,2025-01-13 10:00:00,A
425,425,2025-10-17 10:00:00,A
426,426,2025-08-04 10:00:00,A
427,427,2025-01-30 10:00:00,A
428,428,2025-11-19 10:00:00,A
429,429,2025-04-27 10:00:00,A
430,430,2025-03-30 10:00:00,A
431,431,2025-08-12 10:00:00,B
432,432,2025-12-10 10:00:00,A
433,433,2025-01-28 10:00:00,A
434,434,2025-04-05 10:00:00,A
435,435,2025-06-16 10:00:00,A
436,436,2025-04-23 10:00:00,A
437,437,2025-05-01 10:00:00,A
438,438,2025-10-01 10:00:00,A
439,439,2025-10-06 10:00:00,A
440,440,2025-12-05 10:00:00,A
441,441,2025-11-15 10:00:00,A
442,442,2025-04-13 10:00:00,A
443,443,2025-12-17 10:00:00,A
444,444,2025-12-20 10:00:00,A
445,445,2025-01-09 10:00:00,A
446,446,2025-11-27 10:00:00,A
447,447,2025-12-26 10:00:00,A
448,448,2025-01-21 10:00:00,B
449,449,2025-11-02 10:00:00,B
450,450,2025-04-02 10:00:00,A
451,451,2025-08-28 10:00:00,A
452,452,2025-06-23 10:00:00,A
453,453,2025-03-01 10:00:00,A
454,454,2025-07-26 10:00:00,A
455,455,2025-01-17 10:00:00,A
456,456,2025-06-28 10:00:00,A
457,457,2025-09-12 10:00:00,A
458,458,2025-12-16 10:00:00,A
459,459,2025-03-17 10:00:00,A
460,460,2025-01-29 10:00:00,A
461,461,2025-12-01 10:00:00,A
462,462,2025-12-21 10:00:00,A
463,463,2025-01-30 10:00:00,A
464,464,2025-12-01 10:00:00,A
465,465,2025-06-02 10:00:00,A
466,466,2025-07-25 10:00:00,A
467,467,2025-04-11 10:00:00,A
468,468,2025-11-08 10:00:00,A
469,469,2025-04-22 10:00:00,A
470,470,2025-01-03 10:00:00,A
471,471,2025-08-04 10:00:00,A
472,472,2025-04-08 10:00:00,A
473,473,2025-10-10 10:00:00,A
474,474,2025-11-07 10:00:00,B
475,475,2025-06-26 10:00:00,A
476,476,2025-03-12 10:00:00,A
477,477,2025-03-06 10:00:00,A
478,478,2025-10-30 10:00:00,A
479,479,2025-03-11 10:00:00,A
480,480,2025-08-29 10:00:00,A
481,481,2025-01-04 10:00:00,A
482,482,2025-09-04 10:00:00,A
483,483,2025-02-25 10:00:00,A
484,484,2025-11-10 10:00:00,A
485,485,2025-11-26 10:00:00,A
486,486,2025-11-01 10:00:00,A
487,487,2025-01-15 10:00:00,A
488,488,2025-11-30 10:00:00,A
489,489,2025-09-17 10:00:00,B
490,490,2025-04-23 10:00:00,A
491,491,2025-10-03 10:00:00,A
492,492,2025-07-31 10:00:00,A
493,493,2025-06-04 10:00:00,A
494,494,2025-11-19 10:00:00,A
495,495,2025-05-16 10:00:00,A
496,496,2025-10-27 10:00:00,A
497,497,2025-05-20 10:00:00,A
498,498,2025-07-17 10:00:00,A
499,499,2025-10-26 10:00:00,A
500,500,2025-03-22 10:00:00,A
501,501,2025-04-25 10:00:00,A
502,502,2025-08-05 10:00:00,A
503,503,2025-02-23 10:00:00,A
504,504,2025-12-09 10:00:00,A
505,505,2025-11-13 10:00:00,A
506,506,2025-06-04 10:00:00,A
507,507,2025-12-19 10:00:00,A
508,508,2025-03-28 10:00:00,A
509,509,2025-08-20 10:00:00,A
510,510,2025-11-16 10:00:00,A
511,511,2025-12-04 10:00:00,A
512,512,2025-01-08 10:00:00,A
513,513,2025-10-04 10:00:00,A
514,514,2025-06-09 10:00:00,C
515,515,2025-09-20 10:00:00,A
516,516,2025-09-28 10:00:00,A
517,517,2025-05-26 10:00:00,A
518,518,2025-01-24 10:00:00,A
519,519,2025-07-25 10:00:00,A
520,520,2025-06-15 10:00:00,A
521,521,2025-08-21 10:00:00,A
522,522,2025-09-30 10:00:00,A
523,523,2025-06-05 10:00:00,A
524,524,2025-02-09 10:00:00,A
525,525,2025-06-26 10:00:00,A
526,526,2025-05-21 10:00:00,A
527,527,2025-02-03 10:00:00,A
528,528,2025-05-27 10:00:00,A
529,529,2025-12-06 10:00:00,A
530,530,2025-09-24 10:00:00,A
531,531,2025-07-21 10:00:00,A
532,532,2025-08-01 10:00:00,A
533,533,2025-08-19 10:00:00,A
534,534,2025-04-21 10:00:00,A
535,535,2025-07-11 10:00:00,A
536,536,2025-10-20 10:00:00,A
537,537,2025-11-23 10:00:00,A
538,538,2025-07-30 10:00:00,A
539,539,2025-05-12 10:00:00,B
540,540,2025-12-06 10:00:00,A
541,541,2025-06-17 10:00:00,A
542,542,2025-12-24 10:00:00,A
543,543,2025-01-09 10:00:00,A
544,544,2025-08-25 10:00:00,A
545,545,2025-09-23 10:00:00,A
546,546,2025-11-15 10:00:00,A
547,547,2025-10-12 10:00:00,A
548,548,2025-05-22 10:00:00,A
549,549,2025-07-15 10:00:00,A
550,550,2025-07-21 10:00:00,A
551,551,2025-11-17 10:00:00,A
552,552,2025-09-19 10:00:00,A
553,553,2025-02-20 10:00:00,A
554,554,2025-06-23 10:00:00,A
555,555,2025-11-23 10:00:00,A
556,556,2025-07-02 10:00:00,A
557,557,2025-05-12 10:00:00,A
558,558,2025-04-06 10:00:00,A
559,559,2025-10-11 10:00:00,A
560,560,2025-09-23 10:00:00,A
561,561,2025-01-09 10:00:00,A
562,562,2025-02-05 10:00:00,A
563,563,2025-01-09 10:00:00,A
564,564,2025-01-14 10:00:00,A
565,565,2025-11-08 10:00:00,A
566,566,2025-04-03 10:00:00,A
567,567,2025-04-10 10:00:00,A
568,568,2025-05-02 10:00:00,A
569,569,2025-09-07 10:00:00,A
570,570,2025-01-26 10:00:00,A
571,571,2025-09-27 10:00:00,A
572,572,2025-02-08 10:00:00,A
573,573,2025-08-23 10:00:00,A
574,574,2025-01-25 10:00:00,A
575,575,2025-12-23 10:00:00,A
576,576,2025-12-19 10:00:00,A
577,577,2025-12-18 10:00:00,A
578,578,2025-12-07 10:00:00,A
579,579,2025-08-12 10:00:00,A
580,580,2025-07-01 10:00:00,A
581,581,2025-09-16 10:00:00,A
582,582,2025-03-04 10:00:00,B
583,583,2025-04-01 10:00:00,A
584,584,2025-10-03 10:00:00,A
585,585,2025-06-21 10:00:00,A
586,586,2025-04-22 10:00:00,A
587,587,2025-03-23 10:00:00,A
588,588,2025-08-11 10:00:00,A
589,589,2025-07-07 10:00:00,A
590,590,2025-11-14 10:00:00,A
591,591,2025-04-07 10:00:00,A
592,592,2025-08-02 10:00:00,A
593,593,2025-12-13 10:00:00,A
594,594,2025-10-23 10:00:00,A
595,595,2025-06-06 10:00:00,A
596,596,2025-02-27 10:00:00,A
597,597,2025-05-02 10:00:00,A
598,598,2025-08-16 10:00:00,A
599,599,2025-10-16 10:00:00,A
600,600,2025-08-24 10:00:00,A
601,601,2025-06-09 10:00:00,A
602,602,2025-07-25 10:00:00,A
603,603,2025-07-22 10:00:00,C
604,604,2025-11-19 10:00:00,A
605,605,2025-12-26 10:00:00,A
606,606,2025-04-09 10:00:00,A
607,607,2025-05-24 10:00:00,A
608,608,2025-09-15 10:00:00,A
609,609,2025-04-18 10:00:00,A
610,610,2025-10-18 10:00:00,A
611,611,2025-09-09 10:00:00,B
612,612,2025-08-04 10:00:00,A
613,613,2025-03-27 10:00:00,A
614,614,2025-03-24 10:00:00,A
615,615,2025-02-08 10:00:00,A
616,616,2025-01-09 10:00:00,A
617,617,2025-09-27 10:00:00,B
618,618,2025-03-03 10:00:00,A
619,619,2025-03-20 10:00:00,C
620,620,2025-05-02 10:00:00,A
621,621,2025-07-11 10:00:00,C
622,622,2025-05-15 10:00:00,C
623,623,2025-01-17 10:00:00,A
624,624,2025-12-04 10:00:00,A
625,625,2025-01-14 10:00:00,A
626,626,2025-01-23 10:00:00,C
627,627,2025-01-18 10:00:00,A
628,628,2025-03-31 10:00:00,A
629,629,2025-10-02 10:00:00,A
630,630,2025-12-16 10:00:00,A
631,631,2025-11-15 10:00:00,A
632,632,2025-12-19 10:00:00,A
633,633,2025-05-30 10:00:00,A
634,634,2025-05-11 10:00:00,A
635,635,2025-01-27 10:00:00,A
636,636,2025-09-19 10:00:00,A
637,637,2025-10-01 10:00:00,A
638,638,2025-09-11 10:00:00,A
639,639,2025-05-22 10:00:00,A
640,640,2025-09-26 10:00:00,A
641,641,2025-02-28 10:00:00,A
642,642,2025-06-27 10:00:00,A
643,643,2025-10-07 10:00:00,A
644,644,2025-10-15 10:00:00,A
645,645,2025-12-17 10:00:00,A
646,646,2025-12-23 10:00:00,A
647,647,2025-08-30 10:00:00,A
648,648,2025-11-29 10:00:00,A
649,649,2025-06-26 10:00:00,A
650,650,2025-08-25 10:00:00,A
651,651,2025-05-29 10:00:00,A
652,652,2025-06-25 10:00:00,A
653,653,2025-10-23 10:00:00,A
654,654,2025-07-15 10:00:00,A
655,655,2025-04-09 10:00:00,A
656,656,2025-08-28 10:00:00,A
657,657,2025-06-21 10:00:00,A
658,658,2025-06-27 10:00:00,B
659,659,2025-08-26 10:00:00,A
660,660,2025-11-24 10:00:00,A
661,661,2025-02-22 10:00:00,A
662,662,2025-09-12 10:00:00,A
663,663,2025-03-19 10:00:00,A
664,664,2025-01-27 10:00:00,A
665,665,2025-09-24 10:00:00,A
666,666,2025-06-19 10:00:00,A
667,667,2025-02-04 10:00:00,A
668,668,2025-09-24 10:00:00,A
669,669,2025-11-12 10:00:00,A
670,670,2025-01-20 10:00:00,A
671,671,2025-05-05 10:00:00,C
672,672,2025-06-02 10:00:00,A
673,673,2025-10-25 10:00:00,A
674,674,2025-07-23 10:00:00,A
675,675,2025-07-17 10:00:00,A
676,676,2025-07-03 10:00:00,A
677,677,2025-11-06 10:00:00,A
678,678,2025-03-07 10:00:00,A
679,679,2025-12-06 10:00:00,A
680,680,2025-12-05 10:00:00,A
681,681,2025-05-14 10:00:00,A
682,682,2025-12-16 10:00:00,B
683,683,2025-10-21 10:00:00,A
684,684,2025-10-10 10:00:00,A
685,685,2025-01-02 10:00:00,A
686,686,2025-10-23 10:00:00,A
687,687,2025-02-15 10:00:00,A
688,688,2025-06-25 10:00:00,A
689,689,2025-01-02 10:00:00,A
690,690,2025-10-05 10:00:00,B
691,691,2025-02-16 10:00:00,A
692,692,2025-08-06 10:00:00,A
693,693,2025-08-05 10:00:00,A
694,694,2025-01-06 10:00:00,A
695,695,2025-05-24 10:00:00,A
696,696,2025-12-25 10:00:00,A
697,697,2025-11-11 10:00:00,A
698,698,2025-10-01 10:00:00,A
699,699,2025-12-06 10:00:00,A
700,700,2025-06-10 10:00:00,C
701,701,2025-10-14 10:00:00,A
702,702,2025-09-30 10:00:00,A
703,703,2025-05-12 10:00:00,A
704,704,2025-08-21 10:00:00,A
705,705,2025-04-22 10:00:00,A
706,706,2025-06-27 10:00:00,A
707,707,2025-10-06 10:00:00,A
708,708,2025-02-21 10:00:00,A
709,709,2025-09-09 10:00:00,A
710,710,2025-02-05 10:00:00,A
711,711,2025-03-02 10:00:00,A
712,712,2025-02-05 10:00:00,A
713,713,2025-03-13 10:00:00,A
714,714,2025-10-19 10:00:00,A
715,715,2025-06-26 10:00:00,A
716,716,2025-11-20 10:00:00,A
717,717,2025-01-23 10:00:00,A
718,718,2025-12-29 10:00:00,A
719,719,2025-03-07 10:00:00,A
720,720,2025-09-14 10:00:00,A
721,721,2025-12-28 10:00:00,A
722,722,2025-09-29 10:00:00,A
723,723,2025-03-11 10:00:00,A
724,724,2025-07-06 10:00:00,A
725,725,2025-04-14 10:00:00,C
726,726,2025-06-10 10:00:00,A
727,727,2025-06-28 10:00:00,A
728,728,2025-08-08 10:00:00,A
729,729,2025-11-18 10:00:00,A
730,730,2025-10-09 10:00:00,A
731,731,2025-02-15 10:00:00,A
732,732,2025-06-15 10:00:00,A
733,733,2025-12-30 10:00:00,A
734,734,2025-06-01 10:00:00,A
735,735,2025-08-01 10:00:00,A
736,736,2025-03-27 10:00:00,A
737,737,2025-06-16 10:00:00,A
738,738,2025-06-20 10:00:00,A
739,739,2025-07-31 10:00:00,A
740,740,2025-03-30 10:00:00,A
741,741,2025-11-24 10:00:00,A
742,742,2025-06-18 10:00:00,A
743,743,2025-08-17 10:00:00,A
744,744,2025-09-21 10:00:00,B
745,745,2025-06-19 10:00:00,A
746,746,2025-10-02 10:00:00,A
747,747,2025-06-17 10:00:00,A
748,748,2025-07-29 10:00:00,A
749,749,2025-03-04 10:00:00,B
750,750,2025-07-26 10:00:00,A
751,751,2025-12-08 10:00:00,A
752,752,2025-09-16 10:00:00,A
753,753,2025-11-22 10:00:00,A
754,754,2025-05-05 10:00:00,A
755,755,2025-01-01 10:00:00,A
756,756,2025-07-23 10:00:00,A
757,757,2025-12-05 10:00:00,A
758,758,2025-11-14 10:00:00,A
759,759,2025-12-27 10:00:00,A
760,760,2025-04-05 10:00:00,A
761,761,2025-01-02 10:00:00,A
762,762,2025-05-17 10:00:00,A
763,763,2025-05-07 10:00:00,A
764,764,2025-01-25 10:00:00,A
765,765,2025-06-29 10:00:00,A
766,766,2025-03-28 10:00:00,A
767,767,2025-06-04 10:00:00,A
768,768,2025-08-03 10:00:00,A
769,769,2025-08-13 10:00:00,A
770,770,2025-08-17 10:00:00,A
771,771,2025-09-17 10:00:00,A
772,772,2025-07-25 10:00:00,A
773,773,2025-06-26 10:00:00,A
774,774,2025-02-02 10:00:00,A
775,775,2025-03-08 10:00:00,A
776,776,2025-10-30 10:00:00,A
777,777,2025-09-05 10:00:00,A
778,778,2025-10-12 10:00:00,A
779,779,2025-08-09 10:00:00,A
780,780,2025-04-26 10:00:00,A
781,781,2025-12-29 10:00:00,A
782,782,2025-09-16 10:00:00,A
783,783,2025-08-20 10:00:00,A
784,784,2025-12-20 10:00:00,A
785,785,2025-06-30 10:00:00,A
786,786,2025-12-22 10:00:00,A
787,787,2025-01-24 10:00:00,A
788,788,2025-03-16 10:00:00,A
789,789,2025-09-14 10:00:00,A
790,790,2025-04-17 10:00:00,A
791,791,2025-05-06 10:00:00,A
792,792,2025-03-12 10:00:00,A
793,793,2025-11-26 10:00:00,A
794,794,2025-11-16 10:00:00,A
795,795,2025-01-15 10:00:00,A
796,796,2025-09-11 10:00:00,A
797,797,2025-03-07 10:00:00,A
798,798,2025-09-23 10:00:00,B
799,799,2025-03-31 10:00:00,C
800,800,2025-11-20 10:00:00,A
801,801,2025-10-09 10:00:00,A
802,802,2025-04-08 10:00:00,A
803,803,2025-05-11 10:00:00,C
804,804,2025-03-06 10:00:00,A
805,805,2025-11-23 10:00:00,A
806,806,2025-10-26 10:00:00,A
807,807,2025-04-11 10:00:00,A
808,808,2025-11-12 10:00:00,A
809,809,2025-07-30 10:00:00,A
810,810,2025-12-25 10:00:00,A
811,811,2025-05-19 10:00:00,A
812,812,2025-09-23 10:00:00,A
813,813,2025-08-25 10:00:00,B
814,814,2025-04-03 10:00:00,A
815,815,2025-09-26 10:00:00,A
816,816,2025-12-12 10:00:00,A
817,817,2025-12-05 10:00:00,A
818,818,2025-08-26 10:00:00,A
819,819,2025-06-26 10:00:00,C
820,820,2025-10-08 10:00:00,A
821,821,2025-01-02 10:00:00,A
822,822,2025-06-13 10:00:00,A
823,823,2025-03-19 10:00:00,A
824,824,2025-11-08 10:00:00,A
825,825,2025-08-13 10:00:00,A
826,826,2025-10-30 10:00:00,A
827,827,2025-04-01 10:00:00,A
828,828,2025-12-05 10:00:00,A
829,829,2025-04-24 10:00:00,A
830,830,2025-03-08 10:00:00,A
831,831,2025-12-18 10:00:00,A
832,832,2025-02-24 10:00:00,A
833,833,2025-04-05 10:00:00,A
834,834,2025-05-09 10:00:00,A
835,835,2025-07-23 10:00:00,A
836,836,2025-12-14 10:00:00,A
837,837,2025-10-25 10:00:00,A
838,838,2025-09-17 10:00:00,A
839,839,2025-03-23 10:00:00,A
840,840,2025-04-30 10:00:00,A
841,841,2025-02-08 10:00:00,A
842,842,2025-09-10 10:00:00,C
843,843,2025-12-07 10:00:00,A
844,844,2025-12-14 10:00:00,A
845,845,2025-07-08 10:00:00,A
846,846,2025-02-25 10:00:00,A
847,847,2025-09-04 10:00:00,A
848,848,2025-03-03 10:00:00,A
849,849,2025-03-30 10:00:00,A
850,850,2025-03-08 10:00:00,A
851,851,2025-01-06 10:00:00,A
852,852,2025-05-19 10:00:00,A
853,853,2025-01-09 10:00:00,A
854,854,2025-07-05 10:00:00,A
855,855,2025-11-21 10:00:00,A
856,856,2025-04-07 10:00:00,A
857,857,2025-04-03 10:00:00,A
858,858,2025-01-21 10:00:00,A
859,859,2025-12-15 10:00:00,A
860,860,2025-05-17 10:00:00,B
861,861,2025-12-06 10:00:00,A
862,862,2025-04-06 10:00:00,A
863,863,2025-01-16 10:00:00,A
864,864,2025-04-25 10:00:00,A
865,865,2025-07-08 10:00:00,A
866,866,2025-12-09 10:00:00,A
867,867,2025-05-09 10:00:00,A
868,868,2025-08-05 10:00:00,A
869,869,2025-03-20 10:00:00,A
870,870,2025-07-26 10:00:00,A
871,871,2025-01-01 10:00:00,A
872,872,2025-06-02 10:00:00,A
873,873,2025-12-15 10:00:00,A
874,874,2025-01-07 10:00:00,A
875,875,2025-07-17 10:00:00,A
876,876,2025-06-30 10:00:00,A
877,877,2025-03-30 10:00:00,A
878,878,2025-06-06 10:00:00,A
879,879,2025-09-24 10:00:00,A
880,880,2025-01-29 10:00:00,B
881,881,2025-08-15 10:00:00,A
882,882,2025-12-05 10:00:00,A
883,883,2025-03-08 10:00:00,A
884,884,2025-09-01 10:00:00,A
885,885,2025-11-09 10:00:00,A
886,886,2025-02-19 10:00:00,A
887,887,2025-10-20 10:00:00,A
888,888,2025-07-01 10:00:00,A
889,889,2025-11-20 10:00:00,A
890,890,2025-07-29 10:00:00,A
891,891,2025-01-11 10:00:00,A
892,892,2025-12-10 10:00:00,A
893,893,2025-11-30 10:00:00,A
894,894,2025-12-25 10:00:00,A
895,895,2025-05-09 10:00:00,A
896,896,2025-05-17 10:00:00,A
897,897,2025-03-28 10:00:00,A
898,898,2025-03-31 10:00:00,A
899,899,2025-07-20 10:00:00,A
900,900,2025-05-02 10:00:00,A
901,901,2025-01-01 10:00:00,C
902,902,2025-02-26 10:00:00,B
903,903,2025-05-07 10:00:00,A
904,904,2025-01-23 10:00:00,A
905,905,2025-04-20 10:00:00,B
906,906,2025-10-25 10:00:00,A
907,907,2025-05-09 10:00:00,A
908,908,2025-03-26 10:00:00,A
909,909,2025-06-21 10:00:00,A
910,910,2025-10-25 10:00:00,A
911,911,2025-04-28 10:00:00,A
912,912,2025-08-29 10:00:00,B
913,913,2025-02-18 10:00:00,A
914,914,2025-06-08 10:00:00,A
915,915,2025-12-06 10:00:00,A
916,916,2025-11-21 10:00:00,A
917,917,2025-03-05 10:00:00,A
918,918,2025-12-11 10:00:00,A
919,919,2025-04-03 10:00:00,A
920,920,2025-06-17 10:00:00,A
921,921,2025-05-07 10:00:00,A
922,922,2025-12-10 10:00:00,A
923,923,2025-09-09 10:00:00,A
924,924,2025-04-09 10:00:00,A
925,925,2025-02-20 10:00:00,A
926,926,2025-03-21 10:00:00,A
927,927,2025-12-17 10:00:00,A
928,928,2025-03-22 10:00:00,C
929,929,2025-10-22 10:00:00,A
930,930,2025-03-20 10:00:00,A
931,931,2025-12-11 10:00:00,A
932,932,2025-01-19 10:00:00,A
933,933,2025-05-08 10:00:00,A
934,934,2025-07-14 10:00:00,A
935,935,2025-09-04 10:00:00,A
936,936,2025-02-28 10:00:00,A
937,937,2025-09-01 10:00:00,A
938,938,2025-09-09 10:00:00,A
939,939,2025-04-09 10:00:00,A
940,940,2025-10-21 10:00:00,A
941,941,2025-10-07 10:00:00,A
942,942,2025-01-13 10:00:00,A
943,943,2025-07-02 10:00:00,B
944,944,2025-04-20 10:00:00,A
945,945,2025-03-24 10:00:00,A
946,946,2025-03-12 10:00:00,A
947,947,2025-04-30 10:00:00,A
948,948,2025-03-10 10:00:00,A
949,949,2025-02-25 10:00:00,A
950,950,2025-09-04 10:00:00,A
951,951,2025-09-20 10:00:00,A
952,952,2025-09-20 10:00:00,A
953,953,2025-05-14 10:00:00,A
954,954,2025-11-22 10:00:00,A
955,955,2025-01-31 10:00:00,A
956,956,2025-10-20 10:00:00,A
957,957,2025-03-20 10:00:00,A
958,958,2025-02-22 10:00:00,A
959,959,2025-12-03 10:00:00,A
960,960,2025-05-16 10:00:00,A
961,961,2025-09-09 10:00:00,A
962,962,2025-11-20 10:00:00,A
963,963,2025-04-04 10:00:00,A
964,964,2025-09-10 10:00:00,A
965,965,2025-02-05 10:00:00,A
966,966,2025-10-09 10:00:00,A
967,967,2025-05-23 10:00:00,A
968,968,2025-07-20 10:00:00,A
969,969,2025-12-11 10:00:00,A
970,970,2025-03-30 10:00:00,A
971,971,2025-03-15 10:00:00,A
972,972,2025-05-10 10:00:00,A
973,973,2025-11-12 10:00:00,B
974,974,2025-06-30 10:00:00,A
975,975,2025-11-27 10:00:00,A
976,976,2025-11-23 10:00:00,A
977,977,2025-08-22 10:00:00,A
978,978,2025-03-16 10:00:00,A
979,979,2025-12-10 10:00:00,A
980,980,2025-04-12 10:00:00,A
981,981,2025-08-29 10:00:00,B
982,982,2025-05-11 10:00:00,A
983,983,2025-05-31 10:00:00,A
984,984,2025-05-16 10:00:00,A
985,985,2025-04-08 10:00:00,A
986,986,2025-06-17 10:00:00,A
987,987,2025-01-31 10:00:00,A
988,988,2025-07-28 10:00:00,A
989,989,2025-10-31 10:00:00,A
990,990,2025-11-27 10:00:00,A
991,991,2025-02-07 10:00:00,A
992,992,2025-10-28 10:00:00,A
993,993,2025-12-07 10:00:00,A
994,994,2025-12-21 10:00:00,A
995,995,2025-01-26 10:00:00,B
996,996,2025-12-11 10:00:00,A
997,997,2025-02-16 10:00:00,A
998,998,2025-04-15 10:00:00,B
999,999,2025-03-14 10:00:00,A
1000,1000,2025-01-31 10:00:00,A
1001,1001,2025-04-26 10:00:00,A
1002,1002,2025-08-28 10:00:00,A
1003,1003,2025-08-26 10:00:00,A
1004,1004,2025-10-17 10:00:00,A
1005,1005,2025-06-07 10:00:00,A
1006,1006,2025-11-10 10:00:00,C
1007,1007,2025-09-03 10:00:00,A
1008,1008,2025-11-14 10:00:00,A
1009,1009,2025-11-15 10:00:00,A
1010,1010,2025-10-17 10:00:00,A
1011,1011,2025-04-28 10:00:00,A
1012,1012,2025-08-02 10:00:00,A
1013,1013,2025-04-15 10:00:00,A
1014,1014,2025-02-10 10:00:00,A
1015,1015,2025-06-15 10:00:00,A
1016,1016,2025-01-09 10:00:00,A
1017,1017,2025-07-11 10:00:00,A
1018,1018,2025-03-08 10:00:00,A
1019,1019,2025-07-15 10:00:00,A
1020,1020,2025-10-29 10:00:00,A
1021,1021,2025-01-17 10:00:00,A
1022,1022,2025-07-27 10:00:00,A
1023,1023,2025-02-18 10:00:00,A
1024,1024,2025-07-27 10:00:00,A
1025,1025,2025-03-12 10:00:00,A
1026,1026,2025-12-13 10:00:00,B
1027,1027,2025-11-01 10:00:00,A
1028,1028,2025-07-25 10:00:00,A
1029,1029,2025-01-01 10:00:00,A
1030,1030,2025-04-12 10:00:00,A
1031,1031,2025-06-09 10:00:00,A
1032,1032,2025-03-11 10:00:00,A
1033,1033,2025-08-28 10:00:00,A
1034,1034,2025-03-30 10:00:00,A
1035,1035,2025-12-20 10:00:00,A
1036,1036,2025-06-23 10:00:00,A
1037,1037,2025-11-15 10:00:00,A
1038,1038,2025-02-09 10:00:00,A
1039,1039,2025-09-22 10:00:00,A
1040,1040,2025-07-15 10:00:00,A
1041,1041,2025-08-01 10:00:00,A
1042,1042,2025-01-05 10:00:00,A
1043,1043,2025-06-29 10:00:00,A
1044,1044,2025-02-16 10:00:00,A
1045,1045,2025-10-05 10:00:00,A
1046,1046,2025-10-24 10:00:00,B
1047,1047,2025-02-22 10:00:00,A
1048,1048,2025-02-20 10:00:00,A
1049,1049,2025-05-28 10:00:00,A
1050,1050,2025-12-22 10:00:00,A
1051,1051,2025-01-08 10:00:00,C
1052,1052,2025-06-22 10:00:00,A
1053,1053,2025-09-25 10:00:00,A
1054,1054,2025-09-06 10:00:00,A
1055,1055,2025-07-10 10:00:00,A
1056,1056,2025-01-25 10:00:00,A
1057,1057,2025-12-08 10:00:00,A
1058,1058,2025-05-02 10:00:00,A
1059,1059,2025-08-12 10:00:00,A
1060,1060,2025-01-04 10:00:00,A
1061,1061,2025-07-06 10:00:00,B
1062,1062,2025-12-22 10:00:00,A
1063,1063,2025-01-25 10:00:00,A
1064,1064,2025-12-27 10:00:00,A
1065,1065,2025-09-22 10:00:00,A
1066,1066,2025-06-19 10:00:00,A
1067,1067,2025-08-08 10:00:00,A
1068,1068,2025-07-26 10:00:00,A
1069,1069,2025-02-24 10:00:00,A
1070,1070,2025-10-27 10:00:00,A
1071,1071,2025-12-15 10:00:00,A
1072,1072,2025-06-19 10:00:00,A
1073,1073,2025-07-23 10:00:00,A
1074,1074,2025-07-08 10:00:00,A
1075,1075,2025-08-25 10:00:00,A
1076,1076,2025-07-19 10:00:00,A
1077,1077,2025-10-10 10:00:00,A
1078,1078,2025-01-04 10:00:00,A
1079,1079,2025-10-18 10:00:00,A
1080,1080,2025-03-26 10:00:00,A
1081,1081,2025-05-26 10:00:00,A
1082,1082,2025-09-07 10:00:00,A
1083,1083,2025-09-02 10:00:00,A
1084,1084,2025-04-09 10:00:00,A
1085,1085,2025-04-20 10:00:00,A
1086,1086,2025-02-09 10:00:00,B
1087,1087,2025-05-18 10:00:00,B
1088,1088,2025-04-21 10:00:00,A
1089,1089,2025-11-19 10:00:00,A
1090,1090,2025-04-02 10:00:00,A
1091,1091,2025-09-06 10:00:00,A
1092,1092,2025-12-03 10:00:00,A
1093,1093,2025-09-21 10:00:00,A
1094,1094,2025-12-06 10:00:00,A
1095,1095,2025-01-09 10:00:00,A
1096,1096,2025-07-10 10:00:00,A
1097,1097,2025-05-06 10:00:00,A
1098,1098,2025-02-22 10:00:00,A
1099,1099,2025-04-05 10:00:00,A
1100,1100,2025-09-02 10:00:00,A
1101,1101,2025-06-05 10:00:00,A
1102,1102,2025-09-16 10:00:00,A
1103,1103,2025-04-04 10:00:00,A
1104,1104,2025-04-18 10:00:00,A
1105,1105,2025-01-20 10:00:00,A
1106,1106,2025-02-01 10:00:00,A
1107,1107,2025-02-02 10:00:00,A
1108,1108,2025-12-08 10:00:00,A
1109,1109,2025-04-04 10:00:00,A
1110,1110,2025-05-16 10:00:00,A
1111,1111,2025-01-02 10:00:00,A
1112,1112,2025-01-29 10:00:00,A
1113,1113,2025-03-04 10:00:00,A
1114,1114,2025-08-11 10:00:00,C
1115,1115,2025-01-28 10:00:00,A
1116,1116,2025-06-17 10:00:00,A
1117,1117,2025-05-03 10:00:00,A
1118,1118,2025-10-07 10:00:00,A
1119,1119,2025-06-05 10:00:00,A
1120,1120,2025-06-24 10:00:00,A
1121,1121,2025-07-20 10:00:00,A
1122,1122,2025-11-23 10:00:00,A
1123,1123,2025-09-06 10:00:00,A
1124,1124,2025-12-10 10:00:00,A
1125,1125,2025-01-04 10:00:00,A
1126,1126,2025-06-08 10:00:00,A
1127,1127,2025-12-11 10:00:00,A
1128,1128,2025-11-04 10:00:00,A
1129,1129,2025-08-22 10:00:00,A
1130,1130,2025-12-03 10:00:00,A
1131,1131,2025-07-06 10:00:00,A
1132,1132,2025-12-05 10:00:00,A
1133,1133,2025-08-08 10:00:00,A
1134,1134,2025-07-18 10:00:00,A
1135,1135,2025-11-01 10:00:00,A
1136,1136,2025-04-09 10:00:00,A
1137,1137,2025-03-28 10:00:00,C
1138,1138,2025-04-28 10:00:00,A
1139,1139,2025-09-21 10:00:00,A
1140,1140,2025-02-17 10:00:00,A
1141,1141,2025-03-16 10:00:00,A
1142,1142,2025-06-09 10:00:00,A
1143,1143,2025-06-03 10:00:00,A
1144,1144,2025-07-10 10:00:00,A
1145,1145,2025-01-06 10:00:00,A
1146,1146,2025-07-11 10:00:00,A
1147,1147,2025-04-13 10:00:00,A
1148,1148,2025-01-15 10:00:00,A
1149,1149,2025-06-01 10:00:00,A
1150,1150,2025-08-03 10:00:00,A
1151,1151,2025-04-11 10:00:00,A
1152,1152,2025-09-02 10:00:00,A
1153,1153,2025-11-07 10:00:00,A
1154,1154,2025-04-03 10:00:00,C
1155,1155,2025-05-22 10:00:00,A
1156,1156,2025-03-03 10:00:00,A
1157,1157,2025-01-26 10:00:00,A
1158,1158,2025-02-27 10:00:00,A
1159,1159,2025-07-31 10:00:00,A
1160,1160,2025-06-10 10:00:00,A
1161,1161,2025-12-26 10:00:00,A
1162,1162,2025-06-14 10:00:00,A
1163,1163,2025-06-14 10:00:00,A
1164,1164,2025-12-10 10:00:00,A
1165,1165,2025-05-29 10:00:00,A
1166,1166,2025-06-24 10:00:00,A
1167,1167,2025-08-25 10:00:00,A
1168,1168,2025-09-27 10:00:00,A
1169,1169,2025-08-18 10:00:00,A
1170,1170,2025-11-26 10:00:00,A
1171,1171,2025-06-08 10:00:00,A
1172,1172,2025-01-27 10:00:00,A
1173,1173,2025-09-28 10:00:00,A
1174,1174,2025-03-26 10:00:00,A
1175,1175,2025-09-06 10:00:00,A
1176,1176,2025-06-11 10:00:00,A
1177,1177,2025-08-29 10:00:00,A
1178,1178,2025-11-09 10:00:00,A
1179,1179,2025-01-28 10:00:00,A
1180,1180,2025-12-09 10:00:00,A
1181,1181,2025-06-16 10:00:00,A
1182,1182,2025-09-29 10:00:00,A
1183,1183,2025-10-06 10:00:00,A
1184,1184,2025-04-19 10:00:00,A
1185,1185,2025-03-03 10:00:00,A
1186,1186,2025-09-04 10:00:00,A
1187,1187,2025-06-24 10:00:00,A
1188,1188,2025-08-01 10:00:00,A
1189,1189,2025-04-21 10:00:00,A
1190,1190,2025-08-28 10:00:00,B
1191,1191,2025-03-29 10:00:00,A
1192,1192,2025-11-14 10:00:00,A
1193,1193,2025-06-19 10:00:00,A
1194,1194,2025-06-19 10:00:00,A
1195,1195,2025-08-27 10:00:00,A
1196,1196,2025-06-22 10:00:00,A
1197,1197,2025-11-19 10:00:00,A
1198,1198,2025-09-01 10:00:00,A
1199,1199,2025-12-06 10:00:00,A
1200,1200,2025-04-15 10:00:00,A
1201,1201,2025-02-03 10:00:00,A
1202,1202,2025-10-22 10:00:00,A
1203,1203,2025-12-26 10:00:00,A
1204,1204,2025-07-10 10:00:00,C
1205,1205,2025-10-27 10:00:00,A
1206,1206,2025-12-24 10:00:00,A
1207,1207,2025-08-30 10:00:00,A
1208,1208,2025-08-15 10:00:00,A
1209,1209,2025-12-07 10:00:00,A
1210,1210,2025-10-20 10:00:00,A
1211,1211,2025-07-31 10:00:00,A
1212,1212,2025-11-29 10:00:00,A
1213,1213,2025-04-05 10:00:00,A
1214,1214,2025-11-29 10:00:00,A
1215,1215,2025-02-12 10:00:00,A
1216,1216,2025-02-07 10:00:00,A
1217,1217,2025-02-08 10:00:00,A
1218,1218,2025-10-06 10:00:00,A
1219,1219,2025-10-29 10:00:00,A
1220,1220,2025-12-11 10:00:00,A
1221,1221,2025-01-22 10:00:00,A
1222,1222,2025-07-04 10:00:00,A
1223,1223,2025-11-03 10:00:00,A
1224,1224,2025-03-10 10:00:00,A
1225,1225,2025-01-30 10:00:00,A
1226,1226,2025-03-11 10:00:00,B
1227,1227,2025-11-23 10:00:00,A
1228,1228,2025-08-15 10:00:00,A
1229,1229,2025-01-14 10:00:00,A
1230,1230,2025-01-28 10:00:00,A
1231,1231,2025-12-27 10:00:00,A
1232,1232,2025-06-09 10:00:00,A
1233,1233,2025-09-24 10:00:00,A
1234,1234,2025-06-02 10:00:00,A
1235,1235,2025-05-22 10:00:00,A
1236,1236,2025-04-27 10:00:00,B
1237,1237,2025-08-10 10:00:00,A
1238,1238,2025-08-10 10:00:00,C
1239,1239,2025-06-01 10:00:00,A
1240,1240,2025-05-31 10:00:00,A
1241,1241,2025-08-13 10:00:00,A
1242,1242,2025-09-18 10:00:00,A
1243,1243,2025-05-23 10:00:00,A
1244,1244,2025-04-02 10:00:00,A
1245,1245,2025-04-03 10:00:00,A
1246,1246,2025-06-09 10:00:00,A
1247,1247,2025-01-08 10:00:00,A
1248,1248,2025-03-09 10:00:00,A
1249,1249,2025-08-06 10:00:00,A
1250,1250,2025-11-04 10:00:00,A
1251,1251,2025-01-21 10:00:00,A
1252,1252,2025-04-11 10:00:00,A
1253,1253,2025-05-25 10:00:00,A
1254,1254,2025-04-28 10:00:00,A
1255,1255,2025-03-08 10:00:00,A
1256,1256,2025-07-06 10:00:00,A
1257,1257,2025-03-20 10:00:00,A
1258,1258,2025-06-24 10:00:00,A
1259,1259,2025-02-23 10:00:00,A
1260,1260,2025-07-23 10:00:00,A
1261,1261,2025-11-14 10:00:00,A
1262,1262,2025-06-04 10:00:00,A
1263,1263,2025-04-27 10:00:00,A
1264,1264,2025-12-07 10:00:00,A
1265,1265,2025-05-15 10:00:00,A
1266,1266,2025-12-23 10:00:00,A
1267,1267,2025-09-28 10:00:00,A
1268,1268,2025-04-13 10:00:00,A
1269,1269,2025-02-06 10:00:00,A
1270,1270,2025-10-14 10:00:00,A
1271,1271,2025-07-12 10:00:00,A
1272,1272,2025-01-13 10:00:00,A
1273,1273,2025-01-04 10:00:00,A
1274,1274,2025-12-26 10:00:00,A
1275,1275,2025-11-16 10:00:00,B
1276,1276,2025-07-21 10:00:00,A
1277,1277,2025-08-03 10:00:00,A
1278,1278,2025-01-02 10:00:00,A
1279,1279,2025-01-15 10:00:00,C
1280,1280,2025-11-04 10:00:00,A
1281,1281,2025-03-06 10:00:00,A
1282,1282,2025-02-09 10:00:00,A
1283,1283,2025-04-21 10:00:00,A
1284,1284,2025-11-17 10:00:00,A
1285,1285,2025-07-02 10:00:00,A
1286,1286,2025-04-18 10:00:00,A
1287,1287,2025-05-17 10:00:00,A
1288,1288,2025-03-12 10:00:00,A
1289,1289,2025-07-07 10:00:00,A
1290,1290,2025-02-03 10:00:00,A
1291,1291,2025-07-08 10:00:00,A
1292,1292,2025-06-11 10:00:00,A
1293,1293,2025-05-12 10:00:00,A
1294,1294,2025-02-09 10:00:00,A
1295,1295,2025-05-04 10:00:00,A
1296,1296,2025-12-10 10:00:00,A
1297,1297,2025-10-05 10:00:00,A
1298,1298,2025-02-05 10:00:00,A
1299,1299,2025-09-05 10:00:00,A
1300,1300,2025-03-29 10:00:00,A
1301,1301,2025-03-06 10:00:00,A
1302,1302,2025-07-10 10:00:00,A
1303,1303,2025-02-15 10:00:00,A
1304,1304,2025-02-13 10:00:00,A
1305,1305,2025-09-12 10:00:00,A
1306,1306,2025-08-20 10:00:00,A
1307,1307,2025-09-15 10:00:00,A
1308,1308,2025-01-10 10:00:00,A
1309,1309,2025-01-08 10:00:00,A
1310,1310,2025-11-08 10:00:00,A
1311,1311,2025-03-20 10:00:00,A
1312,1312,2025-08-30 10:00:00,A
1313,1313,2025-11-19 10:00:00,A
1314,1314,2025-05-03 10:00:00,A
1315,1315,2025-02-08 10:00:00,A
1316,1316,2025-10-12 10:00:00,A
1317,1317,2025-10-19 10:00:00,A
1318,1318,2025-07-16 10:00:00,A
1319,1319,2025-11-29 10:00:00,A
1320,1320,2025-10-17 10:00:00,A
1321,1321,2025-07-12 10:00:00,A
1322,1322,2025-04-15 10:00:00,A
1323,1323,2025-06-29 10:00:00,A
1324,1324,2025-11-27 10:00:00,A
1325,1325,2025-10-08 10:00:00,A
1326,1326,2025-02-16 10:00:00,A
1327,1327,2025-11-24 10:00:00,A
1328,1328,2025-04-04 10:00:00,A
1329,1329,2025-06-27 10:00:00,A
1330,1330,2025-11-07 10:00:00,A
1331,1331,2025-08-06 10:00:00,B
1332,1332,2025-01-21 10:00:00,A
1333,1333,2025-09-29 10:00:00,A
1334,1334,2025-09-01 10:00:00,B
1335,1335,2025-11-01 10:00:00,A
1336,1336,2025-02-17 10:00:00,A
1337,1337,2025-09-22 10:00:00,A
1338,1338,2025-06-09 10:00:00,A
1339,1339,2025-10-05 10:00:00,A
1340,1340,2025-06-06 10:00:00,A
1341,1341,2025-12-21 10:00:00,A
1342,1342,2025-06-20 10:00:00,A
1343,1343,2025-09-07 10:00:00,A
1344,1344,2025-05-26 10:00:00,B
1345,1345,2025-07-17 10:00:00,A
1346,1346,2025-05-27 10:00:00,C
1347,1347,2025-05-05 10:00:00,A
1348,1348,2025-10-26 10:00:00,A
1349,1349,2025-07-19 10:00:00,A
1350,1350,2025-04-16 10:00:00,A
1351,1351,2025-10-09 10:00:00,A
1352,1352,2025-02-03 10:00:00,A
1353,1353,2025-11-28 10:00:00,A
1354,1354,2025-10-02 10:00:00,A
1355,1355,2025-09-01 10:00:00,A
1356,1356,2025-05-29 10:00:00,A
1357,1357,2025-04-29 10:00:00,A
1358,1358,2025-01-08 10:00:00,A
1359,1359,2025-08-27 10:00:00,A
1360,1360,2025-07-09 10:00:00,A
1361,1361,2025-11-05 10:00:00,A
1362,1362,2025-10-24 10:00:00,A
1363,1363,2025-06-06 10:00:00,A
1364,1364,2025-12-20 10:00:00,A
1365,1365,2025-02-17 10:00:00,A
1366,1366,2025-09-10 10:00:00,A
1367,1367,2025-05-09 10:00:00,A
1368,1368,2025-02-06 10:00:00,A
1369,1369,2025-11-05 10:00:00,B
1370,1370,2025-08-27 10:00:00,A
1371,1371,2025-04-28 10:00:00,A
1372,1372,2025-03-02 10:00:00,A
1373,1373,2025-07-31 10:00:00,A
1374,1374,2025-06-04 10:00:00,A
1375,1375,2025-08-14 10:00:00,A
1376,1376,2025-08-03 10:00:00,A
1377,1377,2025-12-22 10:00:00,A
1378,1378,2025-04-06 10:00:00,A
1379,1379,2025-04-10 10:00:00,A
1380,1380,2025-08-24 10:00:00,A
1381,1381,2025-07-21 10:00:00,A
1382,1382,2025-02-23 10:00:00,A
1383,1383,2025-03-25 10:00:00,A
1384,1384,2025-10-07 10:00:00,A
1385,1385,2025-06-05 10:00:00,A
1386,1386,2025-07-26 10:00:00,A
1387,1387,2025-09-30 10:00:00,A
1388,1388,2025-08-18 10:00:00,A
1389,1389,2025-01-28 10:00:00,A
1390,1390,2025-04-26 10:00:00,A
1391,1391,2025-12-24 10:00:00,A
1392,1392,2025-11-15 10:00:00,A
1393,1393,2025-07-06 10:00:00,A
1394,1394,2025-06-29 10:00:00,A
1395,1395,2025-06-04 10:00:00,A
1396,1396,2025-06-01 10:00:00,A
1397,1397,2025-12-07 10:00:00,A
1398,1398,2025-07-16 10:00:00,A
1399,1399,2025-07-13 10:00:00,A
1400,1400,2025-05-22 10:00:00,C
1401,1401,2025-11-07 10:00:00,A
1402,1402,2025-01-20 10:00:00,A
1403,1403,2025-02-18 10:00:00,A
1404,1404,2025-10-13 10:00:00,A
1405,1405,2025-05-03 10:00:00,B
1406,1406,2025-03-21 10:00:00,A
1407,1407,2025-10-15 10:00:00,A
1408,1408,2025-04-18 10:00:00,A
1409,1409,2025-02-22 10:00:00,A
1410,1410,2025-05-25 10:00:00,A
1411,1411,2025-10-16 10:00:00,A
1412,1412,2025-05-23 10:00:00,A
1413,1413,2025-06-12 10:00:00,A
1414,1414,2025-11-05 10:00:00,A
1415,1415,2025-11-15 10:00:00,A
1416,1416,2025-11-28 10:00:00,A
1417,1417,2025-05-21 10:00:00,A
1418,1418,2025-06-28 10:00:00,A
1419,1419,2025-06-05 10:00:00,A
1420,1420,2025-07-18 10:00:00,A
1421,1421,2025-05-25 10:00:00,A
1422,1422,2025-08-16 10:00:00,A
1423,1423,2025-11-01 10:00:00,A
1424,1424,2025-04-02 10:00:00,A
1425,1425,2025-10-19 10:00:00,A
1426,1426,2025-03-06 10:00:00,A
1427,1427,2025-04-10 10:00:00,A
1428,1428,2025-10-29 10:00:00,A
1429,1429,2025-10-11 10:00:00,B
1430,1430,2025-10-01 10:00:00,A
1431,1431,2025-04-05 10:00:00,A
1432,1432,2025-12-05 10:00:00,A
1433,1433,2025-08-26 10:00:00,A
1434,1434,2025-10-26 10:00:00,A
1435,1435,2025-02-23 10:00:00,A
1436,1436,2025-10-10 10:00:00,A
1437,1437,2025-07-18 10:00:00,A
1438,1438,2025-06-21 10:00:00,A
1439,1439,2025-11-23 10:00:00,A
1440,1440,2025-08-29 10:00:00,A
1441,1441,2025-03-24 10:00:00,A
1442,1442,2025-04-21 10:00:00,A
1443,1443,2025-04-07 10:00:00,A
1444,1444,2025-02-11 10:00:00,C
1445,1445,2025-03-16 10:00:00,A
1446,1446,2025-01-04 10:00:00,A
1447,1447,2025-01-14 10:00:00,A
1448,1448,2025-10-10 10:00:00,A
1449,1449,2025-10-15 10:00:00,A
1450,1450,2025-05-27 10:00:00,A
1451,1451,2025-05-19 10:00:00,A
1452,1452,2025-03-11 10:00:00,A
1453,1453,2025-05-25 10:00:00,A
1454,1454,2025-03-24 10:00:00,A
1455,1455,2025-08-05 10:00:00,A
1456,1456,2025-03-20 10:00:00,A
1457,1457,2025-05-17 10:00:00,A
1458,1458,2025-07-17 10:00:00,A
1459,1459,2025-04-08 10:00:00,A
1460,1460,2025-02-06 10:00:00,A
1461,1461,2025-05-29 10:00:00,A
1462,1462,2025-10-26 10:00:00,A
1463,1463,2025-01-25 10:00:00,A
1464,1464,2025-09-25 10:00:00,A
1465,1465,2025-03-22 10:00:00,A
1466,1466,2025-08-03 10:00:00,A
1467,1467,2025-10-22 10:00:00,A
1468,1468,2025-05-03 10:00:00,A
1469,1469,2025-07-15 10:00:00,A
1470,1470,2025-07-13 10:00:00,A
1471,1471,2025-08-19 10:00:00,A
1472,1472,2025-09-04 10:00:00,A
1473,1473,2025-01-17 10:00:00,A
1474,1474,2025-10-15 10:00:00,A
1475,1475,2025-05-24 10:00:00,B
1476,1476,2025-01-13 10:00:00,A
1477,1477,2025-09-07 10:00:00,A
1478,1478,2025-01-01 10:00:00,A
1479,1479,2025-04-05 10:00:00,A
1480,1480,2025-07-02 10:00:00,A
1481,1481,2025-09-18 10:00:00,A
1482,1482,2025-06-21 10:00:00,A
1483,1483,2025-07-21 10:00:00,A
1484,1484,2025-01-25 10:00:00,A
1485,1485,2025-11-11 10:00:00,A
1486,1486,2025-10-12 10:00:00,A
1487,1487,2025-01-24 10:00:00,A
1488,1488,2025-06-26 10:00:00,A
1489,1489,2025-11-03 10:00:00,A
1490,1490,2025-11-05 10:00:00,A
1491,1491,2025-11-30 10:00:00,A
1492,1492,2025-07-25 10:00:00,A
1493,1493,2025-08-19 10:00:00,A
1494,1494,2025-09-05 10:00:00,A
1495,1495,2025-12-20 10:00:00,A
1496,1496,2025-10-19 10:00:00,A
1497,1497,2025-04-14 10:00:00,A
1498,1498,2025-12-16 10:00:00,C
1499,1499,2025-08-07 10:00:00,B
1500,1500,2025-11-13 10:00:00,A
1501,1501,2025-07-23 10:00:00,A
1502,1502,2025-01-18 10:00:00,A
1503,1503,2025-05-13 10:00:00,B
1504,1504,2025-09-21 10:00:00,A
1505,1505,2025-10-30 10:00:00,A
1506,1506,2025-06-25 10:00:00,A
1507,1507,2025-02-10 10:00:00,A
1508,1508,2025-01-30 10:00:00,A
1509,1509,2025-10-08 10:00:00,A
1510,1510,2025-02-18 10:00:00,A
1511,1511,2025-12-29 10:00:00,A
1512,1512,2025-12-30 10:00:00,C
1513,1513,2025-05-11 10:00:00,A
1514,1514,2025-11-30 10:00:00,A
1515,1515,2025-01-05 10:00:00,A
1516,1516,2025-11-06 10:00:00,A
1517,1517,2025-08-05 10:00:00,A
1518,1518,2025-01-06 10:00:00,B
1519,1519,2025-05-19 10:00:00,A
1520,1520,2025-12-10 10:00:00,A
1521,1521,2025-01-20 10:00:00,A
1522,1522,2025-05-04 10:00:00,A
1523,1523,2025-07-13 10:00:00,A
1524,1524,2025-10-07 10:00:00,A
1525,1525,2025-01-20 10:00:00,A
1526,1526,2025-05-15 10:00:00,A
1527,1527,2025-10-10 10:00:00,A
1528,1528,2025-01-03 10:00:00,A
1529,1529,2025-12-03 10:00:00,A
1530,1530,2025-10-22 10:00:00,A
1531,1531,2025-11-04 10:00:00,A
1532,1532,2025-08-10 10:00:00,A
1533,1533,2025-02-03 10:00:00,A
1534,1534,2025-08-25 10:00:00,A
1535,1535,2025-04-28 10:00:00,A
1536,1536,2025-07-17 10:00:00,A
1537,1537,2025-03-29 10:00:00,A
1538,1538,2025-11-19 10:00:00,A
1539,1539,2025-04-05 10:00:00,A
1540,1540,2025-08-27 10:00:00,A
1541,1541,2025-08-16 10:00:00,A
1542,1542,2025-07-17 10:00:00,A
1543,1543,2025-03-06 10:00:00,A
1544,1544,2025-08-12 10:00:00,A
1545,1545,2025-06-03 10:00:00,A
1546,1546,2025-09-19 10:00:00,A
1547,1547,2025-10-13 10:00:00,A
1548,1548,2025-09-14 10:00:00,A
1549,1549,2025-11-09 10:00:00,C
1550,1550,2025-11-25 10:00:00,A
1551,1551,2025-08-25 10:00:00,A
1552,1552,2025-10-20 10:00:00,A
1553,1553,2025-06-14 10:00:00,A
1554,1554,2025-12-11 10:00:00,A
1555,1555,2025-04-05 10:00:00,A
1556,1556,2025-02-21 10:00:00,B
1557,1557,2025-08-06 10:00:00,A
1558,1558,2025-09-09 10:00:00,A
1559,1559,2025-03-08 10:00:00,A
1560,1560,2025-12-17 10:00:00,A
1561,1561,2025-08-16 10:00:00,A
1562,1562,2025-01-06 10:00:00,A
1563,1563,2025-04-05 10:00:00,A
1564,1564,2025-12-19 10:00:00,A
1565,1565,2025-09-30 10:00:00,A
1566,1566,2025-12-19 10:00:00,A
1567,1567,2025-06-25 10:00:00,A
1568,1568,2025-05-16 10:00:00,A
1569,1569,2025-07-15 10:00:00,A
1570,1570,2025-06-02 10:00:00,A
1571,1571,2025-09-13 10:00:00,A
1572,1572,2025-11-10 10:00:00,A
1573,1573,2025-04-21 10:00:00,A
1574,1574,2025-05-29 10:00:00,A
1575,1575,2025-02-28 10:00:00,A
1576,1576,2025-10-20 10:00:00,A
1577,1577,2025-10-04 10:00:00,A
1578,1578,2025-05-04 10:00:00,A
1579,1579,2025-09-04 10:00:00,B
1580,1580,2025-10-10 10:00:00,A
1581,1581,2025-11-21 10:00:00,A
1582,1582,2025-10-25 10:00:00,A
1583,1583,2025-01-14 10:00:00,A
1584,1584,2025-03-26 10:00:00,A
1585,1585,2025-02-11 10:00:00,A
1586,1586,2025-06-03 10:00:00,A
1587,1587,2025-09-19 10:00:00,A
1588,1588,2025-02-10 10:00:00,A
1589,1589,2025-08-10 10:00:00,A
1590,1590,2025-11-30 10:00:00,A
1591,1591,2025-03-15 10:00:00,A
1592,1592,2025-02-25 10:00:00,A
1593,1593,2025-01-14 10:00:00,A
1594,1594,2025-02-13 10:00:00,A
1595,1595,2025-01-08 10:00:00,A
1596,1596,2025-08-29 10:00:00,A
1597,1597,2025-09-22 10:00:00,A
1598,1598,2025-09-26 10:00:00,A
1599,1599,2025-06-05 10:00:00,A
1600,1600,2025-12-13 10:00:00,A
1601,1601,2025-06-27 10:00:00,B
1602,1602,2025-02-24 10:00:00,A
1603,1603,2025-07-07 10:00:00,A
1604,1604,2025-05-28 10:00:00,A
1605,1605,2025-10-11 10:00:00,A
1606,1606,2025-02-03 10:00:00,A
1607,1607,2025-12-12 10:00:00,A
1608,1608,2025-01-06 10:00:00,A
1609,1609,2025-09-17 10:00:00,A
1610,1610,2025-03-25 10:00:00,A
1611,1611,2025-04-03 10:00:00,A
1612,1612,2025-04-04 10:00:00,A
1613,1613,2025-06-07 10:00:00,A
1614,1614,2025-03-04 10:00:00,A
1615,1615,2025-09-09 10:00:00,A
1616,1616,2025-02-06 10:00:00,A
1617,1617,2025-01-20 10:00:00,A
1618,1618,2025-01-07 10:00:00,A
1619,1619,2025-07-26 10:00:00,A
1620,1620,2025-04-27 10:00:00,A
1621,1621,2025-07-29 10:00:00,A
1622,1622,2025-11-18 10:00:00,A
1623,1623,2025-11-24 10:00:00,A
1624,1624,2025-06-23 10:00:00,A
1625,1625,2025-09-20 10:00:00,A
1626,1626,2025-06-21 10:00:00,A
1627,1627,2025-07-27 10:00:00,A
1628,1628,2025-04-17 10:00:00,A
1629,1629,2025-09-27 10:00:00,A
1630,1630,2025-07-22 10:00:00,A
1631,1631,2025-04-19 10:00:00,A
1632,1632,2025-08-22 10:00:00,B
1633,1633,2025-05-11 10:00:00,A
1634,1634,2025-07-17 10:00:00,B
1635,1635,2025-11-18 10:00:00,A
1636,1636,2025-07-03 10:00:00,A
1637,1637,2025-11-03 10:00:00,A
1638,1638,2025-12-03 10:00:00,A
1639,1639,2025-06-06 10:00:00,A
1640,1640,2025-12-10 10:00:00,A
1641,1641,2025-02-06 10:00:00,A
1642,1642,2025-09-13 10:00:00,A
1643,1643,2025-09-19 10:00:00,A
1644,1644,2025-08-05 10:00:00,A
1645,1645,2025-10-24 10:00:00,A
1646,1646,2025-07-26 10:00:00,A
1647,1647,2025-04-23 10:00:00,A
1648,1648,2025-04-14 10:00:00,B
1649,1649,2025-03-15 10:00:00,A
1650,1650,2025-11-08 10:00:00,A
1651,1651,2025-08-18 10:00:00,A
1652,1652,2025-04-25 10:00:00,A
1653,1653,2025-03-31 10:00:00,A
1654,1654,2025-01-16 10:00:00,A
1655,1655,2025-03-14 10:00:00,A
1656,1656,2025-02-08 10:00:00,A
1657,1657,2025-03-25 10:00:00,A
1658,1658,2025-10-18 10:00:00,A
1659,1659,2025-03-24 10:00:00,A
1660,1660,2025-07-26 10:00:00,A
1661,1661,2025-09-17 10:00:00,A
1662,1662,2025-04-05 10:00:00,A
1663,1663,2025-04-04 10:00:00,A
1664,1664,2025-04-22 10:00:00,A
1665,1665,2025-04-13 10:00:00,A
1666,1666,2025-09-17 10:00:00,A
1667,1667,2025-07-13 10:00:00,A
1668,1668,2025-11-19 10:00:00,A
1669,1669,2025-06-29 10:00:00,A
1670,1670,2025-04-12 10:00:00,A
1671,1671,2025-04-20 10:00:00,A
1672,1672,2025-01-24 10:00:00,A
1673,1673,2025-12-18 10:00:00,A
1674,1674,2025-08-02 10:00:00,B
1675,1675,2025-10-30 10:00:00,A
1676,1676,2025-12-13 10:00:00,A
1677,1677,2025-05-31 10:00:00,A
1678,1678,2025-08-06 10:00:00,A
1679,1679,2025-05-11 10:00:00,A
1680,1680,2025-01-17 10:00:00,A
1681,1681,2025-09-09 10:00:00,A
1682,1682,2025-10-23 10:00:00,A
1683,1683,2025-03-27 10:00:00,A
1684,1684,2025-09-07 10:00:00,A
1685,1685,2025-01-19 10:00:00,C
1686,1686,2025-05-15 10:00:00,A
1687,1687,2025-10-24 10:00:00,A
1688,1688,2025-12-08 10:00:00,A
1689,1689,2025-06-09 10:00:00,B
1690,1690,2025-03-04 10:00:00,A
1691,1691,2025-10-24 10:00:00,C
1692,1692,2025-02-01 10:00:00,A
1693,1693,2025-09-08 10:00:00,A
1694,1694,2025-07-13 10:00:00,A
1695,1695,2025-06-05 10:00:00,A
1696,1696,2025-10-16 10:00:00,A
1697,1697,2025-05-26 10:00:00,A
1698,1698,2025-06-15 10:00:00,A
1699,1699,2025-01-28 10:00:00,A
1700,1700,2025-05-08 10:00:00,A
1701,1701,2025-11-18 10:00:00,A
1702,1702,2025-12-24 10:00:00,A
1703,1703,2025-02-21 10:00:00,A
1704,1704,2025-06-27 10:00:00,A
1705,1705,2025-04-26 10:00:00,B
1706,1706,2025-04-02 10:00:00,A
1707,1707,2025-10-23 10:00:00,A
1708,1708,2025-06-10 10:00:00,A
1709,1709,2025-12-10 10:00:00,A
1710,1710,2025-04-15 10:00:00,A
1711,1711,2025-04-23 10:00:00,A
1712,1712,2025-10-02 10:00:00,A
1713,1713,2025-07-23 10:00:00,A
1714,1714,2025-04-04 10:00:00,A
1715,1715,2025-05-18 10:00:00,A
1716,1716,2025-08-27 10:00:00,A
1717,1717,2025-12-23 10:00:00,A
1718,1718,2025-04-16 10:00:00,A
1719,1719,2025-12-03 10:00:00,A
1720,1720,2025-10-08 10:00:00,A
1721,1721,2025-04-22 10:00:00,A
1722,1722,2025-11-12 10:00:00,A
1723,1723,2025-10-09 10:00:00,A
1724,1724,2025-01-24 10:00:00,A
1725,1725,2025-09-30 10:00:00,A
1726,1726,2025-10-17 10:00:00,A
1727,1727,2025-01-17 10:00:00,A
1728,1728,2025-10-04 10:00:00,A
1729,1729,2025-05-06 10:00:00,A
1730,1730,2025-10-26 10:00:00,A
1731,1731,2025-06-05 10:00:00,A
1732,1732,2025-03-07 10:00:00,A
1733,1733,2025-04-06 10:00:00,A
1734,1734,2025-12-29 10:00:00,A
1735,1735,2025-08-05 10:00:00,A
1736,1736,2025-04-04 10:00:00,A
1737,1737,2025-02-19 10:00:00,A
1738,1738,2025-03-27 10:00:00,A
1739,1739,2025-07-15 10:00:00,A
1740,1740,2025-06-28 10:00:00,A
1741,1741,2025-02-24 10:00:00,A
1742,1742,2025-04-06 10:00:00,B
1743,1743,2025-10-15 10:00:00,A
1744,1744,2025-08-16 10:00:00,A
1745,1745,2025-11-18 10:00:00,A
1746,1746,2025-03-15 10:00:00,A
1747,1747,2025-07-28 10:00:00,A
1748,1748,2025-07-24 10:00:00,A
1749,1749,2025-12-13 10:00:00,A
1750,1750,2025-02-18 10:00:00,A
1751,1751,2025-05-23 10:00:00,A
1752,1752,2025-02-24 10:00:00,A
1753,1753,2025-04-01 10:00:00,A
1754,1754,2025-12-29 10:00:00,A
1755,1755,2025-11-26 10:00:00,A
1756,1756,2025-11-09 10:00:00,A
1757,1757,2025-10-25 10:00:00,A
1758,1758,2025-07-11 10:00:00,A
1759,1759,2025-07-08 10:00:00,A
1760,1760,2025-12-18 10:00:00,A
1761,1761,2025-06-24 10:00:00,A
1762,1762,2025-11-16 10:00:00,A
1763,1763,2025-07-14 10:00:00,B
1764,1764,2025-09-08 10:00:00,B
1765,1765,2025-03-22 10:00:00,A
1766,1766,2025-07-23 10:00:00,A
1767,1767,2025-08-02 10:00:00,A
1768,1768,2025-06-20 10:00:00,A
1769,1769,2025-10-11 10:00:00,A
1770,1770,2025-06-12 10:00:00,A
1771,1771,2025-08-21 10:00:00,A
1772,1772,2025-10-14 10:00:00,B
1773,1773,2025-01-08 10:00:00,C
1774,1774,2025-10-11 10:00:00,A
1775,1775,2025-10-18 10:00:00,A
1776,1776,2025-05-24 10:00:00,A
1777,1777,2025-01-17 10:00:00,A
1778,1778,2025-10-27 10:00:00,A
1779,1779,2025-05-18 10:00:00,A
1780,1780,2025-07-12 10:00:00,A
1781,1781,2025-11-30 10:00:00,A
1782,1782,2025-12-21 10:00:00,A
1783,1783,2025-08-08 10:00:00,A
1784,1784,2025-03-04 10:00:00,C
1785,1785,2025-11-01 10:00:00,A
1786,1786,2025-12-21 10:00:00,A
1787,1787,2025-12-24 10:00:00,A
1788,1788,2025-07-21 10:00:00,A
1789,1789,2025-07-31 10:00:00,A
1790,1790,2025-10-08 10:00:00,A
1791,1791,2025-12-05 10:00:00,A
1792,1792,2025-04-18 10:00:00,A
1793,1793,2025-12-17 10:00:00,A
1794,1794,2025-09-23 10:00:00,A
1795,1795,2025-01-11 10:00:00,A
1796,1796,2025-07-14 10:00:00,A
1797,1797,2025-03-13 10:00:00,B
1798,1798,2025-02-19 10:00:00,A
1799,1799,2025-04-22 10:00:00,A
1800,1800,2025-07-18 10:00:00,A
1801,1801,2025-10-29 10:00:00,A
1802,1802,2025-01-22 10:00:00,A
1803,1803,2025-06-08 10:00:00,A
1804,1804,2025-10-09 10:00:00,A
1805,1805,2025-12-29 10:00:00,A
1806,1806,2025-09-03 10:00:00,A
1807,1807,2025-12-23 10:00:00,A
1808,1808,2025-01-07 10:00:00,A
1809,1809,2025-12-14 10:00:00,A
1810,1810,2025-07-11 10:00:00,A
1811,1811,2025-11-16 10:00:00,A
1812,1812,2025-08-13 10:00:00,A
1813,1813,2025-08-13 10:00:00,A
1814,1814,2025-09-23 10:00:00,A
1815,1815,2025-11-30 10:00:00,A
1816,1816,2025-12-27 10:00:00,A
1817,1817,2025-03-28 10:00:00,A
1818,1818,2025-02-07 10:00:00,A
1819,1819,2025-07-18 10:00:00,C
1820,1820,2025-04-05 10:00:00,A
1821,1821,2025-05-15 10:00:00,C
1822,1822,2025-05-11 10:00:00,A
1823,1823,2025-10-16 10:00:00,A
1824,1824,2025-02-15 10:00:00,A
1825,1825,2025-03-14 10:00:00,A
1826,1826,2025-06-29 10:00:00,A
1827,1827,2025-01-24 10:00:00,A
1828,1828,2025-01-05 10:00:00,A
1829,1829,2025-03-05 10:00:00,A
1830,1830,2025-11-18 10:00:00,A
1831,1831,2025-01-20 10:00:00,A
1832,1832,2025-11-27 10:00:00,A
1833,1833,2025-06-08 10:00:00,A
1834,1834,2025-03-01 10:00:00,A
1835,1835,2025-04-01 10:00:00,A
1836,1836,2025-08-28 10:00:00,A
1837,1837,2025-08-30 10:00:00,A
1838,1838,2025-05-18 10:00:00,A
1839,1839,2025-09-12 10:00:00,A
1840,1840,2025-05-07 10:00:00,A
1841,1841,2025-06-25 10:00:00,A
1842,1842,2025-10-29 10:00:00,A
1843,1843,2025-04-18 10:00:00,A
1844,1844,2025-02-11 10:00:00,A
1845,1845,2025-11-22 10:00:00,A
1846,1846,2025-06-01 10:00:00,A
1847,1847,2025-09-19 10:00:00,A
1848,1848,2025-06-24 10:00:00,A
1849,1849,2025-05-27 10:00:00,A
1850,1850,2025-11-20 10:00:00,A
1851,1851,2025-10-26 10:00:00,A
1852,1852,2025-12-26 10:00:00,A
1853,1853,2025-04-15 10:00:00,A
1854,1854,2025-01-28 10:00:00,A
1855,1855,2025-09-22 10:00:00,A
1856,1856,2025-07-08 10:00:00,A
1857,1857,2025-07-23 10:00:00,A
1858,1858,2025-08-11 10:00:00,A
1859,1859,2025-06-17 10:00:00,A
1860,1860,2025-11-11 10:00:00,A
1861,1861,2025-12-20 10:00:00,A
1862,1862,2025-10-05 10:00:00,A
1863,1863,2025-12-08 10:00:00,A
1864,1864,2025-03-23 10:00:00,A
1865,1865,2025-07-20 10:00:00,A
1866,1866,2025-01-07 10:00:00,A
1867,1867,2025-04-19 10:00:00,A
1868,1868,2025-01-25 10:00:00,B
1869,1869,2025-06-28 10:00:00,A
1870,1870,2025-09-15 10:00:00,A
1871,1871,2025-04-15 10:00:00,A
1872,1872,2025-05-07 10:00:00,A
1873,1873,2025-10-28 10:00:00,A
1874,1874,2025-07-12 10:00:00,A
1875,1875,2025-07-15 10:00:00,A
1876,1876,2025-04-24 10:00:00,A
1877,1877,2025-02-21 10:00:00,A
1878,1878,2025-11-29 10:00:00,A
1879,1879,2025-05-09 10:00:00,A
1880,1880,2025-11-03 10:00:00,A
1881,1881,2025-12-03 10:00:00,A
1882,1882,2025-04-02 10:00:00,A
1883,1883,2025-04-23 10:00:00,A
1884,1884,2025-08-31 10:00:00,A
1885,1885,2025-12-17 10:00:00,A
1886,1886,2025-07-04 10:00:00,A
1887,1887,2025-05-31 10:00:00,A
1888,1888,2025-01-30 10:00:00,A
1889,1889,2025-05-10 10:00:00,A
1890,1890,2025-07-21 10:00:00,A
1891,1891,2025-04-11 10:00:00,A
1892,1892,2025-04-24 10:00:00,A
1893,1893,2025-09-11 10:00:00,A
1894,1894,2025-07-04 10:00:00,A
1895,1895,2025-08-04 10:00:00,A
1896,1896,2025-06-28 10:00:00,A
1897,1897,2025-01-15 10:00:00,A
1898,1898,2025-11-17 10:00:00,A
1899,1899,2025-08-09 10:00:00,A
1900,1900,2025-03-16 10:00:00,A
1901,1901,2025-01-16 10:00:00,A
1902,1902,2025-06-26 10:00:00,A
1903,1903,2025-06-06 10:00:00,A
1904,1904,2025-08-01 10:00:00,A
1905,1905,2025-01-03 10:00:00,A
1906,1906,2025-06-29 10:00:00,A
1907,1907,2025-06-16 10:00:00,A
1908,1908,2025-05-19 10:00:00,A
1909,1909,2025-04-05 10:00:00,A
1910,1910,2025-02-13 10:00:00,B
1911,1911,2025-08-01 10:00:00,A
1912,1912,2025-03-18 10:00:00,A
1913,1913,2025-08-18 10:00:00,A
1914,1914,2025-02-08 10:00:00,B
1915,1915,2025-05-23 10:00:00,A
1916,1916,2025-09-29 10:00:00,A
1917,1917,2025-05-23 10:00:00,A
1918,1918,2025-06-13 10:00:00,B
1919,1919,2025-10-20 10:00:00,A
1920,1920,2025-08-08 10:00:00,B
1921,1921,2025-10-01 10:00:00,A
1922,1922,2025-07-04 10:00:00,A
1923,1923,2025-10-03 10:00:00,A
1924,1924,2025-03-05 10:00:00,A
1925,1925,2025-05-18 10:00:00,A
1926,1926,2025-10-08 10:00:00,A
1927,1927,2025-07-15 10:00:00,A
1928,1928,2025-08-13 10:00:00,A
1929,1929,2025-03-11 10:00:00,A
1930,1930,2025-06-27 10:00:00,A
1931,1931,2025-08-19 10:00:00,A
1932,1932,2025-08-13 10:00:00,A
1933,1933,2025-03-02 10:00:00,A
1934,1934,2025-09-22 10:00:00,A
1935,1935,2025-06-21 10:00:00,A
1936,1936,2025-06-06 10:00:00,A
1937,1937,2025-06-05 10:00:00,A
1938,1938,2025-10-29 10:00:00,A
1939,1939,2025-07-12 10:00:00,A
1940,1940,2025-02-23 10:00:00,A
1941,1941,2025-08-27 10:00:00,A
1942,1942,2025-08-24 10:00:00,A
1943,1943,2025-04-19 10:00:00,A
1944,1944,2025-01-29 10:00:00,A
1945,1945,2025-01-22 10:00:00,A
1946,1946,2025-08-06 10:00:00,A
1947,1947,2025-03-18 10:00:00,A
1948,1948,2025-08-21 10:00:00,A
1949,1949,2025-12-06 10:00:00,A
1950,1950,2025-05-17 10:00:00,A
1951,1951,2025-04-22 10:00:00,B
1952,1952,2025-09-30 10:00:00,A
1953,1953,2025-01-10 10:00:00,A
1954,1954,2025-06-24 10:00:00,A
1955,1955,2025-12-12 10:00:00,A
1956,1956,2025-11-14 10:00:00,A
1957,1957,2025-08-30 10:00:00,A
1958,1958,2025-09-14 10:00:00,A
1959,1959,2025-03-22 10:00:00,A
1960,1960,2025-06-27 10:00:00,A
1961,1961,2025-08-09 10:00:00,A
1962,1962,2025-01-25 10:00:00,B
1963,1963,2025-04-23 10:00:00,A
1964,1964,2025-04-12 10:00:00,A
1965,1965,2025-12-09 10:00:00,A
1966,1966,2025-12-04 10:00:00,A
1967,1967,2025-09-22 10:00:00,A
1968,1968,2025-08-05 10:00:00,A
1969,1969,2025-04-28 10:00:00,A
1970,1970,2025-03-30 10:00:00,A
1971,1971,2025-05-17 10:00:00,A
1972,1972,2025-10-09 10:00:00,A
1973,1973,2025-12-05 10:00:00,A
1974,1974,2025-05-11 10:00:00,A
1975,1975,2025-12-30 10:00:00,A
1976,1976,2025-04-24 10:00:00,A
1977,1977,2025-10-25 10:00:00,A
1978,1978,2025-02-18 10:00:00,A
1979,1979,2025-06-09 10:00:00,A
1980,1980,2025-09-02 10:00:00,A
1981,1981,2025-06-17 10:00:00,A
1982,1982,2025-11-12 10:00:00,A
1983,1983,2025-08-18 10:00:00,A
1984,1984,2025-01-08 10:00:00,A
1985,1985,2025-09-29 10:00:00,A
1986,1986,2025-08-15 10:00:00,A
1987,1987,2025-06-28 10:00:00,A
1988,1988,2025-04-16 10:00:00,A
1989,1989,2025-06-13 10:00:00,A
1990,1990,2025-07-12 10:00:00,A
1991,1991,2025-12-01 10:00:00,A
1992,1992,2025-07-09 10:00:00,A
1993,1993,2025-05-20 10:00:00,A
1994,1994,2025-03-21 10:00:00,A
1995,1995,2025-10-30 10:00:00,A
1996,1996,2025-04-08 10:00:00,A
1997,1997,2025-07-27 10:00:00,A
1998,1998,2025-04-03 10:00:00,A
1999,1999,2025-03-08 10:00:00,A
2000,2000,2025-04-19 10:00:00,A
2001,2001,2025-11-09 10:00:00,A
2002,2002,2025-02-02 10:00:00,A
2003,2003,2025-02-02 10:00:00,A
2004,2004,2025-08-14 10:00:00,B
2005,2005,2025-10-25 10:00:00,A
2006,2006,2025-10-07 10:00:00,A
2007,2007,2025-11-30 10:00:00,A
2008,2008,2025-01-15 10:00:00,A
2009,2009,2025-03-22 10:00:00,B
2010,2010,2025-04-30 10:00:00,A
2011,2011,2025-08-26 10:00:00,A
2012,2012,2025-08-03 10:00:00,A
2013,2013,2025-01-10 10:00:00,A
2014,2014,2025-04-23 10:00:00,A
2015,2015,2025-03-02 10:00:00,A
2016,2016,2025-12-29 10:00:00,A
2017,2017,2025-04-01 10:00:00,A
2018,2018,2025-09-10 10:00:00,A
2019,2019,2025-09-13 10:00:00,A
2020,2020,2025-11-01 10:00:00,A
2021,2021,2025-07-29 10:00:00,A
2022,2022,2025-10-26 10:00:00,A
2023,2023,2025-10-15 10:00:00,A
2024,2024,2025-04-17 10:00:00,A
2025,2025,2025-04-05 10:00:00,A
2026,2026,2025-03-10 10:00:00,A
2027,2027,2025-01-26 10:00:00,A
2028,2028,2025-06-16 10:00:00,A
2029,2029,2025-09-14 10:00:00,A
2030,2030,2025-03-09 10:00:00,A
2031,2031,2025-05-26 10:00:00,A
2032,2032,2025-01-03 10:00:00,A
2033,2033,2025-01-23 10:00:00,A
2034,2034,2025-02-09 10:00:00,A
2035,2035,2025-05-18 10:00:00,A
2036,2036,2025-09-16 10:00:00,A
2037,2037,2025-10-03 10:00:00,A
2038,2038,2025-12-20 10:00:00,A
2039,2039,2025-12-02 10:00:00,A
2040,2040,2025-01-13 10:00:00,A
2041,2041,2025-12-15 10:00:00,A
2042,2042,2025-12-10 10:00:00,A
2043,2043,2025-12-24 10:00:00,A
2044,2044,2025-01-29 10:00:00,C
2045,2045,2025-11-23 10:00:00,A
2046,2046,2025-04-05 10:00:00,A
2047,2047,2025-01-25 10:00:00,A
2048,2048,2025-01-06 10:00:00,A
2049,2049,2025-09-03 10:00:00,A
2050,2050,2025-02-02 10:00:00,A
2051,2051,2025-11-16 10:00:00,A
2052,2052,2025-04-07 10:00:00,A
2053,2053,2025-02-05 10:00:00,A
2054,2054,2025-12-28 10:00:00,A
2055,2055,2025-08-06 10:00:00,A
2056,2056,2025-07-15 10:00:00,A
2057,2057,2025-08-14 10:00:00,A
2058,2058,2025-05-09 10:00:00,A
2059,2059,2025-06-02 10:00:00,A
2060,2060,2025-08-07 10:00:00,A
2061,2061,2025-05-26 10:00:00,A
2062,2062,2025-10-08 10:00:00,A
2063,2063,2025-12-14 10:00:00,A
2064,2064,2025-06-14 10:00:00,A
2065,2065,2025-04-20 10:00:00,C
2066,2066,2025-02-19 10:00:00,A
2067,2067,2025-09-11 10:00:00,A
2068,2068,2025-10-14 10:00:00,A
2069,2069,2025-01-13 10:00:00,A
2070,2070,2025-01-04 10:00:00,C
2071,2071,2025-09-09 10:00:00,A
2072,2072,2025-01-22 10:00:00,A
2073,2073,2025-09-28 10:00:00,B
2074,2074,2025-12-08 10:00:00,A
2075,2075,2025-08-20 10:00:00,A
2076,2076,2025-12-30 10:00:00,A
2077,2077,2025-07-08 10:00:00,A
2078,2078,2025-05-20 10:00:00,A
2079,2079,2025-04-01 10:00:00,A
2080,2080,2025-04-07 10:00:00,A
2081,2081,2025-05-10 10:00:00,A
2082,2082,2025-07-16 10:00:00,C
2083,2083,2025-10-31 10:00:00,A
2084,2084,2025-04-18 10:00:00,A
2085,2085,2025-04-20 10:00:00,A
2086,2086,2025-04-29 10:00:00,A
2087,2087,2025-08-18 10:00:00,A
2088,2088,2025-08-15 10:00:00,A
2089,2089,2025-10-13 10:00:00,A
2090,2090,2025-07-01 10:00:00,A
2091,2091,2025-05-12 10:00:00,A
2092,2092,2025-01-08 10:00:00,A
2093,2093,2025-08-07 10:00:00,A
2094,2094,2025-01-09 10:00:00,A
2095,2095,2025-11-29 10:00:00,A
2096,2096,2025-12-26 10:00:00,A
2097,2097,2025-08-24 10:00:00,A
2098,2098,2025-05-08 10:00:00,A
2099,2099,2025-07-12 10:00:00,C
2100,2100,2025-03-21 10:00:00,A
2101,2101,2025-01-01 10:00:00,A
2102,2102,2025-12-03 10:00:00,A
2103,2103,2025-02-18 10:00:00,A
2104,2104,2025-10-24 10:00:00,A
2105,2105,2025-06-03 10:00:00,A
2106,2106,2025-05-29 10:00:00,A
2107,2107,2025-06-09 10:00:00,A
2108,2108,2025-02-17 10:00:00,A
2109,2109,2025-05-18 10:00:00,A
2110,2110,2025-11-08 10:00:00,A
2111,2111,2025-07-23 10:00:00,A
2112,2112,2025-09-08 10:00:00,B
2113,2113,2025-08-16 10:00:00,A
2114,2114,2025-12-19 10:00:00,A
2115,2115,2025-01-26 10:00:00,A
2116,2116,2025-05-20 10:00:00,A
2117,2117,2025-10-08 10:00:00,A
2118,2118,2025-10-10 10:00:00,A
2119,2119,2025-07-12 10:00:00,A
2120,2120,2025-05-20 10:00:00,A
2121,2121,2025-02-04 10:00:00,A
2122,2122,2025-11-30 10:00:00,A
2123,2123,2025-07-12 10:00:00,B
2124,2124,2025-07-12 10:00:00,A
2125,2125,2025-03-13 10:00:00,A
2126,2126,2025-10-02 10:00:00,A
2127,2127,2025-02-17 10:00:00,A
2128,2128,2025-10-27 10:00:00,A
2129,2129,2025-02-27 10:00:00,A
2130,2130,2025-05-16 10:00:00,A
2131,2131,2025-07-30 10:00:00,B
2132,2132,2025-08-06 10:00:00,A
2133,2133,2025-12-17 10:00:00,A
2134,2134,2025-06-19 10:00:00,A
2135,2135,2025-02-24 10:00:00,A
2136,2136,2025-01-25 10:00:00,A
2137,2137,2025-11-21 10:00:00,C
2138,2138,2025-01-09 10:00:00,A
2139,2139,2025-03-06 10:00:00,B
2140,2140,2025-05-06 10:00:00,A
2141,2141,2025-10-28 10:00:00,A
2142,2142,2025-08-08 10:00:00,A
2143,2143,2025-06-12 10:00:00,A
2144,2144,2025-10-07 10:00:00,A
2145,2145,2025-02-21 10:00:00,A
2146,2146,2025-01-10 10:00:00,A
2147,2147,2025-11-17 10:00:00,A
2148,2148,2025-08-02 10:00:00,A
2149,2149,2025-09-22 10:00:00,A
2150,2150,2025-12-08 10:00:00,A
2151,2151,2025-03-18 10:00:00,A
2152,2152,2025-06-24 10:00:00,B
2153,2153,2025-07-18 10:00:00,A
2154,2154,2025-03-17 10:00:00,A
2155,2155,2025-06-05 10:00:00,C
2156,2156,2025-10-05 10:00:00,C
2157,2157,2025-12-04 10:00:00,A
2158,2158,2025-10-23 10:00:00,A
2159,2159,2025-06-08 10:00:00,A
2160,2160,2025-06-06 10:00:00,A
2161,2161,2025-10-19 10:00:00,A
2162,2162,2025-07-13 10:00:00,A
2163,2163,2025-12-06 10:00:00,A
2164,2164,2025-12-15 10:00:00,A
2165,2165,2025-06-01 10:00:00,A
2166,2166,2025-11-10 10:00:00,A
2167,2167,2025-07-28 10:00:00,A
2168,2168,2025-01-05 10:00:00,A
2169,2169,2025-03-23 10:00:00,A
2170,2170,2025-11-17 10:00:00,A
2171,2171,2025-06-15 10:00:00,A
2172,2172,2025-05-11 10:00:00,A
2173,2173,2025-05-03 10:00:00,A
2174,2174,2025-04-20 10:00:00,A
2175,2175,2025-10-25 10:00:00,A
2176,2176,2025-03-21 10:00:00,A
2177,2177,2025-06-12 10:00:00,A
2178,2178,2025-11-30 10:00:00,A
2179,2179,2025-08-13 10:00:00,A
2180,2180,2025-10-05 10:00:00,A
2181,2181,2025-09-01 10:00:00,A
2182,2182,2025-10-29 10:00:00,A
2183,2183,2025-07-04 10:00:00,A
2184,2184,2025-10-12 10:00:00,A
2185,2185,2025-05-23 10:00:00,A
2186,2186,2025-08-27 10:00:00,B
2187,2187,2025-04-29 10:00:00,A
2188,2188,2025-11-16 10:00:00,A
2189,2189,2025-06-05 10:00:00,A
2190,2190,2025-05-14 10:00:00,A
2191,2191,2025-06-08 10:00:00,A
2192,2192,2025-07-05 10:00:00,A
2193,2193,2025-10-08 10:00:00,A
2194,2194,2025-01-28 10:00:00,A
2195,2195,2025-12-15 10:00:00,A
2196,2196,2025-05-07 10:00:00,C
2197,2197,2025-06-07 10:00:00,A
2198,2198,2025-09-19 10:00:00,B
2199,2199,2025-08-06 10:00:00,A
2200,2200,2025-10-26 10:00:00,A
2201,2201,2025-12-15 10:00:00,A
2202,2202,2025-03-31 10:00:00,A
2203,2203,2025-09-25 10:00:00,A
2204,2204,2025-07-13 10:00:00,A
2205,2205,2025-12-20 10:00:00,A
2206,2206,2025-04-28 10:00:00,A
2207,2207,2025-11-11 10:00:00,A
2208,2208,2025-04-22 10:00:00,A
2209,2209,2025-04-27 10:00:00,A
2210,2210,2025-02-01 10:00:00,A
2211,2211,2025-07-25 10:00:00,A
2212,2212,2025-12-27 10:00:00,A
2213,2213,2025-10-23 10:00:00,A
2214,2214,2025-03-29 10:00:00,A
2215,2215,2025-07-02 10:00:00,A
2216,2216,2025-03-18 10:00:00,A
2217,2217,2025-04-01 10:00:00,A
2218,2218,2025-10-14 10:00:00,A
2219,2219,2025-11-01 10:00:00,A
2220,2220,2025-06-18 10:00:00,A
2221,2221,2025-10-10 10:00:00,A
2222,2222,2025-09-04 10:00:00,A
2223,2223,2025-04-17 10:00:00,A
2224,2224,2025-03-27 10:00:00,A
2225,2225,2025-10-25 10:00:00,A
2226,2226,2025-01-18 10:00:00,A
2227,2227,2025-04-08 10:00:00,A
2228,2228,2025-02-23 10:00:00,A
2229,2229,2025-10-30 10:00:00,A
2230,2230,2025-09-18 10:00:00,A
2231,2231,2025-12-18 10:00:00,A
2232,2232,2025-01-05 10:00:00,A
2233,2233,2025-01-27 10:00:00,A
2234,2234,2025-07-26 10:00:00,A
2235,2235,2025-11-02 10:00:00,A
2236,2236,2025-07-19 10:00:00,A
2237,2237,2025-04-23 10:00:00,A
2238,2238,2025-07-10 10:00:00,A
2239,2239,2025-03-23 10:00:00,A
2240,2240,2025-02-21 10:00:00,A
2241,2241,2025-08-30 10:00:00,A
2242,2242,2025-08-06 10:00:00,A
2243,2243,2025-07-08 10:00:00,A
2244,2244,2025-12-29 10:00:00,A
2245,2245,2025-07-10 10:00:00,A
2246,2246,2025-08-01 10:00:00,A
2247,2247,2025-01-16 10:00:00,A
2248,2248,2025-01-18 10:00:00,A
2249,2249,2025-08-27 10:00:00,B
2250,2250,2025-01-15 10:00:00,A
2251,2251,2025-06-01 10:00:00,A
2252,2252,2025-03-17 10:00:00,A
2253,2253,2025-10-17 10:00:00,A
2254,2254,2025-12-15 10:00:00,A
2255,2255,2025-08-07 10:00:00,A
2256,2256,2025-04-28 10:00:00,A
2257,2257,2025-10-02 10:00:00,A
2258,2258,2025-03-11 10:00:00,A
2259,2259,2025-12-29 10:00:00,A
2260,2260,2025-11-07 10:00:00,A
2261,2261,2025-06-07 10:00:00,B
2262,2262,2025-07-21 10:00:00,A
2263,2263,2025-02-25 10:00:00,A
2264,2264,2025-04-12 10:00:00,A
2265,2265,2025-10-01 10:00:00,A
2266,2266,2025-05-19 10:00:00,A
2267,2267,2025-01-05 10:00:00,A
2268,2268,2025-01-29 10:00:00,A
2269,2269,2025-11-07 10:00:00,A
2270,2270,2025-09-11 10:00:00,A
2271,2271,2025-09-18 10:00:00,A
2272,2272,2025-04-17 10:00:00,A
2273,2273,2025-07-09 10:00:00,A
2274,2274,2025-04-20 10:00:00,A
2275,2275,2025-01-06 10:00:00,A
2276,2276,2025-08-31 10:00:00,A
2277,2277,2025-08-28 10:00:00,A
2278,2278,2025-11-24 10:00:00,A
2279,2279,2025-02-28 10:00:00,A
2280,2280,2025-03-15 10:00:00,A
2281,2281,2025-01-19 10:00:00,A
2282,2282,2025-11-15 10:00:00,A
2283,2283,2025-04-24 10:00:00,A
2284,2284,2025-12-28 10:00:00,A
2285,2285,2025-01-19 10:00:00,A
2286,2286,2025-06-07 10:00:00,A
2287,2287,2025-10-24 10:00:00,A
2288,2288,2025-10-10 10:00:00,A
2289,2289,2025-11-19 10:00:00,A
2290,2290,2025-09-28 10:00:00,A
2291,2291,2025-01-15 10:00:00,A
2292,2292,2025-06-15 10:00:00,C
2293,2293,2025-06-25 10:00:00,A
2294,2294,2025-04-07 10:00:00,A
2295,2295,2025-03-07 10:00:00,A
2296,2296,2025-04-01 10:00:00,B
2297,2297,2025-03-03 10:00:00,A
2298,2298,2025-11-16 10:00:00,A
2299,2299,2025-08-12 10:00:00,A
2300,2300,2025-07-21 10:00:00,A
2301,2301,2025-11-10 10:00:00,C
2302,2302,2025-02-18 10:00:00,A
2303,2303,2025-07-02 10:00:00,A
2304,2304,2025-12-30 10:00:00,A
2305,2305,2025-12-07 10:00:00,A
2306,2306,2025-09-06 10:00:00,A
2307,2307,2025-06-21 10:00:00,A
2308,2308,2025-03-15 10:00:00,A
2309,2309,2025-03-27 10:00:00,A
2310,2310,2025-04-20 10:00:00,A
2311,2311,2025-07-09 10:00:00,A
2312,2312,2025-04-21 10:00:00,A
2313,2313,2025-08-23 10:00:00,A
2314,2314,2025-02-09 10:00:00,A
2315,2315,2025-05-01 10:00:00,A
2316,2316,2025-01-02 10:00:00,A
2317,2317,2025-11-10 10:00:00,A
2318,2318,2025-12-06 10:00:00,A
2319,2319,2025-05-12 10:00:00,A
2320,2320,2025-05-06 10:00:00,A
2321,2321,2025-07-19 10:00:00,A
2322,2322,2025-09-21 10:00:00,A
2323,2323,2025-10-04 10:00:00,A
2324,2324,2025-11-23 10:00:00,A
2325,2325,2025-06-28 10:00:00,A
2326,2326,2025-10-27 10:00:00,A
2327,2327,2025-10-25 10:00:00,A
2328,2328,2025-02-02 10:00:00,A
2329,2329,2025-05-22 10:00:00,A
2330,2330,2025-10-24 10:00:00,A
2331,2331,2025-07-24 10:00:00,A
2332,2332,2025-04-11 10:00:00,A
2333,2333,2025-01-01 10:00:00,A
2334,2334,2025-05-28 10:00:00,A
2335,2335,2025-01-06 10:00:00,A
2336,2336,2025-04-29 10:00:00,A
2337,2337,2025-09-20 10:00:00,A
2338,2338,2025-02-14 10:00:00,A
2339,2339,2025-03-28 10:00:00,A
2340,2340,2025-08-20 10:00:00,A
2341,2341,2025-09-15 10:00:00,A
2342,2342,2025-10-19 10:00:00,A
2343,2343,2025-04-17 10:00:00,A
2344,2344,2025-10-31 10:00:00,A
2345,2345,2025-12-25 10:00:00,A
2346,2346,2025-11-13 10:00:00,A
2347,2347,2025-03-12 10:00:00,B
2348,2348,2025-10-14 10:00:00,A
2349,2349,2025-06-05 10:00:00,A
2350,2350,2025-06-20 10:00:00,A
2351,2351,2025-06-24 10:00:00,A
2352,2352,2025-06-27 10:00:00,A
2353,2353,2025-02-06 10:00:00,A
2354,2354,2025-02-07 10:00:00,A
2355,2355,2025-04-06 10:00:00,A
2356,2356,2025-10-29 10:00:00,A
2357,2357,2025-03-19 10:00:00,A
2358,2358,2025-03-08 10:00:00,A
2359,2359,2025-02-23 10:00:00,A
2360,2360,2025-12-27 10:00:00,A
2361,2361,2025-06-06 10:00:00,A
2362,2362,2025-09-19 10:00:00,A
2363,2363,2025-07-05 10:00:00,B
2364,2364,2025-08-30 10:00:00,A
2365,2365,2025-05-23 10:00:00,A
2366,2366,2025-04-27 10:00:00,A
2367,2367,2025-05-02 10:00:00,C
2368,2368,2025-11-24 10:00:00,A
2369,2369,2025-03-04 10:00:00,A
2370,2370,2025-06-10 10:00:00,C
2371,2371,2025-04-09 10:00:00,A
2372,2372,2025-10-20 10:00:00,A
2373,2373,2025-08-15 10:00:00,A
2374,2374,2025-05-12 10:00:00,A
2375,2375,2025-10-04 10:00:00,C
2376,2376,2025-12-21 10:00:00,A
2377,2377,2025-07-17 10:00:00,A
2378,2378,2025-06-11 10:00:00,A
2379,2379,2025-06-11 10:00:00,A
2380,2380,2025-10-15 10:00:00,A
2381,2381,2025-01-04 10:00:00,A
2382,2382,2025-08-21 10:00:00,A
2383,2383,2025-04-16 10:00:00,A
2384,2384,2025-08-14 10:00:00,B
2385,2385,2025-10-04 10:00:00,A
2386,2386,2025-07-20 10:00:00,A
2387,2387,2025-08-02 10:00:00,A
2388,2388,2025-09-17 10:00:00,A
2389,2389,2025-04-09 10:00:00,A
2390,2390,2025-08-18 10:00:00,A
2391,2391,2025-11-08 10:00:00,A
2392,2392,2025-08-16 10:00:00,A
2393,2393,2025-05-24 10:00:00,A
2394,2394,2025-11-14 10:00:00,B
2395,2395,2025-07-07 10:00:00,A
2396,2396,2025-06-14 10:00:00,A
2397,2397,2025-09-07 10:00:00,A
2398,2398,2025-04-08 10:00:00,A
2399,2399,2025-06-02 10:00:00,A
2400,2400,2025-02-06 10:00:00,A
2401,2401,2025-10-05 10:00:00,A
2402,2402,2025-09-28 10:00:00,A
2403,2403,2025-02-24 10:00:00,A
2404,2404,2025-10-26 10:00:00,A
2405,2405,2025-04-30 10:00:00,A
2406,2406,2025-05-25 10:00:00,A
2407,2407,2025-07-15 10:00:00,A
2408,2408,2025-06-23 10:00:00,A
2409,2409,2025-09-28 10:00:00,A
2410,2410,2025-08-18 10:00:00,A
2411,2411,2025-12-27 10:00:00,A
2412,2412,2025-10-30 10:00:00,A
2413,2413,2025-07-20 10:00:00,A
2414,2414,2025-11-07 10:00:00,A
2415,2415,2025-04-28 10:00:00,A
2416,2416,2025-05-31 10:00:00,A
2417,2417,2025-12-30 10:00:00,C
2418,2418,2025-03-19 10:00:00,C
2419,2419,2025-03-06 10:00:00,A
2420,2420,2025-06-14 10:00:00,A
2421,2421,2025-10-03 10:00:00,A
2422,2422,2025-12-14 10:00:00,A
2423,2423,2025-07-26 10:00:00,A
2424,2424,2025-11-20 10:00:00,A
2425,2425,2025-06-10 10:00:00,A
2426,2426,2025-01-18 10:00:00,A
2427,2427,2025-06-15 10:00:00,A
2428,2428,2025-08-23 10:00:00,A
2429,2429,2025-06-05 10:00:00,A
2430,2430,2025-05-03 10:00:00,A
2431,2431,2025-03-24 10:00:00,A
2432,2432,2025-03-17 10:00:00,A
2433,2433,2025-04-04 10:00:00,A
2434,2434,2025-05-08 10:00:00,A
2435,2435,2025-10-24 10:00:00,A
2436,2436,2025-07-03 10:00:00,A
2437,2437,2025-01-31 10:00:00,A
2438,2438,2025-07-23 10:00:00,A
2439,2439,2025-12-16 10:00:00,A
2440,2440,2025-12-22 10:00:00,A
2441,2441,2025-12-18 10:00:00,A
2442,2442,2025-04-11 10:00:00,A
2443,2443,2025-04-17 10:00:00,A
2444,2444,2025-04-23 10:00:00,A
2445,2445,2025-06-21 10:00:00,A
2446,2446,2025-08-21 10:00:00,A
2447,2447,2025-12-22 10:00:00,A
2448,2448,2025-03-07 10:00:00,A
2449,2449,2025-05-31 10:00:00,A
2450,2450,2025-05-04 10:00:00,A
2451,2451,2025-01-09 10:00:00,A
2452,2452,2025-10-20 10:00:00,A
2453,2453,2025-09-17 10:00:00,A
2454,2454,2025-05-03 10:00:00,A
2455,2455,2025-11-17 10:00:00,A
2456,2456,2025-06-12 10:00:00,A
2457,2457,2025-03-17 10:00:00,A
2458,2458,2025-05-10 10:00:00,A
2459,2459,2025-04-29 10:00:00,A
2460,2460,2025-10-05 10:00:00,C
2461,2461,2025-06-19 10:00:00,A
2462,2462,2025-11-05 10:00:00,A
2463,2463,2025-06-08 10:00:00,A
2464,2464,2025-03-14 10:00:00,A
2465,2465,2025-03-01 10:00:00,A
2466,2466,2025-07-31 10:00:00,A
2467,2467,2025-12-25 10:00:00,A
2468,2468,2025-09-20 10:00:00,A
2469,2469,2025-01-23 10:00:00,A
2470,2470,2025-04-17 10:00:00,B
2471,2471,2025-12-25 10:00:00,A
2472,2472,2025-05-20 10:00:00,A
2473,2473,2025-11-21 10:00:00,A
2474,2474,2025-12-05 10:00:00,A
2475,2475,2025-02-19 10:00:00,A
2476,2476,2025-10-31 10:00:00,A
2477,2477,2025-06-28 10:00:00,A
2478,2478,2025-11-27 10:00:00,A
2479,2479,2025-10-15 10:00:00,A
2480,2480,2025-01-18 10:00:00,A
2481,2481,2025-11-17 10:00:00,A
2482,2482,2025-10-26 10:00:00,A
2483,2483,2025-06-16 10:00:00,A
2484,2484,2025-11-22 10:00:00,A
2485,2485,2025-06-05 10:00:00,A
2486,2486,2025-07-28 10:00:00,A
2487,2487,2025-05-11 10:00:00,A
2488,2488,2025-09-17 10:00:00,A
2489,2489,2025-07-06 10:00:00,A
2490,2490,2025-03-24 10:00:00,A
2491,2491,2025-07-23 10:00:00,A
2492,2492,2025-11-26 10:00:00,A
2493,2493,2025-07-14 10:00:00,A
2494,2494,2025-01-01 10:00:00,A
2495,2495,2025-09-30 10:00:00,A
2496,2496,2025-01-18 10:00:00,A
2497,2497,2025-02-27 10:00:00,A
2498,2498,2025-02-21 10:00:00,A
2499,2499,2025-06-09 10:00:00,A
2500,2500,2025-05-03 10:00:00,A
2501,2501,2025-06-28 10:00:00,A
2502,2502,2025-10-14 10:00:00,A
2503,2503,2025-01-19 10:00:00,A
2504,2504,2025-09-25 10:00:00,A
2505,2505,2025-03-20 10:00:00,A
2506,2506,2025-10-21 10:00:00,A
2507,2507,2025-11-30 10:00:00,A
2508,2508,2025-02-13 10:00:00,A
2509,2509,2025-09-15 10:00:00,A
2510,2510,2025-04-14 10:00:00,A
2511,2511,2025-01-06 10:00:00,A
2512,2512,2025-02-18 10:00:00,A
2513,2513,2025-06-06 10:00:00,A
2514,2514,2025-02-21 10:00:00,A
2515,2515,2025-05-05 10:00:00,A
2516,2516,2025-07-24 10:00:00,A
2517,2517,2025-03-04 10:00:00,A
2518,2518,2025-04-19 10:00:00,A
2519,2519,2025-12-23 10:00:00,A
2520,2520,2025-05-16 10:00:00,A
2521,2521,2025-02-27 10:00:00,A
2522,2522,2025-06-09 10:00:00,A
2523,2523,2025-06-07 10:00:00,A
2524,2524,2025-08-18 10:00:00,A
2525,2525,2025-10-18 10:00:00,A
2526,2526,2025-02-20 10:00:00,A
2527,2527,2025-05-19 10:00:00,A
2528,2528,2025-01-10 10:00:00,B
2529,2529,2025-05-23 10:00:00,A
2530,2530,2025-02-21 10:00:00,A
2531,2531,2025-02-05 10:00:00,A
2532,2532,2025-06-27 10:00:00,A
2533,2533,2025-06-08 10:00:00,A
2534,2534,2025-10-01 10:00:00,A
2535,2535,2025-08-29 10:00:00,A
2536,2536,2025-07-10 10:00:00,A
2537,2537,2025-10-13 10:00:00,A
2538,2538,2025-09-04 10:00:00,A
2539,2539,2025-07-19 10:00:00,A
2540,2540,2025-05-01 10:00:00,A
2541,2541,2025-07-19 10:00:00,A
2542,2542,2025-02-25 10:00:00,A
2543,2543,2025-11-17 10:00:00,A
2544,2544,2025-04-23 10:00:00,A
2545,2545,2025-04-17 10:00:00,B
2546,2546,2025-04-12 10:00:00,A
2547,2547,2025-01-08 10:00:00,A
2548,2548,2025-07-18 10:00:00,A
2549,2549,2025-01-07 10:00:00,A
2550,2550,2025-09-22 10:00:00,A
2551,2551,2025-06-17 10:00:00,A
2552,2552,2025-01-04 10:00:00,A
2553,2553,2025-06-23 10:00:00,A
2554,2554,2025-02-06 10:00:00,A
2555,2555,2025-01-24 10:00:00,A
2556,2556,2025-02-14 10:00:00,A
2557,2557,2025-08-05 10:00:00,A
2558,2558,2025-06-01 10:00:00,A
2559,2559,2025-02-07 10:00:00,B
2560,2560,2025-05-31 10:00:00,A
2561,2561,2025-03-19 10:00:00,A
2562,2562,2025-12-17 10:00:00,A
2563,2563,2025-10-21 10:00:00,B
2564,2564,2025-04-04 10:00:00,A
2565,2565,2025-12-29 10:00:00,A
2566,2566,2025-03-03 10:00:00,A
2567,2567,2025-08-18 10:00:00,A
2568,2568,2025-06-08 10:00:00,A
2569,2569,2025-12-02 10:00:00,A
2570,2570,2025-11-03 10:00:00,A
2571,2571,2025-06-13 10:00:00,A
2572,2572,2025-04-16 10:00:00,A
2573,2573,2025-10-08 10:00:00,A
2574,2574,2025-04-13 10:00:00,A
2575,2575,2025-06-17 10:00:00,A
2576,2576,2025-11-05 10:00:00,A
2577,2577,2025-04-09 10:00:00,A
2578,2578,2025-04-27 10:00:00,A
2579,2579,2025-12-24 10:00:00,A
2580,2580,2025-10-04 10:00:00,A
2581,2581,2025-06-06 10:00:00,A
2582,2582,2025-05-17 10:00:00,A
2583,2583,2025-07-24 10:00:00,A
2584,2584,2025-12-21 10:00:00,A
2585,2585,2025-09-17 10:00:00,A
2586,2586,2025-07-06 10:00:00,A
2587,2587,2025-03-06 10:00:00,A
2588,2588,2025-09-06 10:00:00,A
2589,2589,2025-08-19 10:00:00,A
2590,2590,2025-11-19 10:00:00,A
2591,2591,2025-11-10 10:00:00,A
2592,2592,2025-07-04 10:00:00,A
2593,2593,2025-09-18 10:00:00,A
2594,2594,2025-07-28 10:00:00,A
2595,2595,2025-12-01 10:00:00,A
2596,2596,2025-04-10 10:00:00,C
2597,2597,2025-09-09 10:00:00,A
2598,2598,2025-05-07 10:00:00,A
2599,2599,2025-01-10 10:00:00,A
2600,2600,2025-09-02 10:00:00,A
2601,2601,2025-04-25 10:00:00,A
2602,2602,2025-09-24 10:00:00,A
2603,2603,2025-05-15 10:00:00,A
2604,2604,2025-07-28 10:00:00,A
2605,2605,2025-09-15 10:00:00,A
2606,2606,2025-03-26 10:00:00,A
2607,2607,2025-11-05 10:00:00,A
2608,2608,2025-10-31 10:00:00,A
2609,2609,2025-06-04 10:00:00,A
2610,2610,2025-10-23 10:00:00,A
2611,2611,2025-10-17 10:00:00,A
2612,2612,2025-10-01 10:00:00,A
2613,2613,2025-09-16 10:00:00,A
2614,2614,2025-12-20 10:00:00,A
2615,2615,2025-08-03 10:00:00,A
2616,2616,2025-10-16 10:00:00,A
2617,2617,2025-11-20 10:00:00,A
2618,2618,2025-06-15 10:00:00,A
2619,2619,2025-05-20 10:00:00,A
2620,2620,2025-10-22 10:00:00,A
2621,2621,2025-09-09 10:00:00,A
2622,2622,2025-09-24 10:00:00,A
2623,2623,2025-05-24 10:00:00,A
2624,2624,2025-11-03 10:00:00,A
2625,2625,2025-05-24 10:00:00,A
2626,2626,2025-09-02 10:00:00,A
2627,2627,2025-11-05 10:00:00,A
2628,2628,2025-02-07 10:00:00,A
2629,2629,2025-05-14 10:00:00,A
2630,2630,2025-01-12 10:00:00,A
2631,2631,2025-05-29 10:00:00,B
2632,2632,2025-11-18 10:00:00,A
2633,2633,2025-07-13 10:00:00,A
2634,2634,2025-02-19 10:00:00,A
2635,2635,2025-10-15 10:00:00,A
2636,2636,2025-12-28 10:00:00,A
2637,2637,2025-04-02 10:00:00,A
2638,2638,2025-02-17 10:00:00,B
2639,2639,2025-02-13 10:00:00,A
2640,2640,2025-08-24 10:00:00,A
2641,2641,2025-03-28 10:00:00,A
2642,2642,2025-06-04 10:00:00,A
2643,2643,2025-10-14 10:00:00,A
2644,2644,2025-07-02 10:00:00,A
2645,2645,2025-10-06 10:00:00,A
2646,2646,2025-06-29 10:00:00,A
2647,2647,2025-08-21 10:00:00,C
2648,2648,2025-12-11 10:00:00,A
2649,2649,2025-03-15 10:00:00,A
2650,2650,2025-02-17 10:00:00,A
2651,2651,2025-02-05 10:00:00,A
2652,2652,2025-06-12 10:00:00,B
2653,2653,2025-10-09 10:00:00,A
2654,2654,2025-12-13 10:00:00,A
2655,2655,2025-04-27 10:00:00,A
2656,2656,2025-08-24 10:00:00,A
2657,2657,2025-05-12 10:00:00,A
2658,2658,2025-06-17 10:00:00,A
2659,2659,2025-09-21 10:00:00,A
2660,2660,2025-05-16 10:00:00,A
2661,2661,2025-08-29 10:00:00,A
2662,2662,2025-03-08 10:00:00,A
2663,2663,2025-09-25 10:00:00,A
2664,2664,2025-02-27 10:00:00,A
2665,2665,2025-08-19 10:00:00,A
2666,2666,2025-06-03 10:00:00,A
2667,2667,2025-01-13 10:00:00,A
2668,2668,2025-10-05 10:00:00,A
2669,2669,2025-02-22 10:00:00,A
2670,2670,2025-01-10 10:00:00,A
2671,2671,2025-03-19 10:00:00,A
2672,2672,2025-07-21 10:00:00,B
2673,2673,2025-04-03 10:00:00,A
2674,2674,2025-10-07 10:00:00,A
2675,2675,2025-10-28 10:00:00,A
2676,2676,2025-04-12 10:00:00,A
2677,2677,2025-05-10 10:00:00,B
2678,2678,2025-07-16 10:00:00,B
2679,2679,2025-01-31 10:00:00,A
2680,2680,2025-07-04 10:00:00,B
2681,2681,2025-05-05 10:00:00,C
2682,2682,2025-01-19 10:00:00,A
2683,2683,2025-09-11 10:00:00,A
2684,2684,2025-03-20 10:00:00,A
2685,2685,2025-06-25 10:00:00,A
2686,2686,2025-02-19 10:00:00,A
2687,2687,2025-09-26 10:00:00,A
2688,2688,2025-07-03 10:00:00,A
2689,2689,2025-08-06 10:00:00,A
2690,2690,2025-02-25 10:00:00,A
2691,2691,2025-07-09 10:00:00,A
2692,2692,2025-07-04 10:00:00,A
2693,2693,2025-08-03 10:00:00,A
2694,2694,2025-03-09 10:00:00,A
2695,2695,2025-07-02 10:00:00,A
2696,2696,2025-03-15 10:00:00,A
2697,2697,2025-04-24 10:00:00,A
2698,2698,2025-08-22 10:00:00,A
2699,2699,2025-02-07 10:00:00,A
2700,2700,2025-09-19 10:00:00,A
2701,2701,2025-09-29 10:00:00,A
2702,2702,2025-07-23 10:00:00,A
2703,2703,2025-02-08 10:00:00,A
2704,2704,2025-05-28 10:00:00,A
2705,2705,2025-12-14 10:00:00,A
2706,2706,2025-11-10 10:00:00,A
2707,2707,2025-10-30 10:00:00,A
2708,2708,2025-06-29 10:00:00,A
2709,2709,2025-01-12 10:00:00,A
2710,2710,2025-09-30 10:00:00,A
2711,2711,2025-03-27 10:00:00,A
2712,2712,2025-04-18 10:00:00,A
2713,2713,2025-03-02 10:00:00,A
2714,2714,2025-04-04 10:00:00,A
2715,2715,2025-12-22 10:00:00,A
2716,2716,2025-04-17 10:00:00,B
2717,2717,2025-07-15 10:00:00,A
2718,2718,2025-07-14 10:00:00,A
2719,2719,2025-11-07 10:00:00,A
2720,2720,2025-04-24 10:00:00,A
2721,2721,2025-04-13 10:00:00,A
2722,2722,2025-05-13 10:00:00,A
2723,2723,2025-08-08 10:00:00,A
2724,2724,2025-07-05 10:00:00,A
2725,2725,2025-07-06 10:00:00,A
2726,2726,2025-06-23 10:00:00,A
2727,2727,2025-06-08 10:00:00,A
2728,2728,2025-10-23 10:00:00,A
2729,2729,2025-07-05 10:00:00,A
2730,2730,2025-11-17 10:00:00,A
2731,2731,2025-03-13 10:00:00,A
2732,2732,2025-04-16 10:00:00,A
2733,2733,2025-05-10 10:00:00,C
2734,2734,2025-02-12 10:00:00,A
2735,2735,2025-06-27 10:00:00,A
2736,2736,2025-08-13 10:00:00,A
2737,2737,2025-05-13 10:00:00,A
2738,2738,2025-06-09 10:00:00,A
2739,2739,2025-10-08 10:00:00,A
2740,2740,2025-11-10 10:00:00,A
2741,2741,2025-03-24 10:00:00,A
2742,2742,2025-03-24 10:00:00,A
2743,2743,2025-04-21 10:00:00,A
2744,2744,2025-01-22 10:00:00,A
2745,2745,2025-01-18 10:00:00,A
2746,2746,2025-06-04 10:00:00,A
2747,2747,2025-02-26 10:00:00,A
2748,2748,2025-08-01 10:00:00,A
2749,2749,2025-05-10 10:00:00,A
2750,2750,2025-08-27 10:00:00,A
2751,2751,2025-12-20 10:00:00,A
2752,2752,2025-09-08 10:00:00,A
2753,2753,2025-03-14 10:00:00,A
2754,2754,2025-04-15 10:00:00,A
2755,2755,2025-11-03 10:00:00,A
2756,2756,2025-08-11 10:00:00,A
2757,2757,2025-01-21 10:00:00,A
2758,2758,2025-05-15 10:00:00,A
2759,2759,2025-06-22 10:00:00,A
2760,2760,2025-05-30 10:00:00,A
2761,2761,2025-11-10 10:00:00,A
2762,2762,2025-10-11 10:00:00,A
2763,2763,2025-04-22 10:00:00,A
2764,2764,2025-09-25 10:00:00,A
2765,2765,2025-05-29 10:00:00,A
2766,2766,2025-03-17 10:00:00,A
2767,2767,2025-10-17 10:00:00,A
2768,2768,2025-04-03 10:00:00,A
2769,2769,2025-12-21 10:00:00,A
2770,2770,2025-04-08 10:00:00,A
2771,2771,2025-04-18 10:00:00,A
2772,2772,2025-06-18 10:00:00,A
2773,2773,2025-04-03 10:00:00,B
2774,2774,2025-07-12 10:00:00,A
2775,2775,2025-03-03 10:00:00,A
2776,2776,2025-09-13 10:00:00,A
2777,2777,2025-08-25 10:00:00,A
2778,2778,2025-03-23 10:00:00,A
2779,2779,2025-12-08 10:00:00,A
2780,2780,2025-05-27 10:00:00,A
2781,2781,2025-04-10 10:00:00,A
2782,2782,2025-10-10 10:00:00,A
2783,2783,2025-02-22 10:00:00,A
2784,2784,2025-01-29 10:00:00,B
2785,2785,2025-03-12 10:00:00,A
2786,2786,2025-04-16 10:00:00,A
2787,2787,2025-10-15 10:00:00,A
2788,2788,2025-09-01 10:00:00,B
2789,2789,2025-11-12 10:00:00,A
2790,2790,2025-11-13 10:00:00,A
2791,2791,2025-03-02 10:00:00,A
2792,2792,2025-06-08 10:00:00,A
2793,2793,2025-11-24 10:00:00,A
2794,2794,2025-10-07 10:00:00,A
2795,2795,2025-10-05 10:00:00,A
2796,2796,2025-10-20 10:00:00,B
2797,2797,2025-05-08 10:00:00,A
2798,2798,2025-03-07 10:00:00,A
2799,2799,2025-09-17 10:00:00,A
2800,2800,2025-11-19 10:00:00,A
2801,2801,2025-09-15 10:00:00,A
2802,2802,2025-11-24 10:00:00,B
2803,2803,2025-08-04 10:00:00,A
2804,2804,2025-03-05 10:00:00,A
2805,2805,2025-12-08 10:00:00,A
2806,2806,2025-11-20 10:00:00,B
2807,2807,2025-01-07 10:00:00,A
2808,2808,2025-02-08 10:00:00,A
2809,2809,2025-08-21 10:00:00,A
2810,2810,2025-04-04 10:00:00,A
2811,2811,2025-05-11 10:00:00,C
2812,2812,2025-09-30 10:00:00,A
2813,2813,2025-04-29 10:00:00,B
2814,2814,2025-04-24 10:00:00,A
2815,2815,2025-04-01 10:00:00,A
2816,2816,2025-07-09 10:00:00,A
2817,2817,2025-10-09 10:00:00,A
2818,2818,2025-07-25 10:00:00,A
2819,2819,2025-10-02 10:00:00,A
2820,2820,2025-12-29 10:00:00,A
2821,2821,2025-06-12 10:00:00,A
2822,2822,2025-05-26 10:00:00,B
2823,2823,2025-05-10 10:00:00,A
2824,2824,2025-07-19 10:00:00,A
2825,2825,2025-02-27 10:00:00,A
2826,2826,2025-07-28 10:00:00,A
2827,2827,2025-10-03 10:00:00,A
2828,2828,2025-06-05 10:00:00,A
2829,2829,2025-08-18 10:00:00,A
2830,2830,2025-12-10 10:00:00,A
2831,2831,2025-10-12 10:00:00,A
2832,2832,2025-06-28 10:00:00,A
2833,2833,2025-08-13 10:00:00,B
2834,2834,2025-10-28 10:00:00,A
2835,2835,2025-08-30 10:00:00,A
2836,2836,2025-08-19 10:00:00,A
2837,2837,2025-03-19 10:00:00,A
2838,2838,2025-03-18 10:00:00,A
2839,2839,2025-12-03 10:00:00,A
2840,2840,2025-08-10 10:00:00,A
2841,2841,2025-05-14 10:00:00,A
2842,2842,2025-07-23 10:00:00,A
2843,2843,2025-09-24 10:00:00,A
2844,2844,2025-11-28 10:00:00,A
2845,2845,2025-07-11 10:00:00,A
2846,2846,2025-11-02 10:00:00,A
2847,2847,2025-11-01 10:00:00,A
2848,2848,2025-05-20 10:00:00,A
2849,2849,2025-02-23 10:00:00,A
2850,2850,2025-04-30 10:00:00,A
2851,2851,2025-02-14 10:00:00,A
2852,2852,2025-11-02 10:00:00,A
2853,2853,2025-05-19 10:00:00,A
2854,2854,2025-11-01 10:00:00,B
2855,2855,2025-08-15 10:00:00,A
2856,2856,2025-06-29 10:00:00,A
2857,2857,2025-06-23 10:00:00,A
2858,2858,2025-08-26 10:00:00,C
2859,2859,2025-10-28 10:00:00,A
2860,2860,2025-11-17 10:00:00,A
2861,2861,2025-04-10 10:00:00,A
2862,2862,2025-06-25 10:00:00,A
2863,2863,2025-11-28 10:00:00,A
2864,2864,2025-11-29 10:00:00,A
2865,2865,2025-06-29 10:00:00,A
2866,2866,2025-11-20 10:00:00,A
2867,2867,2025-06-29 10:00:00,A
2868,2868,2025-04-05 10:00:00,A
2869,2869,2025-07-03 10:00:00,A
2870,2870,2025-04-17 10:00:00,A
2871,2871,2025-08-07 10:00:00,A
2872,2872,2025-05-02 10:00:00,A
2873,2873,2025-08-22 10:00:00,A
2874,2874,2025-10-05 10:00:00,A
2875,2875,2025-04-10 10:00:00,A
2876,2876,2025-03-25 10:00:00,A
2877,2877,2025-10-08 10:00:00,A
2878,2878,2025-08-03 10:00:00,A
2879,2879,2025-12-21 10:00:00,A
2880,2880,2025-10-18 10:00:00,C
2881,2881,2025-08-27 10:00:00,A
2882,2882,2025-12-22 10:00:00,A
2883,2883,2025-07-13 10:00:00,A
2884,2884,2025-02-25 10:00:00,A
2885,2885,2025-07-20 10:00:00,A
2886,2886,2025-09-24 10:00:00,A
2887,2887,2025-07-09 10:00:00,A
2888,2888,2025-11-07 10:00:00,A
2889,2889,2025-09-18 10:00:00,A
2890,2890,2025-02-07 10:00:00,C
2891,2891,2025-05-01 10:00:00,A
2892,2892,2025-06-14 10:00:00,A
2893,2893,2025-10-10 10:00:00,A
2894,2894,2025-04-20 10:00:00,A
2895,2895,2025-07-13 10:00:00,A
2896,2896,2025-12-20 10:00:00,A
2897,2897,2025-12-26 10:00:00,A
2898,2898,2025-12-21 10:00:00,A
2899,2899,2025-08-10 10:00:00,A
2900,2900,2025-01-28 10:00:00,A
2901,2901,2025-11-26 10:00:00,A
2902,2902,2025-09-01 10:00:00,A
2903,2903,2025-06-05 10:00:00,A
2904,2904,2025-01-11 10:00:00,A
2905,2905,2025-03-28 10:00:00,A
2906,2906,2025-10-14 10:00:00,A
2907,2907,2025-09-29 10:00:00,A
2908,2908,2025-07-16 10:00:00,A
2909,2909,2025-01-02 10:00:00,A
2910,2910,2025-05-16 10:00:00,A
2911,2911,2025-07-23 10:00:00,A
2912,2912,2025-07-08 10:00:00,A
2913,2913,2025-09-25 10:00:00,A
2914,2914,2025-01-24 10:00:00,A
2915,2915,2025-06-06 10:00:00,A
2916,2916,2025-11-26 10:00:00,A
2917,2917,2025-06-12 10:00:00,A
2918,2918,2025-01-22 10:00:00,A
2919,2919,2025-04-12 10:00:00,A
2920,2920,2025-10-13 10:00:00,C
2921,2921,2025-05-08 10:00:00,A
2922,2922,2025-06-17 10:00:00,A
2923,2923,2025-10-08 10:00:00,A
2924,2924,2025-11-21 10:00:00,A
2925,2925,2025-04-29 10:00:00,A
2926,2926,2025-03-24 10:00:00,A
2927,2927,2025-03-25 10:00:00,A
2928,2928,2025-11-30 10:00:00,C
2929,2929,2025-08-31 10:00:00,A
2930,2930,2025-07-13 10:00:00,A
2931,2931,2025-08-06 10:00:00,A
2932,2932,2025-12-04 10:00:00,A
2933,2933,2025-10-08 10:00:00,A
2934,2934,2025-07-08 10:00:00,A
2935,2935,2025-02-08 10:00:00,A
2936,2936,2025-09-10 10:00:00,A
2937,2937,2025-10-15 10:00:00,A
2938,2938,2025-12-19 10:00:00,A
2939,2939,2025-07-23 10:00:00,A
2940,2940,2025-08-01 10:00:00,A
2941,2941,2025-06-10 10:00:00,A
2942,2942,2025-11-03 10:00:00,A
2943,2943,2025-01-27 10:00:00,A
2944,2944,2025-08-16 10:00:00,A
2945,2945,2025-03-06 10:00:00,A
2946,2946,2025-10-26 10:00:00,A
2947,2947,2025-05-03 10:00:00,A
2948,2948,2025-05-17 10:00:00,A
2949,2949,2025-10-30 10:00:00,A
2950,2950,2025-11-19 10:00:00,A
2951,2951,2025-09-01 10:00:00,A
2952,2952,2025-02-22 10:00:00,A
2953,2953,2025-11-03 10:00:00,A
2954,2954,2025-08-09 10:00:00,A
2955,2955,2025-07-14 10:00:00,A
2956,2956,2025-12-27 10:00:00,A
2957,2957,2025-10-04 10:00:00,A
2958,2958,2025-02-23 10:00:00,A
2959,2959,2025-08-19 10:00:00,A
2960,2960,2025-06-29 10:00:00,B
2961,2961,2025-04-11 10:00:00,A
2962,2962,2025-07-06 10:00:00,A
2963,2963,2025-03-26 10:00:00,A
2964,2964,2025-10-01 10:00:00,C
2965,2965,2025-07-26 10:00:00,A
2966,2966,2025-03-27 10:00:00,A
2967,2967,2025-02-22 10:00:00,A
2968,2968,2025-11-09 10:00:00,A
2969,2969,2025-11-11 10:00:00,A
2970,2970,2025-05-06 10:00:00,A
2971,2971,2025-02-18 10:00:00,A
2972,2972,2025-09-24 10:00:00,A
2973,2973,2025-12-30 10:00:00,A
2974,2974,2025-07-06 10:00:00,A
2975,2975,2025-11-17 10:00:00,A
2976,2976,2025-08-16 10:00:00,A
2977,2977,2025-05-26 10:00:00,A
2978,2978,2025-11-07 10:00:00,A
2979,2979,2025-11-25 10:00:00,A
2980,2980,2025-09-02 10:00:00,A
2981,2981,2025-07-02 10:00:00,A
2982,2982,2025-12-22 10:00:00,A
2983,2983,2025-05-26 10:00:00,A
2984,2984,2025-10-05 10:00:00,A
2985,2985,2025-11-18 10:00:00,A
2986,2986,2025-08-12 10:00:00,A
2987,2987,2025-05-01 10:00:00,A
2988,2988,2025-03-07 10:00:00,A
2989,2989,2025-02-06 10:00:00,C
2990,2990,2025-12-06 10:00:00,A
2991,2991,2025-07-29 10:00:00,A
2992,2992,2025-11-20 10:00:00,A
2993,2993,2025-06-02 10:00:00,A
2994,2994,2025-03-05 10:00:00,A
2995,2995,2025-07-22 10:00:00,A
2996,2996,2025-08-08 10:00:00,C
2997,2997,2025-06-04 10:00:00,B
2998,2998,2025-07-27 10:00:00,A
2999,2999,2025-01-05 10:00:00,A
3000,3000,2025-09-11 10:00:00,A
3001,3001,2025-03-10 10:00:00,A
3002,3002,2025-09-07 10:00:00,A
3003,3003,2025-04-22 10:00:00,A
3004,3004,2025-12-20 10:00:00,A
3005,3005,2025-11-05 10:00:00,A
3006,3006,2025-11-08 10:00:00,A
3007,3007,2025-10-13 10:00:00,A
3008,3008,2025-11-18 10:00:00,B
3009,3009,2025-03-02 10:00:00,A
3010,3010,2025-05-23 10:00:00,A
3011,3011,2025-07-22 10:00:00,A
3012,3012,2025-12-14 10:00:00,A
3013,3013,2025-07-23 10:00:00,A
3014,3014,2025-11-20 10:00:00,A
3015,3015,2025-10-01 10:00:00,A
3016,3016,2025-03-29 10:00:00,A
3017,3017,2025-07-20 10:00:00,A
3018,3018,2025-09-10 10:00:00,A
3019,3019,2025-04-24 10:00:00,A
3020,3020,2025-12-29 10:00:00,A
3021,3021,2025-03-08 10:00:00,A
3022,3022,2025-08-16 10:00:00,A
3023,3023,2025-04-29 10:00:00,B
3024,3024,2025-01-19 10:00:00,A
3025,3025,2025-06-30 10:00:00,A
3026,3026,2025-03-31 10:00:00,A
3027,3027,2025-01-04 10:00:00,A
3028,3028,2025-08-11 10:00:00,A
3029,3029,2025-11-07 10:00:00,A
3030,3030,2025-02-23 10:00:00,A
3031,3031,2025-03-26 10:00:00,A
3032,3032,2025-01-27 10:00:00,A
3033,3033,2025-12-18 10:00:00,A
3034,3034,2025-11-29 10:00:00,A
3035,3035,2025-02-05 10:00:00,A
3036,3036,2025-01-30 10:00:00,A
3037,3037,2025-10-24 10:00:00,A
3038,3038,2025-12-19 10:00:00,A
3039,3039,2025-10-26 10:00:00,A
3040,3040,2025-11-17 10:00:00,A
3041,3041,2025-05-06 10:00:00,A
3042,3042,2025-09-02 10:00:00,A
3043,3043,2025-08-12 10:00:00,A
3044,3044,2025-01-24 10:00:00,A
3045,3045,2025-07-03 10:00:00,A
3046,3046,2025-08-01 10:00:00,A
3047,3047,2025-05-05 10:00:00,A
3048,3048,2025-01-07 10:00:00,A
3049,3049,2025-07-14 10:00:00,A
3050,3050,2025-01-11 10:00:00,A
3051,3051,2025-11-05 10:00:00,A
3052,3052,2025-06-12 10:00:00,A
3053,3053,2025-11-16 10:00:00,A
3054,3054,2025-05-10 10:00:00,B
3055,3055,2025-05-15 10:00:00,A
3056,3056,2025-07-11 10:00:00,A
3057,3057,2025-01-21 10:00:00,A
3058,3058,2025-03-13 10:00:00,A
3059,3059,2025-11-21 10:00:00,A
3060,3060,2025-10-31 10:00:00,C
3061,3061,2025-08-14 10:00:00,A
3062,3062,2025-02-23 10:00:00,A
3063,3063,2025-04-21 10:00:00,A
3064,3064,2025-01-31 10:00:00,A
3065,3065,2025-01-01 10:00:00,A
3066,3066,2025-11-11 10:00:00,A
3067,3067,2025-04-12 10:00:00,A
3068,3068,2025-06-13 10:00:00,A
3069,3069,2025-07-31 10:00:00,A
3070,3070,2025-10-20 10:00:00,A
3071,3071,2025-07-12 10:00:00,A
3072,3072,2025-10-24 10:00:00,A
3073,3073,2025-10-08 10:00:00,A
3074,3074,2025-01-01 10:00:00,A
3075,3075,2025-06-29 10:00:00,A
3076,3076,2025-10-14 10:00:00,A
3077,3077,2025-09-02 10:00:00,A
3078,3078,2025-09-18 10:00:00,C
3079,3079,2025-04-07 10:00:00,A
3080,3080,2025-03-03 10:00:00,A
3081,3081,2025-01-18 10:00:00,A
3082,3082,2025-09-05 10:00:00,A
3083,3083,2025-10-08 10:00:00,A
3084,3084,2025-01-08 10:00:00,A
3085,3085,2025-08-20 10:00:00,A
3086,3086,2025-04-25 10:00:00,A
3087,3087,2025-06-05 10:00:00,A
3088,3088,2025-05-04 10:00:00,A
3089,3089,2025-05-17 10:00:00,A
3090,3090,2025-06-20 10:00:00,A
3091,3091,2025-02-01 10:00:00,A
3092,3092,2025-09-25 10:00:00,A
3093,3093,2025-07-06 10:00:00,A
3094,3094,2025-01-02 10:00:00,A
3095,3095,2025-10-22 10:00:00,A
3096,3096,2025-03-12 10:00:00,A
3097,3097,2025-01-29 10:00:00,A
3098,3098,2025-02-15 10:00:00,A
3099,3099,2025-02-20 10:00:00,A
3100,3100,2025-11-02 10:00:00,A
3101,3101,2025-03-19 10:00:00,A
3102,3102,2025-03-01 10:00:00,A
3103,3103,2025-01-31 10:00:00,A
3104,3104,2025-03-31 10:00:00,B
3105,3105,2025-12-26 10:00:00,A
3106,3106,2025-08-20 10:00:00,A
3107,3107,2025-05-19 10:00:00,A
3108,3108,2025-11-27 10:00:00,A
3109,3109,2025-01-21 10:00:00,A
3110,3110,2025-02-05 10:00:00,A
3111,3111,2025-07-21 10:00:00,B
3112,3112,2025-06-26 10:00:00,B
3113,3113,2025-03-17 10:00:00,C
3114,3114,2025-12-05 10:00:00,A
3115,3115,2025-02-12 10:00:00,A
3116,3116,2025-08-22 10:00:00,A
3117,3117,2025-07-19 10:00:00,A
3118,3118,2025-08-30 10:00:00,A
3119,3119,2025-06-04 10:00:00,A
3120,3120,2025-06-12 10:00:00,A
3121,3121,2025-02-24 10:00:00,A
3122,3122,2025-06-02 10:00:00,A
3123,3123,2025-01-16 10:00:00,B
3124,3124,2025-05-18 10:00:00,A
3125,3125,2025-08-29 10:00:00,A
3126,3126,2025-02-05 10:00:00,A
3127,3127,2025-06-13 10:00:00,A
3128,3128,2025-12-28 10:00:00,A
3129,3129,2025-11-21 10:00:00,A
3130,3130,2025-06-06 10:00:00,A
3131,3131,2025-11-08 10:00:00,A
3132,3132,2025-11-06 10:00:00,A
3133,3133,2025-09-18 10:00:00,A
3134,3134,2025-01-18 10:00:00,A
3135,3135,2025-07-15 10:00:00,A
3136,3136,2025-08-10 10:00:00,A
3137,3137,2025-07-16 10:00:00,A
3138,3138,2025-07-18 10:00:00,A
3139,3139,2025-06-18 10:00:00,A
3140,3140,2025-05-09 10:00:00,B
3141,3141,2025-11-15 10:00:00,A
3142,3142,2025-04-01 10:00:00,A
3143,3143,2025-12-29 10:00:00,A
3144,3144,2025-11-15 10:00:00,A
3145,3145,2025-11-19 10:00:00,A
3146,3146,2025-10-13 10:00:00,B
3147,3147,2025-06-12 10:00:00,A
3148,3148,2025-07-03 10:00:00,A
3149,3149,2025-09-28 10:00:00,A
3150,3150,2025-07-03 10:00:00,A
3151,3151,2025-04-05 10:00:00,A
3152,3152,2025-01-03 10:00:00,A
3153,3153,2025-03-30 10:00:00,A
3154,3154,2025-12-15 10:00:00,A
3155,3155,2025-05-03 10:00:00,A
3156,3156,2025-04-28 10:00:00,A
3157,3157,2025-06-26 10:00:00,A
3158,3158,2025-09-10 10:00:00,A
3159,3159,2025-08-25 10:00:00,A
3160,3160,2025-03-17 10:00:00,A
3161,3161,2025-04-18 10:00:00,B
3162,3162,2025-04-06 10:00:00,A
3163,3163,2025-05-18 10:00:00,A
3164,3164,2025-07-22 10:00:00,A
3165,3165,2025-06-16 10:00:00,A
3166,3166,2025-09-11 10:00:00,A
3167,3167,2025-03-29 10:00:00,A
3168,3168,2025-07-11 10:00:00,A
3169,3169,2025-04-08 10:00:00,A
3170,3170,2025-05-25 10:00:00,A
3171,3171,2025-04-11 10:00:00,A
3172,3172,2025-12-14 10:00:00,A
3173,3173,2025-05-04 10:00:00,A
3174,3174,2025-02-10 10:00:00,A
3175,3175,2025-04-25 10:00:00,A
3176,3176,2025-11-01 10:00:00,A
3177,3177,2025-06-01 10:00:00,A
3178,3178,2025-04-23 10:00:00,B
3179,3179,2025-03-12 10:00:00,A
3180,3180,2025-09-08 10:00:00,A
3181,3181,2025-02-01 10:00:00,A
3182,3182,2025-02-28 10:00:00,A
3183,3183,2025-12-20 10:00:00,B
3184,3184,2025-02-17 10:00:00,A
3185,3185,2025-12-18 10:00:00,A
3186,3186,2025-04-03 10:00:00,A
3187,3187,2025-12-07 10:00:00,B
3188,3188,2025-10-28 10:00:00,A
3189,3189,2025-03-24 10:00:00,A
3190,3190,2025-03-11 10:00:00,A
3191,3191,2025-02-13 10:00:00,A
3192,3192,2025-05-06 10:00:00,A
3193,3193,2025-10-22 10:00:00,C
3194,3194,2025-01-25 10:00:00,C
3195,3195,2025-08-03 10:00:00,A
3196,3196,2025-04-14 10:00:00,A
3197,3197,2025-06-14 10:00:00,A
3198,3198,2025-04-23 10:00:00,A
3199,3199,2025-08-29 10:00:00,A
3200,3200,2025-09-10 10:00:00,A
3201,3201,2025-04-20 10:00:00,A
3202,3202,2025-06-02 10:00:00,A
3203,3203,2025-06-26 10:00:00,C
3204,3204,2025-09-19 10:00:00,A
3205,3205,2025-04-17 10:00:00,A
3206,3206,2025-03-14 10:00:00,A
3207,3207,2025-08-15 10:00:00,A
3208,3208,2025-12-08 10:00:00,A
3209,3209,2025-12-01 10:00:00,A
3210,3210,2025-06-26 10:00:00,A
3211,3211,2025-12-29 10:00:00,A
3212,3212,2025-01-12 10:00:00,A
3213,3213,2025-09-10 10:00:00,A
3214,3214,2025-03-14 10:00:00,A
3215,3215,2025-05-13 10:00:00,A
3216,3216,2025-10-19 10:00:00,A
3217,3217,2025-04-22 10:00:00,A
3218,3218,2025-10-21 10:00:00,A
3219,3219,2025-12-18 10:00:00,A
3220,3220,2025-05-22 10:00:00,A
3221,3221,2025-12-03 10:00:00,A
3222,3222,2025-05-05 10:00:00,A
3223,3223,2025-03-06 10:00:00,A
3224,3224,2025-09-07 10:00:00,A
3225,3225,2025-06-14 10:00:00,A
3226,3226,2025-07-01 10:00:00,A
3227,3227,2025-03-05 10:00:00,A
3228,3228,2025-02-06 10:00:00,A
3229,3229,2025-02-13 10:00:00,A
3230,3230,2025-11-28 10:00:00,A
3231,3231,2025-10-07 10:00:00,B
3232,3232,2025-05-18 10:00:00,A
3233,3233,2025-10-20 10:00:00,B
3234,3234,2025-11-20 10:00:00,A
3235,3235,2025-10-14 10:00:00,A
3236,3236,2025-11-29 10:00:00,A
3237,3237,2025-06-15 10:00:00,A
3238,3238,2025-05-15 10:00:00,A
3239,3239,2025-12-18 10:00:00,A
3240,3240,2025-04-15 10:00:00,A
3241,3241,2025-11-29 10:00:00,A
3242,3242,2025-07-22 10:00:00,A
3243,3243,2025-02-21 10:00:00,A
3244,3244,2025-10-13 10:00:00,A
3245,3245,2025-01-29 10:00:00,A
3246,3246,2025-12-12 10:00:00,A
3247,3247,2025-02-07 10:00:00,B
3248,3248,2025-05-04 10:00:00,A
3249,3249,2025-10-29 10:00:00,A
3250,3250,2025-08-16 10:00:00,A
3251,3251,2025-10-06 10:00:00,A
3252,3252,2025-11-29 10:00:00,A
3253,3253,2025-09-01 10:00:00,A
3254,3254,2025-06-05 10:00:00,A
3255,3255,2025-06-04 10:00:00,A
3256,3256,2025-12-17 10:00:00,A
3257,3257,2025-04-19 10:00:00,A
3258,3258,2025-11-30 10:00:00,A
3259,3259,2025-09-03 10:00:00,A
3260,3260,2025-05-16 10:00:00,A
3261,3261,2025-12-18 10:00:00,A
3262,3262,2025-10-16 10:00:00,A
3263,3263,2025-03-21 10:00:00,A
3264,3264,2025-01-11 10:00:00,A
3265,3265,2025-03-08 10:00:00,A
3266,3266,2025-07-16 10:00:00,A
3267,3267,2025-07-04 10:00:00,A
3268,3268,2025-06-18 10:00:00,A
3269,3269,2025-09-15 10:00:00,A
3270,3270,2025-03-25 10:00:00,A
3271,3271,2025-07-19 10:00:00,A
3272,3272,2025-09-13 10:00:00,A
3273,3273,2025-03-29 10:00:00,A
3274,3274,2025-03-21 10:00:00,A
3275,3275,2025-01-06 10:00:00,A
3276,3276,2025-07-17 10:00:00,A
3277,3277,2025-06-05 10:00:00,A
3278,3278,2025-03-09 10:00:00,A
3279,3279,2025-12-26 10:00:00,A
3280,3280,2025-02-02 10:00:00,A
3281,3281,2025-08-21 10:00:00,B
3282,3282,2025-04-14 10:00:00,A
3283,3283,2025-03-02 10:00:00,A
3284,3284,2025-12-07 10:00:00,A
3285,3285,2025-04-12 10:00:00,A
3286,3286,2025-09-10 10:00:00,A
3287,3287,2025-09-17 10:00:00,A
3288,3288,2025-02-02 10:00:00,A
3289,3289,2025-03-25 10:00:00,A
3290,3290,2025-03-05 10:00:00,A
3291,3291,2025-10-03 10:00:00,A
3292,3292,2025-09-24 10:00:00,A
3293,3293,2025-07-01 10:00:00,A
3294,3294,2025-06-04 10:00:00,A
3295,3295,2025-03-13 10:00:00,A
3296,3296,2025-11-19 10:00:00,A
3297,3297,2025-06-08 10:00:00,A
3298,3298,2025-12-23 10:00:00,A
3299,3299,2025-07-24 10:00:00,A
3300,3300,2025-05-29 10:00:00,A
3301,3301,2025-06-19 10:00:00,A
3302,3302,2025-05-27 10:00:00,A
3303,3303,2025-12-07 10:00:00,A
3304,3304,2025-02-28 10:00:00,A
3305,3305,2025-01-08 10:00:00,A
3306,3306,2025-12-12 10:00:00,A
3307,3307,2025-08-18 10:00:00,A
3308,3308,2025-02-26 10:00:00,A
3309,3309,2025-09-11 10:00:00,A
3310,3310,2025-06-05 10:00:00,A
3311,3311,2025-05-11 10:00:00,A
3312,3312,2025-09-21 10:00:00,A
3313,3313,2025-05-16 10:00:00,A
3314,3314,2025-10-24 10:00:00,A
3315,3315,2025-07-07 10:00:00,A
3316,3316,2025-10-01 10:00:00,A
3317,3317,2025-11-19 10:00:00,C
3318,3318,2025-04-14 10:00:00,A
3319,3319,2025-09-17 10:00:00,A
3320,3320,2025-10-20 10:00:00,C
3321,3321,2025-04-24 10:00:00,A
3322,3322,2025-12-11 10:00:00,A
3323,3323,2025-12-08 10:00:00,A
3324,3324,2025-09-04 10:00:00,A
3325,3325,2025-04-01 10:00:00,A
3326,3326,2025-02-07 10:00:00,A
3327,3327,2025-02-07 10:00:00,A
3328,3328,2025-10-02 10:00:00,A
3329,3329,2025-11-12 10:00:00,A
3330,3330,2025-07-17 10:00:00,A
3331,3331,2025-09-16 10:00:00,A
3332,3332,2025-08-04 10:00:00,A
3333,3333,2025-07-23 10:00:00,A
3334,3334,2025-01-22 10:00:00,A
3335,3335,2025-05-01 10:00:00,A
3336,3336,2025-08-16 10:00:00,C
3337,3337,2025-07-31 10:00:00,A
3338,3338,2025-09-26 10:00:00,A
3339,3339,2025-04-18 10:00:00,A
3340,3340,2025-05-23 10:00:00,A
3341,3341,2025-02-25 10:00:00,A
3342,3342,2025-07-11 10:00:00,A
3343,3343,2025-10-04 10:00:00,A
3344,3344,2025-06-22 10:00:00,A
3345,3345,2025-07-28 10:00:00,A
3346,3346,2025-09-08 10:00:00,A
3347,3347,2025-01-31 10:00:00,A
3348,3348,2025-01-17 10:00:00,A
3349,3349,2025-12-03 10:00:00,A
3350,3350,2025-02-25 10:00:00,A
3351,3351,2025-04-09 10:00:00,C
3352,3352,2025-10-01 10:00:00,A
3353,3353,2025-10-10 10:00:00,A
3354,3354,2025-12-16 10:00:00,A
3355,3355,2025-03-07 10:00:00,A
3356,3356,2025-05-23 10:00:00,A
3357,3357,2025-08-23 10:00:00,A
3358,3358,2025-10-18 10:00:00,A
3359,3359,2025-09-12 10:00:00,A
3360,3360,2025-04-21 10:00:00,A
3361,3361,2025-11-06 10:00:00,A
3362,3362,2025-01-13 10:00:00,A
3363,3363,2025-09-10 10:00:00,A
3364,3364,2025-07-15 10:00:00,C
3365,3365,2025-08-05 10:00:00,A
3366,3366,2025-05-08 10:00:00,A
3367,3367,2025-10-01 10:00:00,C
3368,3368,2025-04-27 10:00:00,A
3369,3369,2025-02-15 10:00:00,A
3370,3370,2025-11-28 10:00:00,A
3371,3371,2025-07-30 10:00:00,A
3372,3372,2025-01-07 10:00:00,A
3373,3373,2025-02-19 10:00:00,A
3374,3374,2025-02-05 10:00:00,A
3375,3375,2025-12-19 10:00:00,A
3376,3376,2025-02-15 10:00:00,A
3377,3377,2025-07-13 10:00:00,A
3378,3378,2025-01-08 10:00:00,A
3379,3379,2025-05-18 10:00:00,A
3380,3380,2025-08-13 10:00:00,A
3381,3381,2025-01-30 10:00:00,A
3382,3382,2025-04-29 10:00:00,A
3383,3383,2025-04-26 10:00:00,A
3384,3384,2025-01-02 10:00:00,A
3385,3385,2025-08-21 10:00:00,A
3386,3386,2025-08-04 10:00:00,A
3387,3387,2025-10-19 10:00:00,A
3388,3388,2025-06-19 10:00:00,A
3389,3389,2025-12-08 10:00:00,A
3390,3390,2025-09-08 10:00:00,B
3391,3391,2025-03-19 10:00:00,A
3392,3392,2025-04-07 10:00:00,A
3393,3393,2025-08-28 10:00:00,A
3394,3394,2025-05-01 10:00:00,A
3395,3395,2025-09-22 10:00:00,A
3396,3396,2025-05-19 10:00:00,A
3397,3397,2025-09-12 10:00:00,A
3398,3398,2025-09-23 10:00:00,B
3399,3399,2025-09-05 10:00:00,A
3400,3400,2025-01-06 10:00:00,A
3401,3401,2025-07-04 10:00:00,A
3402,3402,2025-03-12 10:00:00,A
3403,3403,2025-11-05 10:00:00,A
3404,3404,2025-11-19 10:00:00,A
3405,3405,2025-05-13 10:00:00,A
3406,3406,2025-08-22 10:00:00,A
3407,3407,2025-01-18 10:00:00,A
3408,3408,2025-05-16 10:00:00,A
3409,3409,2025-06-28 10:00:00,A
3410,3410,2025-03-05 10:00:00,A
3411,3411,2025-12-13 10:00:00,A
3412,3412,2025-05-22 10:00:00,A
3413,3413,2025-06-05 10:00:00,A
3414,3414,2025-02-26 10:00:00,A
3415,3415,2025-03-25 10:00:00,A
3416,3416,2025-03-06 10:00:00,A
3417,3417,2025-11-15 10:00:00,A
3418,3418,2025-10-11 10:00:00,A
3419,3419,2025-06-05 10:00:00,A
3420,3420,2025-02-27 10:00:00,A
3421,3421,2025-02-18 10:00:00,A
3422,3422,2025-01-03 10:00:00,A
3423,3423,2025-02-18 10:00:00,A
3424,3424,2025-10-23 10:00:00,A
3425,3425,2025-01-20 10:00:00,A
3426,3426,2025-07-14 10:00:00,A
3427,3427,2025-04-02 10:00:00,A
3428,3428,2025-06-22 10:00:00,A
3429,3429,2025-08-11 10:00:00,A
3430,3430,2025-10-29 10:00:00,A
3431,3431,2025-07-01 10:00:00,A
3432,3432,2025-05-30 10:00:00,A
3433,3433,2025-12-28 10:00:00,A
3434,3434,2025-01-21 10:00:00,A
3435,3435,2025-06-05 10:00:00,A
3436,3436,2025-01-10 10:00:00,B
3437,3437,2025-04-05 10:00:00,A
3438,3438,2025-05-05 10:00:00,A
3439,3439,2025-05-23 10:00:00,A
3440,3440,2025-01-08 10:00:00,C
3441,3441,2025-07-26 10:00:00,A
3442,3442,2025-01-11 10:00:00,A
3443,3443,2025-02-05 10:00:00,C
3444,3444,2025-12-23 10:00:00,A
3445,3445,2025-07-11 10:00:00,A
3446,3446,2025-03-07 10:00:00,A
3447,3447,2025-08-08 10:00:00,A
3448,3448,2025-09-29 10:00:00,A
3449,3449,2025-02-16 10:00:00,A
3450,3450,2025-12-05 10:00:00,A
3451,3451,2025-08-31 10:00:00,A
3452,3452,2025-06-01 10:00:00,A
3453,3453,2025-03-21 10:00:00,A
3454,3454,2025-07-30 10:00:00,A
3455,3455,2025-02-19 10:00:00,A
3456,3456,2025-05-10 10:00:00,A
3457,3457,2025-05-26 10:00:00,A
3458,3458,2025-02-07 10:00:00,A
3459,3459,2025-01-10 10:00:00,A
3460,3460,2025-04-07 10:00:00,A
3461,3461,2025-12-09 10:00:00,A
3462,3462,2025-02-02 10:00:00,A
3463,3463,2025-05-30 10:00:00,A
3464,3464,2025-07-19 10:00:00,A
3465,3465,2025-01-10 10:00:00,A
3466,3466,2025-03-23 10:00:00,A
3467,3467,2025-09-14 10:00:00,A
3468,3468,2025-01-25 10:00:00,A
3469,3469,2025-02-01 10:00:00,A
3470,3470,2025-08-29 10:00:00,A
3471,3471,2025-12-17 10:00:00,A
3472,3472,2025-10-01 10:00:00,A
3473,3473,2025-11-19 10:00:00,A
3474,3474,2025-04-22 10:00:00,A
3475,3475,2025-08-22 10:00:00,B
3476,3476,2025-08-12 10:00:00,A
3477,3477,2025-08-05 10:00:00,A
3478,3478,2025-11-30 10:00:00,A
3479,3479,2025-10-27 10:00:00,A
3480,3480,2025-05-23 10:00:00,A
3481,3481,2025-05-23 10:00:00,B
3482,3482,2025-02-14 10:00:00,A
3483,3483,2025-11-16 10:00:00,A
3484,3484,2025-09-26 10:00:00,A
3485,3485,2025-08-02 10:00:00,A
3486,3486,2025-04-18 10:00:00,A
3487,3487,2025-01-17 10:00:00,A
3488,3488,2025-11-23 10:00:00,A
3489,3489,2025-04-26 10:00:00,A
3490,3490,2025-08-19 10:00:00,A
3491,3491,2025-10-27 10:00:00,C
3492,3492,2025-04-03 10:00:00,A
3493,3493,2025-07-10 10:00:00,A
3494,3494,2025-10-21 10:00:00,A
3495,3495,2025-02-04 10:00:00,A
3496,3496,2025-04-08 10:00:00,A
3497,3497,2025-09-26 10:00:00,A
3498,3498,2025-04-13 10:00:00,A
3499,3499,2025-03-17 10:00:00,A
3500,3500,2025-11-14 10:00:00,A
3501,3501,2025-12-07 10:00:00,A
3502,3502,2025-04-29 10:00:00,A
3503,3503,2025-10-28 10:00:00,A
3504,3504,2025-11-27 10:00:00,A
3505,3505,2025-11-15 10:00:00,A
3506,3506,2025-02-09 10:00:00,B
3507,3507,2025-02-01 10:00:00,A
3508,3508,2025-04-27 10:00:00,A
3509,3509,2025-04-11 10:00:00,A
3510,3510,2025-09-14 10:00:00,A
3511,3511,2025-11-02 10:00:00,A
3512,3512,2025-10-14 10:00:00,A
3513,3513,2025-12-18 10:00:00,A
3514,3514,2025-01-27 10:00:00,A
3515,3515,2025-04-02 10:00:00,A
3516,3516,2025-08-20 10:00:00,A
3517,3517,2025-09-22 10:00:00,A
3518,3518,2025-03-12 10:00:00,A
3519,3519,2025-08-04 10:00:00,A
3520,3520,2025-04-26 10:00:00,A
3521,3521,2025-12-03 10:00:00,A
3522,3522,2025-10-04 10:00:00,A
3523,3523,2025-10-05 10:00:00,A
3524,3524,2025-04-30 10:00:00,A
3525,3525,2025-02-23 10:00:00,A
3526,3526,2025-11-28 10:00:00,A
3527,3527,2025-03-30 10:00:00,A
3528,3528,2025-08-05 10:00:00,A
3529,3529,2025-03-24 10:00:00,A
3530,3530,2025-07-21 10:00:00,A
3531,3531,2025-12-18 10:00:00,A
3532,3532,2025-11-28 10:00:00,A
3533,3533,2025-04-11 10:00:00,A
3534,3534,2025-06-04 10:00:00,A
3535,3535,2025-07-19 10:00:00,A
3536,3536,2025-09-05 10:00:00,A
3537,3537,2025-12-10 10:00:00,A
3538,3538,2025-07-15 10:00:00,A
3539,3539,2025-07-17 10:00:00,B
3540,3540,2025-12-15 10:00:00,A
3541,3541,2025-04-15 10:00:00,A
3542,3542,2025-06-15 10:00:00,C
3543,3543,2025-08-03 10:00:00,A
3544,3544,2025-11-01 10:00:00,A
3545,3545,2025-06-12 10:00:00,A
3546,3546,2025-09-23 10:00:00,A
3547,3547,2025-10-05 10:00:00,A
3548,3548,2025-05-12 10:00:00,A
3549,3549,2025-01-19 10:00:00,A
3550,3550,2025-07-22 10:00:00,A
3551,3551,2025-09-27 10:00:00,A
3552,3552,2025-07-18 10:00:00,A
3553,3553,2025-04-08 10:00:00,A
3554,3554,2025-08-01 10:00:00,A
3555,3555,2025-06-16 10:00:00,A
3556,3556,2025-06-04 10:00:00,A
3557,3557,2025-11-24 10:00:00,A
3558,3558,2025-07-29 10:00:00,A
3559,3559,2025-12-17 10:00:00,C
3560,3560,2025-04-29 10:00:00,A
3561,3561,2025-07-30 10:00:00,A
3562,3562,2025-01-19 10:00:00,A
3563,3563,2025-10-10 10:00:00,A
3564,3564,2025-05-14 10:00:00,A
3565,3565,2025-02-26 10:00:00,A
3566,3566,2025-10-05 10:00:00,A
3567,3567,2025-12-17 10:00:00,A
3568,3568,2025-09-10 10:00:00,A
3569,3569,2025-06-18 10:00:00,A
3570,3570,2025-03-26 10:00:00,A
3571,3571,2025-04-27 10:00:00,A
3572,3572,2025-05-15 10:00:00,C
3573,3573,2025-07-16 10:00:00,A
3574,3574,2025-09-25 10:00:00,A
3575,3575,2025-03-29 10:00:00,A
3576,3576,2025-04-17 10:00:00,A
3577,3577,2025-04-05 10:00:00,A
3578,3578,2025-06-27 10:00:00,A
3579,3579,2025-06-26 10:00:00,A
3580,3580,2025-03-08 10:00:00,A
3581,3581,2025-04-04 10:00:00,A
3582,3582,2025-09-13 10:00:00,A
3583,3583,2025-01-13 10:00:00,B
3584,3584,2025-02-15 10:00:00,A
3585,3585,2025-02-16 10:00:00,A
3586,3586,2025-01-12 10:00:00,A
3587,3587,2025-06-01 10:00:00,A
3588,3588,2025-09-17 10:00:00,A
3589,3589,2025-04-06 10:00:00,A
3590,3590,2025-02-18 10:00:00,A
3591,3591,2025-03-09 10:00:00,A
3592,3592,2025-05-21 10:00:00,A
3593,3593,2025-11-08 10:00:00,A
3594,3594,2025-10-06 10:00:00,A
3595,3595,2025-08-25 10:00:00,A
3596,3596,2025-05-07 10:00:00,A
3597,3597,2025-12-13 10:00:00,A
3598,3598,2025-08-28 10:00:00,A
3599,3599,2025-02-08 10:00:00,A
3600,3600,2025-10-28 10:00:00,A
3601,3601,2025-06-06 10:00:00,A
3602,3602,2025-11-28 10:00:00,A
3603,3603,2025-10-20 10:00:00,A
3604,3604,2025-07-29 10:00:00,A
3605,3605,2025-05-30 10:00:00,A
3606,3606,2025-03-17 10:00:00,A
3607,3607,2025-04-02 10:00:00,A
3608,3608,2025-12-08 10:00:00,A
3609,3609,2025-01-03 10:00:00,A
3610,3610,2025-09-06 10:00:00,A
3611,3611,2025-03-14 10:00:00,A
3612,3612,2025-07-17 10:00:00,A
3613,3613,2025-03-25 10:00:00,A
3614,3614,2025-01-10 10:00:00,A
3615,3615,2025-10-23 10:00:00,A
3616,3616,2025-01-06 10:00:00,A
3617,3617,2025-10-04 10:00:00,A
3618,3618,2025-11-30 10:00:00,A
3619,3619,2025-02-21 10:00:00,A
3620,3620,2025-07-11 10:00:00,A
3621,3621,2025-12-11 10:00:00,A
3622,3622,2025-06-10 10:00:00,A
3623,3623,2025-02-15 10:00:00,A
3624,3624,2025-04-09 10:00:00,A
3625,3625,2025-07-31 10:00:00,A
3626,3626,2025-02-23 10:00:00,A
3627,3627,2025-04-19 10:00:00,A
3628,3628,2025-09-26 10:00:00,A
3629,3629,2025-02-21 10:00:00,A
3630,3630,2025-03-25 10:00:00,A
3631,3631,2025-02-19 10:00:00,A
3632,3632,2025-12-09 10:00:00,A
3633,3633,2025-01-19 10:00:00,A
3634,3634,2025-09-11 10:00:00,A
3635,3635,2025-08-27 10:00:00,A
3636,3636,2025-05-28 10:00:00,A
3637,3637,2025-02-05 10:00:00,A
3638,3638,2025-10-11 10:00:00,A
3639,3639,2025-01-15 10:00:00,B
3640,3640,2025-05-03 10:00:00,A
3641,3641,2025-11-02 10:00:00,A
3642,3642,2025-06-30 10:00:00,A
3643,3643,2025-07-23 10:00:00,A
3644,3644,2025-08-03 10:00:00,A
3645,3645,2025-09-02 10:00:00,A
3646,3646,2025-01-21 10:00:00,A
3647,3647,2025-09-04 10:00:00,A
3648,3648,2025-12-05 10:00:00,A
3649,3649,2025-09-04 10:00:00,A
3650,3650,2025-07-20 10:00:00,A
3651,3651,2025-07-29 10:00:00,A
3652,3652,2025-01-06 10:00:00,A
3653,3653,2025-03-06 10:00:00,A
3654,3654,2025-02-20 10:00:00,A
3655,3655,2025-10-23 10:00:00,A
3656,3656,2025-02-05 10:00:00,A
3657,3657,2025-01-17 10:00:00,A
3658,3658,2025-04-20 10:00:00,A
3659,3659,2025-06-20 10:00:00,A
3660,3660,2025-04-05 10:00:00,A
3661,3661,2025-05-23 10:00:00,A
3662,3662,2025-01-24 10:00:00,A
3663,3663,2025-05-15 10:00:00,A
3664,3664,2025-12-12 10:00:00,A
3665,3665,2025-02-14 10:00:00,A
3666,3666,2025-10-29 10:00:00,A
3667,3667,2025-05-24 10:00:00,A
3668,3668,2025-10-04 10:00:00,A
3669,3669,2025-11-09 10:00:00,A
3670,3670,2025-08-20 10:00:00,A
3671,3671,2025-06-11 10:00:00,A
3672,3672,2025-02-23 10:00:00,A
3673,3673,2025-10-21 10:00:00,A
3674,3674,2025-11-10 10:00:00,A
3675,3675,2025-11-03 10:00:00,A
3676,3676,2025-11-08 10:00:00,A
3677,3677,2025-12-23 10:00:00,A
3678,3678,2025-09-11 10:00:00,A
3679,3679,2025-10-18 10:00:00,A
3680,3680,2025-08-06 10:00:00,A
3681,3681,2025-10-24 10:00:00,A
3682,3682,2025-06-08 10:00:00,A
3683,3683,2025-03-24 10:00:00,A
3684,3684,2025-01-22 10:00:00,A
3685,3685,2025-06-23 10:00:00,A
3686,3686,2025-04-07 10:00:00,A
3687,3687,2025-05-05 10:00:00,A
3688,3688,2025-11-06 10:00:00,A
3689,3689,2025-04-27 10:00:00,A
3690,3690,2025-09-05 10:00:00,A
3691,3691,2025-06-01 10:00:00,A
3692,3692,2025-01-12 10:00:00,A
3693,3693,2025-11-27 10:00:00,A
3694,3694,2025-01-04 10:00:00,A
3695,3695,2025-09-06 10:00:00,A
3696,3696,2025-01-10 10:00:00,A
3697,3697,2025-06-09 10:00:00,A
3698,3698,2025-04-01 10:00:00,B
3699,3699,2025-01-08 10:00:00,A
3700,3700,2025-04-21 10:00:00,A
3701,3701,2025-10-30 10:00:00,A
3702,3702,2025-12-15 10:00:00,A
3703,3703,2025-06-21 10:00:00,A
3704,3704,2025-05-03 10:00:00,A
3705,3705,2025-06-28 10:00:00,A
3706,3706,2025-09-25 10:00:00,A
3707,3707,2025-04-15 10:00:00,A
3708,3708,2025-02-17 10:00:00,A
3709,3709,2025-11-12 10:00:00,A
3710,3710,2025-08-09 10:00:00,A
3711,3711,2025-06-18 10:00:00,A
3712,3712,2025-06-07 10:00:00,A
3713,3713,2025-08-09 10:00:00,A
3714,3714,2025-04-20 10:00:00,A
3715,3715,2025-04-06 10:00:00,A
3716,3716,2025-11-08 10:00:00,A
3717,3717,2025-05-01 10:00:00,A
3718,3718,2025-10-18 10:00:00,A
3719,3719,2025-11-23 10:00:00,A
3720,3720,2025-08-04 10:00:00,A
3721,3721,2025-09-20 10:00:00,A
3722,3722,2025-01-04 10:00:00,A
3723,3723,2025-08-08 10:00:00,A
3724,3724,2025-09-04 10:00:00,A
3725,3725,2025-01-26 10:00:00,A
3726,3726,2025-12-03 10:00:00,A
3727,3727,2025-08-02 10:00:00,A
3728,3728,2025-06-29 10:00:00,C
3729,3729,2025-08-02 10:00:00,A
3730,3730,2025-07-21 10:00:00,A
3731,3731,2025-11-10 10:00:00,A
3732,3732,2025-07-30 10:00:00,A
3733,3733,2025-01-13 10:00:00,A
3734,3734,2025-08-28 10:00:00,A
3735,3735,2025-06-12 10:00:00,A
3736,3736,2025-06-19 10:00:00,A
3737,3737,2025-01-15 10:00:00,A
3738,3738,2025-05-31 10:00:00,A
3739,3739,2025-11-25 10:00:00,A
3740,3740,2025-09-01 10:00:00,A
3741,3741,2025-12-26 10:00:00,B
3742,3742,2025-12-12 10:00:00,A
3743,3743,2025-02-25 10:00:00,A
3744,3744,2025-09-20 10:00:00,A
3745,3745,2025-02-23 10:00:00,A
3746,3746,2025-04-24 10:00:00,A
3747,3747,2025-04-22 10:00:00,A
3748,3748,2025-08-18 10:00:00,A
3749,3749,2025-02-08 10:00:00,A
3750,3750,2025-08-19 10:00:00,A
3751,3751,2025-08-18 10:00:00,A
3752,3752,2025-03-20 10:00:00,A
3753,3753,2025-07-31 10:00:00,A
3754,3754,2025-06-04 10:00:00,A
3755,3755,2025-07-23 10:00:00,A
3756,3756,2025-11-12 10:00:00,A
3757,3757,2025-12-05 10:00:00,A
3758,3758,2025-09-15 10:00:00,A
3759,3759,2025-03-11 10:00:00,A
3760,3760,2025-12-26 10:00:00,A
3761,3761,2025-08-14 10:00:00,A
3762,3762,2025-03-18 10:00:00,A
3763,3763,2025-10-12 10:00:00,A
3764,3764,2025-11-06 10:00:00,A
3765,3765,2025-07-10 10:00:00,A
3766,3766,2025-06-09 10:00:00,B
3767,3767,2025-01-07 10:00:00,A
3768,3768,2025-04-18 10:00:00,A
3769,3769,2025-12-15 10:00:00,A
3770,3770,2025-12-04 10:00:00,A
3771,3771,2025-02-20 10:00:00,A
3772,3772,2025-02-27 10:00:00,A
3773,3773,2025-07-31 10:00:00,C
3774,3774,2025-10-14 10:00:00,A
3775,3775,2025-09-04 10:00:00,A
3776,3776,2025-12-08 10:00:00,A
3777,3777,2025-01-24 10:00:00,A
3778,3778,2025-08-13 10:00:00,A
3779,3779,2025-12-18 10:00:00,A
3780,3780,2025-07-24 10:00:00,A
3781,3781,2025-02-08 10:00:00,A
3782,3782,2025-05-04 10:00:00,A
3783,3783,2025-12-26 10:00:00,A
3784,3784,2025-08-31 10:00:00,A
3785,3785,2025-08-21 10:00:00,A
3786,3786,2025-10-09 10:00:00,A
3787,3787,2025-12-07 10:00:00,A
3788,3788,2025-12-13 10:00:00,A
3789,3789,2025-05-02 10:00:00,A
3790,3790,2025-07-26 10:00:00,A
3791,3791,2025-04-19 10:00:00,A
3792,3792,2025-01-14 10:00:00,A
3793,3793,2025-05-13 10:00:00,A
3794,3794,2025-10-29 10:00:00,A
3795,3795,2025-09-24 10:00:00,A
3796,3796,2025-08-05 10:00:00,A
3797,3797,2025-07-05 10:00:00,A
3798,3798,2025-02-27 10:00:00,A
3799,3799,2025-07-26 10:00:00,A
3800,3800,2025-04-27 10:00:00,A
3801,3801,2025-01-18 10:00:00,A
3802,3802,2025-11-14 10:00:00,A
3803,3803,2025-03-19 10:00:00,A
3804,3804,2025-11-14 10:00:00,A
3805,3805,2025-02-19 10:00:00,A
3806,3806,2025-09-16 10:00:00,A
3807,3807,2025-10-04 10:00:00,A
3808,3808,2025-07-02 10:00:00,A
3809,3809,2025-04-02 10:00:00,A
3810,3810,2025-12-11 10:00:00,A
3811,3811,2025-02-25 10:00:00,A
3812,3812,2025-03-02 10:00:00,A
3813,3813,2025-09-18 10:00:00,A
3814,3814,2025-07-01 10:00:00,B
3815,3815,2025-01-13 10:00:00,A
3816,3816,2025-01-29 10:00:00,A
3817,3817,2025-07-11 10:00:00,A
3818,3818,2025-03-10 10:00:00,A
3819,3819,2025-11-06 10:00:00,B
3820,3820,2025-12-30 10:00:00,A
3821,3821,2025-02-27 10:00:00,A
3822,3822,2025-04-24 10:00:00,A
3823,3823,2025-03-01 10:00:00,A
3824,3824,2025-06-30 10:00:00,A
3825,3825,2025-08-08 10:00:00,A
3826,3826,2025-10-08 10:00:00,A
3827,3827,2025-08-09 10:00:00,A
3828,3828,2025-05-14 10:00:00,C
3829,3829,2025-11-23 10:00:00,A
3830,3830,2025-12-07 10:00:00,B
3831,3831,2025-07-25 10:00:00,A
3832,3832,2025-10-04 10:00:00,A
3833,3833,2025-11-12 10:00:00,A
3834,3834,2025-02-17 10:00:00,A
3835,3835,2025-12-15 10:00:00,A
3836,3836,2025-02-11 10:00:00,A
3837,3837,2025-03-16 10:00:00,A
3838,3838,2025-02-15 10:00:00,A
3839,3839,2025-02-08 10:00:00,A
3840,3840,2025-02-06 10:00:00,A
3841,3841,2025-11-17 10:00:00,A
3842,3842,2025-05-16 10:00:00,A
3843,3843,2025-12-12 10:00:00,B
3844,3844,2025-12-13 10:00:00,A
3845,3845,2025-02-12 10:00:00,A
3846,3846,2025-09-28 10:00:00,A
3847,3847,2025-05-20 10:00:00,A
3848,3848,2025-02-16 10:00:00,A
3849,3849,2025-02-11 10:00:00,A
3850,3850,2025-09-05 10:00:00,A
3851,3851,2025-08-07 10:00:00,A
3852,3852,2025-07-06 10:00:00,A
3853,3853,2025-10-15 10:00:00,A
3854,3854,2025-02-16 10:00:00,A
3855,3855,2025-08-24 10:00:00,A
3856,3856,2025-09-23 10:00:00,A
3857,3857,2025-01-01 10:00:00,A
3858,3858,2025-03-08 10:00:00,A
3859,3859,2025-05-19 10:00:00,A
3860,3860,2025-05-13 10:00:00,A
3861,3861,2025-02-01 10:00:00,C
3862,3862,2025-08-10 10:00:00,A
3863,3863,2025-11-30 10:00:00,A
3864,3864,2025-05-15 10:00:00,A
3865,3865,2025-11-01 10:00:00,A
3866,3866,2025-11-12 10:00:00,B
3867,3867,2025-04-02 10:00:00,A
3868,3868,2025-11-02 10:00:00,A
3869,3869,2025-02-13 10:00:00,B
3870,3870,2025-03-21 10:00:00,A
3871,3871,2025-04-26 10:00:00,A
3872,3872,2025-08-04 10:00:00,A
3873,3873,2025-08-09 10:00:00,A
3874,3874,2025-11-23 10:00:00,A
3875,3875,2025-03-09 10:00:00,A
3876,3876,2025-11-20 10:00:00,A
3877,3877,2025-12-28 10:00:00,A
3878,3878,2025-11-28 10:00:00,A
3879,3879,2025-05-25 10:00:00,A
3880,3880,2025-08-25 10:00:00,A
3881,3881,2025-10-08 10:00:00,A
3882,3882,2025-05-02 10:00:00,A
3883,3883,2025-11-05 10:00:00,A
3884,3884,2025-03-03 10:00:00,A
3885,3885,2025-10-31 10:00:00,A
3886,3886,2025-05-27 10:00:00,A
3887,3887,2025-09-04 10:00:00,A
3888,3888,2025-06-01 10:00:00,A
3889,3889,2025-01-17 10:00:00,A
3890,3890,2025-07-03 10:00:00,A
3891,3891,2025-03-20 10:00:00,A
3892,3892,2025-10-16 10:00:00,A
3893,3893,2025-07-05 10:00:00,A
3894,3894,2025-11-04 10:00:00,A
3895,3895,2025-10-01 10:00:00,A
3896,3896,2025-11-19 10:00:00,A
3897,3897,2025-02-11 10:00:00,C
3898,3898,2025-10-15 10:00:00,A
3899,3899,2025-07-21 10:00:00,A
3900,3900,2025-04-30 10:00:00,A
3901,3901,2025-03-20 10:00:00,A
3902,3902,2025-11-19 10:00:00,A
3903,3903,2025-05-04 10:00:00,A
3904,3904,2025-01-28 10:00:00,A
3905,3905,2025-04-02 10:00:00,A
3906,3906,2025-05-07 10:00:00,A
3907,3907,2025-12-26 10:00:00,A
3908,3908,2025-06-29 10:00:00,A
3909,3909,2025-02-23 10:00:00,A
3910,3910,2025-09-07 10:00:00,A
3911,3911,2025-05-30 10:00:00,A
3912,3912,2025-09-01 10:00:00,A
3913,3913,2025-05-27 10:00:00,A
3914,3914,2025-08-07 10:00:00,A
3915,3915,2025-12-21 10:00:00,A
3916,3916,2025-02-27 10:00:00,A
3917,3917,2025-04-15 10:00:00,C
3918,3918,2025-07-14 10:00:00,A
3919,3919,2025-12-14 10:00:00,A
3920,3920,2025-04-05 10:00:00,B
3921,3921,2025-04-29 10:00:00,A
3922,3922,2025-02-12 10:00:00,A
3923,3923,2025-02-01 10:00:00,A
3924,3924,2025-05-08 10:00:00,A
3925,3925,2025-07-16 10:00:00,A
3926,3926,2025-01-14 10:00:00,C
3927,3927,2025-10-30 10:00:00,A
3928,3928,2025-01-09 10:00:00,A
3929,3929,2025-06-12 10:00:00,A
3930,3930,2025-06-06 10:00:00,A
3931,3931,2025-10-28 10:00:00,A
3932,3932,2025-12-29 10:00:00,C
3933,3933,2025-12-21 10:00:00,A
3934,3934,2025-03-29 10:00:00,A
3935,3935,2025-08-06 10:00:00,A
3936,3936,2025-05-13 10:00:00,A
3937,3937,2025-07-22 10:00:00,A
3938,3938,2025-11-15 10:00:00,A
3939,3939,2025-11-20 10:00:00,A
3940,3940,2025-06-23 10:00:00,A
3941,3941,2025-04-16 10:00:00,A
3942,3942,2025-05-01 10:00:00,A
3943,3943,2025-07-14 10:00:00,A
3944,3944,2025-09-18 10:00:00,A
3945,3945,2025-09-17 10:00:00,A
3946,3946,2025-08-17 10:00:00,A
3947,3947,2025-01-30 10:00:00,A
3948,3948,2025-05-05 10:00:00,B
3949,3949,2025-10-23 10:00:00,C
3950,3950,2025-08-02 10:00:00,C
3951,3951,2025-06-19 10:00:00,A
3952,3952,2025-06-25 10:00:00,A
3953,3953,2025-01-06 10:00:00,A
3954,3954,2025-04-19 10:00:00,A
3955,3955,2025-11-30 10:00:00,A
3956,3956,2025-01-23 10:00:00,A
3957,3957,2025-07-25 10:00:00,A
3958,3958,2025-11-07 10:00:00,B
3959,3959,2025-04-20 10:00:00,A
3960,3960,2025-08-13 10:00:00,A
3961,3961,2025-06-23 10:00:00,A
3962,3962,2025-09-29 10:00:00,A
3963,3963,2025-06-19 10:00:00,A
3964,3964,2025-09-12 10:00:00,A
3965,3965,2025-03-19 10:00:00,A
3966,3966,2025-01-24 10:00:00,A
3967,3967,2025-02-15 10:00:00,C
3968,3968,2025-07-01 10:00:00,A
3969,3969,2025-12-18 10:00:00,A
3970,3970,2025-02-25 10:00:00,B
3971,3971,2025-02-09 10:00:00,A
3972,3972,2025-07-31 10:00:00,A
3973,3973,2025-10-28 10:00:00,A
3974,3974,2025-12-30 10:00:00,A
3975,3975,2025-04-20 10:00:00,A
3976,3976,2025-09-19 10:00:00,A
3977,3977,2025-10-09 10:00:00,A
3978,3978,2025-06-30 10:00:00,A
3979,3979,2025-03-05 10:00:00,A
3980,3980,2025-09-15 10:00:00,A
3981,3981,2025-09-01 10:00:00,A
3982,3982,2025-11-16 10:00:00,A
3983,3983,2025-03-15 10:00:00,A
3984,3984,2025-09-15 10:00:00,C
3985,3985,2025-02-02 10:00:00,A
3986,3986,2025-03-23 10:00:00,A
3987,3987,2025-03-23 10:00:00,A
3988,3988,2025-09-14 10:00:00,A
3989,3989,2025-08-05 10:00:00,A
3990,3990,2025-07-06 10:00:00,A
3991,3991,2025-03-02 10:00:00,A
3992,3992,2025-03-10 10:00:00,C
3993,3993,2025-02-07 10:00:00,A
3994,3994,2025-09-01 10:00:00,A
3995,3995,2025-09-08 10:00:00,A
3996,3996,2025-08-20 10:00:00,A
3997,3997,2025-03-03 10:00:00,A
