incident_id,district,crime_type,latitude,longitude,date,hour,status
1,Bagalkot,Theft,16.288348,75.726218,2025-02-07,0,Chargesheeted
2,Bagalkot,Theft,16.176808,76.131462,2025-10-08,8,Chargesheeted
3,Bagalkot,Theft,16.122467,75.791171,2025-06-01,1,Under Investigation
4,Bagalkot,Theft,16.177454,76.121926,2025-06-10,15,Under Investigation
5,Bagalkot,Theft,16.164985,76.126135,2025-05-01,15,Closed
6,Bagalkot,Theft,16.127301,75.496899,2025-04-20,8,Under Investigation
7,Bagalkot,Theft,16.131168,75.791866,2025-04-10,4,Chargesheeted
8,Bagalkot,Theft,15.933616,75.925383,2025-09-13,12,Chargesheeted
9,Bagalkot,Theft,16.544401,75.338,2025-09-27,19,Closed
10,Bagalkot,Theft,15.913487,75.935504,2025-03-06,18,Chargesheeted
11,Bagalkot,Theft,16.178768,76.126029,2025-01-09,14,Closed
12,Bagalkot,Theft,16.178488,76.128846,2025-12-17,10,Chargesheeted
13,Bagalkot,Theft,16.288879,75.721204,2025-04-27,21,Chargesheeted
14,Bagalkot,Theft,16.123675,75.781792,2025-06-04,16,Under Investigation
15,Bagalkot,Theft,15.929789,75.947112,2025-10-19,17,Closed
16,Bagalkot,Theft,15.922108,75.940589,2025-11-02,8,Under Investigation
17,Bagalkot,Theft,16.172401,76.128826,2025-07-18,6,Under Investigation
18,Bagalkot,Theft,16.291896,75.708586,2025-06-22,12,Under Investigation
19,Bagalkot,Theft,16.133697,75.501362,2025-10-28,13,Chargesheeted
20,Bagalkot,Theft,15.942702,75.937765,2025-03-19,1,Closed
21,Bagalkot,Theft,16.475396,75.208548,2025-02-05,4,Under Investigation
22,Bagalkot,Theft,16.125375,75.782654,2025-11-21,4,Closed
23,Bagalkot,Theft,15.933578,75.92732,2025-04-24,14,Under Investigation
24,Bagalkot,Theft,15.917017,75.940096,2025-10-15,12,Closed
25,Bagalkot,Theft,16.403622,75.082604,2025-01-28,9,Under Investigation
26,Bagalkot,Theft,16.273085,75.699465,2025-09-08,23,Closed
27,Bagalkot,Theft,16.055821,75.77975,2025-12-23,17,Closed
28,Bagalkot,Theft,16.289458,75.708486,2025-07-04,19,Closed
29,Bagalkot,Theft,16.178348,76.128147,2025-04-16,11,Under Investigation
30,Bagalkot,Theft,16.034645,75.47213,2025-03-19,4,Chargesheeted
31,Bagalkot,Theft,16.302957,75.702069,2025-05-11,13,Under Investigation
32,Bagalkot,Theft,16.12215,75.50917,2025-04-01,18,Chargesheeted
33,Bagalkot,Theft,16.346651,75.691301,2025-11-01,12,Chargesheeted
34,Bagalkot,Theft,16.053472,75.779064,2025-11-16,4,Chargesheeted
35,Bagalkot,Theft,16.130046,75.779188,2025-06-12,21,Closed
36,Bagalkot,Theft,16.121677,75.496025,2025-07-22,3,Chargesheeted
37,Bagalkot,Theft,16.285251,75.713205,2025-11-15,17,Chargesheeted
38,Bagalkot,Theft,16.058868,75.782371,2025-06-23,15,Chargesheeted
39,Bagalkot,Theft,16.175496,76.121512,2025-08-12,5,Chargesheeted
40,Bagalkot,Theft,16.276045,75.697085,2025-01-22,2,Closed
41,Bagalkot,Theft,16.12263,75.514469,2025-06-14,12,Chargesheeted
42,Bagalkot,Theft,16.132723,75.505724,2025-07-22,11,Closed
43,Bagalkot,Theft,15.923035,75.944839,2025-06-22,19,Under Investigation
44,Bagalkot,Theft,15.9325,75.932025,2025-02-24,12,Chargesheeted
45,Bagalkot,Theft,16.134885,75.797814,2025-04-03,2,Closed
46,Bagalkot,Theft,15.834119,75.54543,2025-02-11,0,Closed
47,Bagalkot,Theft,16.085811,75.569034,2025-08-07,11,Chargesheeted
48,Bagalkot,Theft,16.122131,75.40246,2025-10-17,11,Chargesheeted
49,Bagalkot,Theft,16.053027,75.777727,2025-01-02,10,Chargesheeted
50,Bagalkot,Theft,16.277575,75.718,2025-06-19,4,Closed
51,Bagalkot,Theft,16.116881,75.775384,2025-01-12,8,Under Investigation
52,Bagalkot,Theft,16.181183,76.113428,2025-12-07,16,Under Investigation
53,Bagalkot,Theft,15.929571,75.926005,2025-07-27,20,Under Investigation
54,Bagalkot,Theft,15.930837,75.952195,2025-06-09,13,Chargesheeted
55,Bagalkot,Theft,16.11267,75.492926,2025-04-27,13,Under Investigation
56,Bagalkot,Theft,16.122793,75.793675,2025-08-01,18,Closed
57,Bagalkot,Theft,16.174044,76.12941,2025-06-15,23,Closed
58,Bagalkot,Theft,16.159711,75.690426,2025-08-03,19,Closed
59,Bagalkot,Theft,16.127359,75.513876,2025-01-07,17,Chargesheeted
60,Bagalkot,Theft,16.297248,75.712413,2025-04-08,6,Chargesheeted
61,Bagalkot,Robbery,16.122793,75.510926,2025-10-12,2,Closed
62,Bagalkot,Robbery,16.123852,75.502933,2025-02-17,13,Chargesheeted
63,Bagalkot,Robbery,16.166599,76.121034,2025-09-10,7,Closed
64,Bagalkot,Robbery,15.982777,75.504488,2025-02-04,14,Under Investigation
65,Bagalkot,Robbery,16.052365,75.784596,2025-04-20,14,Chargesheeted
66,Bagalkot,Robbery,16.131636,75.503946,2025-01-17,21,Closed
67,Bagalkot,Robbery,16.115514,75.77982,2025-07-12,3,Closed
68,Bagalkot,Robbery,15.91273,75.934148,2025-09-25,13,Closed
69,Bagalkot,Robbery,16.118331,75.794279,2025-03-20,2,Under Investigation
70,Bagalkot,Robbery,16.046834,76.055341,2025-02-18,12,Closed
71,Bagalkot,Chain Snatching,16.289247,75.715335,2025-04-13,3,Chargesheeted
72,Bagalkot,Chain Snatching,16.17067,76.124626,2025-02-10,13,Closed
73,Bagalkot,Chain Snatching,16.126855,75.495078,2025-08-20,2,Under Investigation
74,Bagalkot,Chain Snatching,16.280163,75.695376,2025-11-13,0,Under Investigation
75,Bagalkot,Chain Snatching,15.933222,75.933563,2025-09-04,18,Chargesheeted
76,Bagalkot,Burglary,16.352022,75.087331,2025-06-15,3,Under Investigation
77,Bagalkot,Burglary,15.927461,75.927564,2025-12-11,8,Under Investigation
78,Bagalkot,Burglary,16.301401,75.7019,2025-06-29,22,Chargesheeted
79,Bagalkot,Burglary,16.128162,75.513066,2025-01-23,15,Closed
80,Bagalkot,Burglary,16.060127,75.772955,2025-12-17,7,Chargesheeted
81,Bagalkot,Burglary,16.037227,75.780515,2025-05-07,16,Closed
82,Bagalkot,Burglary,16.052557,75.775102,2025-06-09,19,Under Investigation
83,Bagalkot,Burglary,16.560041,75.254094,2025-01-10,21,Under Investigation
84,Bagalkot,Burglary,16.283412,75.716547,2025-12-20,6,Chargesheeted
85,Bagalkot,Burglary,16.257825,75.642279,2025-04-14,11,Under Investigation
86,Bagalkot,Burglary,15.952569,75.565508,2025-11-10,11,Chargesheeted
87,Bagalkot,Burglary,16.273432,75.709762,2025-04-05,12,Chargesheeted
88,Bagalkot,Burglary,16.120789,75.796685,2025-02-18,18,Chargesheeted
89,Bagalkot,Burglary,16.289776,75.708831,2025-09-26,15,Under Investigation
90,Bagalkot,Burglary,15.920579,75.946624,2025-08-24,5,Chargesheeted
91,Bagalkot,Burglary,16.285623,75.710774,2025-05-08,1,Chargesheeted
92,Bagalkot,Burglary,16.168621,76.110372,2025-07-12,7,Closed
93,Bagalkot,Burglary,15.969142,75.584793,2025-04-04,7,Under Investigation
94,Bagalkot,Burglary,16.12639,75.775974,2025-09-17,19,Closed
95,Bagalkot,Burglary,16.238899,75.824719,2025-01-23,8,Closed
96,Bagalkot,Assault,16.095191,76.074086,2025-11-07,0,Closed
97,Bagalkot,Assault,16.118751,75.503638,2025-03-11,4,Under Investigation
98,Bagalkot,Assault,15.925331,75.936485,2025-11-02,16,Under Investigation
99,Bagalkot,Assault,16.121202,75.783825,2025-12-17,1,Chargesheeted
100,Bagalkot,Assault,16.434766,75.280952,2025-11-13,19,Closed
101,Bagalkot,Assault,16.129537,75.501622,2025-08-31,5,Chargesheeted
102,Bagalkot,Assault,16.134333,75.79002,2025-05-12,20,Closed
103,Bagalkot,Assault,16.123747,75.501149,2025-03-18,19,Closed
104,Bagalkot,Assault,16.322684,75.470101,2025-09-13,3,Closed
105,Bagalkot,Assault,16.27541,75.716414,2025-07-30,5,Under Investigation
106,Bagalkot,Assault,16.1174,75.777165,2025-02-08,1,Chargesheeted
107,Bagalkot,Assault,16.221087,75.333825,2025-06-28,7,Chargesheeted
108,Bagalkot,Assault,15.987058,75.558689,2025-03-18,20,Under Investigation
109,Bagalkot,Assault,15.913885,75.942271,2025-03-09,21,Closed
110,Bagalkot,Assault,16.120211,75.500294,2025-05-07,1,Closed
111,Bagalkot,Assault,16.121044,75.787388,2025-07-21,11,Under Investigation
112,Bagalkot,Assault,16.147268,75.876152,2025-07-17,7,Chargesheeted
113,Bagalkot,Assault,16.277386,75.703415,2025-10-06,11,Chargesheeted
114,Bagalkot,Assault,15.91968,75.942019,2025-02-24,21,Chargesheeted
115,Bagalkot,Assault,16.12297,75.783829,2025-03-21,2,Chargesheeted
116,Bagalkot,Assault,15.841831,75.685562,2025-01-31,6,Under Investigation
117,Bagalkot,Assault,16.173242,76.129926,2025-11-21,12,Under Investigation
118,Bagalkot,Assault,16.046219,76.112123,2025-09-20,10,Under Investigation
119,Bagalkot,Assault,16.168768,76.119515,2025-12-02,22,Under Investigation
120,Bagalkot,Assault,16.134379,75.503908,2025-07-13,23,Chargesheeted
121,Bagalkot,Assault,16.293592,75.700621,2025-08-09,9,Closed
122,Bagalkot,Assault,16.173185,75.506617,2025-03-25,10,Closed
123,Bagalkot,Assault,16.146321,75.630548,2025-03-08,4,Closed
124,Bagalkot,Assault,16.28039,75.701329,2025-10-13,20,Closed
125,Bagalkot,Assault,16.174299,76.116365,2025-09-11,1,Closed
126,Bangalore Rural,Theft,13.117715,77.913766,2025-08-17,14,Chargesheeted
127,Bangalore Rural,Theft,12.632701,77.154524,2025-08-21,12,Under Investigation
128,Bangalore Rural,Theft,13.141323,77.913913,2025-08-30,7,Closed
129,Bangalore Rural,Theft,12.910173,77.320388,2025-09-09,19,Under Investigation
130,Bangalore Rural,Theft,13.125221,77.917486,2025-09-19,18,Closed
131,Bangalore Rural,Theft,12.513511,77.130355,2025-07-03,16,Chargesheeted
132,Bangalore Rural,Theft,12.664956,77.522668,2025-01-05,3,Chargesheeted
133,Bangalore Rural,Theft,12.650983,77.512845,2025-01-24,9,Closed
134,Bangalore Rural,Theft,12.658417,77.527414,2025-10-07,12,Chargesheeted
135,Bangalore Rural,Theft,13.106917,77.884986,2025-07-20,1,Closed
136,Bangalore Rural,Theft,13.116755,77.89911,2025-05-26,14,Closed
137,Bangalore Rural,Theft,13.130496,77.913172,2025-12-11,5,Under Investigation
138,Bangalore Rural,Theft,13.136877,77.908134,2025-12-10,1,Chargesheeted
139,Bangalore Rural,Theft,12.630129,77.149809,2025-07-05,4,Chargesheeted
140,Bangalore Rural,Theft,13.278958,77.430522,2025-06-18,16,Closed
141,Bangalore Rural,Theft,13.10361,77.903643,2025-10-10,21,Closed
142,Bangalore Rural,Theft,12.625496,77.162795,2025-03-23,12,Under Investigation
143,Bangalore Rural,Theft,13.30547,77.42805,2025-03-23,22,Chargesheeted
144,Bangalore Rural,Theft,13.122302,77.916001,2025-05-11,8,Chargesheeted
145,Bangalore Rural,Theft,12.469382,77.227597,2025-01-22,16,Closed
146,Bangalore Rural,Theft,13.300414,77.415093,2025-11-24,11,Chargesheeted
147,Bangalore Rural,Theft,12.850304,77.32825,2025-09-22,7,Under Investigation
148,Bangalore Rural,Theft,12.415068,77.559676,2025-04-01,9,Closed
149,Bangalore Rural,Theft,12.625393,77.160205,2025-07-26,10,Chargesheeted
150,Bangalore Rural,Theft,12.591779,77.334334,2025-08-05,14,Under Investigation
151,Bangalore Rural,Theft,12.649485,77.158117,2025-06-13,0,Chargesheeted
152,Bangalore Rural,Theft,13.424952,77.408399,2025-04-23,0,Closed
153,Bangalore Rural,Theft,12.661839,77.530805,2025-07-07,16,Closed
154,Bangalore Rural,Theft,13.309622,77.42768,2025-06-25,0,Chargesheeted
155,Bangalore Rural,Theft,12.591301,77.26564,2025-09-01,11,Under Investigation
156,Bangalore Rural,Theft,12.655397,77.526428,2025-01-03,3,Under Investigation
157,Bangalore Rural,Theft,13.315153,77.418459,2025-02-19,21,Chargesheeted
158,Bangalore Rural,Theft,13.1348,77.921441,2025-06-28,0,Closed
159,Bangalore Rural,Theft,12.287705,77.507389,2025-11-08,5,Closed
160,Bangalore Rural,Theft,13.30083,77.415293,2025-03-13,1,Closed
161,Bangalore Rural,Theft,12.706788,77.482932,2025-03-19,2,Closed
162,Bangalore Rural,Theft,13.124591,77.919824,2025-06-19,12,Chargesheeted
163,Bangalore Rural,Theft,13.104805,77.894455,2025-03-20,17,Closed
164,Bangalore Rural,Theft,13.037511,77.109155,2025-11-18,0,Chargesheeted
165,Bangalore Rural,Theft,12.944843,77.287901,2025-04-15,22,Closed
166,Bangalore Rural,Theft,13.130183,77.919438,2025-02-10,0,Chargesheeted
167,Bangalore Rural,Theft,12.651803,77.523562,2025-12-16,20,Closed
168,Bangalore Rural,Theft,12.618528,77.357326,2025-11-09,15,Closed
169,Bangalore Rural,Theft,12.659243,77.519685,2025-11-07,23,Chargesheeted
170,Bangalore Rural,Theft,12.4061,77.473022,2025-06-07,12,Closed
171,Bangalore Rural,Theft,13.287731,77.252195,2025-03-29,19,Closed
172,Bangalore Rural,Theft,12.643039,77.529052,2025-05-14,12,Closed
173,Bangalore Rural,Theft,13.107823,77.891654,2025-07-15,12,Chargesheeted
174,Bangalore Rural,Theft,13.103123,77.886589,2025-04-12,2,Under Investigation
175,Bangalore Rural,Theft,12.627879,77.146141,2025-07-15,20,Closed
176,Bangalore Rural,Theft,12.631776,77.148928,2025-04-08,10,Under Investigation
177,Bangalore Rural,Theft,12.627395,77.155976,2025-12-03,7,Under Investigation
178,Bangalore Rural,Theft,13.099653,77.894141,2025-05-17,10,Chargesheeted
179,Bangalore Rural,Theft,12.661808,77.528295,2025-12-30,18,Closed
180,Bangalore Rural,Theft,13.236202,77.615596,2025-05-09,0,Closed
181,Bangalore Rural,Theft,13.139465,77.91647,2025-03-22,19,Closed
182,Bangalore Rural,Theft,13.128973,77.91179,2025-11-08,7,Under Investigation
183,Bangalore Rural,Theft,12.640938,77.529083,2025-08-12,15,Chargesheeted
184,Bangalore Rural,Theft,12.654083,77.520685,2025-06-30,23,Closed
185,Bangalore Rural,Theft,12.657351,77.52958,2025-01-23,9,Under Investigation
186,Bangalore Rural,Theft,13.297921,77.421083,2025-10-31,1,Closed
187,Bangalore Rural,Theft,12.888536,77.823843,2025-02-22,22,Chargesheeted
188,Bangalore Rural,Theft,13.131379,77.916713,2025-12-02,22,Chargesheeted
189,Bangalore Rural,Theft,12.971128,77.323599,2025-10-22,17,Chargesheeted
190,Bangalore Rural,Theft,13.120623,77.92176,2025-08-11,5,Chargesheeted
191,Bangalore Rural,Theft,12.636206,77.514595,2025-12-03,4,Under Investigation
192,Bangalore Rural,Theft,13.314937,77.417867,2025-03-28,11,Under Investigation
193,Bangalore Rural,Theft,12.651482,77.524038,2025-05-30,3,Chargesheeted
194,Bangalore Rural,Theft,12.631502,77.144343,2025-07-15,9,Under Investigation
195,Bangalore Rural,Theft,13.225698,77.56935,2025-01-22,19,Closed
196,Bangalore Rural,Theft,12.651478,77.535006,2025-02-13,13,Chargesheeted
197,Bangalore Rural,Theft,13.24343,77.603617,2025-06-25,9,Under Investigation
198,Bangalore Rural,Theft,13.099359,77.897688,2025-06-04,4,Chargesheeted
199,Bangalore Rural,Theft,13.128972,77.914198,2025-02-04,20,Under Investigation
200,Bangalore Rural,Theft,13.386771,77.52769,2025-01-31,4,Under Investigation
201,Bangalore Rural,Theft,13.019628,77.201543,2025-04-27,4,Chargesheeted
202,Bangalore Rural,Theft,12.585701,77.441876,2025-04-23,9,Closed
203,Bangalore Rural,Theft,13.097579,77.878121,2025-04-18,23,Under Investigation
204,Bangalore Rural,Theft,12.650525,77.529456,2025-12-18,0,Closed
205,Bangalore Rural,Theft,12.942469,77.838897,2025-12-09,2,Under Investigation
206,Bangalore Rural,Theft,13.314087,77.430333,2025-11-29,18,Closed
207,Bangalore Rural,Theft,13.21846,77.857556,2025-06-26,1,Closed
208,Bangalore Rural,Theft,12.668753,77.515914,2025-05-08,17,Closed
209,Bangalore Rural,Theft,13.306855,77.421405,2025-07-04,18,Closed
210,Bangalore Rural,Theft,12.575925,77.43932,2025-02-26,9,Closed
211,Bangalore Rural,Theft,13.134417,77.916835,2025-03-25,8,Closed
212,Bangalore Rural,Theft,12.593771,77.427417,2025-06-01,9,Closed
213,Bangalore Rural,Theft,12.655859,77.535198,2025-01-11,3,Chargesheeted
214,Bangalore Rural,Theft,12.640437,77.163199,2025-11-16,18,Under Investigation
215,Bangalore Rural,Theft,13.321445,77.425993,2025-05-28,5,Chargesheeted
216,Bangalore Rural,Robbery,13.101318,77.885338,2025-10-09,16,Closed
217,Bangalore Rural,Robbery,12.644213,77.151943,2025-10-18,16,Closed
218,Bangalore Rural,Robbery,13.304532,77.437979,2025-06-12,11,Under Investigation
219,Bangalore Rural,Robbery,13.08569,77.895447,2025-11-13,13,Under Investigation
220,Bangalore Rural,Robbery,13.107,77.902872,2025-05-29,13,Closed
221,Bangalore Rural,Robbery,12.662654,77.528241,2025-02-20,13,Closed
222,Bangalore Rural,Robbery,12.634825,77.14117,2025-08-03,15,Under Investigation
223,Bangalore Rural,Robbery,13.096258,77.898882,2025-09-03,11,Closed
224,Bangalore Rural,Robbery,13.11895,77.916005,2025-09-02,23,Chargesheeted
225,Bangalore Rural,Robbery,12.629695,77.147181,2025-04-14,19,Closed
226,Bangalore Rural,Robbery,13.106646,77.883919,2025-01-21,5,Under Investigation
227,Bangalore Rural,Robbery,12.655284,77.515335,2025-08-30,21,Under Investigation
228,Bangalore Rural,Robbery,12.414437,77.480274,2025-07-05,5,Under Investigation
229,Bangalore Rural,Robbery,13.10743,77.89358,2025-02-28,8,Closed
230,Bangalore Rural,Robbery,12.55965,77.525899,2025-10-15,17,Under Investigation
231,Bangalore Rural,Robbery,13.297019,77.420591,2025-02-07,9,Chargesheeted
232,Bangalore Rural,Robbery,13.097938,77.885412,2025-12-20,5,Closed
233,Bangalore Rural,Robbery,12.642621,77.157622,2025-11-30,7,Chargesheeted
234,Bangalore Rural,Robbery,13.302879,77.441383,2025-10-16,17,Under Investigation
235,Bangalore Rural,Robbery,12.740561,77.166111,2025-04-05,3,Chargesheeted
236,Bangalore Rural,Chain Snatching,12.662146,77.534622,2025-01-12,3,Chargesheeted
237,Bangalore Rural,Chain Snatching,13.297301,77.430341,2025-09-05,15,Closed
238,Bangalore Rural,Chain Snatching,12.303643,77.355696,2025-11-01,4,Under Investigation
239,Bangalore Rural,Chain Snatching,12.641904,77.514287,2025-05-09,1,Under Investigation
240,Bangalore Rural,Chain Snatching,13.179605,77.657686,2025-02-24,18,Chargesheeted
241,Bangalore Rural,Chain Snatching,13.135476,77.921997,2025-06-17,0,Under Investigation
242,Bangalore Rural,Chain Snatching,12.651226,77.529994,2025-11-24,21,Chargesheeted
243,Bangalore Rural,Chain Snatching,12.645341,77.158205,2025-05-12,19,Chargesheeted
244,Bangalore Rural,Chain Snatching,12.637928,77.160817,2025-12-14,22,Closed
245,Bangalore Rural,Chain Snatching,13.283064,77.426894,2025-05-24,16,Chargesheeted
246,Bangalore Rural,Burglary,12.647338,77.524732,2025-04-23,4,Under Investigation
247,Bangalore Rural,Burglary,13.307818,77.44064,2025-11-11,7,Chargesheeted
248,Bangalore Rural,Burglary,13.121207,77.917484,2025-10-23,15,Closed
249,Bangalore Rural,Burglary,13.144268,77.918317,2025-06-06,10,Closed
250,Bangalore Rural,Burglary,13.284507,77.424891,2025-05-02,13,Chargesheeted
251,Bangalore Rural,Burglary,12.637901,77.162851,2025-02-18,3,Closed
252,Bangalore Rural,Burglary,12.647206,77.159531,2025-04-30,22,Closed
253,Bangalore Rural,Burglary,13.215968,77.291212,2025-02-26,19,Under Investigation
254,Bangalore Rural,Burglary,13.29932,77.429213,2025-08-01,8,Chargesheeted
255,Bangalore Rural,Burglary,13.1355,77.898927,2025-09-27,12,Under Investigation
256,Bangalore Rural,Burglary,12.530368,77.279318,2025-07-16,14,Closed
257,Bangalore Rural,Burglary,12.62004,77.277462,2025-11-04,2,Chargesheeted
258,Bangalore Rural,Burglary,12.629546,77.146891,2025-08-05,10,Chargesheeted
259,Bangalore Rural,Burglary,13.300166,77.420576,2025-10-12,3,Under Investigation
260,Bangalore Rural,Burglary,13.138272,77.923546,2025-01-21,22,Under Investigation
261,Bangalore Rural,Burglary,12.633494,77.154715,2025-02-28,20,Under Investigation
262,Bangalore Rural,Burglary,12.65764,77.515951,2025-07-24,12,Under Investigation
263,Bangalore Rural,Burglary,13.11431,77.927679,2025-04-01,23,Closed
264,Bangalore Rural,Burglary,12.665081,77.528851,2025-03-19,9,Closed
265,Bangalore Rural,Burglary,13.112817,77.897407,2025-01-28,1,Closed
266,Bangalore Rural,Burglary,12.666455,77.541983,2025-08-21,18,Under Investigation
267,Bangalore Rural,Burglary,13.097452,77.89434,2025-05-17,15,Under Investigation
268,Bangalore Rural,Burglary,12.64464,77.176391,2025-11-21,5,Closed
269,Bangalore Rural,Burglary,13.307416,77.433334,2025-02-28,12,Chargesheeted
270,Bangalore Rural,Burglary,12.719414,77.500506,2025-02-26,3,Chargesheeted
271,Bangalore Rural,Burglary,13.108415,77.901798,2025-02-16,12,Chargesheeted
272,Bangalore Rural,Burglary,12.636449,77.168848,2025-12-29,3,Chargesheeted
273,Bangalore Rural,Burglary,13.298243,77.430885,2025-09-02,0,Closed
274,Bangalore Rural,Burglary,12.638911,77.529795,2025-12-30,6,Under Investigation
275,Bangalore Rural,Burglary,13.307783,77.44071,2025-03-11,2,Chargesheeted
276,Bangalore Rural,Burglary,12.638303,77.533467,2025-02-10,18,Under Investigation
277,Bangalore Rural,Burglary,12.646966,77.51081,2025-07-19,4,Under Investigation
278,Bangalore Rural,Burglary,12.661211,77.521069,2025-12-26,12,Under Investigation
279,Bangalore Rural,Burglary,12.623249,77.154618,2025-07-25,7,Closed
280,Bangalore Rural,Burglary,12.642212,77.524282,2025-06-01,21,Closed
281,Bangalore Rural,Burglary,12.654506,77.524667,2025-07-07,3,Closed
282,Bangalore Rural,Burglary,12.63842,77.153064,2025-10-23,14,Closed
283,Bangalore Rural,Burglary,12.655496,77.533611,2025-01-14,18,Under Investigation
284,Bangalore Rural,Burglary,13.146234,77.924958,2025-06-07,17,Closed
285,Bangalore Rural,Burglary,12.647657,77.528426,2025-11-06,15,Chargesheeted
286,Bangalore Rural,Assault,12.663857,77.525569,2025-05-19,22,Chargesheeted
287,Bangalore Rural,Assault,13.131136,77.919769,2025-05-17,16,Chargesheeted
288,Bangalore Rural,Assault,13.106173,77.903864,2025-01-03,11,Under Investigation
289,Bangalore Rural,Assault,13.306205,77.435431,2025-12-12,15,Under Investigation
290,Bangalore Rural,Assault,13.00119,77.869697,2025-04-02,1,Under Investigation
291,Bangalore Rural,Assault,13.101198,77.888386,2025-09-11,13,Under Investigation
292,Bangalore Rural,Assault,12.636304,77.159695,2025-06-16,12,Chargesheeted
293,Bangalore Rural,Assault,12.644875,77.160233,2025-04-23,1,Closed
294,Bangalore Rural,Assault,13.11061,77.890751,2025-01-01,10,Under Investigation
295,Bangalore Rural,Assault,13.134031,77.913859,2025-09-05,8,Chargesheeted
296,Bangalore Rural,Assault,12.411277,77.459139,2025-05-19,14,Chargesheeted
297,Bangalore Rural,Assault,13.131464,77.915889,2025-07-05,18,Under Investigation
298,Bangalore Rural,Assault,13.277609,77.585879,2025-04-11,22,Chargesheeted
299,Bangalore Rural,Assault,13.116711,77.899423,2025-11-25,16,Closed
300,Bangalore Rural,Assault,12.65931,77.519951,2025-08-12,15,Closed
301,Bangalore Rural,Assault,13.114795,77.919435,2025-05-18,10,Under Investigation
302,Bangalore Rural,Assault,13.275334,77.782111,2025-08-25,18,Under Investigation
303,Bangalore Rural,Assault,12.663374,77.538278,2025-12-15,10,Under Investigation
304,Bangalore Rural,Assault,13.315968,77.420369,2025-06-27,10,Closed
305,Bangalore Rural,Assault,13.132352,77.92408,2025-05-26,4,Closed
306,Bangalore Rural,Assault,13.125748,77.929293,2025-01-27,18,Chargesheeted
307,Bangalore Rural,Assault,13.101808,77.904582,2025-10-07,1,Chargesheeted
308,Bangalore Rural,Assault,12.626828,77.156459,2025-02-23,1,Chargesheeted
309,Bangalore Rural,Assault,13.309322,77.435424,2025-05-11,5,Closed
310,Bangalore Rural,Assault,12.63455,77.172721,2025-03-25,2,Under Investigation
311,Bangalore Rural,Assault,13.102733,77.902424,2025-06-04,6,Closed
312,Bangalore Rural,Assault,13.124494,77.934493,2025-02-25,9,Under Investigation
313,Bangalore Rural,Assault,12.659973,77.525863,2025-01-05,23,Closed
314,Bangalore Rural,Assault,13.100483,77.895913,2025-09-08,5,Closed
315,Bangalore Rural,Assault,13.321864,77.434293,2025-11-28,2,Chargesheeted
316,Bangalore Rural,Assault,12.639149,77.160829,2025-07-11,14,Chargesheeted
317,Bangalore Rural,Assault,13.295518,77.419305,2025-09-07,17,Closed
318,Bangalore Rural,Assault,12.974318,77.209008,2025-05-01,13,Chargesheeted
319,Bangalore Rural,Assault,12.637977,77.147482,2025-11-27,5,Chargesheeted
320,Bangalore Rural,Assault,13.130988,77.918327,2025-05-16,5,Under Investigation
321,Bangalore Rural,Assault,13.100778,77.89434,2025-08-16,6,Closed
322,Bangalore Rural,Assault,12.649152,77.512606,2025-05-07,5,Under Investigation
323,Bangalore Rural,Assault,13.099936,77.894054,2025-03-26,5,Under Investigation
324,Bangalore Rural,Assault,12.773558,77.547315,2025-05-15,17,Under Investigation
325,Bangalore Rural,Assault,13.194908,77.312108,2025-04-04,21,Under Investigation
326,Bangalore Rural,Assault,13.110296,77.890425,2025-08-04,1,Chargesheeted
327,Bangalore Rural,Assault,12.919361,77.215372,2025-06-08,8,Closed
328,Bangalore Rural,Assault,13.306495,77.426086,2025-08-19,3,Under Investigation
329,Bangalore Rural,Assault,12.630624,77.158413,2025-06-11,2,Under Investigation
330,Bangalore Rural,Assault,13.134552,77.915749,2025-04-20,22,Closed
331,Bangalore Rural,Assault,12.639938,77.154518,2025-05-27,9,Closed
332,Bangalore Rural,Assault,13.097632,77.88391,2025-10-01,0,Chargesheeted
333,Bangalore Rural,Assault,12.651951,77.151714,2025-12-07,3,Chargesheeted
334,Bangalore Rural,Assault,13.046478,77.792955,2025-11-21,12,Under Investigation
335,Bangalore Rural,Assault,13.323559,77.543868,2025-03-28,8,Chargesheeted
336,Bangalore Rural,Assault,13.197133,77.435662,2025-01-20,21,Chargesheeted
337,Bangalore Rural,Assault,12.650742,77.159649,2025-10-17,12,Chargesheeted
338,Bangalore Rural,Assault,13.136202,77.91308,2025-10-27,22,Under Investigation
339,Bangalore Rural,Assault,13.200763,77.645199,2025-03-30,13,Closed
340,Bangalore Rural,Assault,13.302776,77.422182,2025-03-24,16,Chargesheeted
341,Bangalore Urban,Theft,13.035837,77.725233,2025-01-25,22,Chargesheeted
342,Bangalore Urban,Theft,12.755801,77.511758,2025-06-02,6,Under Investigation
343,Bangalore Urban,Theft,12.938976,77.359693,2025-02-15,20,Closed
344,Bangalore Urban,Theft,12.783099,77.620148,2025-12-22,6,Closed
345,Bangalore Urban,Theft,13.007798,77.705578,2025-12-28,21,Chargesheeted
346,Bangalore Urban,Theft,13.000954,77.696938,2025-02-01,9,Closed
347,Bangalore Urban,Theft,12.92786,77.354382,2025-11-04,9,Under Investigation
348,Bangalore Urban,Theft,12.931583,77.360111,2025-06-27,7,Closed
349,Bangalore Urban,Theft,13.082317,77.525372,2025-02-20,12,Closed
350,Bangalore Urban,Theft,13.017556,77.697501,2025-06-23,19,Closed
351,Bangalore Urban,Theft,13.005405,77.695526,2025-12-21,19,Under Investigation
352,Bangalore Urban,Theft,13.002773,77.689444,2025-09-06,1,Under Investigation
353,Bangalore Urban,Theft,13.011708,77.693326,2025-12-07,12,Closed
354,Bangalore Urban,Theft,12.931976,77.360432,2025-11-02,23,Closed
355,Bangalore Urban,Theft,13.142415,77.6998,2025-08-09,9,Closed
356,Bangalore Urban,Theft,13.00658,77.689253,2025-08-03,8,Closed
357,Bangalore Urban,Theft,13.099179,77.51169,2025-10-24,19,Chargesheeted
358,Bangalore Urban,Theft,13.049872,77.710312,2025-05-27,13,Closed
359,Bangalore Urban,Theft,13.120047,77.719211,2025-02-15,3,Chargesheeted
360,Bangalore Urban,Theft,13.091963,77.520163,2025-08-30,15,Under Investigation
361,Bangalore Urban,Theft,13.099212,77.50864,2025-09-15,6,Chargesheeted
362,Bangalore Urban,Theft,13.02333,77.682812,2025-06-18,6,Chargesheeted
363,Bangalore Urban,Theft,13.014448,77.692303,2025-08-30,5,Closed
364,Bangalore Urban,Theft,13.111628,77.700887,2025-03-29,22,Closed
365,Bangalore Urban,Theft,13.021887,77.680813,2025-06-06,9,Chargesheeted
366,Bangalore Urban,Theft,13.00718,77.682969,2025-09-26,13,Closed
367,Bangalore Urban,Theft,13.12308,77.712055,2025-06-24,10,Chargesheeted
368,Bangalore Urban,Theft,13.009575,77.696792,2025-04-16,11,Under Investigation
369,Bangalore Urban,Theft,13.08123,77.522777,2025-05-04,6,Closed
370,Bangalore Urban,Theft,13.083161,77.526871,2025-01-22,23,Chargesheeted
371,Bangalore Urban,Theft,13.082122,77.515193,2025-02-12,7,Under Investigation
372,Bangalore Urban,Theft,12.91383,77.376653,2025-02-17,23,Closed
373,Bangalore Urban,Theft,13.050426,77.727359,2025-02-17,17,Under Investigation
374,Bangalore Urban,Theft,13.137888,77.722952,2025-10-29,3,Closed
375,Bangalore Urban,Theft,13.099931,77.518204,2025-03-10,23,Under Investigation
376,Bangalore Urban,Theft,12.934526,77.351431,2025-07-16,10,Under Investigation
377,Bangalore Urban,Theft,12.758305,77.471551,2025-05-23,2,Closed
378,Bangalore Urban,Theft,13.110284,77.723707,2025-12-12,16,Closed
379,Bangalore Urban,Theft,12.904516,77.495085,2025-01-26,12,Chargesheeted
380,Bangalore Urban,Theft,13.102595,77.517705,2025-11-26,23,Closed
381,Bangalore Urban,Theft,13.041465,77.716109,2025-08-15,15,Closed
382,Bangalore Urban,Theft,12.995204,77.653836,2025-04-21,6,Under Investigation
383,Bangalore Urban,Theft,13.040441,77.71551,2025-03-07,2,Under Investigation
384,Bangalore Urban,Theft,12.923881,77.336711,2025-01-27,17,Chargesheeted
385,Bangalore Urban,Theft,13.009265,77.678919,2025-09-30,2,Under Investigation
386,Bangalore Urban,Theft,13.014698,77.686798,2025-03-06,9,Closed
387,Bangalore Urban,Theft,13.115659,77.508094,2025-08-26,5,Closed
388,Bangalore Urban,Theft,13.037014,77.707516,2025-07-19,17,Under Investigation
389,Bangalore Urban,Theft,12.916311,77.35128,2025-02-23,23,Under Investigation
390,Bangalore Urban,Theft,12.925847,77.358396,2025-11-15,5,Chargesheeted
391,Bangalore Urban,Theft,13.078501,77.517811,2025-05-12,11,Closed
392,Bangalore Urban,Theft,13.00296,77.705259,2025-04-20,12,Chargesheeted
393,Bangalore Urban,Theft,12.932314,77.343683,2025-06-01,8,Under Investigation
394,Bangalore Urban,Theft,13.124376,77.4112,2025-10-25,6,Chargesheeted
395,Bangalore Urban,Theft,13.139872,77.556238,2025-12-08,14,Closed
396,Bangalore Urban,Theft,13.122715,77.717996,2025-09-05,8,Under Investigation
397,Bangalore Urban,Theft,13.128485,77.7156,2025-02-18,3,Chargesheeted
398,Bangalore Urban,Theft,13.126037,77.715823,2025-03-25,10,Closed
399,Bangalore Urban,Theft,13.007904,77.689416,2025-03-27,18,Chargesheeted
400,Bangalore Urban,Theft,13.011844,77.71854,2025-04-10,4,Under Investigation
401,Bangalore Urban,Theft,12.920806,77.362667,2025-07-03,21,Chargesheeted
402,Bangalore Urban,Theft,13.033623,77.719187,2025-03-29,12,Closed
403,Bangalore Urban,Theft,13.135048,77.700181,2025-02-10,0,Chargesheeted
404,Bangalore Urban,Theft,12.933294,77.351924,2025-01-21,17,Under Investigation
405,Bangalore Urban,Theft,12.901954,77.414692,2025-08-11,10,Under Investigation
406,Bangalore Urban,Theft,13.002261,77.708049,2025-07-31,0,Closed
407,Bangalore Urban,Theft,12.943189,77.420504,2025-11-15,10,Under Investigation
408,Bangalore Urban,Theft,13.121094,77.717762,2025-11-27,10,Closed
409,Bangalore Urban,Theft,13.132752,77.715975,2025-12-14,23,Chargesheeted
410,Bangalore Urban,Theft,13.008611,77.693249,2025-10-15,13,Under Investigation
411,Bangalore Urban,Theft,13.095723,77.504186,2025-10-09,20,Chargesheeted
412,Bangalore Urban,Theft,13.05954,77.701997,2025-01-31,14,Under Investigation
413,Bangalore Urban,Theft,12.939663,77.35856,2025-08-14,6,Closed
414,Bangalore Urban,Theft,13.123902,77.712291,2025-06-19,5,Under Investigation
415,Bangalore Urban,Theft,13.117866,77.715037,2025-12-18,19,Under Investigation
416,Bangalore Urban,Theft,12.917492,77.364462,2025-01-23,6,Chargesheeted
417,Bangalore Urban,Theft,13.124484,77.705871,2025-05-22,3,Chargesheeted
418,Bangalore Urban,Theft,12.922057,77.364696,2025-06-19,3,Under Investigation
419,Bangalore Urban,Theft,12.933576,77.344467,2025-06-15,3,Under Investigation
420,Bangalore Urban,Theft,12.755789,77.760983,2025-11-14,1,Under Investigation
421,Bangalore Urban,Theft,13.113924,77.709089,2025-09-20,9,Closed
422,Bangalore Urban,Theft,12.937567,77.355581,2025-12-19,12,Chargesheeted
423,Bangalore Urban,Theft,12.846439,77.724046,2025-11-16,20,Chargesheeted
424,Bangalore Urban,Theft,13.014073,77.694183,2025-01-13,21,Under Investigation
425,Bangalore Urban,Theft,13.143018,77.700622,2025-10-17,6,Chargesheeted
426,Bangalore Urban,Theft,13.0354,77.717448,2025-08-04,10,Closed
427,Bangalore Urban,Theft,13.083873,77.504486,2025-01-30,22,Closed
428,Bangalore Urban,Theft,13.005208,77.69411,2025-11-19,3,Under Investigation
429,Bangalore Urban,Theft,13.041902,77.709154,2025-04-27,21,Closed
430,Bangalore Urban,Theft,13.120071,77.650421,2025-03-30,10,Chargesheeted
431,Bangalore Urban,Theft,12.905936,77.798076,2025-08-12,5,Chargesheeted
432,Bangalore Urban,Theft,13.016297,77.693989,2025-12-10,8,Under Investigation
433,Bangalore Urban,Theft,13.129809,77.715972,2025-01-28,22,Under Investigation
434,Bangalore Urban,Theft,13.029065,77.711005,2025-04-05,20,Closed
435,Bangalore Urban,Theft,13.011851,77.69679,2025-06-16,12,Under Investigation
436,Bangalore Urban,Theft,13.032059,77.717863,2025-04-23,11,Chargesheeted
437,Bangalore Urban,Theft,13.001306,77.68734,2025-05-01,8,Under Investigation
438,Bangalore Urban,Theft,12.948151,77.368686,2025-10-01,3,Chargesheeted
439,Bangalore Urban,Theft,13.02059,77.692219,2025-10-06,15,Chargesheeted
440,Bangalore Urban,Theft,13.006568,77.703627,2025-12-05,6,Closed
441,Bangalore Urban,Theft,13.008077,77.693131,2025-11-15,14,Closed
442,Bangalore Urban,Theft,13.075775,77.461065,2025-04-13,18,Chargesheeted
443,Bangalore Urban,Theft,13.011868,77.680052,2025-12-17,17,Under Investigation
444,Bangalore Urban,Theft,13.089029,77.511365,2025-12-20,22,Under Investigation
445,Bangalore Urban,Theft,12.940759,77.361307,2025-01-09,23,Closed
446,Bangalore Urban,Theft,12.83434,77.684681,2025-11-27,0,Closed
447,Bangalore Urban,Theft,12.786444,77.503118,2025-12-26,22,Under Investigation
448,Bangalore Urban,Theft,13.142046,77.709053,2025-01-21,22,Chargesheeted
449,Bangalore Urban,Theft,13.023044,77.691926,2025-11-02,10,Chargesheeted
450,Bangalore Urban,Theft,12.905648,77.646347,2025-04-02,20,Under Investigation
451,Bangalore Urban,Theft,12.955324,77.57414,2025-08-28,3,Closed
452,Bangalore Urban,Theft,13.078189,77.520205,2025-06-23,20,Under Investigation
453,Bangalore Urban,Theft,13.132573,77.699798,2025-03-01,16,Closed
454,Bangalore Urban,Theft,13.025756,77.692165,2025-07-26,21,Closed
455,Bangalore Urban,Theft,13.04759,77.716325,2025-01-17,13,Under Investigation
456,Bangalore Urban,Theft,12.857151,77.719279,2025-06-28,2,Under Investigation
457,Bangalore Urban,Theft,12.898309,77.56136,2025-09-12,4,Under Investigation
458,Bangalore Urban,Theft,13.139008,77.707756,2025-12-16,0,Closed
459,Bangalore Urban,Theft,13.116131,77.698302,2025-03-17,13,Under Investigation
460,Bangalore Urban,Theft,13.13043,77.715651,2025-01-29,5,Closed
461,Bangalore Urban,Theft,13.005224,77.702479,2025-12-01,19,Under Investigation
462,Bangalore Urban,Theft,13.131166,77.711444,2025-12-21,18,Chargesheeted
463,Bangalore Urban,Theft,13.091763,77.515155,2025-01-30,2,Under Investigation
464,Bangalore Urban,Theft,13.015766,77.706629,2025-12-01,16,Closed
465,Bangalore Urban,Theft,13.0384,77.712643,2025-06-02,1,Closed
466,Bangalore Urban,Theft,13.127808,77.712218,2025-07-25,23,Chargesheeted
467,Bangalore Urban,Theft,13.123306,77.707478,2025-04-11,6,Chargesheeted
468,Bangalore Urban,Theft,13.049184,77.716378,2025-11-08,4,Under Investigation
469,Bangalore Urban,Theft,13.128759,77.716296,2025-04-22,15,Closed
470,Bangalore Urban,Theft,13.02331,77.766,2025-01-03,7,Closed
471,Bangalore Urban,Theft,13.020891,77.69924,2025-08-04,1,Chargesheeted
472,Bangalore Urban,Theft,12.928198,77.35014,2025-04-08,21,Closed
473,Bangalore Urban,Theft,12.782588,77.672639,2025-10-10,11,Closed
474,Bangalore Urban,Theft,12.93483,77.347336,2025-11-07,2,Chargesheeted
475,Bangalore Urban,Theft,12.921397,77.351781,2025-06-26,18,Under Investigation
476,Bangalore Urban,Theft,13.127086,77.711386,2025-03-12,5,Closed
477,Bangalore Urban,Theft,13.001379,77.68521,2025-03-06,12,Chargesheeted
478,Bangalore Urban,Theft,13.09399,77.518614,2025-10-30,14,Under Investigation
479,Bangalore Urban,Theft,12.926487,77.34947,2025-03-11,20,Chargesheeted
480,Bangalore Urban,Theft,13.032805,77.714562,2025-08-29,8,Closed
481,Bangalore Urban,Theft,13.092682,77.524886,2025-01-04,7,Under Investigation
482,Bangalore Urban,Theft,13.09265,77.521651,2025-09-04,17,Chargesheeted
483,Bangalore Urban,Theft,12.835621,77.728783,2025-02-25,16,Closed
484,Bangalore Urban,Theft,13.002694,77.694442,2025-11-10,6,Under Investigation
485,Bangalore Urban,Theft,12.933584,77.35366,2025-11-26,8,Closed
486,Bangalore Urban,Theft,12.927501,77.361606,2025-11-01,23,Chargesheeted
487,Bangalore Urban,Theft,13.029589,77.714976,2025-01-15,20,Closed
488,Bangalore Urban,Theft,12.933313,77.362177,2025-11-30,12,Chargesheeted
489,Bangalore Urban,Theft,13.033307,77.710027,2025-09-17,13,Chargesheeted
490,Bangalore Urban,Theft,12.990877,77.711757,2025-04-23,23,Chargesheeted
491,Bangalore Urban,Theft,13.08089,77.519826,2025-10-03,21,Closed
492,Bangalore Urban,Theft,13.002517,77.68854,2025-07-31,1,Under Investigation
493,Bangalore Urban,Theft,12.93862,77.341254,2025-06-04,16,Chargesheeted
494,Bangalore Urban,Theft,12.975746,77.744513,2025-11-19,22,Under Investigation
495,Bangalore Urban,Theft,13.100275,77.513416,2025-05-16,4,Under Investigation
496,Bangalore Urban,Theft,12.924388,77.371467,2025-10-27,17,Under Investigation
497,Bangalore Urban,Theft,13.085016,77.520548,2025-05-20,11,Under Investigation
498,Bangalore Urban,Theft,12.931907,77.339397,2025-07-17,20,Under Investigation
499,Bangalore Urban,Theft,13.016441,77.695838,2025-10-26,23,Chargesheeted
500,Bangalore Urban,Theft,13.012003,77.69984,2025-03-22,22,Chargesheeted
501,Bangalore Urban,Theft,13.086589,77.520628,2025-04-25,8,Chargesheeted
502,Bangalore Urban,Theft,13.100425,77.690711,2025-08-05,15,Under Investigation
503,Bangalore Urban,Theft,13.039707,77.720405,2025-02-23,18,Under Investigation
504,Bangalore Urban,Theft,12.990027,77.499821,2025-12-09,19,Chargesheeted
505,Bangalore Urban,Theft,13.096096,77.516316,2025-11-13,14,Under Investigation
506,Bangalore Urban,Theft,13.096024,77.515786,2025-06-04,9,Closed
507,Bangalore Urban,Theft,13.119462,77.715317,2025-12-19,22,Under Investigation
508,Bangalore Urban,Theft,13.045807,77.721413,2025-03-28,3,Closed
509,Bangalore Urban,Theft,12.925803,77.358087,2025-08-20,15,Closed
510,Bangalore Urban,Theft,12.99762,77.704356,2025-11-16,10,Closed
511,Bangalore Urban,Theft,12.929014,77.359625,2025-12-04,22,Closed
512,Bangalore Urban,Theft,13.034568,77.702949,2025-01-08,0,Under Investigation
513,Bangalore Urban,Theft,12.766137,77.708012,2025-10-04,2,Under Investigation
514,Bangalore Urban,Theft,13.094776,77.532484,2025-06-09,9,Chargesheeted
515,Bangalore Urban,Theft,12.697591,77.65976,2025-09-20,13,Under Investigation
516,Bangalore Urban,Theft,13.093188,77.5165,2025-09-28,17,Chargesheeted
517,Bangalore Urban,Theft,12.930614,77.359025,2025-05-26,23,Closed
518,Bangalore Urban,Theft,13.051975,77.702162,2025-01-24,9,Chargesheeted
519,Bangalore Urban,Theft,12.935971,77.354634,2025-07-25,17,Under Investigation
520,Bangalore Urban,Theft,12.931553,77.370045,2025-06-15,15,Closed
521,Bangalore Urban,Theft,13.09775,77.503964,2025-08-21,5,Chargesheeted
522,Bangalore Urban,Theft,12.998809,77.695091,2025-09-30,11,Chargesheeted
523,Bangalore Urban,Theft,13.08299,77.42253,2025-06-05,8,Under Investigation
524,Bangalore Urban,Theft,13.008375,77.682788,2025-02-09,14,Under Investigation
525,Bangalore Urban,Theft,13.094629,77.51948,2025-06-26,7,Under Investigation
526,Bangalore Urban,Theft,13.127307,77.462144,2025-05-21,21,Chargesheeted
527,Bangalore Urban,Theft,12.827708,77.499765,2025-02-03,1,Under Investigation
528,Bangalore Urban,Theft,13.122768,77.712035,2025-05-27,3,Closed
529,Bangalore Urban,Theft,12.795891,77.483277,2025-12-06,13,Closed
530,Bangalore Urban,Theft,13.108697,77.519512,2025-09-24,15,Under Investigation
531,Bangalore Urban,Theft,13.02001,77.526706,2025-07-21,19,Chargesheeted
532,Bangalore Urban,Theft,13.127488,77.574179,2025-08-01,19,Chargesheeted
533,Bangalore Urban,Theft,13.011794,77.688108,2025-08-19,8,Chargesheeted
534,Bangalore Urban,Theft,13.040806,77.712756,2025-04-21,9,Closed
535,Bangalore Urban,Theft,13.098206,77.51882,2025-07-11,19,Under Investigation
536,Bangalore Urban,Theft,13.099252,77.509761,2025-10-20,5,Closed
537,Bangalore Urban,Theft,13.096695,77.525179,2025-11-23,16,Closed
538,Bangalore Urban,Theft,12.920033,77.36235,2025-07-30,21,Chargesheeted
539,Bangalore Urban,Theft,13.097422,77.525308,2025-05-12,17,Chargesheeted
540,Bangalore Urban,Theft,13.135502,77.708729,2025-12-06,12,Closed
541,Bangalore Urban,Theft,12.820614,77.788135,2025-06-17,19,Under Investigation
542,Bangalore Urban,Theft,13.010436,77.707157,2025-12-24,6,Closed
543,Bangalore Urban,Theft,13.083242,77.452282,2025-01-09,3,Closed
544,Bangalore Urban,Theft,13.031839,77.709343,2025-08-25,15,Under Investigation
545,Bangalore Urban,Theft,13.117421,77.720648,2025-09-23,10,Chargesheeted
546,Bangalore Urban,Theft,13.035346,77.720697,2025-11-15,3,Closed
547,Bangalore Urban,Theft,12.926871,77.346435,2025-10-12,12,Closed
548,Bangalore Urban,Theft,12.935689,77.366851,2025-05-22,10,Closed
549,Bangalore Urban,Theft,13.10617,77.722562,2025-07-15,0,Closed
550,Bangalore Urban,Theft,13.022261,77.678899,2025-07-21,16,Closed
551,Bangalore Urban,Theft,13.098682,77.496949,2025-11-17,5,Under Investigation
552,Bangalore Urban,Theft,13.090111,77.688764,2025-09-19,0,Under Investigation
553,Bangalore Urban,Theft,13.134193,77.695003,2025-02-20,17,Closed
554,Bangalore Urban,Theft,12.996688,77.685153,2025-06-23,15,Under Investigation
555,Bangalore Urban,Theft,12.783916,77.58642,2025-11-23,18,Chargesheeted
556,Bangalore Urban,Theft,13.015995,77.709802,2025-07-02,13,Under Investigation
557,Bangalore Urban,Theft,12.949679,77.743854,2025-05-12,2,Closed
558,Bangalore Urban,Theft,13.133861,77.716375,2025-04-06,0,Chargesheeted
559,Bangalore Urban,Theft,13.041225,77.716387,2025-10-11,3,Closed
560,Bangalore Urban,Theft,13.096395,77.518869,2025-09-23,23,Closed
561,Bangalore Urban,Theft,13.052597,77.710381,2025-01-09,17,Closed
562,Bangalore Urban,Theft,13.009423,77.70079,2025-02-05,4,Chargesheeted
563,Bangalore Urban,Theft,13.097135,77.529249,2025-01-09,5,Chargesheeted
564,Bangalore Urban,Theft,13.01189,77.684739,2025-01-14,1,Closed
565,Bangalore Urban,Theft,12.940527,77.357212,2025-11-08,1,Chargesheeted
566,Bangalore Urban,Theft,13.10058,77.500956,2025-04-03,14,Closed
567,Bangalore Urban,Theft,13.024555,77.69787,2025-04-10,23,Closed
568,Bangalore Urban,Theft,13.120414,77.721617,2025-05-02,2,Under Investigation
569,Bangalore Urban,Theft,13.126891,77.645078,2025-09-07,19,Under Investigation
570,Bangalore Urban,Theft,12.917566,77.355465,2025-01-26,20,Closed
571,Bangalore Urban,Theft,13.096472,77.517403,2025-09-27,4,Closed
572,Bangalore Urban,Theft,13.039964,77.708635,2025-02-08,0,Chargesheeted
573,Bangalore Urban,Theft,12.69758,77.669751,2025-08-23,7,Closed
574,Bangalore Urban,Theft,13.090544,77.525403,2025-01-25,19,Under Investigation
575,Bangalore Urban,Theft,13.088951,77.510983,2025-12-23,3,Closed
576,Bangalore Urban,Theft,12.933657,77.364242,2025-12-19,3,Chargesheeted
577,Bangalore Urban,Theft,12.991107,77.692644,2025-12-18,13,Under Investigation
578,Bangalore Urban,Theft,13.008105,77.691172,2025-12-07,18,Chargesheeted
579,Bangalore Urban,Theft,12.941097,77.364543,2025-08-12,2,Chargesheeted
580,Bangalore Urban,Theft,13.118145,77.699792,2025-07-01,20,Under Investigation
581,Bangalore Urban,Theft,13.096449,77.513174,2025-09-16,13,Under Investigation
582,Bangalore Urban,Theft,13.044455,77.739858,2025-03-04,17,Chargesheeted
583,Bangalore Urban,Theft,13.085817,77.524197,2025-04-01,3,Chargesheeted
584,Bangalore Urban,Theft,13.114469,77.70405,2025-10-03,18,Closed
585,Bangalore Urban,Theft,12.935948,77.364832,2025-06-21,20,Chargesheeted
586,Bangalore Urban,Theft,13.054614,77.714779,2025-04-22,2,Chargesheeted
587,Bangalore Urban,Theft,13.013095,77.691913,2025-03-23,14,Under Investigation
588,Bangalore Urban,Theft,13.073827,77.523005,2025-08-11,2,Closed
589,Bangalore Urban,Theft,13.022846,77.685843,2025-07-07,9,Under Investigation
590,Bangalore Urban,Theft,12.772742,77.670367,2025-11-14,8,Under Investigation
591,Bangalore Urban,Theft,12.864613,77.491568,2025-04-07,13,Closed
592,Bangalore Urban,Theft,12.998172,77.685543,2025-08-02,0,Chargesheeted
593,Bangalore Urban,Theft,12.936608,77.349194,2025-12-13,1,Chargesheeted
594,Bangalore Urban,Theft,13.095603,77.519033,2025-10-23,18,Chargesheeted
595,Bangalore Urban,Theft,13.040868,77.716,2025-06-06,23,Closed
596,Bangalore Urban,Theft,13.111742,77.494703,2025-02-27,0,Under Investigation
597,Bangalore Urban,Theft,13.137188,77.718551,2025-05-02,7,Chargesheeted
598,Bangalore Urban,Theft,13.151805,77.427558,2025-08-16,8,Chargesheeted
599,Bangalore Urban,Theft,13.125125,77.69873,2025-10-16,20,Chargesheeted
600,Bangalore Urban,Theft,13.089503,77.516449,2025-08-24,16,Chargesheeted
601,Bangalore Urban,Theft,12.948483,77.514305,2025-06-09,11,Chargesheeted
602,Bangalore Urban,Theft,13.075301,77.517351,2025-07-25,13,Chargesheeted
603,Bangalore Urban,Theft,13.080396,77.54112,2025-07-22,22,Chargesheeted
604,Bangalore Urban,Theft,13.118824,77.70226,2025-11-19,5,Under Investigation
605,Bangalore Urban,Theft,13.083806,77.527744,2025-12-26,18,Closed
606,Bangalore Urban,Theft,13.112762,77.712762,2025-04-09,14,Closed
607,Bangalore Urban,Theft,13.036097,77.72394,2025-05-24,13,Closed
608,Bangalore Urban,Theft,12.921203,77.356601,2025-09-15,22,Closed
609,Bangalore Urban,Theft,13.064495,77.721161,2025-04-18,20,Chargesheeted
610,Bangalore Urban,Theft,13.108815,77.668255,2025-10-18,8,Chargesheeted
611,Bangalore Urban,Theft,12.965299,77.513689,2025-09-09,15,Chargesheeted
612,Bangalore Urban,Theft,13.041023,77.710246,2025-08-04,8,Closed
613,Bangalore Urban,Theft,13.03643,77.699732,2025-03-27,6,Under Investigation
614,Bangalore Urban,Theft,13.004403,77.706671,2025-03-24,14,Under Investigation
615,Bangalore Urban,Theft,13.000419,77.654935,2025-02-08,8,Closed
616,Bangalore Urban,Theft,12.72648,77.635249,2025-01-09,22,Chargesheeted
617,Bangalore Urban,Theft,12.936339,77.32983,2025-09-27,21,Chargesheeted
618,Bangalore Urban,Theft,13.016137,77.694203,2025-03-03,20,Under Investigation
619,Bangalore Urban,Theft,13.124001,77.699587,2025-03-20,20,Chargesheeted
620,Bangalore Urban,Theft,13.014127,77.680333,2025-05-02,14,Closed
621,Bangalore Urban,Theft,13.038652,77.700454,2025-07-11,20,Chargesheeted
622,Bangalore Urban,Theft,12.936923,77.362898,2025-05-15,19,Chargesheeted
623,Bangalore Urban,Theft,12.939646,77.343729,2025-01-17,1,Chargesheeted
624,Bangalore Urban,Theft,13.104666,77.521487,2025-12-04,21,Chargesheeted
625,Bangalore Urban,Theft,13.103911,77.532688,2025-01-14,2,Closed
626,Bangalore Urban,Theft,13.02931,77.718565,2025-01-23,16,Chargesheeted
627,Bangalore Urban,Theft,13.035799,77.729077,2025-01-18,5,Chargesheeted
628,Bangalore Urban,Theft,13.174397,77.536406,2025-03-31,14,Chargesheeted
629,Bangalore Urban,Theft,12.718108,77.732358,2025-10-02,9,Closed
630,Bangalore Urban,Theft,13.081935,77.515517,2025-12-16,19,Closed
631,Bangalore Urban,Theft,13.053505,77.712602,2025-11-15,7,Under Investigation
632,Bangalore Urban,Theft,12.938409,77.362251,2025-12-19,19,Closed
633,Bangalore Urban,Theft,13.032873,77.702643,2025-05-30,23,Chargesheeted
634,Bangalore Urban,Theft,13.090343,77.524406,2025-05-11,17,Closed
635,Bangalore Urban,Theft,13.014384,77.697107,2025-01-27,12,Closed
636,Bangalore Urban,Theft,13.037285,77.718609,2025-09-19,5,Closed
637,Bangalore Urban,Theft,13.085644,77.510732,2025-10-01,1,Chargesheeted
638,Bangalore Urban,Theft,13.038501,77.72572,2025-09-11,11,Under Investigation
639,Bangalore Urban,Theft,13.003194,77.689208,2025-05-22,5,Chargesheeted
640,Bangalore Urban,Theft,13.140159,77.708354,2025-09-26,1,Chargesheeted
641,Bangalore Urban,Theft,13.005683,77.685315,2025-02-28,18,Under Investigation
642,Bangalore Urban,Theft,13.083773,77.510243,2025-06-27,5,Under Investigation
643,Bangalore Urban,Theft,12.93576,77.363534,2025-10-07,6,Under Investigation
644,Bangalore Urban,Theft,13.124751,77.707142,2025-10-15,3,Under Investigation
645,Bangalore Urban,Theft,13.007232,77.691659,2025-12-17,19,Chargesheeted
646,Bangalore Urban,Theft,13.043664,77.71726,2025-12-23,22,Under Investigation
647,Bangalore Urban,Theft,13.147639,77.69687,2025-08-30,16,Under Investigation
648,Bangalore Urban,Theft,13.106614,77.52127,2025-11-29,9,Chargesheeted
649,Bangalore Urban,Theft,13.096891,77.514506,2025-06-26,16,Under Investigation
650,Bangalore Urban,Theft,12.991176,77.524041,2025-08-25,9,Closed
651,Bangalore Urban,Theft,13.012864,77.692628,2025-05-29,4,Chargesheeted
652,Bangalore Urban,Theft,13.044263,77.713059,2025-06-25,14,Under Investigation
653,Bangalore Urban,Theft,12.921721,77.335826,2025-10-23,23,Closed
654,Bangalore Urban,Theft,13.094752,77.50906,2025-07-15,22,Closed
655,Bangalore Urban,Theft,13.034411,77.711902,2025-04-09,7,Chargesheeted
656,Bangalore Urban,Theft,12.93052,77.348708,2025-08-28,6,Chargesheeted
657,Bangalore Urban,Theft,12.913231,77.369116,2025-06-21,13,Under Investigation
658,Bangalore Urban,Theft,13.10562,77.52666,2025-06-27,11,Chargesheeted
659,Bangalore Urban,Theft,13.127428,77.693964,2025-08-26,16,Under Investigation
660,Bangalore Urban,Theft,13.139217,77.413775,2025-11-24,21,Under Investigation
661,Bangalore Urban,Theft,13.120839,77.709323,2025-02-22,22,Chargesheeted
662,Bangalore Urban,Theft,12.934867,77.349085,2025-09-12,0,Closed
663,Bangalore Urban,Theft,13.129344,77.701664,2025-03-19,14,Closed
664,Bangalore Urban,Theft,13.022706,77.699969,2025-01-27,16,Closed
665,Bangalore Urban,Theft,13.040286,77.712632,2025-09-24,10,Closed
666,Bangalore Urban,Theft,13.013522,77.701299,2025-06-19,7,Under Investigation
667,Bangalore Urban,Theft,13.026485,77.697706,2025-02-04,1,Under Investigation
668,Bangalore Urban,Theft,13.094461,77.521504,2025-09-24,14,Closed
669,Bangalore Urban,Theft,13.12878,77.720304,2025-11-12,19,Under Investigation
670,Bangalore Urban,Theft,12.695845,77.640882,2025-01-20,22,Under Investigation
671,Bangalore Urban,Theft,13.085708,77.515581,2025-05-05,21,Chargesheeted
672,Bangalore Urban,Theft,13.006824,77.699597,2025-06-02,14,Chargesheeted
673,Bangalore Urban,Theft,13.146291,77.626906,2025-10-25,8,Closed
674,Bangalore Urban,Theft,13.04617,77.716977,2025-07-23,16,Chargesheeted
675,Bangalore Urban,Theft,12.921043,77.340712,2025-07-17,6,Closed
676,Bangalore Urban,Theft,13.005499,77.704486,2025-07-03,8,Chargesheeted
677,Bangalore Urban,Theft,13.12171,77.706087,2025-11-06,1,Closed
678,Bangalore Urban,Theft,13.04935,77.718635,2025-03-07,21,Chargesheeted
679,Bangalore Urban,Theft,13.123663,77.701517,2025-12-06,1,Under Investigation
680,Bangalore Urban,Theft,12.932183,77.354269,2025-12-05,5,Closed
681,Bangalore Urban,Theft,13.131635,77.711087,2025-05-14,0,Closed
682,Bangalore Urban,Theft,13.117645,77.716951,2025-12-16,12,Chargesheeted
683,Bangalore Urban,Theft,12.923691,77.353459,2025-10-21,18,Under Investigation
684,Bangalore Urban,Theft,13.114165,77.715357,2025-10-10,9,Under Investigation
685,Bangalore Urban,Theft,13.134834,77.70993,2025-01-02,5,Closed
686,Bangalore Urban,Theft,13.12523,77.703248,2025-10-23,4,Chargesheeted
687,Bangalore Urban,Theft,13.091136,77.52475,2025-02-15,22,Under Investigation
688,Bangalore Urban,Theft,13.040951,77.719631,2025-06-25,21,Closed
689,Bangalore Urban,Theft,12.926979,77.345208,2025-01-02,3,Under Investigation
690,Bangalore Urban,Theft,12.716999,77.677442,2025-10-05,9,Chargesheeted
691,Bangalore Urban,Theft,13.129717,77.717131,2025-02-16,23,Under Investigation
692,Bangalore Urban,Theft,13.083034,77.510673,2025-08-06,22,Chargesheeted
693,Bangalore Urban,Theft,12.948103,77.397999,2025-08-05,1,Chargesheeted
694,Bangalore Urban,Theft,13.039739,77.485927,2025-01-06,16,Closed
695,Bangalore Urban,Theft,12.915946,77.356909,2025-05-24,9,Under Investigation
696,Bangalore Urban,Theft,13.074707,77.687908,2025-12-25,2,Closed
697,Bangalore Urban,Theft,13.026306,77.69206,2025-11-11,13,Closed
698,Bangalore Urban,Theft,13.018269,77.693961,2025-10-01,12,Under Investigation
699,Bangalore Urban,Theft,13.111936,77.722463,2025-12-06,10,Chargesheeted
700,Bangalore Urban,Theft,13.019012,77.689354,2025-06-10,1,Chargesheeted
701,Bangalore Urban,Theft,13.006883,77.684687,2025-10-14,17,Chargesheeted
702,Bangalore Urban,Theft,13.051604,77.711014,2025-09-30,10,Closed
703,Bangalore Urban,Theft,13.017945,77.681594,2025-05-12,1,Closed
704,Bangalore Urban,Theft,12.941423,77.357486,2025-08-21,20,Under Investigation
705,Bangalore Urban,Theft,13.087547,77.503099,2025-04-22,16,Under Investigation
706,Bangalore Urban,Theft,12.93994,77.358752,2025-06-27,12,Under Investigation
707,Bangalore Urban,Theft,12.923696,77.363998,2025-10-06,23,Under Investigation
708,Bangalore Urban,Theft,13.121067,77.697697,2025-02-21,1,Closed
709,Bangalore Urban,Theft,13.005634,77.607223,2025-09-09,1,Chargesheeted
710,Bangalore Urban,Theft,13.090841,77.516655,2025-02-05,11,Chargesheeted
711,Bangalore Urban,Theft,12.93133,77.357871,2025-03-02,13,Chargesheeted
712,Bangalore Urban,Theft,13.019201,77.684984,2025-02-05,5,Closed
713,Bangalore Urban,Theft,12.932096,77.348901,2025-03-13,5,Chargesheeted
714,Bangalore Urban,Theft,13.118747,77.701576,2025-10-19,9,Closed
715,Bangalore Urban,Theft,12.935998,77.355954,2025-06-26,21,Closed
716,Bangalore Urban,Theft,13.1333,77.714058,2025-11-20,22,Under Investigation
717,Bangalore Urban,Theft,13.040822,77.718626,2025-01-23,21,Chargesheeted
718,Bangalore Urban,Theft,13.087883,77.509948,2025-12-29,20,Under Investigation
719,Bangalore Urban,Theft,13.136195,77.713079,2025-03-07,22,Closed
720,Bangalore Urban,Theft,12.9274,77.348559,2025-09-14,21,Under Investigation
721,Bangalore Urban,Theft,13.0374,77.714034,2025-12-28,18,Closed
722,Bangalore Urban,Theft,13.092845,77.512506,2025-09-29,15,Chargesheeted
723,Bangalore Urban,Theft,12.928104,77.345063,2025-03-11,20,Closed
724,Bangalore Urban,Theft,13.103568,77.526555,2025-07-06,17,Chargesheeted
725,Bangalore Urban,Theft,13.038734,77.722402,2025-04-14,0,Chargesheeted
726,Bangalore Urban,Theft,12.929365,77.361042,2025-06-10,11,Under Investigation
727,Bangalore Urban,Theft,13.004319,77.689258,2025-06-28,13,Chargesheeted
728,Bangalore Urban,Theft,13.034178,77.714599,2025-08-08,13,Closed
729,Bangalore Urban,Theft,13.132194,77.704934,2025-11-18,22,Chargesheeted
730,Bangalore Urban,Theft,12.838807,77.558569,2025-10-09,4,Under Investigation
731,Bangalore Urban,Theft,13.092353,77.524401,2025-02-15,9,Closed
732,Bangalore Urban,Theft,12.923642,77.362645,2025-06-15,23,Closed
733,Bangalore Urban,Theft,12.927426,77.352104,2025-12-30,16,Under Investigation
734,Bangalore Urban,Theft,12.752844,77.514089,2025-06-01,2,Closed
735,Bangalore Urban,Theft,13.008328,77.695652,2025-08-01,4,Closed
736,Bangalore Urban,Theft,13.016339,77.70244,2025-03-27,10,Chargesheeted
737,Bangalore Urban,Theft,13.090119,77.536361,2025-06-16,0,Chargesheeted
738,Bangalore Urban,Theft,12.936294,77.34551,2025-06-20,0,Chargesheeted
739,Bangalore Urban,Theft,13.092187,77.522624,2025-07-31,8,Chargesheeted
740,Bangalore Urban,Theft,13.031716,77.72467,2025-03-30,14,Under Investigation
741,Bangalore Urban,Theft,13.004957,77.69969,2025-11-24,16,Chargesheeted
742,Bangalore Urban,Theft,13.05774,77.71092,2025-06-18,16,Chargesheeted
743,Bangalore Urban,Theft,13.050322,77.718261,2025-08-17,10,Chargesheeted
744,Bangalore Urban,Theft,13.090902,77.421516,2025-09-21,5,Chargesheeted
745,Bangalore Urban,Theft,12.752894,77.623537,2025-06-19,1,Closed
746,Bangalore Urban,Theft,13.135888,77.7118,2025-10-02,14,Chargesheeted
747,Bangalore Urban,Theft,13.037879,77.731739,2025-06-17,4,Under Investigation
748,Bangalore Urban,Theft,13.096896,77.526648,2025-07-29,20,Closed
749,Bangalore Urban,Theft,13.119689,77.707061,2025-03-04,22,Chargesheeted
750,Bangalore Urban,Theft,13.005879,77.690633,2025-07-26,3,Under Investigation
751,Bangalore Urban,Theft,12.941795,77.338217,2025-12-08,0,Closed
752,Bangalore Urban,Theft,13.097452,77.534054,2025-09-16,6,Under Investigation
753,Bangalore Urban,Theft,13.124438,77.712728,2025-11-22,22,Closed
754,Bangalore Urban,Theft,13.139414,77.533866,2025-05-05,22,Under Investigation
755,Bangalore Urban,Theft,12.928138,77.350352,2025-01-01,10,Closed
756,Bangalore Urban,Theft,13.004617,77.414454,2025-07-23,13,Closed
757,Bangalore Urban,Theft,13.005184,77.677092,2025-12-05,13,Closed
758,Bangalore Urban,Theft,13.05276,77.714722,2025-11-14,7,Chargesheeted
759,Bangalore Urban,Theft,13.093117,77.531477,2025-12-27,18,Closed
760,Bangalore Urban,Theft,13.088752,77.529628,2025-04-05,4,Under Investigation
761,Bangalore Urban,Robbery,13.013214,77.688446,2025-01-02,22,Closed
762,Bangalore Urban,Robbery,13.025005,77.697563,2025-05-17,11,Closed
763,Bangalore Urban,Robbery,13.005301,77.688901,2025-05-07,3,Under Investigation
764,Bangalore Urban,Robbery,13.001614,77.479591,2025-01-25,1,Chargesheeted
765,Bangalore Urban,Robbery,12.916418,77.358189,2025-06-29,21,Closed
766,Bangalore Urban,Robbery,13.0758,77.518212,2025-03-28,13,Closed
767,Bangalore Urban,Robbery,13.123682,77.715427,2025-06-04,12,Under Investigation
768,Bangalore Urban,Robbery,13.094466,77.509694,2025-08-03,21,Under Investigation
769,Bangalore Urban,Robbery,13.09138,77.512886,2025-08-13,21,Under Investigation
770,Bangalore Urban,Robbery,13.097273,77.53967,2025-08-17,6,Under Investigation
771,Bangalore Urban,Robbery,13.132342,77.709163,2025-09-17,21,Closed
772,Bangalore Urban,Robbery,13.038123,77.705003,2025-07-25,18,Chargesheeted
773,Bangalore Urban,Robbery,12.876032,77.426944,2025-06-26,4,Under Investigation
774,Bangalore Urban,Robbery,13.087026,77.512857,2025-02-02,19,Under Investigation
775,Bangalore Urban,Robbery,12.929868,77.362772,2025-03-08,7,Under Investigation
776,Bangalore Urban,Robbery,12.924592,77.353079,2025-10-30,7,Closed
777,Bangalore Urban,Robbery,13.100036,77.523567,2025-09-05,7,Closed
778,Bangalore Urban,Robbery,13.08409,77.502561,2025-10-12,4,Closed
779,Bangalore Urban,Robbery,12.939075,77.368525,2025-08-09,1,Closed
780,Bangalore Urban,Robbery,12.806696,77.768815,2025-04-26,1,Chargesheeted
781,Bangalore Urban,Robbery,13.098768,77.532081,2025-12-29,13,Closed
782,Bangalore Urban,Robbery,13.102895,77.510356,2025-09-16,7,Under Investigation
783,Bangalore Urban,Robbery,12.992074,77.49838,2025-08-20,10,Chargesheeted
784,Bangalore Urban,Robbery,13.051619,77.729619,2025-12-20,7,Under Investigation
785,Bangalore Urban,Robbery,13.052979,77.728839,2025-06-30,1,Under Investigation
786,Bangalore Urban,Robbery,13.098066,77.529767,2025-12-22,21,Closed
787,Bangalore Urban,Robbery,13.013851,77.683522,2025-01-24,11,Under Investigation
788,Bangalore Urban,Robbery,12.945622,77.358891,2025-03-16,1,Under Investigation
789,Bangalore Urban,Robbery,12.999827,77.69801,2025-09-14,23,Under Investigation
790,Bangalore Urban,Robbery,13.167193,77.678978,2025-04-17,23,Closed
791,Bangalore Urban,Robbery,13.019022,77.423825,2025-05-06,11,Closed
792,Bangalore Urban,Robbery,13.113548,77.691179,2025-03-12,4,Under Investigation
793,Bangalore Urban,Robbery,13.014373,77.691712,2025-11-26,0,Under Investigation
794,Bangalore Urban,Robbery,13.013625,77.697464,2025-11-16,14,Under Investigation
795,Bangalore Urban,Robbery,13.131342,77.706219,2025-01-15,22,Chargesheeted
796,Bangalore Urban,Robbery,12.802418,77.483017,2025-09-11,5,Under Investigation
797,Bangalore Urban,Robbery,13.100758,77.517385,2025-03-07,2,Closed
798,Bangalore Urban,Robbery,13.008073,77.693748,2025-09-23,10,Chargesheeted
799,Bangalore Urban,Robbery,12.949277,77.462075,2025-03-31,13,Chargesheeted
800,Bangalore Urban,Robbery,13.09041,77.523945,2025-11-20,11,Chargesheeted
801,Bangalore Urban,Robbery,13.042014,77.71868,2025-10-09,23,Closed
802,Bangalore Urban,Robbery,13.027556,77.706882,2025-04-08,10,Closed
803,Bangalore Urban,Robbery,13.056816,77.729259,2025-05-11,19,Chargesheeted
804,Bangalore Urban,Robbery,12.922117,77.348657,2025-03-06,13,Closed
805,Bangalore Urban,Robbery,12.700027,77.664735,2025-11-23,0,Under Investigation
806,Bangalore Urban,Robbery,12.939734,77.361394,2025-10-26,12,Chargesheeted
807,Bangalore Urban,Robbery,13.027044,77.696657,2025-04-11,19,Under Investigation
808,Bangalore Urban,Robbery,13.131723,77.710354,2025-11-12,2,Closed
809,Bangalore Urban,Robbery,12.671579,77.624037,2025-07-30,6,Under Investigation
810,Bangalore Urban,Robbery,13.039623,77.70887,2025-12-25,7,Chargesheeted
811,Bangalore Urban,Robbery,13.005624,77.706598,2025-05-19,5,Closed
812,Bangalore Urban,Robbery,13.017509,77.690739,2025-09-23,20,Closed
813,Bangalore Urban,Robbery,12.92793,77.359364,2025-08-25,17,Chargesheeted
814,Bangalore Urban,Robbery,13.125002,77.709473,2025-04-03,7,Under Investigation
815,Bangalore Urban,Robbery,12.946541,77.350795,2025-09-26,10,Closed
816,Bangalore Urban,Robbery,13.098877,77.512227,2025-12-12,22,Under Investigation
817,Bangalore Urban,Robbery,12.999798,77.682541,2025-12-05,14,Closed
818,Bangalore Urban,Robbery,13.114203,77.711781,2025-08-26,16,Closed
819,Bangalore Urban,Robbery,12.99712,77.678017,2025-06-26,16,Chargesheeted
820,Bangalore Urban,Robbery,13.104317,77.510496,2025-10-08,12,Chargesheeted
821,Bangalore Urban,Robbery,12.748668,77.651164,2025-01-02,0,Closed
822,Bangalore Urban,Robbery,12.972052,77.388254,2025-06-13,18,Under Investigation
823,Bangalore Urban,Robbery,13.095399,77.519837,2025-03-19,20,Chargesheeted
824,Bangalore Urban,Robbery,12.936738,77.466196,2025-11-08,22,Chargesheeted
825,Bangalore Urban,Robbery,13.03336,77.72584,2025-08-13,19,Under Investigation
826,Bangalore Urban,Robbery,12.938553,77.356932,2025-10-30,7,Closed
827,Bangalore Urban,Robbery,13.119246,77.722736,2025-04-01,9,Chargesheeted
828,Bangalore Urban,Robbery,13.12418,77.723296,2025-12-05,7,Chargesheeted
829,Bangalore Urban,Robbery,13.118251,77.704992,2025-04-24,3,Chargesheeted
830,Bangalore Urban,Robbery,12.843914,77.741589,2025-03-08,15,Closed
831,Bangalore Urban,Robbery,13.052315,77.715362,2025-12-18,20,Closed
832,Bangalore Urban,Robbery,13.085878,77.518377,2025-02-24,3,Chargesheeted
833,Bangalore Urban,Robbery,12.935703,77.375831,2025-04-05,21,Chargesheeted
834,Bangalore Urban,Robbery,12.860251,77.647842,2025-05-09,17,Closed
835,Bangalore Urban,Robbery,12.910628,77.501418,2025-07-23,7,Under Investigation
836,Bangalore Urban,Robbery,13.034009,77.707712,2025-12-14,9,Under Investigation
837,Bangalore Urban,Robbery,12.997297,77.68397,2025-10-25,7,Under Investigation
838,Bangalore Urban,Robbery,12.995834,77.604074,2025-09-17,9,Chargesheeted
839,Bangalore Urban,Robbery,13.003345,77.697584,2025-03-23,2,Under Investigation
840,Bangalore Urban,Robbery,12.917991,77.35916,2025-04-30,4,Closed
841,Bangalore Urban,Robbery,12.953773,77.559228,2025-02-08,14,Chargesheeted
842,Bangalore Urban,Robbery,13.115005,77.715392,2025-09-10,21,Chargesheeted
843,Bangalore Urban,Robbery,13.051627,77.719548,2025-12-07,7,Under Investigation
844,Bangalore Urban,Robbery,13.051795,77.722388,2025-12-14,6,Under Investigation
845,Bangalore Urban,Robbery,12.99801,77.681851,2025-07-08,17,Closed
846,Bangalore Urban,Chain Snatching,12.914815,77.627829,2025-02-25,0,Under Investigation
847,Bangalore Urban,Chain Snatching,13.095265,77.519025,2025-09-04,17,Under Investigation
848,Bangalore Urban,Chain Snatching,13.047303,77.713985,2025-03-03,1,Chargesheeted
849,Bangalore Urban,Chain Snatching,12.92909,77.355522,2025-03-30,21,Under Investigation
850,Bangalore Urban,Chain Snatching,13.013105,77.693655,2025-03-08,10,Under Investigation
851,Bangalore Urban,Chain Snatching,13.128532,77.700787,2025-01-06,17,Chargesheeted
852,Bangalore Urban,Chain Snatching,13.023466,77.693515,2025-05-19,8,Closed
853,Bangalore Urban,Chain Snatching,12.916829,77.744508,2025-01-09,14,Chargesheeted
854,Bangalore Urban,Chain Snatching,13.000386,77.710419,2025-07-05,23,Chargesheeted
855,Bangalore Urban,Chain Snatching,13.132955,77.710114,2025-11-21,17,Under Investigation
856,Bangalore Urban,Chain Snatching,13.051471,77.709853,2025-04-07,17,Closed
857,Bangalore Urban,Chain Snatching,13.083711,77.517732,2025-04-03,9,Under Investigation
858,Bangalore Urban,Chain Snatching,13.119392,77.701196,2025-01-21,23,Under Investigation
859,Bangalore Urban,Chain Snatching,13.073799,77.718101,2025-12-15,9,Chargesheeted
860,Bangalore Urban,Chain Snatching,13.092502,77.513631,2025-05-17,12,Chargesheeted
861,Bangalore Urban,Chain Snatching,13.122285,77.703664,2025-12-06,18,Chargesheeted
862,Bangalore Urban,Chain Snatching,12.912608,77.598748,2025-04-06,10,Under Investigation
863,Bangalore Urban,Chain Snatching,13.087833,77.521971,2025-01-16,6,Under Investigation
864,Bangalore Urban,Chain Snatching,13.132471,77.722571,2025-04-25,0,Under Investigation
865,Bangalore Urban,Chain Snatching,13.11839,77.707914,2025-07-08,11,Closed
866,Bangalore Urban,Chain Snatching,13.109784,77.713327,2025-12-09,3,Chargesheeted
867,Bangalore Urban,Chain Snatching,13.002971,77.696773,2025-05-09,12,Chargesheeted
868,Bangalore Urban,Chain Snatching,12.907716,77.437474,2025-08-05,13,Under Investigation
869,Bangalore Urban,Chain Snatching,13.006344,77.661999,2025-03-20,23,Under Investigation
870,Bangalore Urban,Chain Snatching,13.030626,77.713548,2025-07-26,18,Closed
871,Bangalore Urban,Chain Snatching,12.940399,77.350317,2025-01-01,3,Closed
872,Bangalore Urban,Chain Snatching,13.122328,77.702359,2025-06-02,12,Closed
873,Bangalore Urban,Chain Snatching,12.929969,77.359985,2025-12-15,9,Under Investigation
874,Bangalore Urban,Chain Snatching,12.949959,77.67298,2025-01-07,22,Under Investigation
875,Bangalore Urban,Chain Snatching,13.019352,77.699284,2025-07-17,1,Under Investigation
876,Bangalore Urban,Chain Snatching,13.005595,77.705438,2025-06-30,4,Closed
877,Bangalore Urban,Chain Snatching,12.905082,77.508753,2025-03-30,1,Under Investigation
878,Bangalore Urban,Chain Snatching,13.019012,77.690065,2025-06-06,6,Under Investigation
879,Bangalore Urban,Chain Snatching,12.944824,77.358604,2025-09-24,23,Under Investigation
880,Bangalore Urban,Chain Snatching,12.930834,77.362015,2025-01-29,9,Chargesheeted
881,Bangalore Urban,Chain Snatching,13.139788,77.715397,2025-08-15,12,Closed
882,Bangalore Urban,Chain Snatching,13.080575,77.512074,2025-12-05,1,Closed
883,Bangalore Urban,Chain Snatching,13.020584,77.701144,2025-03-08,1,Chargesheeted
884,Bangalore Urban,Chain Snatching,13.039806,77.714281,2025-09-01,3,Closed
885,Bangalore Urban,Chain Snatching,12.923094,77.346599,2025-11-09,9,Under Investigation
886,Bangalore Urban,Chain Snatching,13.126198,77.706502,2025-02-19,6,Chargesheeted
887,Bangalore Urban,Chain Snatching,13.024743,77.398548,2025-10-20,18,Closed
888,Bangalore Urban,Chain Snatching,13.136276,77.715891,2025-07-01,2,Under Investigation
889,Bangalore Urban,Chain Snatching,12.919189,77.365303,2025-11-20,21,Under Investigation
890,Bangalore Urban,Chain Snatching,13.04181,77.712321,2025-07-29,17,Chargesheeted
891,Bangalore Urban,Chain Snatching,13.092969,77.536171,2025-01-11,6,Chargesheeted
892,Bangalore Urban,Chain Snatching,12.912859,77.662907,2025-12-10,8,Under Investigation
893,Bangalore Urban,Chain Snatching,12.672902,77.628903,2025-11-30,1,Closed
894,Bangalore Urban,Chain Snatching,13.086947,77.544557,2025-12-25,15,Closed
895,Bangalore Urban,Chain Snatching,12.930045,77.345483,2025-05-09,4,Under Investigation
896,Bangalore Urban,Chain Snatching,13.003644,77.703331,2025-05-17,18,Closed
897,Bangalore Urban,Chain Snatching,13.083134,77.518202,2025-03-28,4,Under Investigation
898,Bangalore Urban,Chain Snatching,12.993635,77.68198,2025-03-31,6,Chargesheeted
899,Bangalore Urban,Chain Snatching,13.127433,77.714846,2025-07-20,5,Closed
900,Bangalore Urban,Chain Snatching,13.120297,77.706327,2025-05-02,16,Closed
901,Bangalore Urban,Chain Snatching,12.882363,77.601458,2025-01-01,17,Chargesheeted
902,Bangalore Urban,Chain Snatching,13.006774,77.700202,2025-02-26,10,Chargesheeted
903,Bangalore Urban,Chain Snatching,12.860807,77.76068,2025-05-07,17,Under Investigation
904,Bangalore Urban,Chain Snatching,12.997524,77.686598,2025-01-23,15,Chargesheeted
905,Bangalore Urban,Chain Snatching,13.132853,77.704974,2025-04-20,15,Chargesheeted
906,Bangalore Urban,Burglary,13.087088,77.50998,2025-10-25,0,Under Investigation
907,Bangalore Urban,Burglary,12.918797,77.355282,2025-05-09,21,Under Investigation
908,Bangalore Urban,Burglary,13.119436,77.712568,2025-03-26,6,Under Investigation
909,Bangalore Urban,Burglary,12.924607,77.359966,2025-06-21,16,Closed
910,Bangalore Urban,Burglary,13.004263,77.682457,2025-10-25,4,Chargesheeted
911,Bangalore Urban,Burglary,13.125742,77.711838,2025-04-28,13,Closed
912,Bangalore Urban,Burglary,13.053634,77.715581,2025-08-29,15,Chargesheeted
913,Bangalore Urban,Burglary,13.09072,77.52702,2025-02-18,17,Chargesheeted
914,Bangalore Urban,Burglary,13.036836,77.719089,2025-06-08,6,Chargesheeted
915,Bangalore Urban,Burglary,13.018859,77.684323,2025-12-06,4,Chargesheeted
916,Bangalore Urban,Burglary,12.720284,77.586179,2025-11-21,17,Under Investigation
917,Bangalore Urban,Burglary,12.930351,77.370516,2025-03-05,0,Under Investigation
918,Bangalore Urban,Burglary,12.95303,77.43847,2025-12-11,13,Closed
919,Bangalore Urban,Burglary,13.137743,77.706428,2025-04-03,7,Under Investigation
920,Bangalore Urban,Burglary,13.140482,77.710938,2025-06-17,9,Chargesheeted
921,Bangalore Urban,Burglary,13.031385,77.703076,2025-05-07,19,Closed
922,Bangalore Urban,Burglary,13.06938,77.544633,2025-12-10,8,Under Investigation
923,Bangalore Urban,Burglary,12.757222,77.746979,2025-09-09,16,Chargesheeted
924,Bangalore Urban,Burglary,13.120423,77.702525,2025-04-09,21,Under Investigation
925,Bangalore Urban,Burglary,13.020896,77.708837,2025-02-20,12,Under Investigation
926,Bangalore Urban,Burglary,13.049937,77.728146,2025-03-21,8,Chargesheeted
927,Bangalore Urban,Burglary,12.997593,77.738857,2025-12-17,21,Under Investigation
928,Bangalore Urban,Burglary,13.038298,77.725253,2025-03-22,3,Chargesheeted
929,Bangalore Urban,Burglary,12.923404,77.39132,2025-10-22,11,Closed
930,Bangalore Urban,Burglary,13.04649,77.710958,2025-03-20,21,Closed
931,Bangalore Urban,Burglary,13.013568,77.38341,2025-12-11,11,Closed
932,Bangalore Urban,Burglary,13.129743,77.696583,2025-01-19,8,Chargesheeted
933,Bangalore Urban,Burglary,13.123227,77.696468,2025-05-08,16,Under Investigation
934,Bangalore Urban,Burglary,13.039757,77.718279,2025-07-14,4,Chargesheeted
935,Bangalore Urban,Burglary,13.002924,77.7046,2025-09-04,6,Chargesheeted
936,Bangalore Urban,Burglary,12.953791,77.453074,2025-02-28,18,Closed
937,Bangalore Urban,Burglary,13.001694,77.688779,2025-09-01,0,Under Investigation
938,Bangalore Urban,Burglary,13.031621,77.721508,2025-09-09,20,Chargesheeted
939,Bangalore Urban,Burglary,13.01547,77.688885,2025-04-09,12,Closed
940,Bangalore Urban,Burglary,13.136732,77.701846,2025-10-21,8,Closed
941,Bangalore Urban,Burglary,12.842637,77.443375,2025-10-07,4,Under Investigation
942,Bangalore Urban,Burglary,13.087141,77.509648,2025-01-13,1,Under Investigation
943,Bangalore Urban,Burglary,12.931159,77.362028,2025-07-02,22,Chargesheeted
944,Bangalore Urban,Burglary,13.117542,77.694871,2025-04-20,13,Closed
945,Bangalore Urban,Burglary,13.008319,77.696311,2025-03-24,19,Under Investigation
946,Bangalore Urban,Burglary,13.016559,77.672455,2025-03-12,15,Chargesheeted
947,Bangalore Urban,Burglary,12.817885,77.53257,2025-04-30,3,Closed
948,Bangalore Urban,Burglary,13.038325,77.706927,2025-03-10,23,Chargesheeted
949,Bangalore Urban,Burglary,13.005846,77.681144,2025-02-25,3,Under Investigation
950,Bangalore Urban,Burglary,12.943521,77.346261,2025-09-04,23,Chargesheeted
951,Bangalore Urban,Burglary,13.08809,77.52339,2025-09-20,1,Under Investigation
952,Bangalore Urban,Burglary,13.042553,77.718516,2025-09-20,1,Chargesheeted
953,Bangalore Urban,Burglary,12.811889,77.790853,2025-05-14,7,Closed
954,Bangalore Urban,Burglary,13.072594,77.522552,2025-11-22,8,Under Investigation
955,Bangalore Urban,Burglary,12.95178,77.421065,2025-01-31,11,Under Investigation
956,Bangalore Urban,Burglary,13.108581,77.517896,2025-10-20,23,Under Investigation
957,Bangalore Urban,Burglary,13.047541,77.716856,2025-03-20,7,Under Investigation
958,Bangalore Urban,Burglary,13.115634,77.71693,2025-02-22,13,Chargesheeted
959,Bangalore Urban,Burglary,13.095068,77.521676,2025-12-03,6,Under Investigation
960,Bangalore Urban,Burglary,13.044399,77.699571,2025-05-16,9,Chargesheeted
961,Bangalore Urban,Burglary,13.125574,77.718451,2025-09-09,20,Chargesheeted
962,Bangalore Urban,Burglary,13.056256,77.72049,2025-11-20,2,Under Investigation
963,Bangalore Urban,Burglary,13.120166,77.704948,2025-04-04,3,Under Investigation
964,Bangalore Urban,Burglary,13.099352,77.516236,2025-09-10,7,Closed
965,Bangalore Urban,Burglary,13.102111,77.526509,2025-02-05,2,Under Investigation
966,Bangalore Urban,Burglary,13.125608,77.7096,2025-10-09,21,Under Investigation
967,Bangalore Urban,Burglary,13.007192,77.685465,2025-05-23,7,Chargesheeted
968,Bangalore Urban,Burglary,13.042222,77.714148,2025-07-20,9,Under Investigation
969,Bangalore Urban,Burglary,13.121081,77.720192,2025-12-11,4,Under Investigation
970,Bangalore Urban,Burglary,13.032212,77.729674,2025-03-30,17,Under Investigation
971,Bangalore Urban,Burglary,13.000828,77.711337,2025-03-15,6,Closed
972,Bangalore Urban,Burglary,13.021939,77.683251,2025-05-10,2,Closed
973,Bangalore Urban,Burglary,13.13269,77.709435,2025-11-12,7,Chargesheeted
974,Bangalore Urban,Burglary,13.127608,77.705207,2025-06-30,18,Closed
975,Bangalore Urban,Burglary,13.125268,77.702275,2025-11-27,4,Under Investigation
976,Bangalore Urban,Burglary,13.021972,77.689234,2025-11-23,16,Chargesheeted
977,Bangalore Urban,Burglary,13.092475,77.508532,2025-08-22,1,Closed
978,Bangalore Urban,Burglary,13.108165,77.517616,2025-03-16,14,Closed
979,Bangalore Urban,Burglary,12.991675,77.679084,2025-12-10,6,Chargesheeted
980,Bangalore Urban,Burglary,13.008861,77.701121,2025-04-12,0,Under Investigation
981,Bangalore Urban,Burglary,12.940698,77.359511,2025-08-29,23,Chargesheeted
982,Bangalore Urban,Burglary,13.129266,77.710088,2025-05-11,20,Chargesheeted
983,Bangalore Urban,Burglary,13.008406,77.437067,2025-05-31,6,Under Investigation
984,Bangalore Urban,Burglary,12.91465,77.745712,2025-05-16,2,Closed
985,Bangalore Urban,Burglary,13.122117,77.719309,2025-04-08,21,Closed
986,Bangalore Urban,Burglary,12.959303,77.562061,2025-06-17,10,Closed
987,Bangalore Urban,Burglary,13.038715,77.722475,2025-01-31,2,Closed
988,Bangalore Urban,Burglary,12.936507,77.369537,2025-07-28,21,Under Investigation
989,Bangalore Urban,Burglary,13.123708,77.712449,2025-10-31,2,Chargesheeted
990,Bangalore Urban,Burglary,13.020427,77.702048,2025-11-27,13,Chargesheeted
991,Bangalore Urban,Burglary,13.034919,77.71415,2025-02-07,7,Closed
992,Bangalore Urban,Burglary,13.043492,77.7179,2025-10-28,13,Under Investigation
993,Bangalore Urban,Burglary,13.057466,77.713355,2025-12-07,1,Chargesheeted
994,Bangalore Urban,Burglary,13.004992,77.628451,2025-12-21,5,Chargesheeted
995,Bangalore Urban,Burglary,13.105042,77.519306,2025-01-26,20,Chargesheeted
996,Bangalore Urban,Burglary,13.13773,77.703313,2025-12-11,13,Under Investigation
997,Bangalore Urban,Burglary,12.864553,77.791539,2025-02-16,3,Closed
998,Bangalore Urban,Burglary,13.096213,77.517265,2025-04-15,2,Chargesheeted
999,Bangalore Urban,Burglary,12.703461,77.730171,2025-03-14,14,Closed
1000,Bangalore Urban,Burglary,12.923895,77.356167,2025-01-31,6,Under Investigation
1001,Bangalore Urban,Burglary,12.936779,77.364251,2025-04-26,18,Chargesheeted
1002,Bangalore Urban,Burglary,13.051604,77.716646,2025-08-28,1,Chargesheeted
1003,Bangalore Urban,Burglary,13.038967,77.717747,2025-08-26,15,Under Investigation
1004,Bangalore Urban,Burglary,12.939697,77.351938,2025-10-17,8,Under Investigation
1005,Bangalore Urban,Burglary,13.044071,77.710026,2025-06-07,17,Closed
1006,Bangalore Urban,Burglary,13.029394,77.714275,2025-11-10,7,Chargesheeted
1007,Bangalore Urban,Burglary,13.136268,77.697399,2025-09-03,17,Closed
1008,Bangalore Urban,Burglary,13.095261,77.514257,2025-11-14,22,Closed
1009,Bangalore Urban,Burglary,13.085884,77.512818,2025-11-15,8,Closed
1010,Bangalore Urban,Burglary,12.939839,77.353598,2025-10-17,12,Under Investigation
1011,Bangalore Urban,Burglary,13.095153,77.520131,2025-04-28,3,Under Investigation
1012,Bangalore Urban,Burglary,12.942495,77.352822,2025-08-02,5,Closed
1013,Bangalore Urban,Burglary,12.907651,77.552888,2025-04-15,9,Chargesheeted
1014,Bangalore Urban,Burglary,13.044858,77.723217,2025-02-10,16,Chargesheeted
1015,Bangalore Urban,Burglary,13.134943,77.712583,2025-06-15,20,Under Investigation
1016,Bangalore Urban,Burglary,13.050171,77.539543,2025-01-09,23,Chargesheeted
1017,Bangalore Urban,Burglary,13.117525,77.705993,2025-07-11,12,Chargesheeted
1018,Bangalore Urban,Burglary,12.930678,77.34729,2025-03-08,20,Closed
1019,Bangalore Urban,Burglary,12.937832,77.342544,2025-07-15,16,Under Investigation
1020,Bangalore Urban,Burglary,12.997011,77.702052,2025-10-29,7,Chargesheeted
1021,Bangalore Urban,Burglary,13.006278,77.692995,2025-01-17,22,Chargesheeted
1022,Bangalore Urban,Burglary,13.023512,77.725223,2025-07-27,12,Chargesheeted
1023,Bangalore Urban,Burglary,13.038421,77.72464,2025-02-18,14,Closed
1024,Bangalore Urban,Burglary,13.05177,77.722647,2025-07-27,3,Under Investigation
1025,Bangalore Urban,Burglary,13.048977,77.704765,2025-03-12,0,Closed
1026,Bangalore Urban,Burglary,13.101144,77.517385,2025-12-13,2,Chargesheeted
1027,Bangalore Urban,Burglary,13.039118,77.715007,2025-11-01,20,Closed
1028,Bangalore Urban,Burglary,12.934398,77.361545,2025-07-25,3,Closed
1029,Bangalore Urban,Burglary,12.931757,77.347112,2025-01-01,21,Closed
1030,Bangalore Urban,Burglary,13.010193,77.702989,2025-04-12,4,Under Investigation
1031,Bangalore Urban,Burglary,13.092867,77.514322,2025-06-09,13,Chargesheeted
1032,Bangalore Urban,Burglary,13.124976,77.708702,2025-03-11,11,Under Investigation
1033,Bangalore Urban,Burglary,13.098305,77.514279,2025-08-28,4,Under Investigation
1034,Bangalore Urban,Burglary,13.132168,77.701608,2025-03-30,2,Closed
1035,Bangalore Urban,Burglary,12.890375,77.426062,2025-12-20,4,Under Investigation
1036,Bangalore Urban,Burglary,12.86798,77.40282,2025-06-23,11,Closed
1037,Bangalore Urban,Burglary,13.1124,77.709931,2025-11-15,16,Under Investigation
1038,Bangalore Urban,Burglary,13.098325,77.429692,2025-02-09,9,Closed
1039,Bangalore Urban,Burglary,12.932861,77.360672,2025-09-22,12,Closed
1040,Bangalore Urban,Burglary,12.925192,77.360069,2025-07-15,3,Chargesheeted
1041,Bangalore Urban,Burglary,13.127523,77.699741,2025-08-01,1,Under Investigation
1042,Bangalore Urban,Burglary,13.121898,77.696746,2025-01-05,14,Under Investigation
1043,Bangalore Urban,Burglary,13.009201,77.696403,2025-06-29,13,Chargesheeted
1044,Bangalore Urban,Burglary,12.969442,77.731728,2025-02-16,8,Chargesheeted
1045,Bangalore Urban,Burglary,13.033449,77.720253,2025-10-05,13,Chargesheeted
1046,Bangalore Urban,Burglary,13.022435,77.692274,2025-10-24,17,Chargesheeted
1047,Bangalore Urban,Burglary,13.121476,77.700674,2025-02-22,17,Under Investigation
1048,Bangalore Urban,Burglary,12.999684,77.698714,2025-02-20,15,Chargesheeted
1049,Bangalore Urban,Burglary,13.019556,77.686974,2025-05-28,1,Chargesheeted
1050,Bangalore Urban,Burglary,12.943412,77.356094,2025-12-22,18,Under Investigation
1051,Bangalore Urban,Burglary,13.012981,77.691593,2025-01-08,14,Chargesheeted
1052,Bangalore Urban,Burglary,12.926726,77.361584,2025-06-22,22,Chargesheeted
1053,Bangalore Urban,Burglary,13.076781,77.753677,2025-09-25,11,Chargesheeted
1054,Bangalore Urban,Burglary,13.100355,77.512128,2025-09-06,20,Closed
1055,Bangalore Urban,Burglary,12.925709,77.466858,2025-07-10,9,Chargesheeted
1056,Bangalore Urban,Assault,13.117085,77.720525,2025-01-25,10,Closed
1057,Bangalore Urban,Assault,13.090923,77.521342,2025-12-08,15,Chargesheeted
1058,Bangalore Urban,Assault,13.101894,77.522851,2025-05-02,23,Under Investigation
1059,Bangalore Urban,Assault,13.131958,77.719738,2025-08-12,4,Chargesheeted
1060,Bangalore Urban,Assault,13.045746,77.710142,2025-01-04,18,Closed
1061,Bangalore Urban,Assault,13.006022,77.69151,2025-07-06,5,Chargesheeted
1062,Bangalore Urban,Assault,12.930235,77.360538,2025-12-22,16,Chargesheeted
1063,Bangalore Urban,Assault,13.023339,77.722556,2025-01-25,9,Chargesheeted
1064,Bangalore Urban,Assault,12.930177,77.346938,2025-12-27,10,Under Investigation
1065,Bangalore Urban,Assault,12.861641,77.440837,2025-09-22,12,Chargesheeted
1066,Bangalore Urban,Assault,13.118134,77.705383,2025-06-19,19,Closed
1067,Bangalore Urban,Assault,12.674715,77.699037,2025-08-08,22,Closed
1068,Bangalore Urban,Assault,12.936587,77.354762,2025-07-26,18,Chargesheeted
1069,Bangalore Urban,Assault,12.902381,77.661892,2025-02-24,1,Chargesheeted
1070,Bangalore Urban,Assault,13.0124,77.693186,2025-10-27,15,Closed
1071,Bangalore Urban,Assault,13.005883,77.695432,2025-12-15,21,Closed
1072,Bangalore Urban,Assault,12.969056,77.64849,2025-06-19,1,Chargesheeted
1073,Bangalore Urban,Assault,13.134136,77.714823,2025-07-23,18,Chargesheeted
1074,Bangalore Urban,Assault,13.009481,77.689711,2025-07-08,14,Chargesheeted
1075,Bangalore Urban,Assault,12.928186,77.35804,2025-08-25,12,Under Investigation
1076,Bangalore Urban,Assault,13.042825,77.728011,2025-07-19,22,Closed
1077,Bangalore Urban,Assault,13.043869,77.721021,2025-10-10,0,Chargesheeted
1078,Bangalore Urban,Assault,13.126312,77.707161,2025-01-04,14,Closed
1079,Bangalore Urban,Assault,13.007377,77.679628,2025-10-18,0,Under Investigation
1080,Bangalore Urban,Assault,12.930024,77.339731,2025-03-26,5,Under Investigation
1081,Bangalore Urban,Assault,13.130332,77.709462,2025-05-26,19,Closed
1082,Bangalore Urban,Assault,13.08877,77.525601,2025-09-07,10,Closed
1083,Bangalore Urban,Assault,13.086724,77.516267,2025-09-02,6,Closed
1084,Bangalore Urban,Assault,13.072049,77.596986,2025-04-09,19,Closed
1085,Bangalore Urban,Assault,13.04509,77.718371,2025-04-20,5,Under Investigation
1086,Bangalore Urban,Assault,13.011971,77.680984,2025-02-09,6,Chargesheeted
1087,Bangalore Urban,Assault,13.087639,77.50925,2025-05-18,3,Chargesheeted
1088,Bangalore Urban,Assault,13.136488,77.56807,2025-04-21,11,Chargesheeted
1089,Bangalore Urban,Assault,13.115666,77.415903,2025-11-19,6,Chargesheeted
1090,Bangalore Urban,Assault,12.921061,77.363528,2025-04-02,20,Under Investigation
1091,Bangalore Urban,Assault,12.803088,77.652141,2025-09-06,4,Under Investigation
1092,Bangalore Urban,Assault,13.041084,77.70777,2025-12-03,20,Under Investigation
1093,Bangalore Urban,Assault,13.144837,77.713643,2025-09-21,7,Under Investigation
1094,Bangalore Urban,Assault,13.002385,77.698478,2025-12-06,11,Under Investigation
1095,Bangalore Urban,Assault,13.101397,77.564415,2025-01-09,7,Chargesheeted
1096,Bangalore Urban,Assault,13.041566,77.708453,2025-07-10,19,Chargesheeted
1097,Bangalore Urban,Assault,13.045779,77.724479,2025-05-06,16,Chargesheeted
1098,Bangalore Urban,Assault,13.014967,77.704931,2025-02-22,23,Under Investigation
1099,Bangalore Urban,Assault,13.125235,77.71696,2025-04-05,7,Chargesheeted
1100,Bangalore Urban,Assault,13.09232,77.513078,2025-09-02,1,Chargesheeted
1101,Bangalore Urban,Assault,12.925016,77.352602,2025-06-05,0,Chargesheeted
1102,Bangalore Urban,Assault,12.93554,77.365042,2025-09-16,8,Chargesheeted
1103,Bangalore Urban,Assault,13.13118,77.713264,2025-04-04,3,Under Investigation
1104,Bangalore Urban,Assault,13.149792,77.529444,2025-04-18,17,Chargesheeted
1105,Bangalore Urban,Assault,13.081627,77.509606,2025-01-20,20,Chargesheeted
1106,Bangalore Urban,Assault,13.109773,77.447569,2025-02-01,5,Chargesheeted
1107,Bangalore Urban,Assault,13.083548,77.521921,2025-02-02,14,Chargesheeted
1108,Bangalore Urban,Assault,13.118002,77.715346,2025-12-08,1,Closed
1109,Bangalore Urban,Assault,12.873202,77.631132,2025-04-04,0,Chargesheeted
1110,Bangalore Urban,Assault,13.112372,77.705611,2025-05-16,10,Under Investigation
1111,Bangalore Urban,Assault,12.775328,77.696451,2025-01-02,15,Under Investigation
1112,Bangalore Urban,Assault,13.110494,77.709724,2025-01-29,13,Closed
1113,Bangalore Urban,Assault,13.076424,77.520859,2025-03-04,21,Under Investigation
1114,Bangalore Urban,Assault,12.942537,77.37788,2025-08-11,13,Chargesheeted
1115,Bangalore Urban,Assault,13.010975,77.689308,2025-01-28,13,Under Investigation
1116,Bangalore Urban,Assault,13.063885,77.720762,2025-06-17,2,Under Investigation
1117,Bangalore Urban,Assault,12.81605,77.676668,2025-05-03,9,Under Investigation
1118,Bangalore Urban,Assault,12.879499,77.679095,2025-10-07,11,Chargesheeted
1119,Bangalore Urban,Assault,12.934927,77.361227,2025-06-05,9,Under Investigation
1120,Bangalore Urban,Assault,13.129125,77.690309,2025-06-24,23,Closed
1121,Bangalore Urban,Assault,13.061398,77.718119,2025-07-20,8,Under Investigation
1122,Bangalore Urban,Assault,13.045354,77.708219,2025-11-23,11,Chargesheeted
1123,Bangalore Urban,Assault,12.883157,77.436146,2025-09-06,10,Closed
1124,Bangalore Urban,Assault,12.724362,77.580385,2025-12-10,6,Chargesheeted
1125,Bangalore Urban,Assault,12.995533,77.68909,2025-01-04,13,Chargesheeted
1126,Bangalore Urban,Assault,12.979718,77.689802,2025-06-08,22,Under Investigation
1127,Bangalore Urban,Assault,13.096604,77.51773,2025-12-11,15,Under Investigation
1128,Bangalore Urban,Assault,13.036799,77.69724,2025-11-04,4,Closed
1129,Bangalore Urban,Assault,13.044958,77.709136,2025-08-22,5,Under Investigation
1130,Bangalore Urban,Assault,13.03508,77.724317,2025-12-03,20,Under Investigation
1131,Bangalore Urban,Assault,13.01776,77.690808,2025-07-06,20,Under Investigation
1132,Bangalore Urban,Assault,13.058589,77.727659,2025-12-05,22,Under Investigation
1133,Bangalore Urban,Assault,13.050945,77.70793,2025-08-08,9,Chargesheeted
1134,Bangalore Urban,Assault,13.011028,77.700856,2025-07-18,13,Chargesheeted
1135,Bangalore Urban,Assault,13.043257,77.713626,2025-11-01,9,Under Investigation
1136,Bangalore Urban,Assault,12.940986,77.348174,2025-04-09,7,Under Investigation
1137,Bangalore Urban,Assault,13.03145,77.71593,2025-03-28,13,Chargesheeted
1138,Bangalore Urban,Assault,12.876257,77.368333,2025-04-28,15,Under Investigation
1139,Bangalore Urban,Assault,13.012322,77.68991,2025-09-21,17,Closed
1140,Bangalore Urban,Assault,13.087951,77.515554,2025-02-17,14,Chargesheeted
1141,Bangalore Urban,Assault,13.03397,77.72267,2025-03-16,18,Closed
1142,Bangalore Urban,Assault,12.93599,77.372089,2025-06-09,22,Chargesheeted
1143,Bangalore Urban,Assault,12.807735,77.547658,2025-06-03,0,Closed
1144,Bangalore Urban,Assault,13.134663,77.702184,2025-07-10,20,Closed
1145,Bangalore Urban,Assault,13.055996,77.577506,2025-01-06,14,Under Investigation
1146,Bangalore Urban,Assault,13.135896,77.705299,2025-07-11,17,Under Investigation
1147,Bangalore Urban,Assault,13.046697,77.72452,2025-04-13,1,Under Investigation
1148,Bangalore Urban,Assault,12.925411,77.36532,2025-01-15,4,Closed
1149,Bangalore Urban,Assault,13.006131,77.696014,2025-06-01,17,Under Investigation
1150,Bangalore Urban,Assault,13.013691,77.698701,2025-08-03,14,Under Investigation
1151,Bangalore Urban,Assault,13.03963,77.721685,2025-04-11,11,Chargesheeted
1152,Bangalore Urban,Assault,12.99956,77.698482,2025-09-02,14,Under Investigation
1153,Bangalore Urban,Assault,13.120761,77.470627,2025-11-07,6,Closed
1154,Bangalore Urban,Assault,13.025373,77.714579,2025-04-03,22,Chargesheeted
1155,Bangalore Urban,Assault,12.92915,77.347157,2025-05-22,13,Chargesheeted
1156,Bangalore Urban,Assault,13.084067,77.525762,2025-03-03,17,Closed
1157,Bangalore Urban,Assault,13.115835,77.709332,2025-01-26,10,Chargesheeted
1158,Bangalore Urban,Assault,12.797289,77.524575,2025-02-27,1,Chargesheeted
1159,Bangalore Urban,Assault,13.098035,77.520329,2025-07-31,16,Closed
1160,Bangalore Urban,Assault,13.094673,77.519855,2025-06-10,22,Under Investigation
1161,Bangalore Urban,Assault,13.097936,77.513363,2025-12-26,5,Closed
1162,Bangalore Urban,Assault,13.050161,77.713542,2025-06-14,11,Under Investigation
1163,Bangalore Urban,Assault,13.135723,77.687784,2025-06-14,8,Chargesheeted
1164,Bangalore Urban,Assault,13.088291,77.525449,2025-12-10,19,Closed
1165,Bangalore Urban,Assault,12.897908,77.333703,2025-05-29,19,Chargesheeted
1166,Bangalore Urban,Assault,12.93845,77.35732,2025-06-24,16,Chargesheeted
1167,Bangalore Urban,Assault,13.097709,77.523962,2025-08-25,20,Chargesheeted
1168,Bangalore Urban,Assault,12.9825,77.595329,2025-09-27,1,Chargesheeted
1169,Bangalore Urban,Assault,12.941474,77.37434,2025-08-18,6,Closed
1170,Bangalore Urban,Assault,13.08058,77.518517,2025-11-26,16,Under Investigation
1171,Bangalore Urban,Assault,13.097252,77.516541,2025-06-08,13,Under Investigation
1172,Bangalore Urban,Assault,12.846751,77.590968,2025-01-27,17,Under Investigation
1173,Bangalore Urban,Assault,12.974761,77.507603,2025-09-28,15,Under Investigation
1174,Bangalore Urban,Assault,13.018558,77.704918,2025-03-26,14,Closed
1175,Bangalore Urban,Assault,12.926305,77.353038,2025-09-06,15,Chargesheeted
1176,Bangalore Urban,Assault,13.033748,77.730235,2025-06-11,9,Closed
1177,Bangalore Urban,Assault,13.033285,77.715157,2025-08-29,14,Chargesheeted
1178,Bangalore Urban,Assault,13.100926,77.51249,2025-11-09,17,Closed
1179,Bangalore Urban,Assault,13.051537,77.714136,2025-01-28,5,Closed
1180,Bangalore Urban,Assault,13.03863,77.716378,2025-12-09,1,Chargesheeted
1181,Bangalore Urban,Assault,13.13467,77.708923,2025-06-16,6,Chargesheeted
1182,Bangalore Urban,Assault,13.093538,77.514024,2025-09-29,4,Closed
1183,Bangalore Urban,Assault,13.010292,77.686739,2025-10-06,20,Closed
1184,Bangalore Urban,Assault,13.048446,77.700035,2025-04-19,3,Closed
1185,Bangalore Urban,Assault,13.100659,77.523111,2025-03-03,9,Closed
1186,Bangalore Urban,Assault,13.000897,77.376899,2025-09-04,13,Closed
1187,Bangalore Urban,Assault,13.047478,77.540399,2025-06-24,18,Under Investigation
1188,Bangalore Urban,Assault,12.929503,77.358012,2025-08-01,3,Closed
1189,Bangalore Urban,Assault,13.130299,77.666563,2025-04-21,13,Chargesheeted
1190,Bangalore Urban,Assault,13.107798,77.53328,2025-08-28,10,Chargesheeted
1191,Bangalore Urban,Assault,12.92468,77.363004,2025-03-29,11,Chargesheeted
1192,Bangalore Urban,Assault,13.087921,77.53397,2025-11-14,19,Closed
1193,Bangalore Urban,Assault,13.033973,77.711004,2025-06-19,9,Closed
1194,Bangalore Urban,Assault,12.930679,77.362083,2025-06-19,7,Under Investigation
1195,Bangalore Urban,Assault,12.925343,77.366457,2025-08-27,0,Closed
1196,Bangalore Urban,Assault,12.912343,77.652629,2025-06-22,12,Closed
1197,Bangalore Urban,Assault,12.938279,77.370165,2025-11-19,20,Under Investigation
1198,Bangalore Urban,Assault,13.129518,77.708297,2025-09-01,3,Closed
1199,Bangalore Urban,Assault,13.009818,77.69453,2025-12-06,7,Closed
1200,Bangalore Urban,Assault,13.092627,77.513603,2025-04-15,10,Under Investigation
1201,Bangalore Urban,Assault,12.923979,77.368586,2025-02-03,19,Chargesheeted
1202,Bangalore Urban,Assault,12.920951,77.353703,2025-10-22,2,Chargesheeted
1203,Bangalore Urban,Assault,13.054229,77.717117,2025-12-26,22,Under Investigation
1204,Bangalore Urban,Assault,12.991235,77.693169,2025-07-10,1,Chargesheeted
1205,Bangalore Urban,Assault,12.904106,77.349298,2025-10-27,22,Closed
1206,Bangalore Urban,Assault,13.048852,77.581274,2025-12-24,4,Closed
1207,Bangalore Urban,Assault,12.831004,77.472011,2025-08-30,20,Chargesheeted
1208,Bangalore Urban,Assault,13.029,77.612084,2025-08-15,12,Chargesheeted
1209,Bangalore Urban,Assault,12.930664,77.354476,2025-12-07,15,Closed
1210,Bangalore Urban,Assault,12.938875,77.348371,2025-10-20,23,Chargesheeted
1211,Bangalore Urban,Assault,13.132834,77.718058,2025-07-31,19,Closed
1212,Bangalore Urban,Assault,12.947328,77.351942,2025-11-29,8,Closed
1213,Bangalore Urban,Assault,13.121314,77.713472,2025-04-05,2,Under Investigation
1214,Bangalore Urban,Assault,12.935142,77.343033,2025-11-29,17,Closed
1215,Bangalore Urban,Assault,13.129809,77.716682,2025-02-12,15,Closed
1216,Bangalore Urban,Assault,13.090661,77.516769,2025-02-07,20,Under Investigation
1217,Bangalore Urban,Assault,13.105581,77.51496,2025-02-08,15,Chargesheeted
1218,Bangalore Urban,Assault,12.941167,77.357333,2025-10-06,14,Closed
1219,Bangalore Urban,Assault,13.088769,77.519046,2025-10-29,14,Chargesheeted
1220,Bangalore Urban,Assault,13.003769,77.701709,2025-12-11,20,Under Investigation
1221,Bangalore Urban,Assault,13.124586,77.715899,2025-01-22,9,Under Investigation
1222,Bangalore Urban,Assault,12.93654,77.36162,2025-07-04,2,Closed
1223,Bangalore Urban,Assault,13.12913,77.721186,2025-11-03,6,Closed
1224,Bangalore Urban,Assault,13.012494,77.685396,2025-03-10,21,Chargesheeted
1225,Bangalore Urban,Assault,12.877787,77.591549,2025-01-30,8,Under Investigation
1226,Bangalore Urban,Assault,13.092542,77.52923,2025-03-11,18,Chargesheeted
1227,Bangalore Urban,Assault,13.009424,77.700762,2025-11-23,22,Closed
1228,Bangalore Urban,Assault,13.101714,77.519181,2025-08-15,18,Closed
1229,Bangalore Urban,Assault,13.058338,77.70012,2025-01-14,2,Chargesheeted
1230,Bangalore Urban,Assault,13.075879,77.5158,2025-01-28,16,Closed
1231,Bangalore Urban,Assault,13.139802,77.703889,2025-12-27,17,Under Investigation
1232,Bangalore Urban,Assault,13.13165,77.701187,2025-06-09,16,Closed
1233,Bangalore Urban,Assault,12.925562,77.339069,2025-09-24,13,Closed
1234,Bangalore Urban,Assault,13.009895,77.68792,2025-06-02,13,Closed
1235,Bangalore Urban,Assault,13.022043,77.686457,2025-05-22,5,Under Investigation
1236,Bangalore Urban,Assault,13.007002,77.685937,2025-04-27,0,Chargesheeted
1237,Bangalore Urban,Assault,12.87147,77.764826,2025-08-10,15,Chargesheeted
1238,Bangalore Urban,Assault,12.939166,77.334748,2025-08-10,17,Chargesheeted
1239,Bangalore Urban,Assault,13.133187,77.715749,2025-06-01,9,Under Investigation
1240,Bangalore Urban,Assault,13.043243,77.440008,2025-05-31,1,Closed
1241,Bangalore Urban,Assault,13.124277,77.707471,2025-08-13,1,Closed
1242,Bangalore Urban,Assault,13.042975,77.719445,2025-09-18,11,Closed
1243,Bangalore Urban,Assault,13.137343,77.71889,2025-05-23,4,Chargesheeted
1244,Bangalore Urban,Assault,13.127328,77.716209,2025-04-02,4,Closed
1245,Bangalore Urban,Assault,12.713383,77.659116,2025-04-03,0,Closed
1246,Bangalore Urban,Assault,13.024425,77.71277,2025-06-09,23,Closed
1247,Bangalore Urban,Assault,13.039872,77.712575,2025-01-08,18,Chargesheeted
1248,Bangalore Urban,Assault,12.932101,77.360299,2025-03-09,0,Chargesheeted
1249,Bangalore Urban,Assault,13.175502,77.620685,2025-08-06,21,Under Investigation
1250,Bangalore Urban,Assault,12.869639,77.624981,2025-11-04,10,Closed
1251,Bangalore Urban,Assault,13.110054,77.510278,2025-01-21,3,Closed
1252,Bangalore Urban,Assault,13.023171,77.701256,2025-04-11,6,Closed
1253,Bangalore Urban,Assault,12.931598,77.352327,2025-05-25,1,Chargesheeted
1254,Bangalore Urban,Assault,13.100627,77.529626,2025-04-28,13,Chargesheeted
1255,Bangalore Urban,Assault,13.088446,77.513018,2025-03-08,9,Closed
1256,Belgaum,Theft,16.317469,75.123436,2025-07-06,1,Closed
1257,Belgaum,Theft,15.921017,74.990802,2025-03-20,23,Under Investigation
1258,Belgaum,Theft,16.490276,74.81614,2025-06-24,11,Closed
1259,Belgaum,Theft,16.132712,74.81174,2025-02-23,5,Under Investigation
1260,Belgaum,Theft,16.026522,74.883381,2025-07-23,17,Chargesheeted
1261,Belgaum,Theft,15.867658,74.380303,2025-11-14,9,Closed
1262,Belgaum,Theft,15.489757,74.729974,2025-06-04,11,Chargesheeted
1263,Belgaum,Theft,16.480146,74.805553,2025-04-27,4,Under Investigation
1264,Belgaum,Theft,16.092067,75.422721,2025-12-07,2,Closed
1265,Belgaum,Theft,16.695881,75.026981,2025-05-15,23,Closed
1266,Belgaum,Theft,15.619101,74.515505,2025-12-23,22,Chargesheeted
1267,Belgaum,Theft,16.090553,74.615178,2025-09-28,11,Chargesheeted
1268,Belgaum,Theft,16.091574,74.639438,2025-04-13,22,Under Investigation
1269,Belgaum,Theft,16.629815,75.0941,2025-02-06,15,Closed
1270,Belgaum,Theft,16.127822,74.799363,2025-10-14,19,Under Investigation
1271,Belgaum,Theft,16.083445,74.623926,2025-07-12,22,Closed
1272,Belgaum,Theft,16.492919,74.813136,2025-01-13,12,Closed
1273,Belgaum,Theft,16.491919,74.811691,2025-01-04,22,Closed
1274,Belgaum,Theft,15.914689,74.999953,2025-12-26,10,Closed
1275,Belgaum,Theft,16.101827,74.626568,2025-11-16,2,Chargesheeted
1276,Belgaum,Theft,16.086658,74.620146,2025-07-21,3,Closed
1277,Belgaum,Theft,16.245417,74.914822,2025-08-03,4,Under Investigation
1278,Belgaum,Theft,16.135241,74.800902,2025-01-02,0,Under Investigation
1279,Belgaum,Theft,16.511419,74.606494,2025-01-15,5,Chargesheeted
1280,Belgaum,Theft,15.45169,74.515651,2025-11-04,15,Closed
1281,Belgaum,Theft,16.635158,75.092764,2025-03-06,14,Closed
1282,Belgaum,Theft,16.142597,74.797983,2025-02-09,17,Under Investigation
1283,Belgaum,Theft,15.918321,74.998037,2025-04-21,21,Under Investigation
1284,Belgaum,Theft,16.206933,75.158342,2025-11-17,7,Closed
1285,Belgaum,Theft,16.639526,75.09568,2025-07-02,13,Closed
1286,Belgaum,Theft,16.543329,74.281489,2025-04-18,2,Closed
1287,Belgaum,Theft,16.620258,75.097012,2025-05-17,23,Under Investigation
1288,Belgaum,Theft,16.762688,75.075051,2025-03-12,23,Under Investigation
1289,Belgaum,Theft,16.493416,74.821194,2025-07-07,20,Chargesheeted
1290,Belgaum,Theft,16.493001,74.813202,2025-02-03,9,Closed
1291,Belgaum,Theft,16.086082,74.618572,2025-07-08,2,Under Investigation
1292,Belgaum,Theft,16.481091,74.821324,2025-06-11,16,Under Investigation
1293,Belgaum,Theft,16.101811,74.616553,2025-05-12,16,Chargesheeted
1294,Belgaum,Theft,16.625342,75.09094,2025-02-09,17,Under Investigation
1295,Belgaum,Theft,16.475362,74.817355,2025-05-04,23,Under Investigation
1296,Belgaum,Theft,16.08377,74.632745,2025-12-10,4,Closed
1297,Belgaum,Theft,16.487488,74.824179,2025-10-05,6,Closed
1298,Belgaum,Theft,15.9085,74.988472,2025-02-05,17,Chargesheeted
1299,Belgaum,Theft,16.626089,75.101087,2025-09-05,0,Under Investigation
1300,Belgaum,Theft,16.623559,75.10084,2025-03-29,2,Under Investigation
1301,Belgaum,Theft,16.099357,74.629302,2025-03-06,23,Chargesheeted
1302,Belgaum,Theft,16.624027,75.103257,2025-07-10,20,Chargesheeted
1303,Belgaum,Theft,15.844364,74.65831,2025-02-15,17,Closed
1304,Belgaum,Theft,15.914831,74.9876,2025-02-13,17,Under Investigation
1305,Belgaum,Theft,16.616625,75.089376,2025-09-12,22,Closed
1306,Belgaum,Theft,16.13207,74.810479,2025-08-20,6,Under Investigation
1307,Belgaum,Theft,16.083391,74.627487,2025-09-15,4,Closed
1308,Belgaum,Theft,16.621415,75.089351,2025-01-10,15,Under Investigation
1309,Belgaum,Theft,16.079083,74.637717,2025-01-08,2,Chargesheeted
1310,Belgaum,Theft,16.084328,74.625075,2025-11-08,9,Closed
1311,Belgaum,Theft,15.933636,74.999984,2025-03-20,2,Chargesheeted
1312,Belgaum,Theft,16.633757,75.094106,2025-08-30,0,Under Investigation
1313,Belgaum,Theft,15.914657,74.993472,2025-11-19,20,Closed
1314,Belgaum,Theft,16.62416,75.087407,2025-05-03,15,Chargesheeted
1315,Belgaum,Theft,16.484665,74.812816,2025-02-08,13,Chargesheeted
1316,Belgaum,Theft,16.058673,75.257555,2025-10-12,19,Under Investigation
1317,Belgaum,Theft,16.139261,74.794834,2025-10-19,5,Chargesheeted
1318,Belgaum,Theft,16.606794,75.098458,2025-07-16,4,Chargesheeted
1319,Belgaum,Theft,16.508486,74.809737,2025-11-29,5,Chargesheeted
1320,Belgaum,Theft,15.521636,74.709976,2025-10-17,8,Closed
1321,Belgaum,Theft,16.483223,74.814499,2025-07-12,7,Chargesheeted
1322,Belgaum,Theft,16.474734,74.81401,2025-04-15,12,Closed
1323,Belgaum,Theft,16.485597,74.803348,2025-06-29,21,Chargesheeted
1324,Belgaum,Theft,15.612904,74.747645,2025-11-27,5,Chargesheeted
1325,Belgaum,Theft,16.489147,74.816437,2025-10-08,23,Closed
1326,Belgaum,Theft,16.495381,74.828371,2025-02-16,18,Under Investigation
1327,Belgaum,Theft,16.616794,75.092903,2025-11-24,6,Closed
1328,Belgaum,Theft,16.610863,75.145121,2025-04-04,17,Under Investigation
1329,Belgaum,Theft,16.624822,75.104538,2025-06-27,16,Closed
1330,Belgaum,Theft,16.623842,75.10005,2025-11-07,6,Chargesheeted
1331,Belgaum,Theft,16.627303,75.079424,2025-08-06,7,Chargesheeted
1332,Belgaum,Theft,16.377975,74.960733,2025-01-21,0,Chargesheeted
1333,Belgaum,Theft,16.145544,74.800852,2025-09-29,4,Under Investigation
1334,Belgaum,Theft,16.49151,74.813719,2025-09-01,6,Chargesheeted
1335,Belgaum,Theft,16.629756,75.091431,2025-11-01,5,Chargesheeted
1336,Belgaum,Theft,16.495244,74.807533,2025-02-17,22,Closed
1337,Belgaum,Theft,16.500498,74.804595,2025-09-22,9,Under Investigation
1338,Belgaum,Theft,15.923438,74.987979,2025-06-09,10,Under Investigation
1339,Belgaum,Theft,16.644517,75.105714,2025-10-05,8,Closed
1340,Belgaum,Theft,16.627753,75.08622,2025-06-06,4,Under Investigation
1341,Belgaum,Theft,15.860556,74.549122,2025-12-21,9,Closed
1342,Belgaum,Theft,16.821955,74.925229,2025-06-20,21,Chargesheeted
1343,Belgaum,Theft,16.149627,74.803489,2025-09-07,2,Closed
1344,Belgaum,Theft,16.538651,74.628735,2025-05-26,6,Chargesheeted
1345,Belgaum,Theft,16.08354,74.914722,2025-07-17,20,Closed
1346,Belgaum,Theft,16.084295,74.610328,2025-05-27,4,Chargesheeted
1347,Belgaum,Theft,16.02972,74.755032,2025-05-05,18,Closed
1348,Belgaum,Theft,15.841775,74.833225,2025-10-26,23,Closed
1349,Belgaum,Theft,16.477728,74.79107,2025-07-19,23,Closed
1350,Belgaum,Theft,16.097834,74.630973,2025-04-16,20,Closed
1351,Belgaum,Theft,16.479326,74.806908,2025-10-09,22,Chargesheeted
1352,Belgaum,Theft,16.136819,74.807174,2025-02-03,6,Under Investigation
1353,Belgaum,Theft,16.486201,74.819508,2025-11-28,9,Chargesheeted
1354,Belgaum,Theft,16.633237,75.093523,2025-10-02,6,Chargesheeted
1355,Belgaum,Theft,15.9306,74.989167,2025-09-01,22,Under Investigation
1356,Belgaum,Theft,15.943797,74.546197,2025-05-29,9,Under Investigation
1357,Belgaum,Theft,15.992029,75.134142,2025-04-29,19,Under Investigation
1358,Belgaum,Theft,15.812257,74.390988,2025-01-08,21,Closed
1359,Belgaum,Theft,16.827827,75.119823,2025-08-27,9,Closed
1360,Belgaum,Theft,16.346619,74.811802,2025-07-09,19,Under Investigation
1361,Belgaum,Theft,16.147921,74.783751,2025-11-05,16,Chargesheeted
1362,Belgaum,Theft,15.914427,75.015093,2025-10-24,8,Chargesheeted
1363,Belgaum,Theft,16.492807,74.787859,2025-06-06,16,Under Investigation
1364,Belgaum,Theft,16.633617,75.099511,2025-12-20,7,Under Investigation
1365,Belgaum,Theft,16.624647,75.096743,2025-02-17,9,Under Investigation
1366,Belgaum,Theft,16.620416,75.099546,2025-09-10,11,Under Investigation
1367,Belgaum,Theft,15.920625,74.998013,2025-05-09,13,Under Investigation
1368,Belgaum,Theft,16.616921,75.089433,2025-02-06,12,Closed
1369,Belgaum,Theft,16.148495,74.795497,2025-11-05,21,Chargesheeted
1370,Belgaum,Theft,16.529938,74.594633,2025-08-27,14,Closed
1371,Belgaum,Theft,16.571652,74.413391,2025-04-28,8,Chargesheeted
1372,Belgaum,Theft,15.917172,74.997851,2025-03-02,14,Chargesheeted
1373,Belgaum,Theft,16.620352,75.09774,2025-07-31,9,Under Investigation
1374,Belgaum,Theft,16.26053,74.588037,2025-06-04,6,Closed
1375,Belgaum,Theft,15.788187,75.286312,2025-08-14,17,Under Investigation
1376,Belgaum,Theft,16.619036,75.099255,2025-08-03,5,Under Investigation
1377,Belgaum,Theft,16.615164,75.098021,2025-12-22,3,Chargesheeted
1378,Belgaum,Theft,16.483746,74.82845,2025-04-06,13,Under Investigation
1379,Belgaum,Theft,16.629725,75.094999,2025-04-10,9,Under Investigation
1380,Belgaum,Theft,16.128012,74.795312,2025-08-24,6,Under Investigation
1381,Belgaum,Theft,16.481099,74.815584,2025-07-21,18,Chargesheeted
1382,Belgaum,Theft,16.504473,74.81259,2025-02-23,5,Chargesheeted
1383,Belgaum,Theft,15.927097,75.002425,2025-03-25,6,Chargesheeted
1384,Belgaum,Theft,16.135026,74.789021,2025-10-07,16,Chargesheeted
1385,Belgaum,Theft,16.467728,74.819581,2025-06-05,5,Chargesheeted
1386,Belgaum,Theft,16.490039,74.818842,2025-07-26,2,Under Investigation
1387,Belgaum,Theft,16.136499,74.808858,2025-09-30,2,Under Investigation
1388,Belgaum,Theft,16.494454,74.797299,2025-08-18,1,Closed
1389,Belgaum,Theft,15.917804,74.990323,2025-01-28,20,Closed
1390,Belgaum,Theft,16.419309,74.511071,2025-04-26,16,Chargesheeted
1391,Belgaum,Theft,16.11169,74.606375,2025-12-24,6,Closed
1392,Belgaum,Theft,16.112475,75.354729,2025-11-15,12,Closed
1393,Belgaum,Theft,15.909883,75.002023,2025-07-06,8,Under Investigation
1394,Belgaum,Theft,16.139193,74.82112,2025-06-29,11,Under Investigation
1395,Belgaum,Theft,16.087994,74.626116,2025-06-04,13,Closed
1396,Belgaum,Theft,16.496356,74.798372,2025-06-01,18,Chargesheeted
1397,Belgaum,Theft,15.833635,75.14812,2025-12-07,14,Under Investigation
1398,Belgaum,Theft,16.466308,74.809169,2025-07-16,3,Under Investigation
1399,Belgaum,Theft,16.489,74.822259,2025-07-13,3,Chargesheeted
1400,Belgaum,Theft,16.49358,74.813755,2025-05-22,6,Chargesheeted
1401,Belgaum,Theft,15.922938,74.992407,2025-11-07,8,Closed
1402,Belgaum,Theft,16.540663,75.043146,2025-01-20,12,Closed
1403,Belgaum,Theft,16.139279,74.796839,2025-02-18,19,Under Investigation
1404,Belgaum,Theft,16.62006,75.082363,2025-10-13,5,Under Investigation
1405,Belgaum,Theft,15.838372,74.533238,2025-05-03,17,Chargesheeted
1406,Belgaum,Robbery,15.917462,74.990871,2025-03-21,18,Chargesheeted
1407,Belgaum,Robbery,16.611426,75.08495,2025-10-15,18,Under Investigation
1408,Belgaum,Robbery,16.628708,75.08787,2025-04-18,19,Chargesheeted
1409,Belgaum,Robbery,15.923549,74.989324,2025-02-22,13,Closed
1410,Belgaum,Robbery,16.086251,74.627835,2025-05-25,8,Closed
1411,Belgaum,Robbery,16.508665,74.805314,2025-10-16,15,Chargesheeted
1412,Belgaum,Robbery,16.625029,75.102963,2025-05-23,9,Closed
1413,Belgaum,Robbery,16.535545,74.658636,2025-06-12,18,Chargesheeted
1414,Belgaum,Robbery,15.908073,75.012764,2025-11-05,18,Closed
1415,Belgaum,Robbery,15.923582,74.99867,2025-11-15,8,Chargesheeted
1416,Belgaum,Robbery,16.49684,74.816198,2025-11-28,21,Under Investigation
1417,Belgaum,Robbery,15.918464,74.999257,2025-05-21,13,Chargesheeted
1418,Belgaum,Robbery,16.631251,75.104067,2025-06-28,19,Closed
1419,Belgaum,Robbery,16.102465,74.622648,2025-06-05,6,Chargesheeted
1420,Belgaum,Robbery,16.123965,74.796789,2025-07-18,22,Chargesheeted
1421,Belgaum,Robbery,16.485432,74.806774,2025-05-25,12,Closed
1422,Belgaum,Robbery,16.092594,74.620075,2025-08-16,19,Closed
1423,Belgaum,Robbery,16.085974,74.619902,2025-11-01,22,Under Investigation
1424,Belgaum,Robbery,16.081948,74.63968,2025-04-02,4,Chargesheeted
1425,Belgaum,Robbery,16.426193,74.4727,2025-10-19,15,Closed
1426,Belgaum,Robbery,16.482494,74.813291,2025-03-06,1,Closed
1427,Belgaum,Robbery,16.141264,74.794313,2025-04-10,9,Closed
1428,Belgaum,Robbery,16.084846,74.627702,2025-10-29,20,Closed
1429,Belgaum,Robbery,15.932444,75.005008,2025-10-11,16,Chargesheeted
1430,Belgaum,Robbery,16.487071,74.814027,2025-10-01,13,Chargesheeted
1431,Belgaum,Robbery,16.099132,74.637727,2025-04-05,8,Chargesheeted
1432,Belgaum,Robbery,15.92378,75.007771,2025-12-05,7,Closed
1433,Belgaum,Robbery,16.097922,74.620498,2025-08-26,3,Closed
1434,Belgaum,Robbery,16.133878,74.809634,2025-10-26,4,Chargesheeted
1435,Belgaum,Robbery,15.912626,74.999888,2025-02-23,5,Under Investigation
1436,Belgaum,Chain Snatching,15.905946,75.003965,2025-10-10,20,Closed
1437,Belgaum,Chain Snatching,16.114723,74.622287,2025-07-18,18,Under Investigation
1438,Belgaum,Chain Snatching,16.470147,74.692498,2025-06-21,12,Chargesheeted
1439,Belgaum,Chain Snatching,16.131582,74.789106,2025-11-23,1,Under Investigation
1440,Belgaum,Chain Snatching,16.088579,74.630299,2025-08-29,19,Closed
1441,Belgaum,Chain Snatching,16.098576,74.617158,2025-03-24,7,Closed
1442,Belgaum,Chain Snatching,15.923856,74.996695,2025-04-21,20,Closed
1443,Belgaum,Chain Snatching,16.625909,75.084759,2025-04-07,9,Chargesheeted
1444,Belgaum,Chain Snatching,15.928605,74.998997,2025-02-11,8,Chargesheeted
1445,Belgaum,Chain Snatching,16.13262,74.803538,2025-03-16,7,Under Investigation
1446,Belgaum,Chain Snatching,16.62824,75.101492,2025-01-04,5,Closed
1447,Belgaum,Chain Snatching,16.618813,75.10043,2025-01-14,18,Chargesheeted
1448,Belgaum,Chain Snatching,16.499724,74.80978,2025-10-10,2,Closed
1449,Belgaum,Chain Snatching,16.090843,74.636151,2025-10-15,1,Closed
1450,Belgaum,Chain Snatching,16.485834,74.805659,2025-05-27,20,Under Investigation
1451,Belgaum,Burglary,15.91671,74.983477,2025-05-19,15,Closed
1452,Belgaum,Burglary,16.137051,74.790613,2025-03-11,3,Closed
1453,Belgaum,Burglary,15.653037,75.006164,2025-05-25,22,Under Investigation
1454,Belgaum,Burglary,16.136262,74.791923,2025-03-24,11,Chargesheeted
1455,Belgaum,Burglary,16.640576,75.097983,2025-08-05,1,Closed
1456,Belgaum,Burglary,16.105927,74.622261,2025-03-20,15,Closed
1457,Belgaum,Burglary,16.616752,75.083533,2025-05-17,10,Chargesheeted
1458,Belgaum,Burglary,16.572408,74.765849,2025-07-17,20,Under Investigation
1459,Belgaum,Burglary,16.143072,74.797855,2025-04-08,11,Closed
1460,Belgaum,Burglary,16.485283,74.815247,2025-02-06,23,Chargesheeted
1461,Belgaum,Burglary,16.088607,74.627291,2025-05-29,20,Under Investigation
1462,Belgaum,Burglary,16.618316,75.102965,2025-10-26,15,Under Investigation
1463,Belgaum,Burglary,16.102398,74.629569,2025-01-25,3,Chargesheeted
1464,Belgaum,Burglary,15.916803,74.995258,2025-09-25,12,Under Investigation
1465,Belgaum,Burglary,16.090673,74.634233,2025-03-22,0,Under Investigation
1466,Belgaum,Burglary,16.48247,74.820539,2025-08-03,7,Chargesheeted
1467,Belgaum,Burglary,16.103126,74.620122,2025-10-22,14,Closed
1468,Belgaum,Burglary,16.120096,74.810221,2025-05-03,14,Under Investigation
1469,Belgaum,Burglary,16.137456,74.80318,2025-07-15,10,Under Investigation
1470,Belgaum,Burglary,16.13539,74.804866,2025-07-13,0,Chargesheeted
1471,Belgaum,Burglary,16.155927,74.801097,2025-08-19,7,Chargesheeted
1472,Belgaum,Burglary,16.138297,74.803587,2025-09-04,18,Under Investigation
1473,Belgaum,Burglary,16.131848,74.805492,2025-01-17,6,Under Investigation
1474,Belgaum,Burglary,15.922862,75.00307,2025-10-15,9,Closed
1475,Belgaum,Burglary,16.094718,74.627093,2025-05-24,13,Chargesheeted
1476,Belgaum,Burglary,16.090223,74.621404,2025-01-13,8,Closed
1477,Belgaum,Burglary,15.933001,74.988613,2025-09-07,20,Closed
1478,Belgaum,Burglary,16.50087,74.814809,2025-01-01,6,Closed
1479,Belgaum,Burglary,16.125611,74.797949,2025-04-05,0,Under Investigation
1480,Belgaum,Burglary,16.628349,75.096221,2025-07-02,18,Under Investigation
1481,Belgaum,Burglary,16.478337,74.804342,2025-09-18,3,Under Investigation
1482,Belgaum,Burglary,16.862926,75.352676,2025-06-21,15,Chargesheeted
1483,Belgaum,Burglary,15.913399,74.992203,2025-07-21,19,Under Investigation
1484,Belgaum,Burglary,16.135176,74.802914,2025-01-25,23,Chargesheeted
1485,Belgaum,Burglary,16.48852,74.805582,2025-11-11,19,Closed
1486,Belgaum,Burglary,16.482391,74.811278,2025-10-12,21,Closed
1487,Belgaum,Burglary,16.629133,75.10443,2025-01-24,4,Chargesheeted
1488,Belgaum,Burglary,16.135869,74.793762,2025-06-26,7,Closed
1489,Belgaum,Burglary,16.483219,74.81415,2025-11-03,21,Under Investigation
1490,Belgaum,Burglary,16.472646,74.81021,2025-11-05,19,Closed
1491,Belgaum,Burglary,16.087914,74.625724,2025-11-30,11,Chargesheeted
1492,Belgaum,Burglary,16.476194,74.815289,2025-07-25,9,Closed
1493,Belgaum,Burglary,15.90928,74.984593,2025-08-19,2,Chargesheeted
1494,Belgaum,Burglary,15.918545,74.986495,2025-09-05,6,Closed
1495,Belgaum,Burglary,16.137886,74.803064,2025-12-20,13,Closed
1496,Belgaum,Burglary,16.093443,74.629894,2025-10-19,20,Under Investigation
1497,Belgaum,Burglary,16.089282,74.636221,2025-04-14,2,Closed
1498,Belgaum,Burglary,15.972174,74.877175,2025-12-16,5,Chargesheeted
1499,Belgaum,Burglary,16.093605,74.609492,2025-08-07,16,Chargesheeted
1500,Belgaum,Burglary,16.61085,75.098387,2025-11-13,21,Under Investigation
1501,Belgaum,Burglary,16.137259,74.799385,2025-07-23,7,Closed
1502,Belgaum,Burglary,15.944372,75.139001,2025-01-18,7,Under Investigation
1503,Belgaum,Burglary,16.127219,74.809015,2025-05-13,1,Chargesheeted
1504,Belgaum,Burglary,15.929613,75.002619,2025-09-21,5,Closed
1505,Belgaum,Burglary,16.621425,75.101689,2025-10-30,8,Under Investigation
1506,Belgaum,Assault,16.136606,74.795953,2025-06-25,8,Under Investigation
1507,Belgaum,Assault,16.491348,74.811338,2025-02-10,9,Chargesheeted
1508,Belgaum,Assault,16.140279,74.783649,2025-01-30,6,Closed
1509,Belgaum,Assault,15.658167,74.779042,2025-10-08,16,Closed
1510,Belgaum,Assault,16.092773,74.64426,2025-02-18,3,Under Investigation
1511,Belgaum,Assault,16.114359,74.562549,2025-12-29,12,Closed
1512,Belgaum,Assault,16.091784,74.626251,2025-12-30,16,Chargesheeted
1513,Belgaum,Assault,16.62446,75.08476,2025-05-11,5,Chargesheeted
1514,Belgaum,Assault,16.356196,74.712902,2025-11-30,21,Closed
1515,Belgaum,Assault,16.612511,75.098686,2025-01-05,16,Closed
1516,Belgaum,Assault,16.135648,74.790316,2025-11-06,13,Under Investigation
1517,Belgaum,Assault,16.496142,74.811494,2025-08-05,1,Under Investigation
1518,Belgaum,Assault,16.143112,74.796009,2025-01-06,3,Chargesheeted
1519,Belgaum,Assault,16.116292,74.798447,2025-05-19,15,Chargesheeted
1520,Belgaum,Assault,16.132162,74.782768,2025-12-10,4,Chargesheeted
1521,Belgaum,Assault,16.084016,74.611222,2025-01-20,16,Chargesheeted
1522,Belgaum,Assault,16.136742,74.791576,2025-05-04,15,Closed
1523,Belgaum,Assault,16.490201,74.835517,2025-07-13,2,Under Investigation
1524,Belgaum,Assault,16.073107,74.627612,2025-10-07,20,Under Investigation
1525,Belgaum,Assault,16.130534,74.808105,2025-01-20,17,Chargesheeted
1526,Belgaum,Assault,15.908278,74.999918,2025-05-15,22,Under Investigation
1527,Belgaum,Assault,16.082648,74.631108,2025-10-10,8,Under Investigation
1528,Belgaum,Assault,16.622985,75.102884,2025-01-03,6,Chargesheeted
1529,Belgaum,Assault,16.927099,75.053813,2025-12-03,8,Under Investigation
1530,Belgaum,Assault,15.664257,74.163531,2025-10-22,22,Closed
1531,Belgaum,Assault,16.631048,75.108694,2025-11-04,9,Under Investigation
1532,Belgaum,Assault,15.920355,75.008731,2025-08-10,17,Chargesheeted
1533,Belgaum,Assault,16.088958,74.627356,2025-02-03,17,Under Investigation
1534,Belgaum,Assault,16.488354,74.817846,2025-08-25,21,Closed
1535,Belgaum,Assault,16.141553,74.804309,2025-04-28,18,Under Investigation
1536,Belgaum,Assault,16.494773,74.810795,2025-07-17,20,Closed
1537,Belgaum,Assault,16.128566,74.801915,2025-03-29,21,Under Investigation
1538,Belgaum,Assault,16.623665,75.087064,2025-11-19,23,Closed
1539,Belgaum,Assault,16.483825,74.800341,2025-04-05,22,Closed
1540,Belgaum,Assault,15.92871,74.989765,2025-08-27,23,Closed
1541,Belgaum,Assault,16.48995,74.818282,2025-08-16,14,Under Investigation
1542,Belgaum,Assault,15.629144,74.488084,2025-07-17,12,Chargesheeted
1543,Belgaum,Assault,16.617478,75.091267,2025-03-06,18,Closed
1544,Belgaum,Assault,15.914705,75.004903,2025-08-12,1,Under Investigation
1545,Belgaum,Assault,15.691712,74.212277,2025-06-03,8,Closed
1546,Belgaum,Assault,16.629288,75.084796,2025-09-19,3,Closed
1547,Belgaum,Assault,16.138196,74.79798,2025-10-13,14,Closed
1548,Belgaum,Assault,16.091265,74.62797,2025-09-14,12,Chargesheeted
1549,Belgaum,Assault,16.484743,74.814072,2025-11-09,6,Chargesheeted
1550,Belgaum,Assault,16.097802,74.624986,2025-11-25,16,Chargesheeted
1551,Belgaum,Assault,15.928404,74.996943,2025-08-25,20,Chargesheeted
1552,Belgaum,Assault,16.608221,75.082643,2025-10-20,2,Closed
1553,Belgaum,Assault,15.929286,74.997403,2025-06-14,21,Under Investigation
1554,Belgaum,Assault,16.492629,74.830063,2025-12-11,8,Closed
1555,Belgaum,Assault,15.492598,74.486005,2025-04-05,12,Chargesheeted
1556,Belgaum,Assault,16.140298,74.809604,2025-02-21,17,Chargesheeted
1557,Belgaum,Assault,15.7904,74.797291,2025-08-06,12,Chargesheeted
1558,Belgaum,Assault,16.131361,74.80181,2025-09-09,19,Closed
1559,Belgaum,Assault,16.486645,74.81766,2025-03-08,1,Under Investigation
1560,Belgaum,Assault,15.908675,74.98876,2025-12-17,18,Closed
1561,Belgaum,Assault,16.628922,75.097061,2025-08-16,6,Chargesheeted
1562,Belgaum,Assault,16.126463,74.790956,2025-01-06,6,Under Investigation
1563,Belgaum,Assault,16.098821,74.608783,2025-04-05,18,Chargesheeted
1564,Belgaum,Assault,16.07709,74.630746,2025-12-19,7,Closed
1565,Belgaum,Assault,15.924698,74.994826,2025-09-30,13,Under Investigation
1566,Belgaum,Assault,16.140279,74.800459,2025-12-19,8,Closed
1567,Belgaum,Assault,16.083039,74.633568,2025-06-25,3,Closed
1568,Belgaum,Assault,15.931608,74.99755,2025-05-16,22,Chargesheeted
1569,Belgaum,Assault,16.13741,74.815973,2025-07-15,5,Chargesheeted
1570,Belgaum,Assault,15.915305,74.987664,2025-06-02,21,Chargesheeted
1571,Belgaum,Assault,16.093662,74.630299,2025-09-13,18,Chargesheeted
1572,Belgaum,Assault,16.632028,75.101058,2025-11-10,20,Closed
1573,Belgaum,Assault,16.080936,74.614342,2025-04-21,22,Chargesheeted
1574,Belgaum,Assault,16.224165,75.072532,2025-05-29,20,Closed
1575,Belgaum,Assault,16.27778,74.560822,2025-02-28,3,Closed
1576,Belgaum,Assault,15.928124,75.00033,2025-10-20,1,Closed
1577,Belgaum,Assault,16.09153,74.614195,2025-10-04,20,Under Investigation
1578,Belgaum,Assault,16.485311,74.813112,2025-05-04,7,Closed
1579,Belgaum,Assault,16.081688,74.624203,2025-09-04,19,Chargesheeted
1580,Belgaum,Assault,16.087407,74.622501,2025-10-10,4,Chargesheeted
1581,Belgaum,Assault,16.143683,74.809725,2025-11-21,15,Chargesheeted
1582,Belgaum,Assault,16.100987,74.633213,2025-10-25,1,Under Investigation
1583,Belgaum,Assault,16.137026,74.806319,2025-01-14,9,Under Investigation
1584,Belgaum,Assault,16.628481,75.082428,2025-03-26,23,Closed
1585,Belgaum,Assault,16.095553,74.632962,2025-02-11,1,Closed
1586,Bellary,Theft,15.297221,76.379826,2025-06-03,0,Closed
1587,Bellary,Theft,15.317322,76.382303,2025-09-19,19,Chargesheeted
1588,Bellary,Theft,15.098963,76.83274,2025-02-10,6,Chargesheeted
1589,Bellary,Theft,15.184613,76.296773,2025-08-10,6,Closed
1590,Bellary,Theft,15.178876,76.335899,2025-11-30,12,Chargesheeted
1591,Bellary,Theft,14.878861,76.291668,2025-03-15,17,Under Investigation
1592,Bellary,Theft,15.516695,76.836249,2025-02-25,20,Chargesheeted
1593,Bellary,Theft,14.861993,76.285421,2025-01-14,7,Closed
1594,Bellary,Theft,15.317544,76.390268,2025-02-13,4,Closed
1595,Bellary,Theft,14.878218,76.261061,2025-01-08,23,Under Investigation
1596,Bellary,Theft,15.142644,76.319389,2025-08-29,23,Closed
1597,Bellary,Theft,14.866738,76.275707,2025-09-22,13,Under Investigation
1598,Bellary,Theft,15.312167,76.374225,2025-09-26,18,Closed
1599,Bellary,Theft,15.187012,76.287553,2025-06-05,11,Under Investigation
1600,Bellary,Theft,14.891162,76.282292,2025-12-13,11,Closed
1601,Bellary,Theft,14.861765,76.278392,2025-06-27,22,Chargesheeted
1602,Bellary,Theft,15.692938,77.076739,2025-02-24,3,Closed
1603,Bellary,Theft,15.167824,76.293292,2025-07-07,13,Chargesheeted
1604,Bellary,Theft,15.698912,77.071669,2025-05-28,0,Closed
1605,Bellary,Theft,15.169912,76.298226,2025-10-11,19,Closed
1606,Bellary,Theft,15.703983,77.070711,2025-02-03,23,Under Investigation
1607,Bellary,Theft,15.173416,76.332748,2025-12-12,2,Under Investigation
1608,Bellary,Theft,15.168976,76.335065,2025-01-06,20,Chargesheeted
1609,Bellary,Theft,14.979723,76.096564,2025-09-17,9,Under Investigation
1610,Bellary,Theft,15.351885,76.722262,2025-03-25,9,Closed
1611,Bellary,Theft,15.310495,76.3848,2025-04-03,6,Closed
1612,Bellary,Theft,14.981722,76.434212,2025-04-04,9,Under Investigation
1613,Bellary,Theft,15.148974,76.346549,2025-06-07,4,Under Investigation
1614,Bellary,Theft,15.29294,76.389077,2025-03-04,5,Closed
1615,Bellary,Theft,15.340129,76.723758,2025-09-09,17,Under Investigation
1616,Bellary,Theft,15.716131,77.068233,2025-02-06,8,Under Investigation
1617,Bellary,Theft,15.298254,76.385102,2025-01-20,17,Under Investigation
1618,Bellary,Theft,15.355908,76.707971,2025-01-07,18,Closed
1619,Bellary,Theft,15.170496,76.328437,2025-07-26,17,Under Investigation
1620,Bellary,Theft,15.162887,76.305076,2025-04-27,16,Closed
1621,Bellary,Theft,15.711423,77.049772,2025-07-29,8,Closed
1622,Bellary,Theft,15.135683,76.804459,2025-11-18,9,Chargesheeted
1623,Bellary,Theft,15.346724,76.707496,2025-11-24,14,Under Investigation
1624,Bellary,Theft,15.184767,76.30362,2025-06-23,20,Closed
1625,Bellary,Theft,15.167849,76.315682,2025-09-20,21,Closed
1626,Bellary,Theft,15.183424,76.298594,2025-06-21,4,Closed
1627,Bellary,Theft,15.188327,76.879442,2025-07-27,4,Chargesheeted
1628,Bellary,Theft,15.708269,77.077817,2025-04-17,9,Closed
1629,Bellary,Theft,14.738348,75.754018,2025-09-27,17,Under Investigation
1630,Bellary,Theft,15.34607,76.715537,2025-07-22,17,Under Investigation
1631,Bellary,Theft,15.352107,76.704152,2025-04-19,19,Chargesheeted
1632,Bellary,Theft,14.862735,76.288418,2025-08-22,8,Chargesheeted
1633,Bellary,Theft,15.345344,76.701434,2025-05-11,22,Closed
1634,Bellary,Theft,14.848007,76.383192,2025-07-17,5,Chargesheeted
1635,Bellary,Theft,15.383584,76.85832,2025-11-18,20,Chargesheeted
1636,Bellary,Theft,15.161032,76.335441,2025-07-03,23,Under Investigation
1637,Bellary,Theft,15.706477,77.068935,2025-11-03,12,Chargesheeted
1638,Bellary,Theft,15.310467,76.382736,2025-12-03,14,Closed
1639,Bellary,Theft,14.866216,76.285992,2025-06-06,13,Chargesheeted
1640,Bellary,Theft,14.790678,76.179759,2025-12-10,15,Closed
1641,Bellary,Theft,15.167282,76.339206,2025-02-06,17,Chargesheeted
1642,Bellary,Theft,15.720779,77.050725,2025-09-13,20,Chargesheeted
1643,Bellary,Theft,15.173358,76.308738,2025-09-19,7,Closed
1644,Bellary,Theft,15.186139,76.33565,2025-08-05,17,Closed
1645,Bellary,Theft,15.348997,76.70484,2025-10-24,9,Under Investigation
1646,Bellary,Theft,14.877562,76.240866,2025-07-26,20,Under Investigation
1647,Bellary,Theft,15.35026,76.703352,2025-04-23,5,Chargesheeted
1648,Bellary,Theft,15.349048,76.708768,2025-04-14,22,Chargesheeted
1649,Bellary,Theft,15.694754,77.056687,2025-03-15,22,Closed
1650,Bellary,Theft,15.186768,76.200948,2025-11-08,10,Chargesheeted
1651,Bellary,Theft,15.315609,76.382599,2025-08-18,11,Under Investigation
1652,Bellary,Theft,15.325467,76.629427,2025-04-25,7,Closed
1653,Bellary,Theft,15.176702,76.343075,2025-03-31,3,Closed
1654,Bellary,Theft,14.712584,76.377583,2025-01-16,6,Under Investigation
1655,Bellary,Theft,15.336284,76.698087,2025-03-14,20,Under Investigation
1656,Bellary,Theft,14.88657,76.300365,2025-02-08,16,Under Investigation
1657,Bellary,Theft,15.177844,76.297939,2025-03-25,18,Chargesheeted
1658,Bellary,Theft,15.178262,76.236282,2025-10-18,3,Closed
1659,Bellary,Theft,15.174126,76.335905,2025-03-24,14,Under Investigation
1660,Bellary,Theft,15.005236,76.215261,2025-07-26,18,Under Investigation
1661,Bellary,Theft,15.29619,76.379925,2025-09-17,9,Closed
1662,Bellary,Theft,15.314367,76.367878,2025-04-05,20,Under Investigation
1663,Bellary,Theft,15.339293,76.706452,2025-04-04,22,Under Investigation
1664,Bellary,Theft,15.165904,76.33552,2025-04-22,10,Closed
1665,Bellary,Theft,15.1739,76.285882,2025-04-13,20,Under Investigation
1666,Bellary,Theft,15.152106,76.335098,2025-09-17,22,Under Investigation
1667,Bellary,Theft,14.888084,76.284855,2025-07-13,16,Chargesheeted
1668,Bellary,Theft,15.301293,76.380537,2025-11-19,13,Chargesheeted
1669,Bellary,Theft,15.457935,76.872671,2025-06-29,14,Under Investigation
1670,Bellary,Theft,14.890754,76.283038,2025-04-12,11,Closed
1671,Bellary,Theft,15.689095,77.063554,2025-04-20,12,Chargesheeted
1672,Bellary,Theft,15.182142,76.29761,2025-01-24,12,Chargesheeted
1673,Bellary,Theft,15.103291,76.753513,2025-12-18,1,Chargesheeted
1674,Bellary,Theft,14.877623,76.274287,2025-08-02,10,Chargesheeted
1675,Bellary,Theft,14.872104,76.289519,2025-10-30,15,Closed
1676,Bellary,Theft,14.862939,76.280533,2025-12-13,14,Chargesheeted
1677,Bellary,Theft,15.193078,76.296892,2025-05-31,12,Closed
1678,Bellary,Theft,15.181714,76.320031,2025-08-06,5,Under Investigation
1679,Bellary,Theft,14.877023,76.284115,2025-05-11,11,Closed
1680,Bellary,Theft,15.342522,76.715417,2025-01-17,5,Under Investigation
1681,Bellary,Robbery,15.35561,76.70976,2025-09-09,9,Under Investigation
1682,Bellary,Robbery,15.158096,76.338682,2025-10-23,23,Chargesheeted
1683,Bellary,Robbery,14.871804,76.273103,2025-03-27,19,Under Investigation
1684,Bellary,Robbery,14.878254,76.292182,2025-09-07,0,Chargesheeted
1685,Bellary,Robbery,14.866619,76.294788,2025-01-19,4,Chargesheeted
1686,Bellary,Robbery,15.177054,76.335784,2025-05-15,23,Under Investigation
1687,Bellary,Robbery,15.167051,76.310418,2025-10-24,8,Under Investigation
1688,Bellary,Robbery,15.706496,77.064993,2025-12-08,3,Under Investigation
1689,Bellary,Robbery,15.10188,76.264403,2025-06-09,22,Chargesheeted
1690,Bellary,Robbery,15.194039,76.554249,2025-03-04,14,Chargesheeted
1691,Bellary,Robbery,14.867011,76.298841,2025-10-24,22,Chargesheeted
1692,Bellary,Robbery,15.716424,77.070466,2025-02-01,8,Under Investigation
1693,Bellary,Robbery,15.161844,76.336983,2025-09-08,16,Under Investigation
1694,Bellary,Robbery,15.181671,76.282896,2025-07-13,2,Closed
1695,Bellary,Robbery,14.880502,76.289482,2025-06-05,11,Chargesheeted
1696,Bellary,Robbery,15.345638,76.707036,2025-10-16,22,Chargesheeted
1697,Bellary,Robbery,15.180025,76.284852,2025-05-26,4,Under Investigation
1698,Bellary,Robbery,15.709442,77.080402,2025-06-15,5,Chargesheeted
1699,Bellary,Robbery,15.164458,76.299846,2025-01-28,1,Under Investigation
1700,Bellary,Robbery,15.312778,76.389185,2025-05-08,8,Closed
1701,Bellary,Robbery,15.181318,76.285557,2025-11-18,16,Chargesheeted
1702,Bellary,Robbery,15.719434,77.055489,2025-12-24,6,Closed
1703,Bellary,Chain Snatching,15.26369,76.878013,2025-02-21,3,Closed
1704,Bellary,Chain Snatching,14.864936,76.285989,2025-06-27,15,Chargesheeted
1705,Bellary,Chain Snatching,15.097066,76.89404,2025-04-26,1,Chargesheeted
1706,Bellary,Chain Snatching,15.182267,76.289155,2025-04-02,2,Closed
1707,Bellary,Chain Snatching,15.320901,76.370871,2025-10-23,2,Under Investigation
1708,Bellary,Chain Snatching,14.86964,76.28088,2025-06-10,18,Under Investigation
1709,Bellary,Chain Snatching,15.704493,77.074184,2025-12-10,5,Closed
1710,Bellary,Chain Snatching,15.306024,76.387912,2025-04-15,4,Closed
1711,Bellary,Burglary,15.343097,76.702463,2025-04-23,3,Closed
1712,Bellary,Burglary,15.345804,76.719704,2025-10-02,6,Under Investigation
1713,Bellary,Burglary,15.707947,77.073608,2025-07-23,13,Chargesheeted
1714,Bellary,Burglary,14.886148,76.281076,2025-04-04,18,Closed
1715,Bellary,Burglary,15.185086,76.28249,2025-05-18,0,Closed
1716,Bellary,Burglary,15.033468,77.102924,2025-08-27,6,Closed
1717,Bellary,Burglary,14.917418,76.36778,2025-12-23,13,Chargesheeted
1718,Bellary,Burglary,15.171137,76.325343,2025-04-16,2,Closed
1719,Bellary,Burglary,15.707459,77.078889,2025-12-03,18,Under Investigation
1720,Bellary,Burglary,15.301737,76.386986,2025-10-08,7,Closed
1721,Bellary,Burglary,15.709253,77.056043,2025-04-22,10,Under Investigation
1722,Bellary,Burglary,15.713757,77.071807,2025-11-12,10,Chargesheeted
1723,Bellary,Burglary,14.963457,76.045665,2025-10-09,3,Under Investigation
1724,Bellary,Burglary,15.342748,76.872604,2025-01-24,15,Under Investigation
1725,Bellary,Burglary,15.309504,76.384583,2025-09-30,16,Closed
1726,Bellary,Burglary,15.701345,77.073971,2025-10-17,21,Chargesheeted
1727,Bellary,Burglary,15.35986,76.723393,2025-01-17,7,Closed
1728,Bellary,Burglary,15.294122,76.392987,2025-10-04,20,Under Investigation
1729,Bellary,Burglary,15.343859,76.71207,2025-05-06,13,Chargesheeted
1730,Bellary,Burglary,15.692501,77.06291,2025-10-26,4,Chargesheeted
1731,Bellary,Burglary,15.180496,76.296642,2025-06-05,10,Under Investigation
1732,Bellary,Burglary,15.039425,76.656808,2025-03-07,22,Chargesheeted
1733,Bellary,Burglary,14.86689,76.29198,2025-04-06,11,Chargesheeted
1734,Bellary,Burglary,15.316802,76.375506,2025-12-29,0,Chargesheeted
1735,Bellary,Burglary,15.30494,76.359124,2025-08-05,14,Under Investigation
1736,Bellary,Burglary,15.350219,76.701307,2025-04-04,19,Closed
1737,Bellary,Burglary,15.306156,76.381432,2025-02-19,15,Closed
1738,Bellary,Burglary,15.702462,77.075527,2025-03-27,22,Closed
1739,Bellary,Burglary,15.185829,76.288806,2025-07-15,22,Chargesheeted
1740,Bellary,Burglary,15.698695,77.065943,2025-06-28,10,Closed
1741,Bellary,Burglary,14.86745,76.455938,2025-02-24,1,Chargesheeted
1742,Bellary,Burglary,15.703709,77.064919,2025-04-06,4,Chargesheeted
1743,Bellary,Burglary,15.341302,76.712762,2025-10-15,23,Chargesheeted
1744,Bellary,Burglary,14.893649,76.14117,2025-08-16,15,Under Investigation
1745,Bellary,Burglary,15.698325,77.07604,2025-11-18,14,Under Investigation
1746,Bellary,Assault,14.887597,76.255982,2025-03-15,13,Closed
1747,Bellary,Assault,15.703786,77.065116,2025-07-28,17,Closed
1748,Bellary,Assault,15.354737,76.704286,2025-07-24,2,Under Investigation
1749,Bellary,Assault,15.185756,76.290313,2025-12-13,23,Closed
1750,Bellary,Assault,15.319893,76.374811,2025-02-18,21,Under Investigation
1751,Bellary,Assault,14.874517,76.270553,2025-05-23,11,Under Investigation
1752,Bellary,Assault,15.351822,76.709853,2025-02-24,18,Closed
1753,Bellary,Assault,15.183029,76.296468,2025-04-01,6,Chargesheeted
1754,Bellary,Assault,15.464713,76.969382,2025-12-29,14,Closed
1755,Bellary,Assault,15.168997,76.340366,2025-11-26,6,Under Investigation
1756,Bellary,Assault,14.875461,76.277865,2025-11-09,8,Under Investigation
1757,Bellary,Assault,15.12929,76.86485,2025-10-25,1,Chargesheeted
1758,Bellary,Assault,15.706216,77.063577,2025-07-11,3,Closed
1759,Bellary,Assault,14.870889,76.270241,2025-07-08,21,Under Investigation
1760,Bellary,Assault,14.867952,76.280124,2025-12-18,16,Closed
1761,Bellary,Assault,15.337737,76.707341,2025-06-24,1,Chargesheeted
1762,Bellary,Assault,15.220835,76.586475,2025-11-16,20,Chargesheeted
1763,Bellary,Assault,15.720608,77.064477,2025-07-14,12,Chargesheeted
1764,Bellary,Assault,14.864532,76.287387,2025-09-08,21,Chargesheeted
1765,Bellary,Assault,14.882132,76.278924,2025-03-22,5,Chargesheeted
1766,Bellary,Assault,14.872098,76.273756,2025-07-23,3,Closed
1767,Bellary,Assault,14.928861,76.317645,2025-08-02,8,Chargesheeted
1768,Bellary,Assault,15.707907,77.065081,2025-06-20,17,Chargesheeted
1769,Bellary,Assault,15.307462,76.389988,2025-10-11,16,Under Investigation
1770,Bellary,Assault,14.945554,76.389023,2025-06-12,17,Under Investigation
1771,Bellary,Assault,14.872017,76.29815,2025-08-21,0,Chargesheeted
1772,Bellary,Assault,15.118815,76.101227,2025-10-14,21,Chargesheeted
1773,Bellary,Assault,15.154534,76.326729,2025-01-08,5,Chargesheeted
1774,Bellary,Assault,15.154723,76.253456,2025-10-11,16,Under Investigation
1775,Bellary,Assault,15.15322,76.340123,2025-10-18,19,Chargesheeted
1776,Bellary,Assault,15.313224,76.371362,2025-05-24,10,Under Investigation
1777,Bellary,Assault,14.868647,76.284557,2025-01-17,11,Closed
1778,Bellary,Assault,15.161567,76.33127,2025-10-27,18,Closed
1779,Bellary,Assault,14.885355,76.268188,2025-05-18,17,Under Investigation
1780,Bellary,Assault,15.701464,77.058106,2025-07-12,2,Closed
1781,Bellary,Assault,15.342048,76.713529,2025-11-30,12,Closed
1782,Bellary,Assault,15.345034,76.717192,2025-12-21,6,Under Investigation
1783,Bellary,Assault,15.339092,76.71029,2025-08-08,2,Under Investigation
1784,Bellary,Assault,15.301847,76.391918,2025-03-04,18,Chargesheeted
1785,Bellary,Assault,15.169123,76.310183,2025-11-01,23,Chargesheeted
1786,Bellary,Assault,14.909082,76.195055,2025-12-21,15,Under Investigation
1787,Bellary,Assault,15.165107,76.337313,2025-12-24,11,Chargesheeted
1788,Bellary,Assault,15.714407,77.074186,2025-07-21,2,Closed
1789,Bellary,Assault,15.180205,76.330705,2025-07-31,12,Under Investigation
1790,Bellary,Assault,14.988523,76.61535,2025-10-08,2,Under Investigation
1791,Bellary,Assault,15.178783,76.292718,2025-12-05,13,Under Investigation
1792,Bellary,Assault,15.077018,76.501125,2025-04-18,11,Under Investigation
1793,Bellary,Assault,14.868707,76.290929,2025-12-17,18,Chargesheeted
1794,Bellary,Assault,15.17178,76.333691,2025-09-23,7,Closed
1795,Bellary,Assault,15.170217,76.327974,2025-01-11,7,Closed
1796,Bidar,Theft,17.69579,77.329478,2025-07-14,16,Under Investigation
1797,Bidar,Theft,18.274035,77.178217,2025-03-13,18,Chargesheeted
1798,Bidar,Theft,18.086398,77.564452,2025-02-19,16,Under Investigation
1799,Bidar,Theft,17.693463,77.340776,2025-04-22,11,Under Investigation
1800,Bidar,Theft,17.90281,77.202151,2025-07-18,0,Under Investigation
1801,Bidar,Theft,17.89212,77.202142,2025-10-29,5,Closed
1802,Bidar,Theft,17.901727,77.002313,2025-01-22,9,Under Investigation
1803,Bidar,Theft,17.900156,77.195827,2025-06-08,1,Closed
1804,Bidar,Theft,18.236888,77.175593,2025-10-09,22,Under Investigation
1805,Bidar,Theft,17.696786,77.344398,2025-12-29,14,Under Investigation
1806,Bidar,Theft,17.888081,77.199458,2025-09-03,21,Closed
1807,Bidar,Theft,17.89672,77.00409,2025-12-23,2,Chargesheeted
1808,Bidar,Theft,18.233636,77.167691,2025-01-07,15,Under Investigation
1809,Bidar,Theft,17.986465,77.288311,2025-12-14,18,Chargesheeted
1810,Bidar,Theft,17.99985,77.291703,2025-07-11,5,Chargesheeted
1811,Bidar,Theft,17.903208,77.200206,2025-11-16,14,Closed
1812,Bidar,Theft,17.987088,77.282151,2025-08-13,9,Chargesheeted
1813,Bidar,Theft,18.268785,77.182073,2025-08-13,2,Closed
1814,Bidar,Theft,17.698826,76.956133,2025-09-23,18,Closed
1815,Bidar,Theft,17.694991,76.956068,2025-11-30,2,Closed
1816,Bidar,Theft,17.677098,77.330002,2025-12-27,4,Chargesheeted
1817,Bidar,Theft,17.690716,77.35492,2025-03-28,5,Under Investigation
1818,Bidar,Theft,17.982841,77.291163,2025-02-07,21,Closed
1819,Bidar,Theft,17.698886,77.334486,2025-07-18,22,Chargesheeted
1820,Bidar,Theft,17.897376,77.193594,2025-04-05,12,Chargesheeted
1821,Bidar,Theft,17.690357,77.3343,2025-05-15,18,Chargesheeted
1822,Bidar,Theft,17.985387,77.271043,2025-05-11,22,Closed
1823,Bidar,Theft,17.963072,77.574805,2025-10-16,13,Under Investigation
1824,Bidar,Theft,17.687052,77.340983,2025-02-15,4,Chargesheeted
1825,Bidar,Theft,18.372646,77.346109,2025-03-14,15,Under Investigation
1826,Bidar,Theft,18.113322,76.954401,2025-06-29,18,Chargesheeted
1827,Bidar,Theft,17.892333,77.000389,2025-01-24,4,Under Investigation
1828,Bidar,Theft,18.271377,77.192546,2025-01-05,22,Under Investigation
1829,Bidar,Theft,17.907546,76.993809,2025-03-05,7,Under Investigation
1830,Bidar,Theft,17.697171,77.340936,2025-11-18,20,Closed
1831,Bidar,Theft,17.693304,76.955676,2025-01-20,22,Chargesheeted
1832,Bidar,Theft,17.896374,77.188064,2025-11-27,5,Under Investigation
1833,Bidar,Theft,17.703395,77.332578,2025-06-08,21,Closed
1834,Bidar,Theft,17.686857,77.334263,2025-03-01,15,Closed
1835,Bidar,Theft,17.85937,77.419159,2025-04-01,6,Chargesheeted
1836,Bidar,Theft,17.696891,76.947594,2025-08-28,3,Chargesheeted
1837,Bidar,Theft,17.689692,76.962204,2025-08-30,21,Under Investigation
1838,Bidar,Theft,17.90614,76.97989,2025-05-18,7,Closed
1839,Bidar,Theft,18.269279,77.185242,2025-09-12,23,Closed
1840,Bidar,Theft,17.895296,77.004106,2025-05-07,7,Chargesheeted
1841,Bidar,Theft,17.896141,77.174143,2025-06-25,5,Under Investigation
1842,Bidar,Theft,17.899565,77.19575,2025-10-29,6,Closed
1843,Bidar,Theft,18.269521,77.179495,2025-04-18,14,Chargesheeted
1844,Bidar,Theft,17.990444,77.282596,2025-02-11,5,Chargesheeted
1845,Bidar,Theft,17.686959,76.950311,2025-11-22,0,Chargesheeted
1846,Bidar,Theft,17.981917,77.373796,2025-06-01,22,Chargesheeted
1847,Bidar,Theft,17.700758,77.339662,2025-09-19,2,Chargesheeted
1848,Bidar,Theft,17.68957,77.340092,2025-06-24,18,Chargesheeted
1849,Bidar,Theft,17.882992,77.192843,2025-05-27,18,Closed
1850,Bidar,Theft,17.901103,77.004011,2025-11-20,3,Under Investigation
1851,Bidar,Robbery,17.889091,76.975312,2025-10-26,5,Chargesheeted
1852,Bidar,Robbery,17.708977,77.346064,2025-12-26,1,Closed
1853,Bidar,Robbery,17.70426,76.950247,2025-04-15,13,Chargesheeted
1854,Bidar,Robbery,17.896045,77.003124,2025-01-28,11,Under Investigation
1855,Bidar,Robbery,17.69963,76.960029,2025-09-22,17,Under Investigation
1856,Bidar,Robbery,18.272391,77.177922,2025-07-08,6,Chargesheeted
1857,Bidar,Robbery,17.974468,77.285084,2025-07-23,8,Under Investigation
1858,Bidar,Robbery,18.000439,77.366158,2025-08-11,8,Under Investigation
1859,Bidar,Robbery,17.894536,77.001146,2025-06-17,23,Under Investigation
1860,Bidar,Chain Snatching,17.895921,76.998185,2025-11-11,18,Closed
1861,Bidar,Chain Snatching,17.887524,76.988963,2025-12-20,7,Closed
1862,Bidar,Chain Snatching,18.147984,76.927629,2025-10-05,7,Under Investigation
1863,Bidar,Chain Snatching,18.000865,77.283128,2025-12-08,19,Closed
1864,Bidar,Burglary,17.695514,76.945034,2025-03-23,22,Under Investigation
1865,Bidar,Burglary,18.262182,77.522037,2025-07-20,15,Under Investigation
1866,Bidar,Burglary,17.687971,77.352618,2025-01-07,7,Under Investigation
1867,Bidar,Burglary,18.272997,77.189282,2025-04-19,16,Under Investigation
1868,Bidar,Burglary,17.993508,77.303484,2025-01-25,3,Chargesheeted
1869,Bidar,Burglary,18.270125,77.175568,2025-06-28,12,Closed
1870,Bidar,Burglary,17.880748,76.988017,2025-09-15,21,Under Investigation
1871,Bidar,Burglary,18.264869,77.185714,2025-04-15,10,Chargesheeted
1872,Bidar,Burglary,17.904113,77.201116,2025-05-07,3,Under Investigation
1873,Bidar,Burglary,17.886875,76.993873,2025-10-28,22,Closed
1874,Bidar,Burglary,17.976587,77.287477,2025-07-12,14,Closed
1875,Bidar,Burglary,17.701687,77.350354,2025-07-15,21,Chargesheeted
1876,Bidar,Burglary,17.900654,77.004799,2025-04-24,10,Under Investigation
1877,Bidar,Burglary,17.900497,77.004617,2025-02-21,13,Closed
1878,Bidar,Burglary,17.977051,77.286605,2025-11-29,22,Closed
1879,Bidar,Burglary,17.703227,76.951599,2025-05-09,17,Chargesheeted
1880,Bidar,Burglary,18.265019,77.194055,2025-11-03,14,Closed
1881,Bidar,Burglary,18.123144,77.339679,2025-12-03,16,Under Investigation
1882,Bidar,Assault,17.888394,77.205653,2025-04-02,23,Closed
1883,Bidar,Assault,17.689321,77.328646,2025-04-23,16,Chargesheeted
1884,Bidar,Assault,17.90544,76.9958,2025-08-31,13,Under Investigation
1885,Bidar,Assault,17.668027,76.869168,2025-12-17,21,Chargesheeted
1886,Bidar,Assault,17.715199,77.330471,2025-07-04,0,Under Investigation
1887,Bidar,Assault,18.234727,77.33779,2025-05-31,9,Closed
1888,Bidar,Assault,17.699931,76.969068,2025-01-30,22,Chargesheeted
1889,Bidar,Assault,17.690924,77.332394,2025-05-10,2,Closed
1890,Bidar,Assault,17.687176,76.961619,2025-07-21,6,Under Investigation
1891,Bidar,Assault,17.744068,77.065723,2025-04-11,8,Under Investigation
1892,Bidar,Assault,17.894173,77.20197,2025-04-24,17,Closed
1893,Bidar,Assault,18.13804,77.39286,2025-09-11,20,Under Investigation
1894,Bidar,Assault,17.89885,77.001226,2025-07-04,8,Closed
1895,Bidar,Assault,17.792996,77.059168,2025-08-04,5,Closed
1896,Bidar,Assault,17.68285,77.336438,2025-06-28,15,Chargesheeted
1897,Bidar,Assault,18.278405,77.176531,2025-01-15,22,Chargesheeted
1898,Bidar,Assault,17.892224,77.195332,2025-11-17,6,Chargesheeted
1899,Bidar,Assault,17.696923,77.340684,2025-08-09,8,Under Investigation
1900,Bidar,Assault,17.990402,77.283663,2025-03-16,3,Closed
1901,Bidar,Assault,17.901431,76.990274,2025-01-16,11,Closed
1902,Bidar,Assault,17.694491,77.348237,2025-06-26,9,Chargesheeted
1903,Bidar,Assault,17.895941,77.192531,2025-06-06,21,Under Investigation
1904,Bidar,Assault,17.70318,76.958786,2025-08-01,11,Closed
1905,Bidar,Assault,17.897567,77.208928,2025-01-03,20,Closed
1906,Bidar,Assault,18.276384,77.184375,2025-06-29,23,Under Investigation
1907,Bidar,Assault,17.995824,77.290611,2025-06-16,9,Closed
1908,Bidar,Assault,17.690372,76.976357,2025-05-19,15,Under Investigation
1909,Bidar,Assault,17.678141,76.966355,2025-04-05,20,Under Investigation
1910,Bijapur,Theft,16.76857,75.690253,2025-02-13,12,Chargesheeted
1911,Bijapur,Theft,17.16142,75.847651,2025-08-01,23,Chargesheeted
1912,Bijapur,Theft,16.90261,75.595687,2025-03-18,15,Chargesheeted
1913,Bijapur,Theft,16.977308,76.184629,2025-08-18,12,Closed
1914,Bijapur,Theft,17.164019,75.863257,2025-02-08,3,Chargesheeted
1915,Bijapur,Theft,17.144168,76.042079,2025-05-23,11,Closed
1916,Bijapur,Theft,17.134894,76.030128,2025-09-29,9,Chargesheeted
1917,Bijapur,Theft,17.16491,75.862897,2025-05-23,16,Closed
1918,Bijapur,Theft,16.899218,75.594278,2025-06-13,2,Chargesheeted
1919,Bijapur,Theft,17.124111,76.021402,2025-10-20,19,Closed
1920,Bijapur,Theft,17.127727,76.035726,2025-08-08,9,Chargesheeted
1921,Bijapur,Theft,16.780141,75.690453,2025-10-01,9,Closed
1922,Bijapur,Theft,17.16479,75.871922,2025-07-04,5,Closed
1923,Bijapur,Theft,17.136254,76.041671,2025-10-03,8,Chargesheeted
1924,Bijapur,Theft,16.722646,76.246755,2025-03-05,20,Under Investigation
1925,Bijapur,Theft,16.771346,75.685262,2025-05-18,20,Under Investigation
1926,Bijapur,Theft,16.553816,76.391183,2025-10-08,19,Closed
1927,Bijapur,Theft,17.166832,75.865902,2025-07-15,1,Under Investigation
1928,Bijapur,Theft,17.157188,75.856475,2025-08-13,3,Under Investigation
1929,Bijapur,Theft,16.910174,75.594255,2025-03-11,17,Chargesheeted
1930,Bijapur,Theft,16.774557,75.693206,2025-06-27,2,Closed
1931,Bijapur,Theft,17.172333,75.847527,2025-08-19,12,Under Investigation
1932,Bijapur,Theft,17.155902,75.870434,2025-08-13,14,Under Investigation
1933,Bijapur,Theft,16.893578,75.58108,2025-03-02,5,Closed
1934,Bijapur,Theft,16.759191,75.672858,2025-09-22,7,Under Investigation
1935,Bijapur,Theft,17.171055,75.854698,2025-06-21,23,Closed
1936,Bijapur,Theft,16.779857,75.698628,2025-06-06,10,Under Investigation
1937,Bijapur,Theft,17.152794,76.031767,2025-06-05,19,Closed
1938,Bijapur,Theft,16.913405,75.587771,2025-10-29,12,Chargesheeted
1939,Bijapur,Theft,17.177262,75.860325,2025-07-12,0,Closed
1940,Bijapur,Theft,16.771546,75.685539,2025-02-23,9,Closed
1941,Bijapur,Theft,16.822012,76.247915,2025-08-27,11,Under Investigation
1942,Bijapur,Theft,17.144943,76.042425,2025-08-24,12,Under Investigation
1943,Bijapur,Theft,17.147259,76.036968,2025-04-19,4,Under Investigation
1944,Bijapur,Theft,16.909132,75.593071,2025-01-29,16,Closed
1945,Bijapur,Theft,16.811157,76.138294,2025-01-22,0,Under Investigation
1946,Bijapur,Theft,16.998671,76.144566,2025-08-06,23,Chargesheeted
1947,Bijapur,Theft,16.758429,75.698888,2025-03-18,11,Chargesheeted
1948,Bijapur,Theft,17.186509,75.860059,2025-08-21,18,Under Investigation
1949,Bijapur,Theft,17.181548,75.881968,2025-12-06,1,Chargesheeted
1950,Bijapur,Theft,17.143206,76.047439,2025-05-17,15,Chargesheeted
1951,Bijapur,Theft,17.176607,75.866712,2025-04-22,11,Chargesheeted
1952,Bijapur,Theft,16.800235,75.392998,2025-09-30,7,Closed
1953,Bijapur,Theft,17.110539,75.70407,2025-01-10,21,Chargesheeted
1954,Bijapur,Theft,17.103488,75.757515,2025-06-24,13,Chargesheeted
1955,Bijapur,Theft,16.972203,76.002935,2025-12-12,4,Closed
1956,Bijapur,Theft,16.548272,75.491724,2025-11-14,6,Closed
1957,Bijapur,Theft,16.890324,75.586648,2025-08-30,5,Under Investigation
1958,Bijapur,Theft,17.140082,76.035746,2025-09-14,1,Closed
1959,Bijapur,Theft,16.898897,75.602705,2025-03-22,3,Chargesheeted
1960,Bijapur,Theft,16.892791,75.600006,2025-06-27,8,Under Investigation
1961,Bijapur,Theft,16.883134,76.275617,2025-08-09,6,Closed
1962,Bijapur,Theft,16.89969,75.593233,2025-01-25,20,Chargesheeted
1963,Bijapur,Theft,17.121249,76.025702,2025-04-23,18,Closed
1964,Bijapur,Theft,17.168014,75.871235,2025-04-12,10,Chargesheeted
1965,Bijapur,Theft,17.135901,76.024997,2025-12-09,21,Under Investigation
1966,Bijapur,Theft,17.169297,75.865387,2025-12-04,7,Under Investigation
1967,Bijapur,Theft,16.77012,75.679011,2025-09-22,20,Closed
1968,Bijapur,Theft,16.890444,75.591145,2025-08-05,5,Closed
1969,Bijapur,Theft,16.905428,75.605651,2025-04-28,18,Chargesheeted
1970,Bijapur,Theft,17.161594,75.858215,2025-03-30,14,Closed
1971,Bijapur,Theft,17.174841,75.86647,2025-05-17,9,Under Investigation
1972,Bijapur,Theft,17.135308,76.028331,2025-10-09,6,Closed
1973,Bijapur,Theft,16.901942,75.584989,2025-12-05,16,Under Investigation
1974,Bijapur,Theft,17.144247,76.028471,2025-05-11,4,Chargesheeted
1975,Bijapur,Theft,17.140396,76.029027,2025-12-30,10,Closed
1976,Bijapur,Theft,16.906616,75.600484,2025-04-24,9,Chargesheeted
1977,Bijapur,Theft,16.990302,76.121547,2025-10-25,12,Chargesheeted
1978,Bijapur,Theft,17.147178,76.004696,2025-02-18,7,Chargesheeted
1979,Bijapur,Theft,17.262403,76.0625,2025-06-09,8,Closed
1980,Bijapur,Robbery,16.902013,75.580943,2025-09-02,8,Chargesheeted
1981,Bijapur,Robbery,17.15015,76.0294,2025-06-17,0,Closed
1982,Bijapur,Robbery,17.190853,75.866755,2025-11-12,20,Chargesheeted
1983,Bijapur,Robbery,17.134795,76.050984,2025-08-18,6,Under Investigation
1984,Bijapur,Robbery,17.130095,76.041403,2025-01-08,2,Closed
1985,Bijapur,Robbery,16.902049,75.595565,2025-09-29,9,Closed
1986,Bijapur,Robbery,17.138288,76.029681,2025-08-15,15,Under Investigation
1987,Bijapur,Robbery,17.202064,75.670966,2025-06-28,23,Chargesheeted
1988,Bijapur,Robbery,16.88199,75.598701,2025-04-16,17,Chargesheeted
1989,Bijapur,Robbery,17.168853,75.858389,2025-06-13,10,Under Investigation
1990,Bijapur,Robbery,16.762789,75.686566,2025-07-12,5,Under Investigation
1991,Bijapur,Robbery,16.903053,75.569849,2025-12-01,22,Closed
1992,Bijapur,Chain Snatching,17.161303,75.859795,2025-07-09,16,Closed
1993,Bijapur,Chain Snatching,17.173784,75.865457,2025-05-20,14,Under Investigation
1994,Bijapur,Chain Snatching,17.178815,75.849231,2025-03-21,1,Under Investigation
1995,Bijapur,Chain Snatching,16.76478,75.721976,2025-10-30,9,Closed
1996,Bijapur,Chain Snatching,16.777293,75.687736,2025-04-08,6,Closed
1997,Bijapur,Chain Snatching,17.148295,75.85999,2025-07-27,9,Chargesheeted
1998,Bijapur,Burglary,17.143417,76.040168,2025-04-03,11,Under Investigation
1999,Bijapur,Burglary,16.783775,75.684843,2025-03-08,18,Closed
2000,Bijapur,Burglary,16.908575,75.581735,2025-04-19,20,Under Investigation
2001,Bijapur,Burglary,16.777059,75.693303,2025-11-09,14,Under Investigation
2002,Bijapur,Burglary,16.503105,76.122777,2025-02-02,22,Chargesheeted
2003,Bijapur,Burglary,17.168766,75.867251,2025-02-02,0,Chargesheeted
2004,Bijapur,Burglary,16.890682,75.585441,2025-08-14,19,Chargesheeted
2005,Bijapur,Burglary,16.773735,75.685256,2025-10-25,11,Under Investigation
2006,Bijapur,Burglary,17.147869,76.033176,2025-10-07,17,Under Investigation
2007,Bijapur,Burglary,16.763768,75.677419,2025-11-30,9,Under Investigation
2008,Bijapur,Burglary,16.89891,75.592524,2025-01-15,11,Closed
2009,Bijapur,Burglary,17.123943,76.034597,2025-03-22,22,Chargesheeted
2010,Bijapur,Burglary,17.129864,76.019932,2025-04-30,23,Closed
2011,Bijapur,Burglary,17.133341,76.026994,2025-08-26,16,Chargesheeted
2012,Bijapur,Burglary,17.161456,75.87506,2025-08-03,23,Under Investigation
2013,Bijapur,Burglary,17.276302,75.634154,2025-01-10,7,Chargesheeted
2014,Bijapur,Burglary,17.167462,75.855021,2025-04-23,23,Closed
2015,Bijapur,Burglary,16.603556,75.751827,2025-03-02,17,Under Investigation
2016,Bijapur,Burglary,17.131276,76.035325,2025-12-29,8,Under Investigation
2017,Bijapur,Burglary,16.899992,75.589084,2025-04-01,2,Chargesheeted
2018,Bijapur,Burglary,17.145745,76.027272,2025-09-10,5,Under Investigation
2019,Bijapur,Burglary,16.898091,75.587879,2025-09-13,18,Chargesheeted
2020,Bijapur,Burglary,16.898644,75.587548,2025-11-01,4,Closed
2021,Bijapur,Burglary,17.15909,75.870461,2025-07-29,21,Closed
2022,Bijapur,Burglary,16.901644,75.595531,2025-10-26,3,Closed
2023,Bijapur,Assault,16.299684,76.003443,2025-10-15,21,Closed
2024,Bijapur,Assault,17.173102,75.848262,2025-04-17,16,Closed
2025,Bijapur,Assault,17.001512,76.191602,2025-04-05,20,Under Investigation
2026,Bijapur,Assault,16.457518,76.43055,2025-03-10,13,Closed
2027,Bijapur,Assault,17.140477,76.033757,2025-01-26,18,Closed
2028,Bijapur,Assault,17.176032,75.844126,2025-06-16,1,Under Investigation
2029,Bijapur,Assault,17.181354,75.870495,2025-09-14,11,Under Investigation
2030,Bijapur,Assault,16.368666,76.144527,2025-03-09,3,Closed
2031,Bijapur,Assault,16.976836,75.980377,2025-05-26,5,Closed
2032,Bijapur,Assault,16.976421,76.04401,2025-01-03,8,Chargesheeted
2033,Bijapur,Assault,16.77967,75.677864,2025-01-23,0,Under Investigation
2034,Bijapur,Assault,16.318837,76.19358,2025-02-09,5,Under Investigation
2035,Bijapur,Assault,17.096814,76.329452,2025-05-18,23,Under Investigation
2036,Bijapur,Assault,17.139481,76.03463,2025-09-16,12,Under Investigation
2037,Bijapur,Assault,16.91398,75.60551,2025-10-03,1,Under Investigation
2038,Bijapur,Assault,17.187361,75.860615,2025-12-20,14,Chargesheeted
2039,Bijapur,Assault,17.124083,76.034033,2025-12-02,4,Under Investigation
2040,Bijapur,Assault,16.765714,75.667469,2025-01-13,12,Chargesheeted
2041,Bijapur,Assault,17.132585,76.02523,2025-12-15,0,Closed
2042,Bijapur,Assault,16.889186,75.799952,2025-12-10,21,Chargesheeted
2043,Bijapur,Assault,16.888637,75.583834,2025-12-24,14,Under Investigation
2044,Bijapur,Assault,16.897554,75.58347,2025-01-29,5,Chargesheeted
2045,Bijapur,Assault,17.156558,75.856222,2025-11-23,0,Closed
2046,Bijapur,Assault,17.14115,76.029537,2025-04-05,23,Chargesheeted
2047,Bijapur,Assault,16.899475,75.591341,2025-01-25,1,Closed
2048,Bijapur,Assault,16.908593,75.590807,2025-01-06,13,Under Investigation
2049,Bijapur,Assault,17.17223,75.855016,2025-09-03,21,Chargesheeted
2050,Bijapur,Assault,17.138246,76.026576,2025-02-02,2,Under Investigation
2051,Bijapur,Assault,17.143731,76.027018,2025-11-16,17,Chargesheeted
2052,Bijapur,Assault,16.898911,75.572282,2025-04-07,20,Under Investigation
2053,Bijapur,Assault,16.895493,75.592737,2025-02-05,16,Closed
2054,Bijapur,Assault,17.141016,76.035343,2025-12-28,13,Closed
2055,Bijapur,Assault,16.896464,75.602445,2025-08-06,15,Under Investigation
2056,Bijapur,Assault,16.843936,75.664334,2025-07-15,19,Closed
2057,Bijapur,Assault,16.783284,75.691831,2025-08-14,7,Under Investigation
2058,Chamrajnagar,Theft,12.056849,77.431118,2025-05-09,17,Chargesheeted
2059,Chamrajnagar,Theft,12.043404,77.678689,2025-06-02,20,Under Investigation
2060,Chamrajnagar,Theft,12.030495,77.66891,2025-08-07,10,Under Investigation
2061,Chamrajnagar,Theft,12.025562,77.67837,2025-05-26,9,Under Investigation
2062,Chamrajnagar,Theft,11.844289,76.579288,2025-10-08,1,Closed
2063,Chamrajnagar,Theft,11.866875,76.57101,2025-12-14,1,Under Investigation
2064,Chamrajnagar,Theft,11.854483,76.572006,2025-06-14,13,Closed
2065,Chamrajnagar,Theft,11.85597,76.56724,2025-04-20,5,Chargesheeted
2066,Chamrajnagar,Theft,11.876344,76.561482,2025-02-19,4,Closed
2067,Chamrajnagar,Theft,12.03421,77.663895,2025-09-11,23,Chargesheeted
2068,Chamrajnagar,Theft,11.873125,76.566986,2025-10-14,5,Under Investigation
2069,Chamrajnagar,Theft,12.056498,77.418872,2025-01-13,19,Under Investigation
2070,Chamrajnagar,Theft,12.056509,77.41479,2025-01-04,12,Chargesheeted
2071,Chamrajnagar,Theft,12.027191,77.674989,2025-09-09,4,Closed
2072,Chamrajnagar,Theft,12.031971,77.672437,2025-01-22,21,Under Investigation
2073,Chamrajnagar,Theft,12.041097,77.405102,2025-09-28,20,Chargesheeted
2074,Chamrajnagar,Theft,12.030079,77.670594,2025-12-08,3,Under Investigation
2075,Chamrajnagar,Theft,11.859248,76.578164,2025-08-20,0,Closed
2076,Chamrajnagar,Theft,12.034806,77.68464,2025-12-30,22,Chargesheeted
2077,Chamrajnagar,Theft,12.026598,77.677037,2025-07-08,12,Chargesheeted
2078,Chamrajnagar,Theft,12.107493,77.719955,2025-05-20,11,Under Investigation
2079,Chamrajnagar,Theft,12.047021,77.415121,2025-04-01,16,Chargesheeted
2080,Chamrajnagar,Theft,11.861856,76.581295,2025-04-07,9,Chargesheeted
2081,Chamrajnagar,Theft,12.051063,77.422728,2025-05-10,22,Closed
2082,Chamrajnagar,Theft,12.025385,77.682807,2025-07-16,9,Chargesheeted
2083,Chamrajnagar,Theft,11.865729,76.573504,2025-10-31,12,Closed
2084,Chamrajnagar,Theft,12.035926,77.41468,2025-04-18,4,Under Investigation
2085,Chamrajnagar,Theft,12.042491,77.689516,2025-04-20,14,Under Investigation
2086,Chamrajnagar,Theft,12.030083,77.685146,2025-04-29,7,Chargesheeted
2087,Chamrajnagar,Theft,11.710583,76.456364,2025-08-18,11,Under Investigation
2088,Chamrajnagar,Theft,12.041911,77.674207,2025-08-15,14,Under Investigation
2089,Chamrajnagar,Theft,11.862649,76.572381,2025-10-13,15,Under Investigation
2090,Chamrajnagar,Theft,12.143336,77.374703,2025-07-01,3,Chargesheeted
2091,Chamrajnagar,Theft,12.039732,77.656928,2025-05-12,1,Under Investigation
2092,Chamrajnagar,Theft,12.039861,77.422263,2025-01-08,9,Chargesheeted
2093,Chamrajnagar,Theft,12.043726,77.553802,2025-08-07,16,Closed
2094,Chamrajnagar,Theft,11.855591,76.578372,2025-01-09,19,Under Investigation
2095,Chamrajnagar,Theft,11.852277,76.556136,2025-11-29,7,Closed
2096,Chamrajnagar,Theft,12.033666,77.683872,2025-12-26,4,Closed
2097,Chamrajnagar,Theft,11.864494,76.565123,2025-08-24,7,Under Investigation
2098,Chamrajnagar,Robbery,11.864863,76.553631,2025-05-08,22,Chargesheeted
2099,Chamrajnagar,Robbery,11.859303,76.567822,2025-07-12,13,Chargesheeted
2100,Chamrajnagar,Robbery,11.93766,77.536265,2025-03-21,3,Closed
2101,Chamrajnagar,Robbery,11.863121,77.050084,2025-01-01,19,Under Investigation
2102,Chamrajnagar,Robbery,12.050697,77.410232,2025-12-03,13,Under Investigation
2103,Chamrajnagar,Robbery,11.86862,76.577574,2025-02-18,20,Closed
2104,Chamrajnagar,Chain Snatching,11.970628,77.163545,2025-10-24,4,Under Investigation
2105,Chamrajnagar,Chain Snatching,12.030126,77.686384,2025-06-03,13,Chargesheeted
2106,Chamrajnagar,Chain Snatching,12.037481,77.680435,2025-05-29,18,Closed
2107,Chamrajnagar,Burglary,11.868198,76.549861,2025-06-09,16,Closed
2108,Chamrajnagar,Burglary,11.92742,76.904837,2025-02-17,5,Chargesheeted
2109,Chamrajnagar,Burglary,11.879373,76.579139,2025-05-18,4,Under Investigation
2110,Chamrajnagar,Burglary,12.263946,77.196247,2025-11-08,6,Chargesheeted
2111,Chamrajnagar,Burglary,12.023472,77.678076,2025-07-23,16,Chargesheeted
2112,Chamrajnagar,Burglary,12.031748,77.665466,2025-09-08,6,Chargesheeted
2113,Chamrajnagar,Burglary,12.061779,77.421309,2025-08-16,1,Closed
2114,Chamrajnagar,Burglary,12.017971,77.669305,2025-12-19,8,Under Investigation
2115,Chamrajnagar,Burglary,11.858101,76.559837,2025-01-26,11,Under Investigation
2116,Chamrajnagar,Burglary,11.919648,76.834592,2025-05-20,15,Closed
2117,Chamrajnagar,Burglary,12.043062,77.664803,2025-10-08,15,Under Investigation
2118,Chamrajnagar,Burglary,12.054892,77.405693,2025-10-10,16,Chargesheeted
2119,Chamrajnagar,Assault,12.059214,77.407443,2025-07-12,4,Chargesheeted
2120,Chamrajnagar,Assault,11.853206,76.567864,2025-05-20,20,Closed
2121,Chamrajnagar,Assault,12.03891,77.409733,2025-02-04,0,Under Investigation
2122,Chamrajnagar,Assault,11.83509,77.152593,2025-11-30,18,Closed
2123,Chamrajnagar,Assault,12.040745,77.678979,2025-07-12,12,Chargesheeted
2124,Chamrajnagar,Assault,12.060749,77.418662,2025-07-12,2,Chargesheeted
2125,Chamrajnagar,Assault,11.858379,76.576208,2025-03-13,10,Chargesheeted
2126,Chamrajnagar,Assault,11.972508,77.553756,2025-10-02,8,Chargesheeted
2127,Chamrajnagar,Assault,12.06594,77.422795,2025-02-17,7,Closed
2128,Chamrajnagar,Assault,12.041846,77.670473,2025-10-27,15,Chargesheeted
2129,Chamrajnagar,Assault,12.046951,77.410369,2025-02-27,3,Closed
2130,Chamrajnagar,Assault,11.869771,76.562618,2025-05-16,4,Chargesheeted
2131,Chamrajnagar,Assault,12.057287,77.410732,2025-07-30,22,Chargesheeted
2132,Chamrajnagar,Assault,11.861364,76.565288,2025-08-06,13,Chargesheeted
2133,Chamrajnagar,Assault,12.022669,77.678182,2025-12-17,10,Under Investigation
2134,Chamrajnagar,Assault,11.711905,76.424582,2025-06-19,22,Chargesheeted
2135,Chamrajnagar,Assault,12.041343,77.673402,2025-02-24,17,Chargesheeted
2136,Chamrajnagar,Assault,12.043227,77.658923,2025-01-25,17,Chargesheeted
2137,Chamrajnagar,Assault,12.042482,77.671037,2025-11-21,3,Chargesheeted
2138,Chamrajnagar,Assault,12.051043,77.404139,2025-01-09,8,Chargesheeted
2139,Chikmagalur,Theft,13.424844,75.680463,2025-03-06,17,Chargesheeted
2140,Chikmagalur,Theft,13.419982,75.667396,2025-05-06,14,Closed
2141,Chikmagalur,Theft,13.570091,76.332883,2025-10-28,16,Chargesheeted
2142,Chikmagalur,Theft,13.200415,75.663219,2025-08-08,1,Chargesheeted
2143,Chikmagalur,Theft,13.21444,75.654888,2025-06-12,0,Closed
2144,Chikmagalur,Theft,13.820973,75.983197,2025-10-07,10,Closed
2145,Chikmagalur,Theft,13.206939,75.65707,2025-02-21,11,Chargesheeted
2146,Chikmagalur,Theft,13.511724,76.233105,2025-01-10,21,Closed
2147,Chikmagalur,Theft,13.202705,75.649097,2025-11-17,1,Under Investigation
2148,Chikmagalur,Theft,13.41255,75.67429,2025-08-02,15,Chargesheeted
2149,Chikmagalur,Theft,12.989324,75.561031,2025-09-22,20,Chargesheeted
2150,Chikmagalur,Theft,13.318466,75.778916,2025-12-08,12,Closed
2151,Chikmagalur,Theft,13.376574,75.218601,2025-03-18,20,Under Investigation
2152,Chikmagalur,Theft,13.201765,75.423385,2025-06-24,6,Chargesheeted
2153,Chikmagalur,Theft,13.19991,75.673672,2025-07-18,17,Closed
2154,Chikmagalur,Theft,13.555886,75.837532,2025-03-17,9,Under Investigation
2155,Chikmagalur,Theft,13.197244,75.673134,2025-06-05,20,Chargesheeted
2156,Chikmagalur,Theft,13.576564,76.325924,2025-10-05,7,Chargesheeted
2157,Chikmagalur,Theft,13.182738,75.684679,2025-12-04,12,Under Investigation
2158,Chikmagalur,Theft,12.988093,75.558516,2025-10-23,11,Under Investigation
2159,Chikmagalur,Theft,13.424242,75.678756,2025-06-08,17,Closed
2160,Chikmagalur,Theft,12.98492,75.555578,2025-06-06,8,Chargesheeted
2161,Chikmagalur,Theft,13.509922,76.239433,2025-10-19,22,Closed
2162,Chikmagalur,Theft,13.192723,75.652264,2025-07-13,4,Closed
2163,Chikmagalur,Theft,13.496846,76.231407,2025-12-06,23,Closed
2164,Chikmagalur,Theft,13.205477,75.661467,2025-12-15,9,Under Investigation
2165,Chikmagalur,Theft,13.424678,75.682306,2025-06-01,14,Closed
2166,Chikmagalur,Theft,13.570384,76.328879,2025-11-10,23,Chargesheeted
2167,Chikmagalur,Theft,13.438553,75.688386,2025-07-28,6,Under Investigation
2168,Chikmagalur,Theft,13.573226,76.33489,2025-01-05,0,Closed
2169,Chikmagalur,Theft,12.986378,75.552108,2025-03-23,5,Chargesheeted
2170,Chikmagalur,Theft,13.437078,75.682862,2025-11-17,5,Chargesheeted
2171,Chikmagalur,Theft,13.501887,76.235711,2025-06-15,12,Chargesheeted
2172,Chikmagalur,Theft,13.551963,76.129341,2025-05-11,0,Under Investigation
2173,Chikmagalur,Theft,13.557126,76.319524,2025-05-03,6,Closed
2174,Chikmagalur,Theft,13.19653,75.659577,2025-04-20,15,Chargesheeted
2175,Chikmagalur,Theft,13.514134,76.238021,2025-10-25,5,Closed
2176,Chikmagalur,Theft,13.427233,75.668207,2025-03-21,12,Closed
2177,Chikmagalur,Theft,13.511338,75.775322,2025-06-12,1,Chargesheeted
2178,Chikmagalur,Theft,12.980607,75.548462,2025-11-30,21,Closed
2179,Chikmagalur,Theft,13.577403,76.332128,2025-08-13,6,Chargesheeted
2180,Chikmagalur,Theft,13.582257,76.331328,2025-10-05,21,Chargesheeted
2181,Chikmagalur,Theft,13.42572,75.69507,2025-09-01,11,Closed
2182,Chikmagalur,Theft,12.96989,75.546914,2025-10-29,13,Chargesheeted
2183,Chikmagalur,Theft,13.58192,75.489442,2025-07-04,2,Chargesheeted
2184,Chikmagalur,Robbery,13.455808,75.389488,2025-10-12,14,Closed
2185,Chikmagalur,Robbery,13.197568,75.727164,2025-05-23,20,Under Investigation
2186,Chikmagalur,Robbery,13.580064,76.331786,2025-08-27,5,Chargesheeted
2187,Chikmagalur,Robbery,13.194455,75.66565,2025-04-29,8,Under Investigation
2188,Chikmagalur,Robbery,13.204567,75.655023,2025-11-16,12,Closed
2189,Chikmagalur,Robbery,13.634062,75.984067,2025-06-05,5,Closed
2190,Chikmagalur,Robbery,13.512018,76.228898,2025-05-14,19,Closed
2191,Chikmagalur,Chain Snatching,13.427332,75.675708,2025-06-08,6,Closed
2192,Chikmagalur,Chain Snatching,13.416581,75.677693,2025-07-05,11,Under Investigation
2193,Chikmagalur,Chain Snatching,13.491212,76.221125,2025-10-08,20,Closed
2194,Chikmagalur,Burglary,13.433665,75.668083,2025-01-28,17,Chargesheeted
2195,Chikmagalur,Burglary,13.513551,76.236733,2025-12-15,4,Chargesheeted
2196,Chikmagalur,Burglary,13.43192,75.68312,2025-05-07,15,Chargesheeted
2197,Chikmagalur,Burglary,13.511662,76.233263,2025-06-07,23,Chargesheeted
2198,Chikmagalur,Burglary,13.582129,76.324583,2025-09-19,13,Chargesheeted
2199,Chikmagalur,Burglary,13.212536,75.669526,2025-08-06,11,Closed
2200,Chikmagalur,Burglary,13.418111,75.687984,2025-10-26,8,Closed
2201,Chikmagalur,Burglary,13.55364,75.93334,2025-12-15,11,Under Investigation
2202,Chikmagalur,Burglary,13.198092,75.665691,2025-03-31,11,Under Investigation
2203,Chikmagalur,Burglary,13.584068,76.324988,2025-09-25,10,Chargesheeted
2204,Chikmagalur,Burglary,13.515345,76.233764,2025-07-13,16,Closed
2205,Chikmagalur,Burglary,13.583293,76.327223,2025-12-20,22,Under Investigation
2206,Chikmagalur,Burglary,13.09096,75.576218,2025-04-28,9,Chargesheeted
2207,Chikmagalur,Burglary,13.500342,75.793716,2025-11-11,12,Chargesheeted
2208,Chikmagalur,Burglary,12.984732,75.557362,2025-04-22,3,Chargesheeted
2209,Chikmagalur,Assault,13.198013,75.663935,2025-04-27,10,Under Investigation
2210,Chikmagalur,Assault,13.431465,75.656538,2025-02-01,14,Under Investigation
2211,Chikmagalur,Assault,13.515799,76.246711,2025-07-25,8,Under Investigation
2212,Chikmagalur,Assault,13.033289,75.546968,2025-12-27,5,Chargesheeted
2213,Chikmagalur,Assault,12.987076,75.545862,2025-10-23,11,Chargesheeted
2214,Chikmagalur,Assault,13.43755,75.671987,2025-03-29,10,Closed
2215,Chikmagalur,Assault,13.457974,76.115293,2025-07-02,14,Under Investigation
2216,Chikmagalur,Assault,13.408127,75.681733,2025-03-18,4,Closed
2217,Chikmagalur,Assault,12.976723,75.558487,2025-04-01,19,Closed
2218,Chikmagalur,Assault,13.580323,76.329842,2025-10-14,13,Under Investigation
2219,Chikmagalur,Assault,13.417787,75.688408,2025-11-01,5,Closed
2220,Chikmagalur,Assault,13.210904,75.662124,2025-06-18,5,Closed
2221,Chikmagalur,Assault,12.981446,75.552573,2025-10-10,15,Closed
2222,Chikmagalur,Assault,13.175224,75.508306,2025-09-04,3,Under Investigation
2223,Chikmagalur,Assault,13.52705,76.226242,2025-04-17,13,Closed
2224,Chikmagalur,Assault,13.196291,75.669469,2025-03-27,13,Chargesheeted
2225,Chikmagalur,Assault,13.435214,75.689303,2025-10-25,8,Closed
2226,Chikmagalur,Assault,12.9902,75.558552,2025-01-18,6,Closed
2227,Chikmagalur,Assault,13.498031,76.227891,2025-04-08,22,Closed
2228,Chikmagalur,Assault,13.371449,75.69499,2025-02-23,22,Closed
2229,Chikmagalur,Assault,13.000491,75.576555,2025-10-30,9,Under Investigation
2230,Chikmagalur,Assault,13.197346,75.665498,2025-09-18,8,Chargesheeted
2231,Chitradurga,Theft,14.039213,76.697682,2025-12-18,18,Chargesheeted
2232,Chitradurga,Theft,14.250477,76.855337,2025-01-05,12,Chargesheeted
2233,Chitradurga,Theft,14.023322,76.688563,2025-01-27,8,Chargesheeted
2234,Chitradurga,Theft,14.244946,76.858941,2025-07-26,4,Chargesheeted
2235,Chitradurga,Theft,13.758562,76.297402,2025-11-02,16,Closed
2236,Chitradurga,Theft,13.744217,76.385625,2025-07-19,22,Under Investigation
2237,Chitradurga,Theft,14.040031,76.682623,2025-04-23,15,Under Investigation
2238,Chitradurga,Theft,14.300021,76.775183,2025-07-10,3,Under Investigation
2239,Chitradurga,Theft,14.309494,76.768465,2025-03-23,13,Closed
2240,Chitradurga,Theft,14.310276,76.772568,2025-02-21,16,Chargesheeted
2241,Chitradurga,Theft,14.292534,76.771786,2025-08-30,22,Chargesheeted
2242,Chitradurga,Theft,14.289357,76.764779,2025-08-06,19,Under Investigation
2243,Chitradurga,Theft,14.299407,76.757863,2025-07-08,9,Under Investigation
2244,Chitradurga,Theft,14.536113,76.778402,2025-12-29,3,Under Investigation
2245,Chitradurga,Theft,14.048761,76.707471,2025-07-10,22,Chargesheeted
2246,Chitradurga,Theft,14.298268,76.774439,2025-08-01,14,Closed
2247,Chitradurga,Theft,13.778879,76.333191,2025-01-16,13,Chargesheeted
2248,Chitradurga,Theft,14.037426,76.694727,2025-01-18,15,Under Investigation
2249,Chitradurga,Theft,14.362585,76.540983,2025-08-27,20,Chargesheeted
2250,Chitradurga,Theft,14.245955,76.84549,2025-01-15,5,Chargesheeted
2251,Chitradurga,Theft,14.030148,76.686718,2025-06-01,4,Under Investigation
2252,Chitradurga,Theft,14.086955,76.330278,2025-03-17,5,Closed
2253,Chitradurga,Theft,14.301668,76.756667,2025-10-17,7,Under Investigation
2254,Chitradurga,Theft,14.312592,76.781005,2025-12-15,8,Closed
2255,Chitradurga,Theft,14.296417,76.780232,2025-08-07,13,Closed
2256,Chitradurga,Theft,14.440691,76.767635,2025-04-28,13,Chargesheeted
2257,Chitradurga,Theft,14.048563,76.701485,2025-10-02,17,Chargesheeted
2258,Chitradurga,Theft,14.037301,76.702697,2025-03-11,1,Chargesheeted
2259,Chitradurga,Theft,14.243587,76.839989,2025-12-29,16,Under Investigation
2260,Chitradurga,Theft,13.7667,76.478645,2025-11-07,10,Closed
2261,Chitradurga,Theft,14.242935,76.855743,2025-06-07,14,Chargesheeted
2262,Chitradurga,Theft,14.03968,76.708972,2025-07-21,10,Chargesheeted
2263,Chitradurga,Theft,14.238088,76.857437,2025-02-25,20,Closed
2264,Chitradurga,Theft,14.250858,76.855918,2025-04-12,14,Closed
2265,Chitradurga,Theft,14.025912,76.689757,2025-10-01,3,Under Investigation
2266,Chitradurga,Theft,14.241919,76.850298,2025-05-19,13,Closed
2267,Chitradurga,Theft,14.259981,76.839514,2025-01-05,13,Closed
2268,Chitradurga,Theft,14.251635,76.841982,2025-01-29,8,Closed
2269,Chitradurga,Theft,14.038164,76.697835,2025-11-07,19,Chargesheeted
2270,Chitradurga,Theft,14.532264,76.626133,2025-09-11,5,Closed
2271,Chitradurga,Robbery,14.030241,76.691235,2025-09-18,16,Chargesheeted
2272,Chitradurga,Robbery,14.225295,76.211021,2025-04-17,20,Closed
2273,Chitradurga,Robbery,14.306295,76.77356,2025-07-09,1,Under Investigation
2274,Chitradurga,Robbery,14.043842,76.680694,2025-04-20,13,Under Investigation
2275,Chitradurga,Robbery,14.049115,76.812744,2025-01-06,10,Closed
2276,Chitradurga,Robbery,14.261601,76.853585,2025-08-31,1,Chargesheeted
2277,Chitradurga,Chain Snatching,14.044128,76.689484,2025-08-28,9,Under Investigation
2278,Chitradurga,Chain Snatching,14.515883,76.512044,2025-11-24,17,Under Investigation
2279,Chitradurga,Chain Snatching,14.292892,76.24238,2025-02-28,3,Under Investigation
2280,Chitradurga,Burglary,14.401941,76.410348,2025-03-15,23,Under Investigation
2281,Chitradurga,Burglary,14.053588,76.693762,2025-01-19,8,Under Investigation
2282,Chitradurga,Burglary,14.035135,76.697667,2025-11-15,19,Under Investigation
2283,Chitradurga,Burglary,14.243648,76.841468,2025-04-24,15,Closed
2284,Chitradurga,Burglary,14.29038,76.764305,2025-12-28,20,Closed
2285,Chitradurga,Burglary,14.242046,76.846707,2025-01-19,15,Closed
2286,Chitradurga,Burglary,14.162511,76.479353,2025-06-07,16,Chargesheeted
2287,Chitradurga,Burglary,14.033266,76.702078,2025-10-24,2,Closed
2288,Chitradurga,Burglary,14.292903,76.765316,2025-10-10,18,Chargesheeted
2289,Chitradurga,Burglary,14.281671,76.761083,2025-11-19,8,Closed
2290,Chitradurga,Burglary,14.301486,76.776409,2025-09-28,9,Under Investigation
2291,Chitradurga,Burglary,14.032262,76.679103,2025-01-15,9,Under Investigation
2292,Chitradurga,Assault,14.26968,76.835119,2025-06-15,22,Chargesheeted
2293,Chitradurga,Assault,14.305444,76.767319,2025-06-25,21,Closed
2294,Chitradurga,Assault,14.241931,76.838158,2025-04-07,7,Under Investigation
2295,Chitradurga,Assault,14.288788,76.770978,2025-03-07,16,Under Investigation
2296,Chitradurga,Assault,14.243327,76.850138,2025-04-01,18,Chargesheeted
2297,Chitradurga,Assault,14.033974,76.702819,2025-03-03,17,Closed
2298,Chitradurga,Assault,14.284796,76.769941,2025-11-16,19,Closed
2299,Chitradurga,Assault,14.25981,76.834551,2025-08-12,18,Under Investigation
2300,Chitradurga,Assault,14.04982,76.694256,2025-07-21,20,Chargesheeted
2301,Chitradurga,Assault,14.234728,76.849536,2025-11-10,17,Chargesheeted
2302,Chitradurga,Assault,14.039144,76.693908,2025-02-18,4,Under Investigation
2303,Chitradurga,Assault,14.840522,76.788291,2025-07-02,3,Closed
2304,Chitradurga,Assault,14.245832,76.846806,2025-12-30,3,Chargesheeted
2305,Chitradurga,Assault,14.02086,76.698743,2025-12-07,11,Chargesheeted
2306,Chitradurga,Assault,13.814078,76.251076,2025-09-06,13,Closed
2307,Chitradurga,Assault,14.298461,76.766787,2025-06-21,22,Chargesheeted
2308,Chitradurga,Assault,14.455533,76.956006,2025-03-15,6,Under Investigation
2309,Chitradurga,Assault,14.289636,76.775369,2025-03-27,12,Chargesheeted
2310,Chitradurga,Assault,14.263956,76.851994,2025-04-20,15,Closed
2311,Chitradurga,Assault,14.03935,76.684015,2025-07-09,16,Closed
2312,Dakshin Kannad,Theft,13.105648,75.17272,2025-04-21,12,Under Investigation
2313,Dakshin Kannad,Theft,12.993046,75.346443,2025-08-23,1,Closed
2314,Dakshin Kannad,Theft,12.57743,75.390031,2025-02-09,4,Chargesheeted
2315,Dakshin Kannad,Theft,12.978193,75.094042,2025-05-01,16,Closed
2316,Dakshin Kannad,Theft,12.5693,75.380344,2025-01-02,21,Chargesheeted
2317,Dakshin Kannad,Theft,12.983034,75.118448,2025-11-10,15,Chargesheeted
2318,Dakshin Kannad,Theft,12.768542,75.475954,2025-12-06,17,Under Investigation
2319,Dakshin Kannad,Theft,12.771654,75.190344,2025-05-12,17,Chargesheeted
2320,Dakshin Kannad,Theft,12.68304,75.542123,2025-05-06,6,Closed
2321,Dakshin Kannad,Theft,12.855656,75.553723,2025-07-19,7,Closed
2322,Dakshin Kannad,Theft,12.688288,75.540438,2025-09-21,21,Chargesheeted
2323,Dakshin Kannad,Theft,12.575198,75.38524,2025-10-04,2,Under Investigation
2324,Dakshin Kannad,Theft,12.973068,75.104875,2025-11-23,1,Closed
2325,Dakshin Kannad,Theft,12.753721,75.624634,2025-06-28,23,Closed
2326,Dakshin Kannad,Theft,12.969688,75.112966,2025-10-27,8,Chargesheeted
2327,Dakshin Kannad,Theft,12.560342,75.389674,2025-10-25,16,Chargesheeted
2328,Dakshin Kannad,Theft,12.654467,75.469597,2025-02-02,4,Closed
2329,Dakshin Kannad,Theft,12.954504,75.379455,2025-05-22,3,Under Investigation
2330,Dakshin Kannad,Theft,12.681999,75.061657,2025-10-24,6,Chargesheeted
2331,Dakshin Kannad,Theft,12.5703,75.386656,2025-07-24,13,Closed
2332,Dakshin Kannad,Theft,12.961289,75.109813,2025-04-11,13,Closed
2333,Dakshin Kannad,Theft,12.861257,75.545777,2025-01-01,19,Under Investigation
2334,Dakshin Kannad,Theft,12.770629,75.479654,2025-05-28,21,Chargesheeted
2335,Dakshin Kannad,Theft,12.682776,75.529673,2025-01-06,14,Closed
2336,Dakshin Kannad,Theft,12.609141,75.639797,2025-04-29,5,Chargesheeted
2337,Dakshin Kannad,Theft,12.66583,75.551625,2025-09-20,9,Chargesheeted
2338,Dakshin Kannad,Theft,12.736953,75.429076,2025-02-14,21,Under Investigation
2339,Dakshin Kannad,Theft,12.777979,75.484702,2025-03-28,20,Under Investigation
2340,Dakshin Kannad,Theft,12.779655,75.185133,2025-08-20,0,Under Investigation
2341,Dakshin Kannad,Theft,12.96601,75.111755,2025-09-15,19,Chargesheeted
2342,Dakshin Kannad,Theft,12.774862,75.187367,2025-10-19,18,Under Investigation
2343,Dakshin Kannad,Theft,12.974797,75.102703,2025-04-17,2,Closed
2344,Dakshin Kannad,Theft,12.774812,75.184374,2025-10-31,9,Closed
2345,Dakshin Kannad,Theft,12.982314,75.104593,2025-12-25,3,Closed
2346,Dakshin Kannad,Theft,12.961952,75.113419,2025-11-13,22,Chargesheeted
2347,Dakshin Kannad,Theft,12.564146,75.376931,2025-03-12,13,Chargesheeted
2348,Dakshin Kannad,Theft,12.862515,75.55874,2025-10-14,8,Chargesheeted
2349,Dakshin Kannad,Theft,12.67256,75.542124,2025-06-05,2,Under Investigation
2350,Dakshin Kannad,Theft,12.97012,75.09577,2025-06-20,15,Closed
2351,Dakshin Kannad,Theft,12.775073,75.186064,2025-06-24,17,Closed
2352,Dakshin Kannad,Robbery,12.974872,75.127107,2025-06-27,14,Closed
2353,Dakshin Kannad,Robbery,12.570399,75.374739,2025-02-06,21,Under Investigation
2354,Dakshin Kannad,Robbery,12.781094,75.195095,2025-02-07,7,Closed
2355,Dakshin Kannad,Robbery,12.752202,75.274644,2025-04-06,5,Under Investigation
2356,Dakshin Kannad,Robbery,12.684588,75.544591,2025-10-29,2,Under Investigation
2357,Dakshin Kannad,Robbery,12.684552,75.544348,2025-03-19,7,Under Investigation
2358,Dakshin Kannad,Chain Snatching,12.783428,75.184369,2025-03-08,1,Under Investigation
2359,Dakshin Kannad,Chain Snatching,12.67689,75.546128,2025-02-23,10,Under Investigation
2360,Dakshin Kannad,Chain Snatching,12.668457,75.543769,2025-12-27,18,Under Investigation
2361,Dakshin Kannad,Burglary,12.972088,75.107525,2025-06-06,7,Under Investigation
2362,Dakshin Kannad,Burglary,12.777374,75.475557,2025-09-19,13,Closed
2363,Dakshin Kannad,Burglary,12.873458,75.546743,2025-07-05,5,Chargesheeted
2364,Dakshin Kannad,Burglary,12.572248,75.369367,2025-08-30,8,Under Investigation
2365,Dakshin Kannad,Burglary,12.857092,75.546643,2025-05-23,16,Under Investigation
2366,Dakshin Kannad,Burglary,12.68349,75.557971,2025-04-27,0,Closed
2367,Dakshin Kannad,Burglary,12.978071,75.105947,2025-05-02,11,Chargesheeted
2368,Dakshin Kannad,Burglary,12.689368,75.327876,2025-11-24,16,Closed
2369,Dakshin Kannad,Burglary,12.575644,75.378916,2025-03-04,6,Chargesheeted
2370,Dakshin Kannad,Burglary,12.702684,75.14334,2025-06-10,5,Chargesheeted
2371,Dakshin Kannad,Burglary,12.677192,75.552126,2025-04-09,13,Closed
2372,Dakshin Kannad,Burglary,12.857506,75.568141,2025-10-20,3,Closed
2373,Dakshin Kannad,Assault,12.770185,75.182764,2025-08-15,14,Closed
2374,Dakshin Kannad,Assault,12.975129,75.098777,2025-05-12,16,Closed
2375,Dakshin Kannad,Assault,13.098303,75.415792,2025-10-04,6,Chargesheeted
2376,Dakshin Kannad,Assault,12.980061,74.905031,2025-12-21,5,Closed
2377,Dakshin Kannad,Assault,12.907403,75.172835,2025-07-17,9,Closed
2378,Dakshin Kannad,Assault,12.778692,75.470165,2025-06-11,23,Under Investigation
2379,Dakshin Kannad,Assault,12.847007,75.56301,2025-06-11,19,Chargesheeted
2380,Dakshin Kannad,Assault,12.972507,75.102285,2025-10-15,22,Under Investigation
2381,Dakshin Kannad,Assault,12.672796,75.542791,2025-01-04,16,Chargesheeted
2382,Dakshin Kannad,Assault,12.735007,75.22458,2025-08-21,11,Closed
2383,Dakshin Kannad,Assault,12.768697,75.475024,2025-04-16,5,Chargesheeted
2384,Dakshin Kannad,Assault,12.925716,75.307901,2025-08-14,7,Chargesheeted
2385,Dakshin Kannad,Assault,12.758057,75.479882,2025-10-04,4,Closed
2386,Dakshin Kannad,Assault,12.772358,75.476896,2025-07-20,15,Closed
2387,Dakshin Kannad,Assault,12.774804,75.4817,2025-08-02,16,Closed
2388,Dakshin Kannad,Assault,12.777899,75.47294,2025-09-17,10,Chargesheeted
2389,Dakshin Kannad,Assault,12.768176,75.18241,2025-04-09,11,Under Investigation
2390,Dakshin Kannad,Assault,12.735684,75.432621,2025-08-18,16,Chargesheeted
2391,Dakshin Kannad,Assault,12.668306,75.5459,2025-11-08,10,Chargesheeted
2392,Dakshin Kannad,Assault,12.968171,75.105782,2025-08-16,15,Under Investigation
2393,Davanagere,Theft,14.558857,76.116804,2025-05-24,1,Chargesheeted
2394,Davanagere,Theft,14.42075,75.711243,2025-11-14,13,Chargesheeted
2395,Davanagere,Theft,14.490579,76.041048,2025-07-07,7,Under Investigation
2396,Davanagere,Theft,13.938533,75.74764,2025-06-14,19,Chargesheeted
2397,Davanagere,Theft,14.400407,76.000422,2025-09-07,5,Closed
2398,Davanagere,Theft,14.213961,75.93392,2025-04-08,6,Under Investigation
2399,Davanagere,Theft,14.458621,76.206751,2025-06-02,22,Closed
2400,Davanagere,Theft,14.507806,76.037414,2025-02-06,9,Chargesheeted
2401,Davanagere,Theft,14.259193,75.869928,2025-10-05,10,Chargesheeted
2402,Davanagere,Theft,14.559289,76.124717,2025-09-28,6,Chargesheeted
2403,Davanagere,Theft,14.561194,76.125261,2025-02-24,4,Closed
2404,Davanagere,Theft,14.806162,76.104157,2025-10-26,23,Under Investigation
2405,Davanagere,Theft,14.429736,75.732363,2025-04-30,3,Under Investigation
2406,Davanagere,Theft,14.255903,75.884107,2025-05-25,6,Closed
2407,Davanagere,Theft,13.803145,75.907512,2025-07-15,22,Closed
2408,Davanagere,Theft,14.256977,75.887358,2025-06-23,2,Under Investigation
2409,Davanagere,Theft,14.46776,76.21054,2025-09-28,21,Under Investigation
2410,Davanagere,Theft,14.585729,76.112724,2025-08-18,15,Closed
2411,Davanagere,Theft,14.556107,76.120917,2025-12-27,21,Closed
2412,Davanagere,Theft,14.265916,75.874697,2025-10-30,7,Chargesheeted
2413,Davanagere,Theft,14.204963,75.923753,2025-07-20,16,Closed
2414,Davanagere,Theft,14.261363,75.88188,2025-11-07,7,Closed
2415,Davanagere,Theft,14.260543,75.875953,2025-04-28,23,Closed
2416,Davanagere,Theft,14.212333,75.936987,2025-05-31,7,Under Investigation
2417,Davanagere,Theft,14.425624,75.712005,2025-12-30,12,Chargesheeted
2418,Davanagere,Theft,14.556271,76.125333,2025-03-19,11,Chargesheeted
2419,Davanagere,Theft,14.213255,75.938108,2025-03-06,18,Closed
2420,Davanagere,Theft,14.422435,75.724749,2025-06-14,13,Closed
2421,Davanagere,Theft,14.211231,75.926525,2025-10-03,0,Chargesheeted
2422,Davanagere,Theft,14.425438,75.70485,2025-12-14,19,Chargesheeted
2423,Davanagere,Theft,14.477443,76.196613,2025-07-26,13,Closed
2424,Davanagere,Theft,14.503611,76.040813,2025-11-20,12,Under Investigation
2425,Davanagere,Theft,14.43129,75.726214,2025-06-10,5,Chargesheeted
2426,Davanagere,Theft,14.256705,75.879421,2025-01-18,9,Chargesheeted
2427,Davanagere,Theft,14.254113,75.865054,2025-06-15,18,Under Investigation
2428,Davanagere,Theft,14.579837,76.127485,2025-08-23,16,Under Investigation
2429,Davanagere,Theft,14.467938,76.198958,2025-06-05,13,Under Investigation
2430,Davanagere,Theft,14.254212,75.68857,2025-05-03,1,Closed
2431,Davanagere,Theft,14.491124,76.035049,2025-03-24,10,Closed
2432,Davanagere,Theft,14.43602,75.718814,2025-03-17,13,Closed
2433,Davanagere,Robbery,14.424706,75.718332,2025-04-04,4,Closed
2434,Davanagere,Robbery,14.570771,76.120101,2025-05-08,20,Closed
2435,Davanagere,Robbery,14.566039,76.115166,2025-10-24,22,Closed
2436,Davanagere,Robbery,14.569666,76.121519,2025-07-03,21,Under Investigation
2437,Davanagere,Robbery,14.488331,76.209701,2025-01-31,8,Chargesheeted
2438,Davanagere,Robbery,14.480608,76.209043,2025-07-23,15,Under Investigation
2439,Davanagere,Chain Snatching,14.063148,75.872132,2025-12-16,12,Chargesheeted
2440,Davanagere,Chain Snatching,14.478212,76.211474,2025-12-22,14,Chargesheeted
2441,Davanagere,Chain Snatching,14.423905,75.722454,2025-12-18,0,Closed
2442,Davanagere,Burglary,14.48857,76.193984,2025-04-11,5,Chargesheeted
2443,Davanagere,Burglary,14.809362,76.064236,2025-04-17,16,Chargesheeted
2444,Davanagere,Burglary,14.412428,75.713877,2025-04-23,18,Chargesheeted
2445,Davanagere,Burglary,13.782272,75.761293,2025-06-21,17,Closed
2446,Davanagere,Burglary,14.577234,76.128143,2025-08-21,17,Closed
2447,Davanagere,Burglary,14.501294,76.030877,2025-12-22,7,Chargesheeted
2448,Davanagere,Burglary,14.428238,75.717723,2025-03-07,2,Closed
2449,Davanagere,Burglary,14.218351,75.943611,2025-05-31,16,Closed
2450,Davanagere,Burglary,14.560317,76.11884,2025-05-04,2,Chargesheeted
2451,Davanagere,Burglary,14.250131,75.877437,2025-01-09,6,Chargesheeted
2452,Davanagere,Burglary,14.489434,76.046953,2025-10-20,21,Under Investigation
2453,Davanagere,Burglary,14.470489,76.214502,2025-09-17,15,Closed
2454,Davanagere,Assault,14.264608,75.888073,2025-05-03,0,Under Investigation
2455,Davanagere,Assault,14.509348,76.043468,2025-11-17,5,Closed
2456,Davanagere,Assault,14.570803,76.117363,2025-06-12,7,Under Investigation
2457,Davanagere,Assault,14.199113,75.945509,2025-03-17,1,Chargesheeted
2458,Davanagere,Assault,14.584906,76.128749,2025-05-10,10,Chargesheeted
2459,Davanagere,Assault,14.197471,75.931693,2025-04-29,16,Chargesheeted
2460,Davanagere,Assault,14.197091,75.942939,2025-10-05,2,Chargesheeted
2461,Davanagere,Assault,14.208357,75.945722,2025-06-19,20,Closed
2462,Davanagere,Assault,14.422384,75.714859,2025-11-05,16,Chargesheeted
2463,Davanagere,Assault,14.468886,76.214575,2025-06-08,23,Chargesheeted
2464,Davanagere,Assault,14.282622,75.650099,2025-03-14,10,Chargesheeted
2465,Davanagere,Assault,14.293958,75.900403,2025-03-01,15,Under Investigation
2466,Davanagere,Assault,14.481417,76.192802,2025-07-31,3,Under Investigation
2467,Davanagere,Assault,14.265017,75.866222,2025-12-25,17,Closed
2468,Davanagere,Assault,14.263203,76.048627,2025-09-20,10,Under Investigation
2469,Davanagere,Assault,14.197828,75.925356,2025-01-23,9,Closed
2470,Davanagere,Assault,14.36155,75.8384,2025-04-17,16,Chargesheeted
2471,Davanagere,Assault,14.252746,75.890741,2025-12-25,17,Under Investigation
2472,Davanagere,Assault,14.203964,75.935919,2025-05-20,2,Under Investigation
2473,Davanagere,Assault,14.425024,75.700097,2025-11-21,17,Under Investigation
2474,Dharwad,Theft,15.523623,75.337557,2025-12-05,21,Under Investigation
2475,Dharwad,Theft,15.303906,75.05929,2025-02-19,4,Closed
2476,Dharwad,Theft,15.536718,75.297866,2025-10-31,17,Under Investigation
2477,Dharwad,Theft,15.434485,74.886342,2025-06-28,19,Chargesheeted
2478,Dharwad,Theft,15.309858,75.059932,2025-11-27,2,Chargesheeted
2479,Dharwad,Theft,15.31601,75.060369,2025-10-15,15,Closed
2480,Dharwad,Theft,15.594018,75.157839,2025-01-18,9,Under Investigation
2481,Dharwad,Theft,15.171209,74.906601,2025-11-17,6,Closed
2482,Dharwad,Theft,15.430299,74.87993,2025-10-26,3,Closed
2483,Dharwad,Theft,15.307767,75.045801,2025-06-16,22,Under Investigation
2484,Dharwad,Theft,15.448625,74.878649,2025-11-22,2,Closed
2485,Dharwad,Theft,15.299903,75.063419,2025-06-05,15,Under Investigation
2486,Dharwad,Theft,15.612233,74.959795,2025-07-28,19,Chargesheeted
2487,Dharwad,Theft,15.446018,74.892537,2025-05-11,8,Chargesheeted
2488,Dharwad,Theft,15.595418,74.967603,2025-09-17,5,Chargesheeted
2489,Dharwad,Theft,15.303449,75.050969,2025-07-06,5,Closed
2490,Dharwad,Theft,15.61126,74.961317,2025-03-24,13,Under Investigation
2491,Dharwad,Theft,15.153746,74.987959,2025-07-23,9,Closed
2492,Dharwad,Theft,15.311082,75.049504,2025-11-26,1,Under Investigation
2493,Dharwad,Theft,15.457464,74.881237,2025-07-14,14,Closed
2494,Dharwad,Theft,15.596486,74.976605,2025-01-01,10,Chargesheeted
2495,Dharwad,Theft,15.589094,74.973865,2025-09-30,10,Chargesheeted
2496,Dharwad,Theft,15.21296,74.993338,2025-01-18,13,Closed
2497,Dharwad,Theft,15.611443,74.975153,2025-02-27,4,Chargesheeted
2498,Dharwad,Theft,15.612416,74.969036,2025-02-21,10,Chargesheeted
2499,Dharwad,Theft,15.30956,74.883663,2025-06-09,23,Closed
2500,Dharwad,Theft,15.621485,75.327226,2025-05-03,11,Closed
2501,Dharwad,Theft,15.306375,75.062975,2025-06-28,11,Under Investigation
2502,Dharwad,Theft,15.198145,74.965841,2025-10-14,17,Chargesheeted
2503,Dharwad,Theft,15.452773,74.903686,2025-01-19,1,Closed
2504,Dharwad,Theft,15.467883,74.89068,2025-09-25,2,Under Investigation
2505,Dharwad,Theft,15.443294,74.904736,2025-03-20,5,Chargesheeted
2506,Dharwad,Theft,15.482703,75.485951,2025-10-21,16,Chargesheeted
2507,Dharwad,Theft,15.456653,74.881179,2025-11-30,3,Chargesheeted
2508,Dharwad,Theft,15.503313,75.235757,2025-02-13,0,Under Investigation
2509,Dharwad,Theft,15.310433,75.049801,2025-09-15,8,Chargesheeted
2510,Dharwad,Theft,15.454602,74.890514,2025-04-14,15,Closed
2511,Dharwad,Theft,15.45768,74.890127,2025-01-06,6,Closed
2512,Dharwad,Theft,15.4879,75.4637,2025-02-18,4,Under Investigation
2513,Dharwad,Theft,15.30877,75.056639,2025-06-06,19,Under Investigation
2514,Dharwad,Robbery,15.311315,75.05577,2025-02-21,22,Closed
2515,Dharwad,Robbery,15.607824,74.958918,2025-05-05,11,Under Investigation
2516,Dharwad,Robbery,15.457136,74.881249,2025-07-24,23,Chargesheeted
2517,Dharwad,Robbery,15.609415,74.956902,2025-03-04,18,Closed
2518,Dharwad,Robbery,15.312394,75.049926,2025-04-19,11,Closed
2519,Dharwad,Robbery,15.308783,75.062269,2025-12-23,14,Under Investigation
2520,Dharwad,Chain Snatching,15.454272,74.89871,2025-05-16,7,Closed
2521,Dharwad,Chain Snatching,15.448426,74.899263,2025-02-27,12,Closed
2522,Dharwad,Chain Snatching,15.151469,74.853709,2025-06-09,17,Under Investigation
2523,Dharwad,Burglary,15.612974,74.981779,2025-06-07,10,Under Investigation
2524,Dharwad,Burglary,15.610111,74.974123,2025-08-18,23,Chargesheeted
2525,Dharwad,Burglary,15.602362,74.960132,2025-10-18,16,Under Investigation
2526,Dharwad,Burglary,15.453882,74.891604,2025-02-20,6,Under Investigation
2527,Dharwad,Burglary,15.600743,74.97409,2025-05-19,21,Under Investigation
2528,Dharwad,Burglary,15.465173,74.904255,2025-01-10,19,Chargesheeted
2529,Dharwad,Burglary,15.614822,74.956065,2025-05-23,2,Under Investigation
2530,Dharwad,Burglary,15.616399,74.963097,2025-02-21,15,Chargesheeted
2531,Dharwad,Burglary,15.61724,75.228479,2025-02-05,15,Under Investigation
2532,Dharwad,Burglary,15.615243,74.966541,2025-06-27,13,Chargesheeted
2533,Dharwad,Burglary,15.420597,75.292307,2025-06-08,0,Closed
2534,Dharwad,Burglary,15.466118,74.907682,2025-10-01,18,Under Investigation
2535,Dharwad,Assault,15.608501,74.982226,2025-08-29,15,Under Investigation
2536,Dharwad,Assault,15.328776,75.057722,2025-07-10,10,Under Investigation
2537,Dharwad,Assault,15.110752,74.993191,2025-10-13,14,Under Investigation
2538,Dharwad,Assault,15.439973,74.886037,2025-09-04,15,Under Investigation
2539,Dharwad,Assault,15.297877,75.048414,2025-07-19,17,Chargesheeted
2540,Dharwad,Assault,15.293699,75.042965,2025-05-01,10,Closed
2541,Dharwad,Assault,15.609429,74.977508,2025-07-19,4,Closed
2542,Dharwad,Assault,15.310459,75.05503,2025-02-25,12,Chargesheeted
2543,Dharwad,Assault,15.453286,74.898792,2025-11-17,10,Under Investigation
2544,Dharwad,Assault,15.614069,74.959143,2025-04-23,20,Under Investigation
2545,Dharwad,Assault,15.463814,74.905386,2025-04-17,12,Chargesheeted
2546,Dharwad,Assault,15.107661,75.010101,2025-04-12,15,Chargesheeted
2547,Dharwad,Assault,15.356539,75.312132,2025-01-08,16,Chargesheeted
2548,Dharwad,Assault,15.301302,75.066058,2025-07-18,3,Under Investigation
2549,Dharwad,Assault,15.306872,75.061263,2025-01-07,17,Under Investigation
2550,Dharwad,Assault,15.605443,74.973467,2025-09-22,12,Under Investigation
2551,Dharwad,Assault,15.450104,74.899621,2025-06-17,23,Closed
2552,Dharwad,Assault,15.114105,74.869414,2025-01-04,7,Chargesheeted
2553,Dharwad,Assault,15.297651,74.95989,2025-06-23,23,Chargesheeted
2554,Dharwad,Assault,15.615924,74.946468,2025-02-06,7,Under Investigation
2555,Gadag,Theft,15.548544,75.61958,2025-01-24,3,Chargesheeted
2556,Gadag,Theft,15.431711,75.682405,2025-02-14,6,Closed
2557,Gadag,Theft,15.537264,75.62048,2025-08-05,12,Under Investigation
2558,Gadag,Theft,15.211233,75.496672,2025-06-01,1,Under Investigation
2559,Gadag,Theft,15.220337,75.498511,2025-02-07,18,Chargesheeted
2560,Gadag,Theft,15.460788,75.662551,2025-05-31,16,Under Investigation
2561,Gadag,Theft,15.46026,75.667466,2025-03-19,13,Chargesheeted
2562,Gadag,Theft,15.824632,75.779562,2025-12-17,12,Under Investigation
2563,Gadag,Theft,15.534476,75.621752,2025-10-21,9,Chargesheeted
2564,Gadag,Theft,15.437073,75.800194,2025-04-04,16,Chargesheeted
2565,Gadag,Theft,15.838799,75.778063,2025-12-29,1,Chargesheeted
2566,Gadag,Theft,15.222532,75.495849,2025-03-03,11,Closed
2567,Gadag,Theft,15.420652,75.66374,2025-08-18,23,Under Investigation
2568,Gadag,Theft,15.151196,75.715804,2025-06-08,18,Closed
2569,Gadag,Theft,15.543847,75.630623,2025-12-02,20,Under Investigation
2570,Gadag,Theft,15.220089,75.501729,2025-11-03,12,Closed
2571,Gadag,Theft,15.535795,75.62499,2025-06-13,4,Chargesheeted
2572,Gadag,Theft,15.22681,75.493558,2025-04-16,18,Closed
2573,Gadag,Theft,15.242337,75.528395,2025-10-08,18,Under Investigation
2574,Gadag,Theft,15.1803,75.592277,2025-04-13,19,Chargesheeted
2575,Gadag,Theft,15.225319,75.496947,2025-06-17,15,Chargesheeted
2576,Gadag,Theft,15.542632,75.628507,2025-11-05,7,Under Investigation
2577,Gadag,Theft,15.247577,75.546162,2025-04-09,14,Under Investigation
2578,Gadag,Theft,15.237622,75.530399,2025-04-27,2,Closed
2579,Gadag,Theft,15.231735,75.500503,2025-12-24,5,Closed
2580,Gadag,Theft,15.402978,75.665144,2025-10-04,13,Closed
2581,Gadag,Theft,15.218496,75.73619,2025-06-06,9,Chargesheeted
2582,Gadag,Theft,15.216925,75.499338,2025-05-17,12,Under Investigation
2583,Gadag,Theft,15.456054,75.654154,2025-07-24,3,Closed
2584,Gadag,Theft,15.234166,75.490463,2025-12-21,20,Chargesheeted
2585,Gadag,Theft,15.58903,75.650717,2025-09-17,22,Under Investigation
2586,Gadag,Theft,15.442575,75.662647,2025-07-06,16,Chargesheeted
2587,Gadag,Theft,15.239491,75.532032,2025-03-06,15,Chargesheeted
2588,Gadag,Theft,15.167459,75.663013,2025-09-06,11,Closed
2589,Gadag,Theft,15.538838,75.638091,2025-08-19,5,Chargesheeted
2590,Gadag,Theft,15.250513,75.541075,2025-11-19,0,Closed
2591,Gadag,Theft,15.234834,75.698204,2025-11-10,9,Chargesheeted
2592,Gadag,Theft,15.248137,75.523165,2025-07-04,22,Closed
2593,Gadag,Theft,15.813713,75.780162,2025-09-18,4,Chargesheeted
2594,Gadag,Theft,15.54314,75.624474,2025-07-28,15,Closed
2595,Gadag,Robbery,15.213041,75.497849,2025-12-01,1,Closed
2596,Gadag,Robbery,15.451185,75.675718,2025-04-10,9,Chargesheeted
2597,Gadag,Robbery,15.82837,75.792716,2025-09-09,1,Closed
2598,Gadag,Robbery,15.412675,75.656659,2025-05-07,21,Under Investigation
2599,Gadag,Robbery,15.542557,75.62563,2025-01-10,2,Closed
2600,Gadag,Robbery,15.182038,75.630314,2025-09-02,1,Closed
2601,Gadag,Chain Snatching,15.805712,75.788361,2025-04-25,4,Chargesheeted
2602,Gadag,Chain Snatching,15.249571,75.532785,2025-09-24,9,Closed
2603,Gadag,Chain Snatching,15.246292,75.531601,2025-05-15,19,Under Investigation
2604,Gadag,Burglary,15.230407,75.509055,2025-07-28,21,Under Investigation
2605,Gadag,Burglary,15.831716,75.786569,2025-09-15,8,Chargesheeted
2606,Gadag,Burglary,15.442279,75.670535,2025-03-26,17,Closed
2607,Gadag,Burglary,15.23847,75.496828,2025-11-05,12,Closed
2608,Gadag,Burglary,15.545825,75.630405,2025-10-31,8,Under Investigation
2609,Gadag,Burglary,15.420565,75.65722,2025-06-04,20,Under Investigation
2610,Gadag,Burglary,15.550452,75.63022,2025-10-23,16,Under Investigation
2611,Gadag,Burglary,15.249142,75.53491,2025-10-17,16,Closed
2612,Gadag,Burglary,15.445768,75.67304,2025-10-01,4,Closed
2613,Gadag,Burglary,15.465498,75.673061,2025-09-16,7,Under Investigation
2614,Gadag,Burglary,15.545064,75.631965,2025-12-20,15,Under Investigation
2615,Gadag,Burglary,15.235254,75.530465,2025-08-03,23,Chargesheeted
2616,Gadag,Assault,15.461802,75.664662,2025-10-16,11,Chargesheeted
2617,Gadag,Assault,15.83049,75.787878,2025-11-20,0,Closed
2618,Gadag,Assault,15.242614,75.527314,2025-06-15,17,Under Investigation
2619,Gadag,Assault,15.527377,75.61684,2025-05-20,10,Closed
2620,Gadag,Assault,15.230237,75.493668,2025-10-22,5,Chargesheeted
2621,Gadag,Assault,15.218757,75.499483,2025-09-09,22,Under Investigation
2622,Gadag,Assault,15.537003,75.619399,2025-09-24,1,Under Investigation
2623,Gadag,Assault,15.22156,75.485518,2025-05-24,9,Under Investigation
2624,Gadag,Assault,15.473411,75.692967,2025-11-03,15,Chargesheeted
2625,Gadag,Assault,15.678494,75.831439,2025-05-24,9,Under Investigation
2626,Gadag,Assault,15.840677,75.796791,2025-09-02,7,Closed
2627,Gadag,Assault,15.452301,75.64916,2025-11-05,8,Closed
2628,Gadag,Assault,15.228954,75.496835,2025-02-07,16,Under Investigation
2629,Gadag,Assault,15.842264,75.77823,2025-05-14,7,Under Investigation
2630,Gadag,Assault,15.23955,75.494325,2025-01-12,13,Under Investigation
2631,Gadag,Assault,15.834312,75.785081,2025-05-29,21,Chargesheeted
2632,Gadag,Assault,15.467697,75.666545,2025-11-18,16,Closed
2633,Gadag,Assault,15.401423,75.647153,2025-07-13,5,Under Investigation
2634,Gadag,Assault,15.414014,75.676113,2025-02-19,2,Chargesheeted
2635,Gadag,Assault,15.81602,75.791084,2025-10-15,3,Closed
2636,Gulbarga,Theft,17.29452,77.052338,2025-12-28,22,Closed
2637,Gulbarga,Theft,16.979226,76.927396,2025-04-02,20,Under Investigation
2638,Gulbarga,Theft,17.350537,76.496371,2025-02-17,18,Chargesheeted
2639,Gulbarga,Theft,17.289749,77.063597,2025-02-13,6,Chargesheeted
2640,Gulbarga,Theft,17.150005,76.845319,2025-08-24,14,Closed
2641,Gulbarga,Theft,17.304673,77.058338,2025-03-28,4,Chargesheeted
2642,Gulbarga,Theft,17.242473,76.242503,2025-06-04,3,Closed
2643,Gulbarga,Theft,16.665923,76.825,2025-10-14,18,Under Investigation
2644,Gulbarga,Theft,17.370801,76.493355,2025-07-02,21,Under Investigation
2645,Gulbarga,Theft,16.972632,76.937956,2025-10-06,20,Under Investigation
2646,Gulbarga,Theft,16.952048,77.166669,2025-06-29,10,Under Investigation
2647,Gulbarga,Theft,16.967715,76.924573,2025-08-21,0,Chargesheeted
2648,Gulbarga,Theft,17.182316,76.844082,2025-12-11,17,Chargesheeted
2649,Gulbarga,Theft,17.311237,77.069634,2025-03-15,9,Chargesheeted
2650,Gulbarga,Theft,17.67454,77.120183,2025-02-17,7,Under Investigation
2651,Gulbarga,Theft,17.295913,77.06716,2025-02-05,21,Under Investigation
2652,Gulbarga,Theft,17.154909,76.860894,2025-06-12,21,Chargesheeted
2653,Gulbarga,Theft,17.367293,76.485278,2025-10-09,12,Under Investigation
2654,Gulbarga,Theft,17.166094,76.847603,2025-12-13,13,Closed
2655,Gulbarga,Theft,17.363869,76.495868,2025-04-27,12,Closed
2656,Gulbarga,Theft,17.341559,76.490825,2025-08-24,14,Closed
2657,Gulbarga,Theft,16.956478,76.917155,2025-05-12,12,Closed
2658,Gulbarga,Theft,16.972747,76.922882,2025-06-17,23,Closed
2659,Gulbarga,Theft,16.983813,76.921822,2025-09-21,23,Closed
2660,Gulbarga,Theft,17.36788,76.493234,2025-05-16,23,Chargesheeted
2661,Gulbarga,Theft,17.36903,76.530235,2025-08-29,15,Closed
2662,Gulbarga,Theft,17.172583,76.849996,2025-03-08,20,Chargesheeted
2663,Gulbarga,Theft,17.335353,76.875299,2025-09-25,13,Chargesheeted
2664,Gulbarga,Theft,17.37552,76.470328,2025-02-27,5,Chargesheeted
2665,Gulbarga,Theft,17.309903,77.053254,2025-08-19,20,Closed
2666,Gulbarga,Theft,17.287613,77.067675,2025-06-03,5,Chargesheeted
2667,Gulbarga,Theft,17.295434,77.067004,2025-01-13,10,Chargesheeted
2668,Gulbarga,Theft,17.303613,77.069197,2025-10-05,15,Closed
2669,Gulbarga,Theft,17.303229,77.067644,2025-02-22,3,Closed
2670,Gulbarga,Theft,16.984816,76.929383,2025-01-10,7,Chargesheeted
2671,Gulbarga,Theft,17.365085,76.481447,2025-03-19,9,Under Investigation
2672,Gulbarga,Theft,17.171139,76.851128,2025-07-21,19,Chargesheeted
2673,Gulbarga,Theft,17.175104,76.851174,2025-04-03,19,Under Investigation
2674,Gulbarga,Theft,17.290411,77.058264,2025-10-07,20,Chargesheeted
2675,Gulbarga,Theft,16.71073,77.18521,2025-10-28,8,Under Investigation
2676,Gulbarga,Robbery,17.176029,76.84796,2025-04-12,0,Under Investigation
2677,Gulbarga,Robbery,17.361074,76.487283,2025-05-10,6,Chargesheeted
2678,Gulbarga,Robbery,17.29548,77.062089,2025-07-16,5,Chargesheeted
2679,Gulbarga,Robbery,17.170179,76.844373,2025-01-31,7,Under Investigation
2680,Gulbarga,Robbery,17.216277,76.521782,2025-07-04,12,Chargesheeted
2681,Gulbarga,Robbery,17.302641,77.058951,2025-05-05,9,Chargesheeted
2682,Gulbarga,Chain Snatching,17.167292,76.846344,2025-01-19,12,Closed
2683,Gulbarga,Chain Snatching,17.166183,76.847625,2025-09-11,15,Chargesheeted
2684,Gulbarga,Chain Snatching,17.165126,76.839523,2025-03-20,3,Under Investigation
2685,Gulbarga,Burglary,17.160636,76.853109,2025-06-25,4,Closed
2686,Gulbarga,Burglary,17.304219,77.067772,2025-02-19,4,Under Investigation
2687,Gulbarga,Burglary,17.158529,76.854648,2025-09-26,13,Closed
2688,Gulbarga,Burglary,17.3087,77.052048,2025-07-03,5,Chargesheeted
2689,Gulbarga,Burglary,16.872396,77.115773,2025-08-06,14,Under Investigation
2690,Gulbarga,Burglary,17.312429,77.054951,2025-02-25,12,Under Investigation
2691,Gulbarga,Burglary,17.158713,76.845533,2025-07-09,9,Under Investigation
2692,Gulbarga,Burglary,17.305555,77.077052,2025-07-04,0,Closed
2693,Gulbarga,Burglary,17.369137,76.494424,2025-08-03,21,Under Investigation
2694,Gulbarga,Burglary,17.297843,77.062617,2025-03-09,22,Under Investigation
2695,Gulbarga,Burglary,16.977672,76.919798,2025-07-02,19,Under Investigation
2696,Gulbarga,Burglary,17.374717,76.492584,2025-03-15,23,Under Investigation
2697,Gulbarga,Assault,17.159352,76.846074,2025-04-24,12,Closed
2698,Gulbarga,Assault,17.010247,76.570071,2025-08-22,21,Under Investigation
2699,Gulbarga,Assault,17.307019,77.060017,2025-02-07,7,Under Investigation
2700,Gulbarga,Assault,16.960975,76.930446,2025-09-19,23,Under Investigation
2701,Gulbarga,Assault,17.162315,76.853737,2025-09-29,12,Closed
2702,Gulbarga,Assault,17.013707,77.044007,2025-07-23,8,Closed
2703,Gulbarga,Assault,16.456087,76.665155,2025-02-08,21,Under Investigation
2704,Gulbarga,Assault,17.168704,76.84971,2025-05-28,6,Chargesheeted
2705,Gulbarga,Assault,17.367584,76.485794,2025-12-14,11,Under Investigation
2706,Gulbarga,Assault,17.304205,77.058067,2025-11-10,0,Chargesheeted
2707,Gulbarga,Assault,17.29927,77.050245,2025-10-30,0,Under Investigation
2708,Gulbarga,Assault,17.0372,76.686785,2025-06-29,4,Chargesheeted
2709,Gulbarga,Assault,16.984065,76.945275,2025-01-12,22,Closed
2710,Gulbarga,Assault,16.9688,76.929725,2025-09-30,4,Closed
2711,Gulbarga,Assault,16.654844,77.093907,2025-03-27,17,Closed
2712,Gulbarga,Assault,17.036087,77.273582,2025-04-18,15,Closed
2713,Gulbarga,Assault,16.973651,76.916342,2025-03-02,1,Closed
2714,Gulbarga,Assault,17.301958,77.068041,2025-04-04,10,Chargesheeted
2715,Gulbarga,Assault,17.358874,76.494723,2025-12-22,17,Closed
2716,Gulbarga,Assault,17.500925,77.441719,2025-04-17,17,Chargesheeted
2717,Hassan,Theft,13.183808,76.099505,2025-07-15,16,Closed
2718,Hassan,Theft,12.959201,76.265272,2025-07-14,23,Closed
2719,Hassan,Theft,13.084661,76.314992,2025-11-07,7,Closed
2720,Hassan,Theft,12.746856,75.774118,2025-04-24,3,Closed
2721,Hassan,Theft,13.124105,76.144692,2025-04-13,20,Under Investigation
2722,Hassan,Theft,13.083019,76.314276,2025-05-13,20,Closed
2723,Hassan,Theft,13.161279,76.100584,2025-08-08,18,Chargesheeted
2724,Hassan,Theft,13.155168,76.107898,2025-07-05,23,Closed
2725,Hassan,Theft,13.093436,75.9461,2025-07-06,10,Closed
2726,Hassan,Theft,13.088631,76.32217,2025-06-23,5,Under Investigation
2727,Hassan,Theft,13.08263,76.319922,2025-06-08,9,Closed
2728,Hassan,Theft,12.980165,76.251687,2025-10-23,8,Under Investigation
2729,Hassan,Theft,13.076395,76.313332,2025-07-05,21,Under Investigation
2730,Hassan,Theft,12.969266,76.258439,2025-11-17,6,Chargesheeted
2731,Hassan,Theft,13.18056,76.329624,2025-03-13,3,Chargesheeted
2732,Hassan,Theft,13.076281,76.315715,2025-04-16,18,Under Investigation
2733,Hassan,Theft,12.961357,76.265871,2025-05-10,13,Chargesheeted
2734,Hassan,Theft,12.959872,76.269887,2025-02-12,1,Chargesheeted
2735,Hassan,Theft,12.971273,76.264147,2025-06-27,5,Closed
2736,Hassan,Theft,13.171877,76.110451,2025-08-13,17,Under Investigation
2737,Hassan,Theft,13.07153,76.323675,2025-05-13,3,Under Investigation
2738,Hassan,Theft,13.068015,76.289466,2025-06-09,5,Under Investigation
2739,Hassan,Theft,13.083593,76.311169,2025-10-08,19,Closed
2740,Hassan,Theft,12.96951,76.265659,2025-11-10,0,Under Investigation
2741,Hassan,Theft,13.175949,76.106937,2025-03-24,11,Closed
2742,Hassan,Theft,12.932826,75.789078,2025-03-24,3,Closed
2743,Hassan,Theft,13.173236,76.09901,2025-04-21,3,Closed
2744,Hassan,Theft,13.172653,76.098841,2025-01-22,19,Under Investigation
2745,Hassan,Theft,13.426793,76.395321,2025-01-18,11,Under Investigation
2746,Hassan,Theft,12.969901,76.253653,2025-06-04,12,Under Investigation
2747,Hassan,Theft,13.339392,76.330745,2025-02-26,2,Chargesheeted
2748,Hassan,Theft,13.182619,76.105009,2025-08-01,14,Chargesheeted
2749,Hassan,Theft,13.170671,76.101372,2025-05-10,23,Chargesheeted
2750,Hassan,Theft,13.160925,76.11116,2025-08-27,1,Under Investigation
2751,Hassan,Theft,13.072882,76.313539,2025-12-20,5,Closed
2752,Hassan,Theft,13.08198,76.292007,2025-09-08,12,Under Investigation
2753,Hassan,Theft,12.9753,76.257518,2025-03-14,11,Closed
2754,Hassan,Theft,13.166006,76.093774,2025-04-15,20,Chargesheeted
2755,Hassan,Theft,13.169776,76.100098,2025-11-03,16,Closed
2756,Hassan,Theft,13.168219,75.812653,2025-08-11,15,Closed
2757,Hassan,Robbery,12.896546,76.127607,2025-01-21,4,Closed
2758,Hassan,Robbery,12.975799,76.259536,2025-05-15,18,Chargesheeted
2759,Hassan,Robbery,12.883097,75.667212,2025-06-22,12,Chargesheeted
2760,Hassan,Robbery,13.164728,76.106603,2025-05-30,9,Chargesheeted
2761,Hassan,Robbery,13.0755,76.326264,2025-11-10,0,Closed
2762,Hassan,Robbery,12.558419,76.097264,2025-10-11,19,Under Investigation
2763,Hassan,Chain Snatching,12.986684,76.247217,2025-04-22,1,Under Investigation
2764,Hassan,Chain Snatching,12.97363,76.257137,2025-09-25,22,Chargesheeted
2765,Hassan,Chain Snatching,13.081548,76.313512,2025-05-29,3,Chargesheeted
2766,Hassan,Burglary,12.655162,75.971349,2025-03-17,23,Closed
2767,Hassan,Burglary,12.965186,76.260565,2025-10-17,6,Under Investigation
2768,Hassan,Burglary,12.9695,76.251248,2025-04-03,7,Closed
2769,Hassan,Burglary,13.071201,76.3023,2025-12-21,17,Under Investigation
2770,Hassan,Burglary,13.137841,76.078029,2025-04-08,20,Closed
2771,Hassan,Burglary,13.073594,76.327638,2025-04-18,22,Chargesheeted
2772,Hassan,Burglary,12.97403,76.243756,2025-06-18,14,Under Investigation
2773,Hassan,Burglary,12.974912,76.250339,2025-04-03,5,Chargesheeted
2774,Hassan,Burglary,13.079219,76.301219,2025-07-12,18,Under Investigation
2775,Hassan,Burglary,13.155298,76.402778,2025-03-03,21,Closed
2776,Hassan,Burglary,13.071313,76.316554,2025-09-13,1,Closed
2777,Hassan,Burglary,12.969126,76.256856,2025-08-25,14,Closed
2778,Hassan,Assault,12.873367,76.241305,2025-03-23,9,Under Investigation
2779,Hassan,Assault,12.985737,76.323196,2025-12-08,8,Closed
2780,Hassan,Assault,13.160236,76.113246,2025-05-27,7,Closed
2781,Hassan,Assault,12.548775,76.14711,2025-04-10,8,Chargesheeted
2782,Hassan,Assault,13.078038,76.318371,2025-10-10,13,Under Investigation
2783,Hassan,Assault,12.844269,76.123399,2025-02-22,21,Under Investigation
2784,Hassan,Assault,12.972852,76.262914,2025-01-29,2,Chargesheeted
2785,Hassan,Assault,12.953497,76.099332,2025-03-12,15,Closed
2786,Hassan,Assault,12.78247,75.801879,2025-04-16,13,Chargesheeted
2787,Hassan,Assault,12.975593,76.26097,2025-10-15,23,Under Investigation
2788,Hassan,Assault,12.924467,75.96982,2025-09-01,5,Chargesheeted
2789,Hassan,Assault,13.069278,76.304275,2025-11-12,19,Under Investigation
2790,Hassan,Assault,13.072056,76.318293,2025-11-13,9,Under Investigation
2791,Hassan,Assault,13.173269,76.102671,2025-03-02,9,Chargesheeted
2792,Hassan,Assault,13.391985,76.29468,2025-06-08,18,Under Investigation
2793,Hassan,Assault,12.970599,76.25263,2025-11-24,0,Chargesheeted
2794,Hassan,Assault,12.960633,76.269528,2025-10-07,3,Chargesheeted
2795,Hassan,Assault,13.07919,76.314211,2025-10-05,4,Under Investigation
2796,Hassan,Assault,12.963349,76.260082,2025-10-20,0,Chargesheeted
2797,Hassan,Assault,12.592348,76.146285,2025-05-08,9,Under Investigation
2798,Haveri,Theft,14.757566,75.182048,2025-03-07,2,Chargesheeted
2799,Haveri,Theft,14.317968,75.469805,2025-09-17,9,Closed
2800,Haveri,Theft,14.62283,75.547431,2025-11-19,21,Under Investigation
2801,Haveri,Theft,14.797727,75.459043,2025-09-15,8,Under Investigation
2802,Haveri,Theft,14.938793,75.258502,2025-11-24,7,Chargesheeted
2803,Haveri,Theft,14.703325,75.157507,2025-08-04,4,Closed
2804,Haveri,Theft,14.794213,75.454714,2025-03-05,13,Chargesheeted
2805,Haveri,Theft,14.325145,75.470976,2025-12-08,15,Chargesheeted
2806,Haveri,Theft,14.624871,75.531323,2025-11-20,2,Chargesheeted
2807,Haveri,Theft,14.40926,75.447741,2025-01-07,10,Closed
2808,Haveri,Theft,14.795133,75.435481,2025-02-08,18,Chargesheeted
2809,Haveri,Theft,14.586992,75.688117,2025-08-21,14,Closed
2810,Haveri,Theft,14.798068,75.451977,2025-04-04,5,Closed
2811,Haveri,Theft,14.332083,75.474486,2025-05-11,19,Chargesheeted
2812,Haveri,Theft,14.333965,75.472881,2025-09-30,11,Under Investigation
2813,Haveri,Theft,14.967484,75.41417,2025-04-29,17,Chargesheeted
2814,Haveri,Theft,14.328047,75.468875,2025-04-24,0,Under Investigation
2815,Haveri,Theft,14.957267,75.412419,2025-04-01,1,Under Investigation
2816,Haveri,Theft,14.762677,75.71099,2025-07-09,21,Under Investigation
2817,Haveri,Theft,14.80108,75.458383,2025-10-09,2,Chargesheeted
2818,Haveri,Theft,14.584464,75.699752,2025-07-25,3,Under Investigation
2819,Haveri,Theft,14.688002,75.291618,2025-10-02,10,Under Investigation
2820,Haveri,Theft,14.629764,75.540382,2025-12-29,19,Chargesheeted
2821,Haveri,Theft,14.515833,75.415882,2025-06-12,21,Closed
2822,Haveri,Theft,14.623603,75.523241,2025-05-26,8,Chargesheeted
2823,Haveri,Theft,14.786149,75.45891,2025-05-10,6,Chargesheeted
2824,Haveri,Theft,14.943606,75.414321,2025-07-19,21,Closed
2825,Haveri,Theft,14.622651,75.536237,2025-02-27,10,Under Investigation
2826,Haveri,Theft,14.329629,75.454002,2025-07-28,16,Under Investigation
2827,Haveri,Theft,14.960181,75.406255,2025-10-03,4,Closed
2828,Haveri,Theft,14.628712,75.532827,2025-06-05,1,Under Investigation
2829,Haveri,Theft,14.624736,75.526036,2025-08-18,16,Under Investigation
2830,Haveri,Theft,14.323916,75.475767,2025-12-10,17,Closed
2831,Haveri,Theft,14.626603,75.54111,2025-10-12,18,Under Investigation
2832,Haveri,Theft,14.615761,75.531635,2025-06-28,2,Chargesheeted
2833,Haveri,Theft,14.576667,75.46853,2025-08-13,13,Chargesheeted
2834,Haveri,Theft,14.588216,75.683322,2025-10-28,1,Chargesheeted
2835,Haveri,Theft,14.619748,75.532639,2025-08-30,5,Under Investigation
2836,Haveri,Theft,14.632786,75.510338,2025-08-19,18,Closed
2837,Haveri,Theft,14.793316,75.44747,2025-03-19,22,Under Investigation
2838,Haveri,Robbery,14.800553,75.454516,2025-03-18,18,Under Investigation
2839,Haveri,Robbery,14.326338,75.452767,2025-12-03,4,Under Investigation
2840,Haveri,Robbery,14.427109,75.553463,2025-08-10,12,Under Investigation
2841,Haveri,Robbery,14.6096,75.547872,2025-05-14,16,Closed
2842,Haveri,Robbery,14.948249,75.427247,2025-07-23,16,Closed
2843,Haveri,Robbery,14.588012,75.675234,2025-09-24,23,Chargesheeted
2844,Haveri,Chain Snatching,15.016992,75.106863,2025-11-28,23,Chargesheeted
2845,Haveri,Chain Snatching,14.791459,75.444808,2025-07-11,10,Closed
2846,Haveri,Chain Snatching,14.340908,75.447327,2025-11-02,14,Under Investigation
2847,Haveri,Burglary,14.809895,75.455681,2025-11-01,21,Under Investigation
2848,Haveri,Burglary,14.791484,75.445739,2025-05-20,14,Closed
2849,Haveri,Burglary,14.579512,75.694837,2025-02-23,16,Chargesheeted
2850,Haveri,Burglary,14.734724,75.689291,2025-04-30,7,Chargesheeted
2851,Haveri,Burglary,14.576162,75.441196,2025-02-14,4,Under Investigation
2852,Haveri,Burglary,14.586584,75.697467,2025-11-02,11,Under Investigation
2853,Haveri,Burglary,14.351272,75.49782,2025-05-19,19,Closed
2854,Haveri,Burglary,14.596858,75.700191,2025-11-01,15,Chargesheeted
2855,Haveri,Burglary,14.631404,75.529665,2025-08-15,11,Closed
2856,Haveri,Burglary,14.958348,75.413723,2025-06-29,18,Under Investigation
2857,Haveri,Burglary,14.336127,75.467152,2025-06-23,6,Chargesheeted
2858,Haveri,Burglary,14.952162,75.418733,2025-08-26,22,Chargesheeted
2859,Haveri,Assault,14.798896,75.454204,2025-10-28,21,Chargesheeted
2860,Haveri,Assault,14.619265,75.524782,2025-11-17,10,Closed
2861,Haveri,Assault,14.583713,75.68327,2025-04-10,19,Under Investigation
2862,Haveri,Assault,14.628623,75.528336,2025-06-25,11,Closed
2863,Haveri,Assault,14.476452,75.372226,2025-11-28,21,Chargesheeted
2864,Haveri,Assault,14.795738,75.451674,2025-11-29,15,Under Investigation
2865,Haveri,Assault,14.788857,75.431285,2025-06-29,14,Closed
2866,Haveri,Assault,14.795994,75.456854,2025-11-20,5,Chargesheeted
2867,Haveri,Assault,14.796316,75.44782,2025-06-29,12,Under Investigation
2868,Haveri,Assault,14.782806,75.442211,2025-04-05,22,Closed
2869,Haveri,Assault,14.628252,75.537801,2025-07-03,10,Under Investigation
2870,Haveri,Assault,14.966612,75.661113,2025-04-17,13,Chargesheeted
2871,Haveri,Assault,14.59357,75.690403,2025-08-07,9,Closed
2872,Haveri,Assault,14.957485,75.434311,2025-05-02,9,Closed
2873,Haveri,Assault,14.968289,75.419343,2025-08-22,1,Chargesheeted
2874,Haveri,Assault,14.954362,75.430432,2025-10-05,16,Under Investigation
2875,Haveri,Assault,14.588957,75.686104,2025-04-10,2,Under Investigation
2876,Haveri,Assault,14.938564,75.218475,2025-03-25,5,Under Investigation
2877,Haveri,Assault,14.325584,75.463156,2025-10-08,16,Chargesheeted
2878,Haveri,Assault,14.595506,75.691922,2025-08-03,5,Closed
2879,Kodagu,Theft,12.210759,75.651228,2025-12-21,10,Closed
2880,Kodagu,Theft,12.245381,75.690129,2025-10-18,0,Chargesheeted
2881,Kodagu,Theft,12.64905,75.789928,2025-08-27,21,Closed
2882,Kodagu,Theft,12.25476,75.686795,2025-12-22,1,Under Investigation
2883,Kodagu,Theft,12.482004,75.879124,2025-07-13,18,Under Investigation
2884,Kodagu,Theft,12.484861,75.863457,2025-02-25,10,Closed
2885,Kodagu,Theft,12.252656,75.687932,2025-07-20,17,Chargesheeted
2886,Kodagu,Theft,12.193664,75.633558,2025-09-24,8,Closed
2887,Kodagu,Theft,12.479881,75.876649,2025-07-09,7,Closed
2888,Kodagu,Theft,12.219753,75.637052,2025-11-07,16,Under Investigation
2889,Kodagu,Theft,12.296852,75.517676,2025-09-18,2,Closed
2890,Kodagu,Theft,12.259423,75.690487,2025-02-07,0,Chargesheeted
2891,Kodagu,Theft,12.487849,75.870555,2025-05-01,18,Closed
2892,Kodagu,Theft,12.211582,75.646313,2025-06-14,9,Closed
2893,Kodagu,Theft,12.206422,75.627527,2025-10-10,14,Chargesheeted
2894,Kodagu,Theft,12.202095,75.643445,2025-04-20,16,Closed
2895,Kodagu,Theft,12.257815,75.67398,2025-07-13,8,Chargesheeted
2896,Kodagu,Theft,12.251787,75.684637,2025-12-20,1,Under Investigation
2897,Kodagu,Theft,12.479207,75.873111,2025-12-26,23,Closed
2898,Kodagu,Theft,12.201913,75.637613,2025-12-21,8,Under Investigation
2899,Kodagu,Theft,12.52626,75.706149,2025-08-10,6,Under Investigation
2900,Kodagu,Theft,12.525859,75.98791,2025-01-28,10,Under Investigation
2901,Kodagu,Theft,12.202307,75.637951,2025-11-26,12,Under Investigation
2902,Kodagu,Theft,11.93513,75.952582,2025-09-01,10,Closed
2903,Kodagu,Theft,12.211713,75.639405,2025-06-05,1,Under Investigation
2904,Kodagu,Theft,12.479248,75.869678,2025-01-11,2,Closed
2905,Kodagu,Theft,12.20732,75.646338,2025-03-28,4,Closed
2906,Kodagu,Theft,12.487281,75.886525,2025-10-14,9,Closed
2907,Kodagu,Theft,12.195906,75.642049,2025-09-29,17,Closed
2908,Kodagu,Theft,12.186825,75.631116,2025-07-16,5,Closed
2909,Kodagu,Theft,12.049948,75.913148,2025-01-02,20,Chargesheeted
2910,Kodagu,Theft,12.165278,76.105134,2025-05-16,7,Under Investigation
2911,Kodagu,Theft,12.201391,75.621343,2025-07-23,23,Under Investigation
2912,Kodagu,Theft,12.207114,75.636759,2025-07-08,2,Closed
2913,Kodagu,Theft,12.20574,75.636409,2025-09-25,10,Under Investigation
2914,Kodagu,Theft,12.487724,75.879765,2025-01-24,1,Under Investigation
2915,Kodagu,Theft,12.484959,75.871483,2025-06-06,15,Under Investigation
2916,Kodagu,Theft,12.472358,75.875448,2025-11-26,14,Closed
2917,Kodagu,Theft,12.484627,75.865908,2025-06-12,0,Under Investigation
2918,Kodagu,Theft,12.48118,75.867701,2025-01-22,2,Chargesheeted
2919,Kodagu,Robbery,12.254249,75.678511,2025-04-12,0,Under Investigation
2920,Kodagu,Robbery,12.213564,75.631729,2025-10-13,12,Chargesheeted
2921,Kodagu,Robbery,12.209566,75.650608,2025-05-08,11,Closed
2922,Kodagu,Robbery,12.484976,75.87223,2025-06-17,18,Chargesheeted
2923,Kodagu,Robbery,12.205686,75.644254,2025-10-08,14,Under Investigation
2924,Kodagu,Robbery,12.484986,75.869936,2025-11-21,6,Closed
2925,Kodagu,Chain Snatching,12.245288,75.677076,2025-04-29,14,Closed
2926,Kodagu,Chain Snatching,12.48468,75.887335,2025-03-24,11,Closed
2927,Kodagu,Chain Snatching,12.209003,75.647816,2025-03-25,18,Closed
2928,Kodagu,Burglary,12.340561,75.771309,2025-11-30,20,Chargesheeted
2929,Kodagu,Burglary,12.225678,75.638662,2025-08-31,9,Closed
2930,Kodagu,Burglary,12.257971,75.684736,2025-07-13,4,Chargesheeted
2931,Kodagu,Burglary,12.200376,75.637802,2025-08-06,17,Closed
2932,Kodagu,Burglary,11.992611,76.030525,2025-12-04,8,Closed
2933,Kodagu,Burglary,12.260418,75.67307,2025-10-08,18,Under Investigation
2934,Kodagu,Burglary,12.488302,75.875355,2025-07-08,18,Under Investigation
2935,Kodagu,Burglary,12.483447,75.882179,2025-02-08,4,Under Investigation
2936,Kodagu,Burglary,12.467232,75.877913,2025-09-10,4,Chargesheeted
2937,Kodagu,Burglary,12.195332,75.644637,2025-10-15,12,Closed
2938,Kodagu,Burglary,12.629058,75.879971,2025-12-19,12,Closed
2939,Kodagu,Burglary,12.266058,75.687351,2025-07-23,10,Chargesheeted
2940,Kodagu,Assault,12.481314,75.872264,2025-08-01,13,Closed
2941,Kodagu,Assault,12.212948,75.634777,2025-06-10,16,Chargesheeted
2942,Kodagu,Assault,12.2466,75.858628,2025-11-03,13,Under Investigation
2943,Kodagu,Assault,12.474354,75.881488,2025-01-27,4,Under Investigation
2944,Kodagu,Assault,12.195433,75.622562,2025-08-16,12,Closed
2945,Kodagu,Assault,12.260911,75.671004,2025-03-06,12,Chargesheeted
2946,Kodagu,Assault,12.487289,75.881201,2025-10-26,23,Chargesheeted
2947,Kodagu,Assault,12.20591,75.640451,2025-05-03,18,Under Investigation
2948,Kodagu,Assault,12.481185,75.610188,2025-05-17,6,Chargesheeted
2949,Kodagu,Assault,12.222843,75.649676,2025-10-30,9,Closed
2950,Kodagu,Assault,12.492863,75.871186,2025-11-19,15,Closed
2951,Kodagu,Assault,12.431486,75.561588,2025-09-01,17,Chargesheeted
2952,Kodagu,Assault,12.487351,75.870209,2025-02-22,0,Under Investigation
2953,Kodagu,Assault,12.197512,75.648106,2025-11-03,14,Closed
2954,Kodagu,Assault,12.477821,75.872118,2025-08-09,3,Under Investigation
2955,Kodagu,Assault,12.14658,75.996857,2025-07-14,4,Closed
2956,Kodagu,Assault,12.199301,75.647397,2025-12-27,9,Closed
2957,Kodagu,Assault,12.491037,75.881235,2025-10-04,4,Chargesheeted
2958,Kodagu,Assault,12.523867,75.723452,2025-02-23,19,Chargesheeted
2959,Kodagu,Assault,12.204882,75.625176,2025-08-19,12,Closed
2960,Kolar,Theft,13.166857,78.107209,2025-06-29,8,Chargesheeted
2961,Kolar,Theft,13.406847,78.081003,2025-04-11,21,Under Investigation
2962,Kolar,Theft,13.800651,78.04351,2025-07-06,18,Closed
2963,Kolar,Theft,13.639378,77.839931,2025-03-26,0,Chargesheeted
2964,Kolar,Theft,13.743517,78.034137,2025-10-01,13,Chargesheeted
2965,Kolar,Theft,13.479864,78.256705,2025-07-26,8,Under Investigation
2966,Kolar,Theft,13.174097,78.092957,2025-03-27,13,Under Investigation
2967,Kolar,Theft,13.245209,78.470559,2025-02-22,2,Under Investigation
2968,Kolar,Theft,13.235583,78.48411,2025-11-09,7,Chargesheeted
2969,Kolar,Theft,13.496279,78.256965,2025-11-11,14,Chargesheeted
2970,Kolar,Theft,13.183279,78.089068,2025-05-06,1,Closed
2971,Kolar,Theft,13.169774,78.087184,2025-02-18,17,Chargesheeted
2972,Kolar,Theft,13.642047,77.829613,2025-09-24,7,Closed
2973,Kolar,Theft,13.550151,77.470498,2025-12-30,11,Chargesheeted
2974,Kolar,Theft,13.633356,77.862606,2025-07-06,6,Under Investigation
2975,Kolar,Theft,13.395204,78.164859,2025-11-17,20,Under Investigation
2976,Kolar,Theft,13.249197,78.481417,2025-08-16,14,Chargesheeted
2977,Kolar,Theft,13.246271,78.479691,2025-05-26,13,Chargesheeted
2978,Kolar,Theft,13.476839,78.252678,2025-11-07,2,Closed
2979,Kolar,Theft,13.180127,78.099677,2025-11-25,20,Closed
2980,Kolar,Theft,13.480539,77.433428,2025-09-02,16,Chargesheeted
2981,Kolar,Theft,13.470122,78.261765,2025-07-02,12,Chargesheeted
2982,Kolar,Theft,13.160259,78.101445,2025-12-22,4,Under Investigation
2983,Kolar,Theft,13.667492,77.854525,2025-05-26,11,Under Investigation
2984,Kolar,Theft,13.24232,78.485827,2025-10-05,10,Closed
2985,Kolar,Theft,13.559519,78.102326,2025-11-18,0,Closed
2986,Kolar,Theft,13.646075,77.867249,2025-08-12,23,Chargesheeted
2987,Kolar,Theft,12.88404,78.074169,2025-05-01,20,Under Investigation
2988,Kolar,Theft,13.481353,78.259347,2025-03-07,0,Closed
2989,Kolar,Theft,13.190377,78.095573,2025-02-06,12,Chargesheeted
2990,Kolar,Theft,13.180399,78.099079,2025-12-06,14,Chargesheeted
2991,Kolar,Theft,13.112073,78.218313,2025-07-29,18,Under Investigation
2992,Kolar,Theft,13.250103,78.481594,2025-11-20,12,Chargesheeted
2993,Kolar,Theft,13.239149,78.484995,2025-06-02,3,Chargesheeted
2994,Kolar,Theft,13.491545,78.261301,2025-03-05,17,Under Investigation
2995,Kolar,Theft,13.200273,78.088459,2025-07-22,2,Under Investigation
2996,Kolar,Theft,13.647831,77.833149,2025-08-08,11,Chargesheeted
2997,Kolar,Theft,13.187863,78.109976,2025-06-04,2,Chargesheeted
2998,Kolar,Theft,13.407584,77.642349,2025-07-27,10,Under Investigation
2999,Kolar,Theft,13.243053,78.490023,2025-01-05,8,Under Investigation
3000,Kolar,Robbery,12.992437,78.419981,2025-09-11,7,Under Investigation
3001,Kolar,Robbery,13.18958,78.107486,2025-03-10,0,Chargesheeted
3002,Kolar,Robbery,13.483126,78.261611,2025-09-07,12,Under Investigation
3003,Kolar,Robbery,13.195362,78.102514,2025-04-22,3,Under Investigation
3004,Kolar,Robbery,13.480563,78.277793,2025-12-20,12,Under Investigation
3005,Kolar,Robbery,13.491956,78.267627,2025-11-05,7,Closed
3006,Kolar,Chain Snatching,13.491233,78.25583,2025-11-08,9,Chargesheeted
3007,Kolar,Chain Snatching,13.490247,78.271989,2025-10-13,23,Under Investigation
3008,Kolar,Chain Snatching,13.50008,78.255441,2025-11-18,15,Chargesheeted
3009,Kolar,Burglary,13.652424,77.848825,2025-03-02,14,Closed
3010,Kolar,Burglary,13.642852,77.864031,2025-05-23,8,Closed
3011,Kolar,Burglary,13.63968,77.855268,2025-07-22,22,Chargesheeted
3012,Kolar,Burglary,13.646634,77.854297,2025-12-14,5,Chargesheeted
3013,Kolar,Burglary,13.247819,78.475386,2025-07-23,20,Under Investigation
3014,Kolar,Burglary,13.246724,78.473299,2025-11-20,8,Chargesheeted
3015,Kolar,Burglary,13.652122,77.836446,2025-10-01,11,Closed
3016,Kolar,Burglary,13.630109,77.856148,2025-03-29,13,Under Investigation
3017,Kolar,Burglary,13.250508,78.478439,2025-07-20,0,Closed
3018,Kolar,Burglary,13.255031,78.474258,2025-09-10,1,Chargesheeted
3019,Kolar,Burglary,13.226887,78.390194,2025-04-24,2,Closed
3020,Kolar,Burglary,13.182572,78.112119,2025-12-29,7,Chargesheeted
3021,Kolar,Assault,13.645674,77.852794,2025-03-08,13,Under Investigation
3022,Kolar,Assault,13.667747,77.84693,2025-08-16,16,Under Investigation
3023,Kolar,Assault,13.476432,78.266639,2025-04-29,16,Chargesheeted
3024,Kolar,Assault,13.664339,77.860345,2025-01-19,7,Under Investigation
3025,Kolar,Assault,13.174148,78.108234,2025-06-30,10,Under Investigation
3026,Kolar,Assault,13.572298,77.619524,2025-03-31,23,Under Investigation
3027,Kolar,Assault,13.251667,78.487808,2025-01-04,9,Under Investigation
3028,Kolar,Assault,13.195219,78.104604,2025-08-11,18,Closed
3029,Kolar,Assault,13.256109,78.473619,2025-11-07,20,Chargesheeted
3030,Kolar,Assault,13.483683,78.255941,2025-02-23,4,Chargesheeted
3031,Kolar,Assault,13.48347,78.241969,2025-03-26,16,Closed
3032,Kolar,Assault,13.648316,77.866468,2025-01-27,1,Chargesheeted
3033,Kolar,Assault,13.816336,78.020677,2025-12-18,21,Under Investigation
3034,Kolar,Assault,13.468146,78.258973,2025-11-29,17,Under Investigation
3035,Kolar,Assault,13.484735,78.260567,2025-02-05,0,Closed
3036,Kolar,Assault,13.646675,77.84223,2025-01-30,2,Under Investigation
3037,Kolar,Assault,13.444747,77.674024,2025-10-24,15,Chargesheeted
3038,Kolar,Assault,13.162862,78.378711,2025-12-19,13,Under Investigation
3039,Kolar,Assault,13.222325,78.469449,2025-10-26,18,Under Investigation
3040,Kolar,Assault,13.197176,78.087975,2025-11-17,15,Chargesheeted
3041,Koppal,Theft,15.412434,75.895015,2025-05-06,5,Under Investigation
3042,Koppal,Theft,15.888055,76.402165,2025-09-02,16,Closed
3043,Koppal,Theft,15.466795,76.24237,2025-08-12,16,Under Investigation
3044,Koppal,Theft,15.54667,75.924796,2025-01-24,6,Under Investigation
3045,Koppal,Theft,15.412239,76.119462,2025-07-03,8,Closed
3046,Koppal,Theft,15.569805,75.909362,2025-08-01,18,Closed
3047,Koppal,Theft,15.449473,76.265824,2025-05-05,22,Under Investigation
3048,Koppal,Theft,15.418334,75.896765,2025-01-07,20,Chargesheeted
3049,Koppal,Theft,15.459231,76.226492,2025-07-14,18,Under Investigation
3050,Koppal,Theft,15.434579,76.260689,2025-01-11,15,Chargesheeted
3051,Koppal,Theft,15.616104,76.633689,2025-11-05,20,Closed
3052,Koppal,Theft,15.403636,75.887316,2025-06-12,18,Closed
3053,Koppal,Theft,15.883549,76.402046,2025-11-16,0,Under Investigation
3054,Koppal,Theft,15.408074,75.912895,2025-05-10,9,Chargesheeted
3055,Koppal,Theft,15.883655,76.393277,2025-05-15,18,Under Investigation
3056,Koppal,Theft,15.484107,76.235496,2025-07-11,1,Chargesheeted
3057,Koppal,Theft,15.570001,75.932221,2025-01-21,15,Closed
3058,Koppal,Theft,15.409712,75.907038,2025-03-13,0,Closed
3059,Koppal,Theft,15.958883,76.050296,2025-11-21,14,Closed
3060,Koppal,Theft,15.880678,76.391242,2025-10-31,11,Chargesheeted
3061,Koppal,Theft,15.407244,75.898074,2025-08-14,1,Chargesheeted
3062,Koppal,Theft,15.881943,76.30774,2025-02-23,0,Chargesheeted
3063,Koppal,Theft,15.8486,76.325491,2025-04-21,20,Under Investigation
3064,Koppal,Theft,15.560707,75.923198,2025-01-31,3,Closed
3065,Koppal,Theft,15.870435,76.308198,2025-01-01,19,Closed
3066,Koppal,Theft,15.877123,76.31958,2025-11-11,18,Chargesheeted
3067,Koppal,Theft,15.403792,75.900892,2025-04-12,19,Chargesheeted
3068,Koppal,Theft,15.882113,76.385741,2025-06-13,15,Chargesheeted
3069,Koppal,Theft,15.487363,76.225932,2025-07-31,10,Closed
3070,Koppal,Theft,15.606665,76.086278,2025-10-20,6,Under Investigation
3071,Koppal,Theft,15.877179,76.310203,2025-07-12,10,Chargesheeted
3072,Koppal,Theft,15.407401,75.894748,2025-10-24,11,Under Investigation
3073,Koppal,Theft,15.479804,76.584527,2025-10-08,8,Chargesheeted
3074,Koppal,Theft,15.557678,75.919894,2025-01-01,21,Under Investigation
3075,Koppal,Theft,15.458937,75.864334,2025-06-29,2,Chargesheeted
3076,Koppal,Theft,15.857705,76.327549,2025-10-14,12,Chargesheeted
3077,Koppal,Theft,15.408434,75.91221,2025-09-02,18,Under Investigation
3078,Koppal,Theft,15.884487,76.03044,2025-09-18,11,Chargesheeted
3079,Koppal,Theft,15.413067,76.190665,2025-04-07,9,Under Investigation
3080,Koppal,Theft,15.865034,76.324785,2025-03-03,15,Chargesheeted
3081,Koppal,Robbery,15.549102,75.924012,2025-01-18,21,Under Investigation
3082,Koppal,Robbery,15.46263,76.244125,2025-09-05,8,Under Investigation
3083,Koppal,Robbery,15.448897,76.246224,2025-10-08,8,Closed
3084,Koppal,Robbery,15.41651,75.90711,2025-01-08,8,Chargesheeted
3085,Koppal,Robbery,15.87083,76.315348,2025-08-20,0,Closed
3086,Koppal,Robbery,15.569979,75.910214,2025-04-25,11,Chargesheeted
3087,Koppal,Chain Snatching,15.647746,76.093087,2025-06-05,12,Chargesheeted
3088,Koppal,Chain Snatching,15.88771,76.400513,2025-05-04,13,Under Investigation
3089,Koppal,Chain Snatching,15.41411,75.887344,2025-05-17,22,Closed
3090,Koppal,Burglary,15.442525,76.266331,2025-06-20,9,Under Investigation
3091,Koppal,Burglary,15.564056,75.921372,2025-02-01,7,Chargesheeted
3092,Koppal,Burglary,15.485579,76.383275,2025-09-25,22,Closed
3093,Koppal,Burglary,15.874044,76.312539,2025-07-06,4,Under Investigation
3094,Koppal,Burglary,15.891414,76.398651,2025-01-02,18,Under Investigation
3095,Koppal,Burglary,15.470549,76.245921,2025-10-22,8,Chargesheeted
3096,Koppal,Burglary,15.456728,75.947366,2025-03-12,23,Under Investigation
3097,Koppal,Burglary,15.883184,76.307347,2025-01-29,12,Chargesheeted
3098,Koppal,Burglary,15.441977,76.248288,2025-02-15,15,Chargesheeted
3099,Koppal,Burglary,15.961387,76.003754,2025-02-20,22,Chargesheeted
3100,Koppal,Burglary,15.267933,76.287739,2025-11-02,23,Chargesheeted
3101,Koppal,Burglary,15.405518,75.900839,2025-03-19,19,Closed
3102,Koppal,Assault,15.868572,76.39661,2025-03-01,18,Closed
3103,Koppal,Assault,15.878542,76.398368,2025-01-31,14,Closed
3104,Koppal,Assault,15.478926,76.231462,2025-03-31,13,Chargesheeted
3105,Koppal,Assault,15.777172,76.036037,2025-12-26,17,Chargesheeted
3106,Koppal,Assault,15.381917,76.379023,2025-08-20,16,Closed
3107,Koppal,Assault,15.229214,76.159698,2025-05-19,0,Under Investigation
3108,Koppal,Assault,15.444498,76.268829,2025-11-27,3,Closed
3109,Koppal,Assault,15.413274,75.905635,2025-01-21,22,Closed
3110,Koppal,Assault,15.879121,76.313158,2025-02-05,10,Closed
3111,Koppal,Assault,15.551262,75.904697,2025-07-21,9,Chargesheeted
3112,Koppal,Assault,15.422017,75.889069,2025-06-26,10,Chargesheeted
3113,Koppal,Assault,15.562676,75.931676,2025-03-17,22,Chargesheeted
3114,Koppal,Assault,15.547349,75.921521,2025-12-05,8,Under Investigation
3115,Koppal,Assault,15.741715,76.35864,2025-02-12,1,Under Investigation
3116,Koppal,Assault,15.440407,76.33244,2025-08-22,6,Under Investigation
3117,Koppal,Assault,15.204662,76.144514,2025-07-19,2,Chargesheeted
3118,Koppal,Assault,15.871008,76.335645,2025-08-30,22,Closed
3119,Koppal,Assault,15.448879,76.263093,2025-06-04,16,Chargesheeted
3120,Koppal,Assault,15.559511,75.925813,2025-06-12,2,Under Investigation
3121,Koppal,Assault,15.413606,75.89482,2025-02-24,2,Closed
3122,Mandya,Theft,12.806293,76.854368,2025-06-02,6,Chargesheeted
3123,Mandya,Theft,12.766117,76.747552,2025-01-16,1,Chargesheeted
3124,Mandya,Theft,12.75535,76.74993,2025-05-18,4,Under Investigation
3125,Mandya,Theft,12.771763,76.761892,2025-08-29,11,Under Investigation
3126,Mandya,Theft,12.860592,76.710071,2025-02-05,8,Under Investigation
3127,Mandya,Theft,12.762821,76.741089,2025-06-13,0,Under Investigation
3128,Mandya,Theft,12.764962,76.76099,2025-12-28,3,Chargesheeted
3129,Mandya,Theft,12.799784,76.832656,2025-11-21,16,Closed
3130,Mandya,Theft,12.820017,76.852205,2025-06-06,3,Closed
3131,Mandya,Theft,12.810922,76.845968,2025-11-08,11,Under Investigation
3132,Mandya,Theft,12.773493,76.749828,2025-11-06,22,Closed
3133,Mandya,Theft,12.75487,76.75681,2025-09-18,23,Closed
3134,Mandya,Theft,12.808492,76.850268,2025-01-18,19,Closed
3135,Mandya,Theft,12.859138,76.703568,2025-07-15,1,Chargesheeted
3136,Mandya,Theft,12.867071,76.691982,2025-08-10,20,Under Investigation
3137,Mandya,Theft,12.856781,76.709021,2025-07-16,6,Closed
3138,Mandya,Theft,12.644243,76.399684,2025-07-18,14,Chargesheeted
3139,Mandya,Theft,12.856609,76.703203,2025-06-18,5,Closed
3140,Mandya,Theft,12.808141,76.849973,2025-05-09,4,Chargesheeted
3141,Mandya,Theft,12.819627,76.856327,2025-11-15,4,Closed
3142,Mandya,Theft,12.763333,76.751774,2025-04-01,8,Closed
3143,Mandya,Theft,12.761491,76.754181,2025-12-29,10,Chargesheeted
3144,Mandya,Theft,12.779143,76.742291,2025-11-15,11,Under Investigation
3145,Mandya,Theft,12.581401,76.522026,2025-11-19,13,Closed
3146,Mandya,Theft,12.862722,76.715426,2025-10-13,14,Chargesheeted
3147,Mandya,Theft,12.813763,76.8412,2025-06-12,2,Under Investigation
3148,Mandya,Theft,12.775879,76.746583,2025-07-03,3,Under Investigation
3149,Mandya,Theft,12.849335,76.742475,2025-09-28,16,Chargesheeted
3150,Mandya,Theft,12.75368,76.757207,2025-07-03,14,Under Investigation
3151,Mandya,Theft,12.810303,76.831153,2025-04-05,10,Closed
3152,Mandya,Theft,12.612711,76.838493,2025-01-03,9,Chargesheeted
3153,Mandya,Theft,12.775986,76.763345,2025-03-30,20,Closed
3154,Mandya,Theft,12.765391,76.749476,2025-12-15,10,Closed
3155,Mandya,Theft,12.857237,76.70915,2025-05-03,20,Chargesheeted
3156,Mandya,Theft,12.81043,76.839021,2025-04-28,1,Under Investigation
3157,Mandya,Theft,12.767843,76.751575,2025-06-26,12,Chargesheeted
3158,Mandya,Theft,12.740875,76.757308,2025-09-10,6,Under Investigation
3159,Mandya,Theft,12.812014,76.850104,2025-08-25,19,Closed
3160,Mandya,Theft,12.587987,76.473475,2025-03-17,14,Closed
3161,Mandya,Theft,12.86063,76.705542,2025-04-18,12,Chargesheeted
3162,Mandya,Robbery,12.719208,76.779187,2025-04-06,12,Closed
3163,Mandya,Robbery,12.77284,76.7316,2025-05-18,4,Closed
3164,Mandya,Robbery,12.804251,76.834594,2025-07-22,12,Closed
3165,Mandya,Robbery,12.774646,76.761397,2025-06-16,4,Closed
3166,Mandya,Robbery,12.795124,76.840367,2025-09-11,20,Closed
3167,Mandya,Robbery,12.779423,76.753477,2025-03-29,4,Chargesheeted
3168,Mandya,Chain Snatching,12.856709,76.705352,2025-07-11,23,Closed
3169,Mandya,Chain Snatching,12.8045,76.845966,2025-04-08,9,Closed
3170,Mandya,Chain Snatching,12.867523,76.707743,2025-05-25,2,Closed
3171,Mandya,Burglary,12.751258,76.74947,2025-04-11,5,Under Investigation
3172,Mandya,Burglary,12.852052,76.709867,2025-12-14,9,Closed
3173,Mandya,Burglary,12.851782,76.708477,2025-05-04,15,Chargesheeted
3174,Mandya,Burglary,12.81585,76.844935,2025-02-10,13,Chargesheeted
3175,Mandya,Burglary,12.867807,76.718678,2025-04-25,13,Chargesheeted
3176,Mandya,Burglary,12.764252,76.762702,2025-11-01,21,Closed
3177,Mandya,Burglary,12.85353,76.714085,2025-06-01,3,Under Investigation
3178,Mandya,Burglary,12.57611,76.667156,2025-04-23,20,Chargesheeted
3179,Mandya,Burglary,12.771212,76.764845,2025-03-12,3,Under Investigation
3180,Mandya,Burglary,12.6729,76.952617,2025-09-08,4,Chargesheeted
3181,Mandya,Burglary,12.80749,76.8282,2025-02-01,3,Chargesheeted
3182,Mandya,Burglary,12.775327,76.746284,2025-02-28,5,Chargesheeted
3183,Mandya,Assault,12.861961,76.695041,2025-12-20,18,Chargesheeted
3184,Mandya,Assault,12.859672,76.702998,2025-02-17,23,Closed
3185,Mandya,Assault,12.749129,76.737356,2025-12-18,0,Chargesheeted
3186,Mandya,Assault,12.652516,76.778629,2025-04-03,5,Chargesheeted
3187,Mandya,Assault,12.85571,76.705782,2025-12-07,13,Chargesheeted
3188,Mandya,Assault,12.857963,76.695379,2025-10-28,19,Chargesheeted
3189,Mandya,Assault,12.85794,76.690996,2025-03-24,5,Chargesheeted
3190,Mandya,Assault,12.748161,76.754526,2025-03-11,6,Under Investigation
3191,Mandya,Assault,12.79104,76.75322,2025-02-13,4,Under Investigation
3192,Mandya,Assault,12.846905,76.718214,2025-05-06,19,Closed
3193,Mandya,Assault,12.785986,76.752225,2025-10-22,19,Chargesheeted
3194,Mandya,Assault,12.851042,76.71547,2025-01-25,13,Chargesheeted
3195,Mandya,Assault,12.759429,76.746267,2025-08-03,20,Chargesheeted
3196,Mandya,Assault,12.769605,76.740042,2025-04-14,22,Under Investigation
3197,Mandya,Assault,12.76988,76.774241,2025-06-14,12,Chargesheeted
3198,Mandya,Assault,12.765701,76.762424,2025-04-23,4,Under Investigation
3199,Mandya,Assault,12.847879,76.718757,2025-08-29,2,Under Investigation
3200,Mandya,Assault,12.76028,76.771127,2025-09-10,10,Closed
3201,Mandya,Assault,12.765986,76.749223,2025-04-20,19,Under Investigation
3202,Mandya,Assault,12.758482,76.767575,2025-06-02,21,Under Investigation
3203,Mysore,Theft,12.011012,76.41949,2025-06-26,9,Chargesheeted
3204,Mysore,Theft,11.833071,76.468005,2025-09-19,5,Under Investigation
3205,Mysore,Theft,11.843546,76.46515,2025-04-17,10,Closed
3206,Mysore,Theft,12.012052,76.422368,2025-03-14,0,Closed
3207,Mysore,Theft,12.346818,76.187099,2025-08-15,13,Under Investigation
3208,Mysore,Theft,12.003104,76.436307,2025-12-08,9,Chargesheeted
3209,Mysore,Theft,12.031411,76.425605,2025-12-01,4,Chargesheeted
3210,Mysore,Theft,12.461202,75.988823,2025-06-26,9,Under Investigation
3211,Mysore,Theft,12.013927,76.415487,2025-12-29,15,Chargesheeted
3212,Mysore,Theft,12.341462,76.611195,2025-01-12,4,Closed
3213,Mysore,Theft,12.143321,76.4969,2025-09-10,22,Under Investigation
3214,Mysore,Theft,11.834544,76.472955,2025-03-14,2,Closed
3215,Mysore,Theft,12.350039,76.200771,2025-05-13,3,Under Investigation
3216,Mysore,Theft,12.430706,76.34295,2025-10-19,5,Under Investigation
3217,Mysore,Theft,11.823738,76.47183,2025-04-22,0,Chargesheeted
3218,Mysore,Theft,12.339817,76.20151,2025-10-21,19,Chargesheeted
3219,Mysore,Theft,12.243595,76.249917,2025-12-18,4,Closed
3220,Mysore,Theft,12.014871,76.422936,2025-05-22,19,Under Investigation
3221,Mysore,Theft,12.297597,76.896875,2025-12-03,11,Closed
3222,Mysore,Theft,12.350619,76.211149,2025-05-05,23,Closed
3223,Mysore,Theft,12.008332,76.404734,2025-03-06,8,Chargesheeted
3224,Mysore,Theft,11.821066,76.45291,2025-09-07,8,Chargesheeted
3225,Mysore,Theft,12.024577,76.415787,2025-06-14,11,Chargesheeted
3226,Mysore,Theft,11.843843,76.47232,2025-07-01,15,Closed
3227,Mysore,Theft,12.367334,76.197265,2025-03-05,2,Under Investigation
3228,Mysore,Theft,11.821547,76.479649,2025-02-06,11,Closed
3229,Mysore,Theft,12.026957,76.409116,2025-02-13,18,Chargesheeted
3230,Mysore,Theft,12.464733,75.976366,2025-11-28,18,Under Investigation
3231,Mysore,Theft,12.080736,76.269683,2025-10-07,20,Chargesheeted
3232,Mysore,Theft,12.264013,76.067393,2025-05-18,5,Closed
3233,Mysore,Theft,12.463833,75.978316,2025-10-20,7,Chargesheeted
3234,Mysore,Theft,12.353492,76.18995,2025-11-20,23,Under Investigation
3235,Mysore,Theft,11.83529,76.464953,2025-10-14,14,Under Investigation
3236,Mysore,Theft,12.352889,76.199699,2025-11-29,15,Chargesheeted
3237,Mysore,Theft,12.169372,76.306393,2025-06-15,22,Under Investigation
3238,Mysore,Theft,12.47112,75.975967,2025-05-15,1,Closed
3239,Mysore,Theft,12.353159,76.208957,2025-12-18,13,Under Investigation
3240,Mysore,Theft,12.466524,75.977362,2025-04-15,23,Closed
3241,Mysore,Theft,11.831071,76.46182,2025-11-29,8,Under Investigation
3242,Mysore,Theft,11.80065,76.353333,2025-07-22,5,Chargesheeted
3243,Mysore,Theft,12.468229,75.985346,2025-02-21,6,Under Investigation
3244,Mysore,Theft,12.472665,75.97491,2025-10-13,0,Closed
3245,Mysore,Theft,11.81955,76.477607,2025-01-29,9,Chargesheeted
3246,Mysore,Theft,12.50939,76.028524,2025-12-12,3,Under Investigation
3247,Mysore,Theft,11.996105,76.414831,2025-02-07,10,Chargesheeted
3248,Mysore,Theft,11.841722,76.469276,2025-05-04,3,Under Investigation
3249,Mysore,Theft,12.215497,76.992394,2025-10-29,17,Closed
3250,Mysore,Theft,12.466995,75.985973,2025-08-16,22,Under Investigation
3251,Mysore,Theft,12.464267,75.979898,2025-10-06,23,Closed
3252,Mysore,Theft,12.129539,76.187694,2025-11-29,10,Under Investigation
3253,Mysore,Theft,12.363813,76.193208,2025-09-01,21,Chargesheeted
3254,Mysore,Theft,12.460883,76.002014,2025-06-05,17,Under Investigation
3255,Mysore,Theft,12.016706,76.428601,2025-06-04,13,Chargesheeted
3256,Mysore,Theft,12.342171,76.197169,2025-12-17,14,Under Investigation
3257,Mysore,Theft,12.340223,76.196308,2025-04-19,11,Under Investigation
3258,Mysore,Theft,11.831112,76.47367,2025-11-30,12,Closed
3259,Mysore,Theft,12.019358,76.415181,2025-09-03,15,Closed
3260,Mysore,Theft,12.341664,76.200259,2025-05-16,7,Chargesheeted
3261,Mysore,Theft,12.119977,76.21907,2025-12-18,9,Chargesheeted
3262,Mysore,Theft,12.012467,76.422036,2025-10-16,2,Chargesheeted
3263,Mysore,Theft,12.460839,75.988996,2025-03-21,23,Under Investigation
3264,Mysore,Theft,11.818282,76.287265,2025-01-11,4,Under Investigation
3265,Mysore,Theft,12.016238,76.431745,2025-03-08,15,Closed
3266,Mysore,Theft,12.008204,76.404919,2025-07-16,8,Closed
3267,Mysore,Theft,12.470151,75.985118,2025-07-04,10,Closed
3268,Mysore,Theft,12.018217,76.415046,2025-06-18,17,Under Investigation
3269,Mysore,Theft,12.456582,75.979058,2025-09-15,9,Chargesheeted
3270,Mysore,Theft,12.457274,75.980419,2025-03-25,19,Under Investigation
3271,Mysore,Theft,11.81857,76.459294,2025-07-19,13,Chargesheeted
3272,Mysore,Theft,11.83193,76.457168,2025-09-13,0,Closed
3273,Mysore,Theft,12.240639,76.97311,2025-03-29,11,Chargesheeted
3274,Mysore,Theft,12.00791,76.422514,2025-03-21,15,Under Investigation
3275,Mysore,Theft,11.829359,76.463709,2025-01-06,0,Chargesheeted
3276,Mysore,Theft,12.475287,75.988019,2025-07-17,9,Closed
3277,Mysore,Theft,12.32218,76.002488,2025-06-05,22,Closed
3278,Mysore,Theft,12.0196,76.409636,2025-03-09,14,Closed
3279,Mysore,Theft,12.471439,75.984091,2025-12-26,13,Chargesheeted
3280,Mysore,Theft,11.824507,76.477393,2025-02-02,20,Chargesheeted
3281,Mysore,Theft,12.356921,76.203473,2025-08-21,20,Chargesheeted
3282,Mysore,Theft,12.463127,75.984739,2025-04-14,3,Closed
3283,Mysore,Theft,11.830473,76.477148,2025-03-02,12,Under Investigation
3284,Mysore,Theft,12.479997,75.980556,2025-12-07,1,Chargesheeted
3285,Mysore,Theft,12.475491,75.990033,2025-04-12,22,Under Investigation
3286,Mysore,Theft,12.02994,76.412522,2025-09-10,17,Chargesheeted
3287,Mysore,Theft,11.832949,76.475022,2025-09-17,14,Chargesheeted
3288,Mysore,Theft,12.014842,76.412565,2025-02-02,2,Under Investigation
3289,Mysore,Theft,12.033821,76.412293,2025-03-25,16,Closed
3290,Mysore,Theft,12.023105,76.426687,2025-03-05,13,Under Investigation
3291,Mysore,Theft,12.020674,76.416533,2025-10-03,0,Chargesheeted
3292,Mysore,Theft,11.829296,76.480311,2025-09-24,8,Under Investigation
3293,Mysore,Theft,12.474227,75.976337,2025-07-01,11,Chargesheeted
3294,Mysore,Theft,11.901035,76.274282,2025-06-04,23,Under Investigation
3295,Mysore,Theft,12.35617,76.198552,2025-03-13,16,Chargesheeted
3296,Mysore,Theft,12.487638,76.370916,2025-11-19,21,Chargesheeted
3297,Mysore,Theft,12.462119,75.977855,2025-06-08,18,Closed
3298,Mysore,Theft,12.018002,76.406917,2025-12-23,5,Closed
3299,Mysore,Theft,11.831866,76.46504,2025-07-24,13,Closed
3300,Mysore,Theft,12.092453,76.441934,2025-05-29,22,Chargesheeted
3301,Mysore,Theft,12.451137,75.983208,2025-06-19,2,Closed
3302,Mysore,Theft,12.150868,76.891667,2025-05-27,21,Closed
3303,Mysore,Theft,12.355821,76.197051,2025-12-07,2,Closed
3304,Mysore,Theft,12.464273,75.987932,2025-02-28,9,Chargesheeted
3305,Mysore,Theft,12.53721,76.215636,2025-01-08,1,Under Investigation
3306,Mysore,Theft,12.460002,75.981564,2025-12-12,2,Under Investigation
3307,Mysore,Theft,12.022039,76.416721,2025-08-18,9,Under Investigation
3308,Mysore,Theft,12.28187,76.272005,2025-02-26,5,Under Investigation
3309,Mysore,Theft,12.452264,75.981318,2025-09-11,9,Chargesheeted
3310,Mysore,Theft,12.467627,75.975374,2025-06-05,22,Under Investigation
3311,Mysore,Theft,12.472879,75.978898,2025-05-11,13,Chargesheeted
3312,Mysore,Theft,11.835714,76.481244,2025-09-21,20,Closed
3313,Mysore,Theft,12.007671,76.414941,2025-05-16,17,Chargesheeted
3314,Mysore,Theft,11.855978,76.465978,2025-10-24,22,Closed
3315,Mysore,Theft,12.302866,76.905629,2025-07-07,2,Closed
3316,Mysore,Theft,12.012914,76.416468,2025-10-01,1,Under Investigation
3317,Mysore,Theft,12.008928,76.416751,2025-11-19,6,Chargesheeted
3318,Mysore,Theft,12.189845,76.95108,2025-04-14,13,Under Investigation
3319,Mysore,Theft,11.966221,76.247032,2025-09-17,1,Chargesheeted
3320,Mysore,Theft,12.024027,76.405982,2025-10-20,1,Chargesheeted
3321,Mysore,Theft,12.221958,77.054913,2025-04-24,23,Under Investigation
3322,Mysore,Theft,12.032811,76.423191,2025-12-11,18,Chargesheeted
3323,Mysore,Theft,12.011743,76.416129,2025-12-08,11,Chargesheeted
3324,Mysore,Theft,12.023273,76.406669,2025-09-04,2,Closed
3325,Mysore,Theft,12.028366,76.425148,2025-04-01,17,Chargesheeted
3326,Mysore,Theft,11.992266,76.314803,2025-02-07,13,Closed
3327,Mysore,Theft,12.351708,76.202616,2025-02-07,8,Chargesheeted
3328,Mysore,Theft,12.356395,76.206895,2025-10-02,9,Closed
3329,Mysore,Theft,12.358566,76.180908,2025-11-12,4,Chargesheeted
3330,Mysore,Theft,12.477823,75.974468,2025-07-17,13,Closed
3331,Mysore,Theft,11.830503,76.452358,2025-09-16,3,Closed
3332,Mysore,Theft,12.472283,75.971312,2025-08-04,20,Chargesheeted
3333,Mysore,Theft,12.462893,76.004632,2025-07-23,11,Chargesheeted
3334,Mysore,Theft,12.011729,76.714351,2025-01-22,13,Closed
3335,Mysore,Theft,12.355328,76.212391,2025-05-01,20,Under Investigation
3336,Mysore,Theft,12.44823,75.981896,2025-08-16,2,Chargesheeted
3337,Mysore,Theft,12.349836,76.202352,2025-07-31,17,Under Investigation
3338,Mysore,Theft,12.353639,76.193647,2025-09-26,1,Under Investigation
3339,Mysore,Theft,12.013551,76.415694,2025-04-18,4,Closed
3340,Mysore,Theft,11.8508,76.476902,2025-05-23,9,Under Investigation
3341,Mysore,Theft,12.025527,76.411984,2025-02-25,8,Closed
3342,Mysore,Theft,12.213766,76.594827,2025-07-11,21,Chargesheeted
3343,Mysore,Theft,12.462081,75.987486,2025-10-04,7,Under Investigation
3344,Mysore,Theft,12.476543,75.981856,2025-06-22,16,Chargesheeted
3345,Mysore,Theft,12.348835,76.21539,2025-07-28,13,Under Investigation
3346,Mysore,Theft,12.476745,75.981068,2025-09-08,5,Under Investigation
3347,Mysore,Theft,11.829614,76.474922,2025-01-31,20,Under Investigation
3348,Mysore,Theft,11.838404,76.462204,2025-01-17,21,Closed
3349,Mysore,Theft,12.362771,76.196133,2025-12-03,21,Closed
3350,Mysore,Theft,12.337684,76.196701,2025-02-25,7,Chargesheeted
3351,Mysore,Theft,11.840955,76.46697,2025-04-09,17,Chargesheeted
3352,Mysore,Theft,12.012441,76.40992,2025-10-01,11,Chargesheeted
3353,Mysore,Theft,12.166874,76.499364,2025-10-10,19,Closed
3354,Mysore,Theft,12.341789,76.206845,2025-12-16,11,Under Investigation
3355,Mysore,Theft,12.349976,76.191903,2025-03-07,2,Closed
3356,Mysore,Theft,12.348317,76.196729,2025-05-23,4,Chargesheeted
3357,Mysore,Theft,12.469531,75.978869,2025-08-23,21,Under Investigation
3358,Mysore,Theft,12.288677,76.129484,2025-10-18,3,Under Investigation
3359,Mysore,Theft,12.350662,76.198575,2025-09-12,8,Under Investigation
3360,Mysore,Theft,12.4539,75.983346,2025-04-21,4,Chargesheeted
3361,Mysore,Theft,12.467971,75.971706,2025-11-06,9,Closed
3362,Mysore,Theft,12.348829,76.196656,2025-01-13,0,Chargesheeted
3363,Mysore,Theft,12.365079,76.167968,2025-09-10,1,Chargesheeted
3364,Mysore,Theft,11.820054,76.459432,2025-07-15,6,Chargesheeted
3365,Mysore,Theft,12.461957,75.991682,2025-08-05,23,Chargesheeted
3366,Mysore,Theft,12.063224,76.447601,2025-05-08,11,Under Investigation
3367,Mysore,Theft,12.34615,76.202234,2025-10-01,6,Chargesheeted
3368,Mysore,Theft,12.347039,76.195217,2025-04-27,1,Chargesheeted
3369,Mysore,Theft,12.011972,76.422353,2025-02-15,21,Under Investigation
3370,Mysore,Theft,12.514339,76.2824,2025-11-28,5,Chargesheeted
3371,Mysore,Theft,12.464969,75.993104,2025-07-30,14,Closed
3372,Mysore,Theft,12.49089,75.983758,2025-01-07,20,Closed
3373,Mysore,Theft,12.027434,76.417239,2025-02-19,2,Chargesheeted
3374,Mysore,Theft,12.395802,76.040085,2025-02-05,7,Chargesheeted
3375,Mysore,Theft,12.010774,76.413528,2025-12-19,20,Closed
3376,Mysore,Theft,12.456081,75.989623,2025-02-15,13,Closed
3377,Mysore,Theft,12.013562,76.415745,2025-07-13,18,Closed
3378,Mysore,Theft,11.83835,76.475461,2025-01-08,20,Closed
3379,Mysore,Theft,11.841665,76.462734,2025-05-18,2,Chargesheeted
3380,Mysore,Theft,12.466755,75.971233,2025-08-13,4,Under Investigation
3381,Mysore,Theft,12.273262,76.875263,2025-01-30,3,Under Investigation
3382,Mysore,Theft,12.473863,75.984198,2025-04-29,2,Under Investigation
3383,Mysore,Robbery,11.783941,76.373063,2025-04-26,11,Under Investigation
3384,Mysore,Robbery,12.448412,75.993712,2025-01-02,23,Under Investigation
3385,Mysore,Robbery,12.010906,76.406376,2025-08-21,23,Closed
3386,Mysore,Robbery,12.429166,76.218145,2025-08-04,19,Chargesheeted
3387,Mysore,Robbery,12.023982,76.41363,2025-10-19,3,Chargesheeted
3388,Mysore,Robbery,11.822532,76.467411,2025-06-19,10,Under Investigation
3389,Mysore,Robbery,12.47715,75.985137,2025-12-08,15,Closed
3390,Mysore,Robbery,12.006494,76.414975,2025-09-08,0,Chargesheeted
3391,Mysore,Robbery,12.431506,76.069871,2025-03-19,5,Under Investigation
3392,Mysore,Robbery,12.012119,76.420508,2025-04-07,18,Under Investigation
3393,Mysore,Robbery,12.249978,76.784036,2025-08-28,21,Closed
3394,Mysore,Robbery,12.464621,75.980353,2025-05-01,11,Closed
3395,Mysore,Robbery,12.023465,76.415921,2025-09-22,10,Chargesheeted
3396,Mysore,Robbery,12.017842,76.414195,2025-05-19,20,Chargesheeted
3397,Mysore,Robbery,12.466827,75.980345,2025-09-12,18,Under Investigation
3398,Mysore,Robbery,11.836489,76.462396,2025-09-23,0,Chargesheeted
3399,Mysore,Robbery,12.461794,75.997221,2025-09-05,10,Closed
3400,Mysore,Robbery,12.347026,76.475523,2025-01-06,14,Under Investigation
3401,Mysore,Robbery,11.843027,76.475522,2025-07-04,10,Chargesheeted
3402,Mysore,Robbery,12.342233,76.189607,2025-03-12,17,Under Investigation
3403,Mysore,Robbery,12.445003,76.190246,2025-11-05,3,Under Investigation
3404,Mysore,Robbery,11.832138,76.465888,2025-11-19,10,Chargesheeted
3405,Mysore,Robbery,12.375984,76.554783,2025-05-13,11,Closed
3406,Mysore,Robbery,12.35398,76.197988,2025-08-22,21,Chargesheeted
3407,Mysore,Robbery,12.467432,75.988682,2025-01-18,8,Under Investigation
3408,Mysore,Robbery,12.462188,75.984011,2025-05-16,18,Closed
3409,Mysore,Robbery,12.538993,76.303703,2025-06-28,0,Under Investigation
3410,Mysore,Robbery,12.463267,75.987712,2025-03-05,16,Closed
3411,Mysore,Robbery,12.474566,75.988532,2025-12-13,6,Chargesheeted
3412,Mysore,Robbery,12.086966,76.745699,2025-05-22,9,Closed
3413,Mysore,Robbery,12.026765,76.427207,2025-06-05,10,Closed
3414,Mysore,Robbery,11.826444,76.465159,2025-02-26,6,Chargesheeted
3415,Mysore,Robbery,12.016712,76.419352,2025-03-25,7,Chargesheeted
3416,Mysore,Robbery,11.816787,76.319288,2025-03-06,19,Closed
3417,Mysore,Robbery,12.027952,76.409628,2025-11-15,6,Under Investigation
3418,Mysore,Chain Snatching,12.434747,76.339442,2025-10-11,13,Under Investigation
3419,Mysore,Chain Snatching,12.017003,76.420012,2025-06-05,4,Under Investigation
3420,Mysore,Chain Snatching,12.465525,75.982307,2025-02-27,10,Chargesheeted
3421,Mysore,Chain Snatching,12.357926,76.20534,2025-02-18,13,Chargesheeted
3422,Mysore,Chain Snatching,11.832287,76.467588,2025-01-03,18,Chargesheeted
3423,Mysore,Chain Snatching,12.40203,76.517677,2025-02-18,23,Under Investigation
3424,Mysore,Chain Snatching,12.441703,76.040322,2025-10-23,16,Chargesheeted
3425,Mysore,Chain Snatching,11.820508,76.455934,2025-01-20,4,Under Investigation
3426,Mysore,Chain Snatching,11.829807,76.471172,2025-07-14,3,Closed
3427,Mysore,Chain Snatching,12.363286,76.202037,2025-04-02,18,Chargesheeted
3428,Mysore,Chain Snatching,12.473028,75.985234,2025-06-22,12,Chargesheeted
3429,Mysore,Chain Snatching,12.337715,76.187481,2025-08-11,8,Under Investigation
3430,Mysore,Chain Snatching,12.453712,75.967425,2025-10-29,22,Closed
3431,Mysore,Chain Snatching,12.36383,76.435697,2025-07-01,0,Under Investigation
3432,Mysore,Chain Snatching,12.01788,76.401277,2025-05-30,5,Closed
3433,Mysore,Chain Snatching,11.842634,76.469213,2025-12-28,13,Closed
3434,Mysore,Chain Snatching,11.845681,76.460177,2025-01-21,19,Closed
3435,Mysore,Chain Snatching,12.026864,76.429788,2025-06-05,6,Closed
3436,Mysore,Chain Snatching,11.821294,76.469061,2025-01-10,8,Chargesheeted
3437,Mysore,Chain Snatching,12.103759,76.642591,2025-04-05,20,Under Investigation
3438,Mysore,Chain Snatching,12.348154,76.206554,2025-05-05,4,Closed
3439,Mysore,Chain Snatching,11.836762,76.470911,2025-05-23,20,Chargesheeted
3440,Mysore,Chain Snatching,12.47336,75.989126,2025-01-08,9,Chargesheeted
3441,Mysore,Chain Snatching,12.357686,76.19959,2025-07-26,17,Closed
3442,Mysore,Chain Snatching,11.831725,76.472234,2025-01-11,13,Under Investigation
3443,Mysore,Burglary,12.462781,75.976323,2025-02-05,2,Chargesheeted
3444,Mysore,Burglary,12.355433,76.194517,2025-12-23,7,Closed
3445,Mysore,Burglary,12.344497,76.192927,2025-07-11,7,Closed
3446,Mysore,Burglary,12.020684,76.417944,2025-03-07,2,Closed
3447,Mysore,Burglary,11.826997,76.46469,2025-08-08,12,Closed
3448,Mysore,Burglary,11.839241,76.463304,2025-09-29,0,Closed
3449,Mysore,Burglary,12.465434,75.980361,2025-02-16,11,Under Investigation
3450,Mysore,Burglary,12.085594,76.717439,2025-12-05,10,Closed
3451,Mysore,Burglary,12.090025,76.242441,2025-08-31,4,Chargesheeted
3452,Mysore,Burglary,12.353137,76.219138,2025-06-01,22,Under Investigation
3453,Mysore,Burglary,12.460191,75.986776,2025-03-21,1,Chargesheeted
3454,Mysore,Burglary,11.831624,76.462978,2025-07-30,21,Under Investigation
3455,Mysore,Burglary,11.826313,76.475421,2025-02-19,11,Chargesheeted
3456,Mysore,Burglary,11.839074,76.454082,2025-05-10,19,Closed
3457,Mysore,Burglary,12.431817,75.992244,2025-05-26,17,Closed
3458,Mysore,Burglary,12.02658,76.423529,2025-02-07,23,Under Investigation
3459,Mysore,Burglary,12.360102,76.180478,2025-01-10,21,Chargesheeted
3460,Mysore,Burglary,12.468594,75.977685,2025-04-07,17,Closed
3461,Mysore,Burglary,12.015786,76.406771,2025-12-09,6,Under Investigation
3462,Mysore,Burglary,12.39243,76.421727,2025-02-02,18,Under Investigation
3463,Mysore,Burglary,12.047817,76.81249,2025-05-30,13,Closed
3464,Mysore,Burglary,11.839775,76.473675,2025-07-19,10,Under Investigation
3465,Mysore,Burglary,12.348233,76.213291,2025-01-10,13,Under Investigation
3466,Mysore,Burglary,11.843274,76.461005,2025-03-23,19,Under Investigation
3467,Mysore,Burglary,11.841294,76.460637,2025-09-14,11,Under Investigation
3468,Mysore,Burglary,12.36823,76.1967,2025-01-25,6,Chargesheeted
3469,Mysore,Burglary,12.016989,76.409587,2025-02-01,0,Closed
3470,Mysore,Burglary,12.343935,76.188938,2025-08-29,12,Under Investigation
3471,Mysore,Burglary,11.838288,76.468411,2025-12-17,11,Chargesheeted
3472,Mysore,Burglary,12.478344,75.986324,2025-10-01,20,Under Investigation
3473,Mysore,Burglary,12.008845,76.418067,2025-11-19,2,Closed
3474,Mysore,Burglary,12.452471,75.98205,2025-04-22,17,Closed
3475,Mysore,Burglary,12.029987,76.411321,2025-08-22,20,Chargesheeted
3476,Mysore,Burglary,12.353314,76.202996,2025-08-12,18,Under Investigation
3477,Mysore,Burglary,11.951616,76.368464,2025-08-05,3,Chargesheeted
3478,Mysore,Burglary,12.343868,76.196108,2025-11-30,11,Closed
3479,Mysore,Burglary,12.309264,76.216641,2025-10-27,12,Chargesheeted
3480,Mysore,Burglary,12.352295,76.210002,2025-05-23,21,Closed
3481,Mysore,Burglary,12.348804,76.192328,2025-05-23,14,Chargesheeted
3482,Mysore,Burglary,11.838858,76.470048,2025-02-14,2,Closed
3483,Mysore,Burglary,12.026939,76.423749,2025-11-16,17,Closed
3484,Mysore,Burglary,11.830179,76.462723,2025-09-26,9,Closed
3485,Mysore,Burglary,11.831887,76.4728,2025-08-02,0,Chargesheeted
3486,Mysore,Burglary,11.893283,76.481857,2025-04-18,14,Under Investigation
3487,Mysore,Burglary,12.021843,76.414924,2025-01-17,8,Under Investigation
3488,Mysore,Burglary,11.849637,76.463093,2025-11-23,21,Closed
3489,Mysore,Burglary,12.473633,75.980934,2025-04-26,10,Under Investigation
3490,Mysore,Burglary,12.458024,75.985113,2025-08-19,13,Under Investigation
3491,Mysore,Burglary,11.839528,76.467609,2025-10-27,17,Chargesheeted
3492,Mysore,Burglary,12.016723,76.415022,2025-04-03,21,Under Investigation
3493,Mysore,Burglary,12.479673,75.97204,2025-07-10,11,Chargesheeted
3494,Mysore,Burglary,12.034157,76.294441,2025-10-21,4,Closed
3495,Mysore,Burglary,12.034846,76.414611,2025-02-04,6,Closed
3496,Mysore,Burglary,12.481022,75.973702,2025-04-08,20,Chargesheeted
3497,Mysore,Burglary,12.448822,76.066744,2025-09-26,6,Chargesheeted
3498,Mysore,Burglary,12.473233,75.986431,2025-04-13,16,Under Investigation
3499,Mysore,Burglary,12.459038,75.992609,2025-03-17,8,Under Investigation
3500,Mysore,Burglary,11.84035,76.452715,2025-11-14,16,Chargesheeted
3501,Mysore,Burglary,12.471653,75.981271,2025-12-07,8,Under Investigation
3502,Mysore,Burglary,12.349073,76.184986,2025-04-29,1,Closed
3503,Mysore,Assault,12.300819,76.64113,2025-10-28,7,Under Investigation
3504,Mysore,Assault,12.019857,76.41097,2025-11-27,6,Closed
3505,Mysore,Assault,12.012773,76.419973,2025-11-15,5,Chargesheeted
3506,Mysore,Assault,12.467836,75.9924,2025-02-09,5,Chargesheeted
3507,Mysore,Assault,12.465441,75.979105,2025-02-01,0,Chargesheeted
3508,Mysore,Assault,11.834289,76.472389,2025-04-27,15,Closed
3509,Mysore,Assault,12.329997,76.904195,2025-04-11,5,Closed
3510,Mysore,Assault,11.826671,76.458957,2025-09-14,20,Closed
3511,Mysore,Assault,11.828662,76.464184,2025-11-02,22,Closed
3512,Mysore,Assault,12.472854,75.984591,2025-10-14,13,Closed
3513,Mysore,Assault,12.104098,76.95573,2025-12-18,3,Under Investigation
3514,Mysore,Assault,12.018249,76.403783,2025-01-27,2,Closed
3515,Mysore,Assault,11.823222,76.469622,2025-04-02,17,Under Investigation
3516,Mysore,Assault,12.278231,76.640088,2025-08-20,15,Closed
3517,Mysore,Assault,12.212448,76.18194,2025-09-22,19,Chargesheeted
3518,Mysore,Assault,12.466567,75.974627,2025-03-12,10,Chargesheeted
3519,Mysore,Assault,12.487829,75.981106,2025-08-04,1,Closed
3520,Mysore,Assault,12.267868,76.815271,2025-04-26,17,Chargesheeted
3521,Mysore,Assault,11.823687,76.470585,2025-12-03,8,Chargesheeted
3522,Mysore,Assault,11.837163,76.468439,2025-10-04,2,Closed
3523,Mysore,Assault,12.470708,75.980844,2025-10-05,8,Chargesheeted
3524,Mysore,Assault,12.315197,76.243427,2025-04-30,5,Chargesheeted
3525,Mysore,Assault,12.476968,75.993916,2025-02-23,21,Closed
3526,Mysore,Assault,12.461153,75.984418,2025-11-28,22,Closed
3527,Mysore,Assault,12.463053,75.976654,2025-03-30,21,Under Investigation
3528,Mysore,Assault,12.548201,76.026528,2025-08-05,13,Closed
3529,Mysore,Assault,11.8266,76.468819,2025-03-24,21,Chargesheeted
3530,Mysore,Assault,12.015723,76.417056,2025-07-21,19,Closed
3531,Mysore,Assault,12.368025,76.839057,2025-12-18,13,Chargesheeted
3532,Mysore,Assault,12.030656,76.4135,2025-11-28,14,Chargesheeted
3533,Mysore,Assault,11.835155,76.465424,2025-04-11,11,Closed
3534,Mysore,Assault,11.833556,76.46225,2025-06-04,12,Closed
3535,Mysore,Assault,12.201619,76.530059,2025-07-19,18,Closed
3536,Mysore,Assault,11.838009,76.466055,2025-09-05,16,Closed
3537,Mysore,Assault,11.831803,76.451429,2025-12-10,3,Chargesheeted
3538,Mysore,Assault,12.026384,76.420605,2025-07-15,22,Under Investigation
3539,Mysore,Assault,12.46857,75.978739,2025-07-17,4,Chargesheeted
3540,Mysore,Assault,12.342434,76.198311,2025-12-15,22,Chargesheeted
3541,Mysore,Assault,11.837753,76.476158,2025-04-15,2,Under Investigation
3542,Mysore,Assault,12.470093,75.965037,2025-06-15,2,Chargesheeted
3543,Mysore,Assault,12.455752,75.977118,2025-08-03,7,Under Investigation
3544,Mysore,Assault,12.377572,76.48084,2025-11-01,13,Chargesheeted
3545,Mysore,Assault,11.829316,76.465281,2025-06-12,8,Under Investigation
3546,Mysore,Assault,12.459014,75.981956,2025-09-23,20,Closed
3547,Mysore,Assault,12.47182,75.972908,2025-10-05,21,Closed
3548,Mysore,Assault,12.014763,76.409043,2025-05-12,10,Chargesheeted
3549,Mysore,Assault,12.01404,76.416766,2025-01-19,4,Chargesheeted
3550,Mysore,Assault,12.464369,75.981044,2025-07-22,23,Chargesheeted
3551,Mysore,Assault,11.847657,76.4742,2025-09-27,13,Under Investigation
3552,Mysore,Assault,11.853594,76.497303,2025-07-18,0,Under Investigation
3553,Mysore,Assault,11.740848,76.352589,2025-04-08,19,Closed
3554,Mysore,Assault,12.45382,75.985365,2025-08-01,14,Closed
3555,Mysore,Assault,12.467249,75.981806,2025-06-16,9,Closed
3556,Mysore,Assault,11.824542,76.468055,2025-06-04,7,Under Investigation
3557,Mysore,Assault,12.454215,75.988666,2025-11-24,15,Under Investigation
3558,Mysore,Assault,12.459342,75.980786,2025-07-29,15,Closed
3559,Mysore,Assault,12.005295,76.417805,2025-12-17,21,Chargesheeted
3560,Mysore,Assault,11.831566,76.468582,2025-04-29,0,Closed
3561,Mysore,Assault,12.017187,76.404615,2025-07-30,22,Closed
3562,Mysore,Assault,12.624952,76.342178,2025-01-19,2,Under Investigation
3563,Mysore,Assault,12.342893,76.203978,2025-10-10,4,Under Investigation
3564,Mysore,Assault,11.84484,76.471874,2025-05-14,5,Closed
3565,Mysore,Assault,12.454176,75.9791,2025-02-26,22,Closed
3566,Mysore,Assault,11.825341,76.462432,2025-10-05,12,Under Investigation
3567,Mysore,Assault,12.375195,76.203311,2025-12-17,13,Under Investigation
3568,Mysore,Assault,12.357324,76.190442,2025-09-10,17,Closed
3569,Mysore,Assault,12.354276,76.192987,2025-06-18,22,Under Investigation
3570,Mysore,Assault,11.842609,76.478471,2025-03-26,0,Chargesheeted
3571,Mysore,Assault,12.333745,76.201944,2025-04-27,15,Under Investigation
3572,Mysore,Assault,11.83544,76.451499,2025-05-15,22,Chargesheeted
3573,Mysore,Assault,12.40725,76.252043,2025-07-16,17,Under Investigation
3574,Mysore,Assault,12.189312,76.297613,2025-09-25,2,Under Investigation
3575,Mysore,Assault,11.849356,76.456035,2025-03-29,13,Under Investigation
3576,Mysore,Assault,11.822481,76.475436,2025-04-17,1,Under Investigation
3577,Mysore,Assault,12.347486,76.202424,2025-04-05,1,Under Investigation
3578,Mysore,Assault,12.462284,75.983029,2025-06-27,11,Closed
3579,Mysore,Assault,12.369484,76.20606,2025-06-26,15,Chargesheeted
3580,Mysore,Assault,12.463711,75.976231,2025-03-08,19,Closed
3581,Mysore,Assault,12.34398,76.20315,2025-04-04,20,Chargesheeted
3582,Mysore,Assault,12.467815,75.988832,2025-09-13,16,Under Investigation
3583,Mysore,Assault,11.8327,76.473901,2025-01-13,2,Chargesheeted
3584,Mysore,Assault,12.072883,76.291731,2025-02-15,6,Closed
3585,Mysore,Assault,12.461272,75.974805,2025-02-16,23,Under Investigation
3586,Mysore,Assault,12.462762,76.00241,2025-01-12,18,Under Investigation
3587,Mysore,Assault,12.009066,76.418742,2025-06-01,12,Chargesheeted
3588,Mysore,Assault,11.830704,76.459335,2025-09-17,14,Chargesheeted
3589,Mysore,Assault,12.411314,76.901215,2025-04-06,2,Chargesheeted
3590,Mysore,Assault,11.837936,76.468517,2025-02-18,21,Chargesheeted
3591,Mysore,Assault,12.017952,76.412784,2025-03-09,20,Under Investigation
3592,Mysore,Assault,11.835939,76.470501,2025-05-21,23,Chargesheeted
3593,Raichur,Theft,16.376145,77.103428,2025-11-08,22,Chargesheeted
3594,Raichur,Theft,16.211546,77.39452,2025-10-06,1,Closed
3595,Raichur,Theft,16.209696,77.382465,2025-08-25,5,Closed
3596,Raichur,Theft,15.964045,77.060521,2025-05-07,5,Under Investigation
3597,Raichur,Theft,16.127552,76.688931,2025-12-13,0,Under Investigation
3598,Raichur,Theft,16.085837,76.471807,2025-08-28,10,Under Investigation
3599,Raichur,Theft,16.376116,77.04711,2025-02-08,22,Closed
3600,Raichur,Theft,16.414732,77.094453,2025-10-28,18,Under Investigation
3601,Raichur,Theft,16.200623,77.363046,2025-06-06,13,Closed
3602,Raichur,Theft,16.088736,76.46008,2025-11-28,3,Closed
3603,Raichur,Theft,15.971847,77.073153,2025-10-20,18,Closed
3604,Raichur,Theft,16.095479,77.343451,2025-07-29,8,Chargesheeted
3605,Raichur,Theft,16.098049,76.467885,2025-05-30,12,Closed
3606,Raichur,Theft,16.436831,76.918415,2025-03-17,10,Closed
3607,Raichur,Theft,16.13883,76.674448,2025-04-02,8,Chargesheeted
3608,Raichur,Theft,15.97821,77.072131,2025-12-08,20,Chargesheeted
3609,Raichur,Theft,16.11415,76.682777,2025-01-03,1,Closed
3610,Raichur,Theft,16.100959,76.463868,2025-09-06,11,Under Investigation
3611,Raichur,Theft,16.122551,76.676117,2025-03-14,2,Under Investigation
3612,Raichur,Theft,16.198879,77.379176,2025-07-17,15,Chargesheeted
3613,Raichur,Theft,16.095997,76.462793,2025-03-25,19,Closed
3614,Raichur,Theft,16.121361,76.699256,2025-01-10,1,Under Investigation
3615,Raichur,Theft,16.46287,76.916212,2025-10-23,12,Under Investigation
3616,Raichur,Theft,16.200278,77.393507,2025-01-06,16,Chargesheeted
3617,Raichur,Theft,16.095112,76.471457,2025-10-04,22,Closed
3618,Raichur,Theft,16.119639,76.695409,2025-11-30,3,Closed
3619,Raichur,Theft,16.449379,76.922851,2025-02-21,17,Chargesheeted
3620,Raichur,Theft,16.19968,77.366289,2025-07-11,0,Under Investigation
3621,Raichur,Theft,16.119209,76.695426,2025-12-11,8,Chargesheeted
3622,Raichur,Theft,16.003314,77.48145,2025-06-10,12,Under Investigation
3623,Raichur,Theft,15.961384,77.066766,2025-02-15,11,Closed
3624,Raichur,Theft,15.980124,77.073403,2025-04-09,8,Under Investigation
3625,Raichur,Theft,16.08771,76.458377,2025-07-31,4,Closed
3626,Raichur,Theft,16.207595,77.384527,2025-02-23,16,Closed
3627,Raichur,Theft,16.208359,77.37597,2025-04-19,2,Under Investigation
3628,Raichur,Theft,16.440703,76.916866,2025-09-26,8,Under Investigation
3629,Raichur,Theft,16.267108,77.46084,2025-02-21,4,Closed
3630,Raichur,Theft,16.150907,76.350491,2025-03-25,22,Under Investigation
3631,Raichur,Theft,15.965124,77.073067,2025-02-19,4,Under Investigation
3632,Raichur,Theft,16.200288,77.374259,2025-12-09,16,Under Investigation
3633,Raichur,Robbery,16.122975,76.690818,2025-01-19,17,Chargesheeted
3634,Raichur,Robbery,16.445858,76.908939,2025-09-11,7,Closed
3635,Raichur,Robbery,15.976575,77.440173,2025-08-27,19,Under Investigation
3636,Raichur,Robbery,16.123363,76.687081,2025-05-28,20,Chargesheeted
3637,Raichur,Robbery,16.079631,76.454933,2025-02-05,16,Under Investigation
3638,Raichur,Robbery,15.962899,77.079406,2025-10-11,11,Chargesheeted
3639,Raichur,Chain Snatching,16.197815,77.392137,2025-01-15,19,Chargesheeted
3640,Raichur,Chain Snatching,16.45688,76.922157,2025-05-03,12,Chargesheeted
3641,Raichur,Chain Snatching,15.980098,77.060403,2025-11-02,12,Closed
3642,Raichur,Burglary,16.135226,76.679924,2025-06-30,5,Chargesheeted
3643,Raichur,Burglary,16.198619,77.375538,2025-07-23,16,Under Investigation
3644,Raichur,Burglary,16.20579,76.506958,2025-08-03,5,Closed
3645,Raichur,Burglary,16.200405,77.385771,2025-09-02,5,Under Investigation
3646,Raichur,Burglary,16.456054,76.917536,2025-01-21,11,Chargesheeted
3647,Raichur,Burglary,16.11973,76.682997,2025-09-04,7,Chargesheeted
3648,Raichur,Burglary,16.113786,76.688491,2025-12-05,10,Closed
3649,Raichur,Burglary,16.452596,76.913665,2025-09-04,0,Under Investigation
3650,Raichur,Burglary,16.004838,77.189937,2025-07-20,3,Chargesheeted
3651,Raichur,Burglary,16.041816,77.235695,2025-07-29,6,Under Investigation
3652,Raichur,Burglary,15.989026,77.079288,2025-01-06,18,Chargesheeted
3653,Raichur,Burglary,16.108331,76.457197,2025-03-06,19,Closed
3654,Raichur,Assault,16.095851,76.477238,2025-02-20,15,Closed
3655,Raichur,Assault,16.456219,76.928412,2025-10-23,22,Closed
3656,Raichur,Assault,16.092238,76.465073,2025-02-05,16,Closed
3657,Raichur,Assault,16.0825,76.466303,2025-01-17,3,Chargesheeted
3658,Raichur,Assault,15.963373,77.079226,2025-04-20,20,Under Investigation
3659,Raichur,Assault,16.102883,76.687829,2025-06-20,18,Under Investigation
3660,Raichur,Assault,16.101416,76.459244,2025-04-05,10,Under Investigation
3661,Raichur,Assault,16.202109,77.37643,2025-05-23,18,Closed
3662,Raichur,Assault,16.071871,76.469801,2025-01-24,3,Under Investigation
3663,Raichur,Assault,16.457249,76.912826,2025-05-15,11,Under Investigation
3664,Raichur,Assault,16.436124,76.916443,2025-12-12,9,Closed
3665,Raichur,Assault,15.939439,76.902653,2025-02-14,22,Chargesheeted
3666,Raichur,Assault,15.980746,77.059861,2025-10-29,3,Closed
3667,Raichur,Assault,15.974239,77.060922,2025-05-24,17,Closed
3668,Raichur,Assault,16.199323,77.375198,2025-10-04,14,Chargesheeted
3669,Raichur,Assault,16.084361,76.486766,2025-11-09,18,Closed
3670,Raichur,Assault,16.097554,76.480226,2025-08-20,11,Closed
3671,Raichur,Assault,15.98478,77.091698,2025-06-11,2,Chargesheeted
3672,Raichur,Assault,15.967797,77.028426,2025-02-23,22,Under Investigation
3673,Raichur,Assault,15.859353,76.883541,2025-10-21,8,Closed
3674,Shimoga,Theft,14.607453,75.123487,2025-11-10,11,Under Investigation
3675,Shimoga,Theft,14.184723,75.380828,2025-11-03,8,Under Investigation
3676,Shimoga,Theft,14.261542,75.36303,2025-11-08,8,Closed
3677,Shimoga,Theft,14.606958,75.116344,2025-12-23,16,Under Investigation
3678,Shimoga,Theft,14.268677,75.353014,2025-09-11,5,Chargesheeted
3679,Shimoga,Theft,14.181203,75.383939,2025-10-18,3,Closed
3680,Shimoga,Theft,13.889074,75.532407,2025-08-06,23,Under Investigation
3681,Shimoga,Theft,14.454144,74.928924,2025-10-24,17,Chargesheeted
3682,Shimoga,Theft,14.133896,75.183343,2025-06-08,19,Closed
3683,Shimoga,Theft,14.610078,75.111649,2025-03-24,9,Closed
3684,Shimoga,Theft,13.87871,75.530212,2025-01-22,19,Under Investigation
3685,Shimoga,Theft,14.177883,75.37352,2025-06-23,14,Under Investigation
3686,Shimoga,Theft,14.263348,75.371066,2025-04-07,18,Closed
3687,Shimoga,Theft,13.891674,75.533321,2025-05-05,11,Closed
3688,Shimoga,Theft,13.960117,75.141182,2025-11-06,1,Closed
3689,Shimoga,Theft,13.879689,75.535264,2025-04-27,8,Chargesheeted
3690,Shimoga,Theft,13.884839,75.528998,2025-09-05,20,Closed
3691,Shimoga,Theft,13.834732,75.097707,2025-06-01,21,Closed
3692,Shimoga,Theft,14.127689,75.182592,2025-01-12,22,Under Investigation
3693,Shimoga,Theft,14.618579,75.119611,2025-11-27,7,Under Investigation
3694,Shimoga,Theft,14.257759,75.378962,2025-01-04,2,Chargesheeted
3695,Shimoga,Theft,13.879285,75.526782,2025-09-06,8,Closed
3696,Shimoga,Theft,14.283026,75.358091,2025-01-10,2,Closed
3697,Shimoga,Theft,14.267575,75.355055,2025-06-09,11,Closed
3698,Shimoga,Theft,14.274073,75.351209,2025-04-01,4,Chargesheeted
3699,Shimoga,Theft,13.888216,75.370247,2025-01-08,1,Chargesheeted
3700,Shimoga,Theft,14.173813,75.390963,2025-04-21,18,Closed
3701,Shimoga,Theft,14.618721,75.115614,2025-10-30,15,Under Investigation
3702,Shimoga,Theft,14.063585,74.977872,2025-12-15,20,Chargesheeted
3703,Shimoga,Theft,14.281735,75.363888,2025-06-21,23,Under Investigation
3704,Shimoga,Theft,14.30647,75.164486,2025-05-03,1,Closed
3705,Shimoga,Theft,14.613909,75.139682,2025-06-28,8,Closed
3706,Shimoga,Theft,14.427044,75.015779,2025-09-25,23,Closed
3707,Shimoga,Theft,14.609611,75.126759,2025-04-15,12,Closed
3708,Shimoga,Theft,13.889989,75.539113,2025-02-17,20,Under Investigation
3709,Shimoga,Theft,14.125887,75.176061,2025-11-12,1,Under Investigation
3710,Shimoga,Theft,14.617717,75.118573,2025-08-09,6,Closed
3711,Shimoga,Theft,14.442105,75.258342,2025-06-18,3,Closed
3712,Shimoga,Theft,14.610764,75.122392,2025-06-07,13,Closed
3713,Shimoga,Theft,14.175619,75.019455,2025-08-09,22,Chargesheeted
3714,Shimoga,Robbery,14.280895,75.369476,2025-04-20,11,Under Investigation
3715,Shimoga,Robbery,14.599352,75.128978,2025-04-06,3,Closed
3716,Shimoga,Robbery,14.123643,75.187475,2025-11-08,11,Chargesheeted
3717,Shimoga,Robbery,13.882908,75.529854,2025-05-01,4,Under Investigation
3718,Shimoga,Robbery,13.677803,75.278583,2025-10-18,19,Chargesheeted
3719,Shimoga,Robbery,14.124631,75.179773,2025-11-23,19,Closed
3720,Shimoga,Chain Snatching,14.204259,75.110124,2025-08-04,3,Closed
3721,Shimoga,Chain Snatching,14.180273,75.378131,2025-09-20,11,Closed
3722,Shimoga,Chain Snatching,14.264454,75.374388,2025-01-04,15,Chargesheeted
3723,Shimoga,Burglary,14.178211,75.390824,2025-08-08,16,Under Investigation
3724,Shimoga,Burglary,14.255725,75.35502,2025-09-04,14,Closed
3725,Shimoga,Burglary,14.386,75.009333,2025-01-26,7,Under Investigation
3726,Shimoga,Burglary,14.602952,75.13155,2025-12-03,12,Chargesheeted
3727,Shimoga,Burglary,14.065859,75.104622,2025-08-02,8,Chargesheeted
3728,Shimoga,Burglary,14.144836,75.177539,2025-06-29,3,Chargesheeted
3729,Shimoga,Burglary,14.312637,75.468047,2025-08-02,2,Chargesheeted
3730,Shimoga,Burglary,13.876411,75.535913,2025-07-21,14,Closed
3731,Shimoga,Burglary,13.879436,75.535344,2025-11-10,0,Closed
3732,Shimoga,Burglary,14.612778,75.130821,2025-07-30,6,Chargesheeted
3733,Shimoga,Burglary,14.609225,75.127774,2025-01-13,22,Chargesheeted
3734,Shimoga,Burglary,14.168267,75.386261,2025-08-28,16,Closed
3735,Shimoga,Assault,13.88713,75.537482,2025-06-12,5,Closed
3736,Shimoga,Assault,14.23625,75.053014,2025-06-19,12,Under Investigation
3737,Shimoga,Assault,14.269971,75.363116,2025-01-15,1,Chargesheeted
3738,Shimoga,Assault,14.264509,75.373233,2025-05-31,3,Under Investigation
3739,Shimoga,Assault,14.610696,75.119214,2025-11-25,10,Closed
3740,Shimoga,Assault,13.746531,75.252664,2025-09-01,2,Under Investigation
3741,Shimoga,Assault,14.108498,75.162055,2025-12-26,2,Chargesheeted
3742,Shimoga,Assault,14.113439,75.179075,2025-12-12,6,Chargesheeted
3743,Shimoga,Assault,13.862402,75.530603,2025-02-25,2,Under Investigation
3744,Shimoga,Assault,14.263389,75.368354,2025-09-20,19,Closed
3745,Shimoga,Assault,14.623976,75.129233,2025-02-23,15,Under Investigation
3746,Shimoga,Assault,14.600718,75.126261,2025-04-24,18,Closed
3747,Shimoga,Assault,14.604175,75.122684,2025-04-22,14,Under Investigation
3748,Shimoga,Assault,14.015423,75.47796,2025-08-18,5,Under Investigation
3749,Shimoga,Assault,13.894935,75.537067,2025-02-08,4,Chargesheeted
3750,Shimoga,Assault,14.608991,75.135307,2025-08-19,0,Closed
3751,Shimoga,Assault,14.603541,75.122422,2025-08-18,16,Closed
3752,Shimoga,Assault,14.255723,75.37235,2025-03-20,9,Closed
3753,Shimoga,Assault,13.867743,75.537411,2025-07-31,18,Closed
3754,Shimoga,Assault,13.88398,75.540583,2025-06-04,21,Under Investigation
3755,Tumkur,Theft,13.283122,76.931038,2025-07-23,4,Under Investigation
3756,Tumkur,Theft,13.446526,76.46658,2025-11-12,21,Under Investigation
3757,Tumkur,Theft,13.550902,76.864736,2025-12-05,11,Closed
3758,Tumkur,Theft,13.45445,76.458162,2025-09-15,23,Under Investigation
3759,Tumkur,Theft,13.664772,77.249975,2025-03-11,2,Under Investigation
3760,Tumkur,Theft,14.168553,77.175611,2025-12-26,14,Chargesheeted
3761,Tumkur,Theft,13.276111,77.121141,2025-08-14,5,Chargesheeted
3762,Tumkur,Theft,14.166485,77.16509,2025-03-18,6,Chargesheeted
3763,Tumkur,Theft,13.784037,77.316955,2025-10-12,6,Under Investigation
3764,Tumkur,Theft,13.436992,76.451169,2025-11-06,21,Under Investigation
3765,Tumkur,Theft,13.43568,76.44745,2025-07-10,21,Under Investigation
3766,Tumkur,Theft,13.577677,76.857105,2025-06-09,8,Chargesheeted
3767,Tumkur,Theft,13.216442,76.914688,2025-01-07,12,Closed
3768,Tumkur,Theft,13.288228,77.118152,2025-04-18,14,Chargesheeted
3769,Tumkur,Theft,13.560393,76.867372,2025-12-15,0,Chargesheeted
3770,Tumkur,Theft,14.169967,77.171351,2025-12-04,0,Under Investigation
3771,Tumkur,Theft,13.552831,77.060021,2025-02-20,19,Closed
3772,Tumkur,Theft,13.56284,76.864617,2025-02-27,19,Closed
3773,Tumkur,Theft,13.66657,77.269018,2025-07-31,16,Chargesheeted
3774,Tumkur,Theft,13.289173,77.129175,2025-10-14,17,Chargesheeted
3775,Tumkur,Theft,13.455536,77.293166,2025-09-04,0,Closed
3776,Tumkur,Theft,13.443708,76.487317,2025-12-08,13,Under Investigation
3777,Tumkur,Theft,13.904274,77.158917,2025-01-24,4,Under Investigation
3778,Tumkur,Theft,14.162375,77.179048,2025-08-13,0,Closed
3779,Tumkur,Theft,13.561806,76.876015,2025-12-18,11,Closed
3780,Tumkur,Theft,13.286212,77.115506,2025-07-24,19,Under Investigation
3781,Tumkur,Theft,13.465339,76.459855,2025-02-08,17,Closed
3782,Tumkur,Theft,13.894,77.168043,2025-05-04,21,Under Investigation
3783,Tumkur,Theft,13.280918,77.114285,2025-12-26,21,Closed
3784,Tumkur,Theft,13.436771,76.462464,2025-08-31,13,Closed
3785,Tumkur,Theft,13.274865,77.131031,2025-08-21,3,Under Investigation
3786,Tumkur,Theft,13.552434,76.865941,2025-10-09,12,Under Investigation
3787,Tumkur,Theft,13.66157,77.275448,2025-12-07,12,Under Investigation
3788,Tumkur,Theft,13.280324,77.115949,2025-12-13,0,Closed
3789,Tumkur,Theft,13.566783,76.87467,2025-05-02,16,Under Investigation
3790,Tumkur,Theft,13.901699,77.156941,2025-07-26,13,Chargesheeted
3791,Tumkur,Theft,13.573897,76.84754,2025-04-19,7,Chargesheeted
3792,Tumkur,Theft,13.280866,77.127106,2025-01-14,20,Chargesheeted
3793,Tumkur,Theft,13.435724,77.280581,2025-05-13,6,Chargesheeted
3794,Tumkur,Theft,13.374532,76.630684,2025-10-29,5,Chargesheeted
3795,Tumkur,Robbery,14.167398,77.17496,2025-09-24,5,Closed
3796,Tumkur,Robbery,13.567626,76.864596,2025-08-05,5,Closed
3797,Tumkur,Robbery,13.445266,76.458157,2025-07-05,1,Closed
3798,Tumkur,Robbery,13.575071,76.854333,2025-02-27,1,Closed
3799,Tumkur,Robbery,13.902741,77.164254,2025-07-26,20,Closed
3800,Tumkur,Robbery,13.746802,77.170559,2025-04-27,23,Under Investigation
3801,Tumkur,Chain Snatching,14.163917,77.193057,2025-01-18,20,Under Investigation
3802,Tumkur,Chain Snatching,13.654062,77.276073,2025-11-14,3,Closed
3803,Tumkur,Chain Snatching,13.675948,77.267411,2025-03-19,1,Under Investigation
3804,Tumkur,Burglary,13.293486,77.126552,2025-11-14,4,Under Investigation
3805,Tumkur,Burglary,13.555828,76.863342,2025-02-19,9,Under Investigation
3806,Tumkur,Burglary,13.920585,76.94783,2025-09-16,21,Under Investigation
3807,Tumkur,Burglary,13.885808,77.167931,2025-10-04,5,Chargesheeted
3808,Tumkur,Burglary,13.669699,77.276567,2025-07-02,8,Under Investigation
3809,Tumkur,Burglary,13.453507,76.465029,2025-04-02,8,Closed
3810,Tumkur,Burglary,13.66535,77.274105,2025-12-11,22,Under Investigation
3811,Tumkur,Burglary,14.158948,77.192937,2025-02-25,16,Closed
3812,Tumkur,Burglary,13.653785,77.280754,2025-03-02,17,Closed
3813,Tumkur,Burglary,13.553474,76.867036,2025-09-18,13,Chargesheeted
3814,Tumkur,Burglary,13.66792,77.268107,2025-07-01,18,Chargesheeted
3815,Tumkur,Burglary,13.275091,77.125576,2025-01-13,1,Chargesheeted
3816,Tumkur,Assault,14.157888,77.171622,2025-01-29,1,Closed
3817,Tumkur,Assault,13.559761,76.857375,2025-07-11,13,Under Investigation
3818,Tumkur,Assault,14.174766,77.195553,2025-03-10,9,Under Investigation
3819,Tumkur,Assault,13.560856,76.863652,2025-11-06,1,Chargesheeted
3820,Tumkur,Assault,13.270519,77.061206,2025-12-30,13,Under Investigation
3821,Tumkur,Assault,13.358293,76.760588,2025-02-27,18,Under Investigation
3822,Tumkur,Assault,13.46083,77.186057,2025-04-24,4,Closed
3823,Tumkur,Assault,13.275515,77.134137,2025-03-01,11,Under Investigation
3824,Tumkur,Assault,13.903963,77.161789,2025-06-30,20,Under Investigation
3825,Tumkur,Assault,13.553683,76.856592,2025-08-08,22,Closed
3826,Tumkur,Assault,14.150877,77.170249,2025-10-08,8,Closed
3827,Tumkur,Assault,13.887525,77.17449,2025-08-09,12,Under Investigation
3828,Tumkur,Assault,13.662867,77.275743,2025-05-14,11,Chargesheeted
3829,Tumkur,Assault,13.519097,77.183855,2025-11-23,20,Chargesheeted
3830,Tumkur,Assault,14.048281,77.082271,2025-12-07,13,Chargesheeted
3831,Tumkur,Assault,14.16363,77.179202,2025-07-25,2,Chargesheeted
3832,Tumkur,Assault,13.511183,76.743161,2025-10-04,21,Closed
3833,Tumkur,Assault,13.568357,76.860931,2025-11-12,7,Closed
3834,Tumkur,Assault,13.452574,76.456579,2025-02-17,9,Under Investigation
3835,Tumkur,Assault,13.440842,76.461778,2025-12-15,4,Under Investigation
3836,Udupi,Theft,13.450617,75.013767,2025-02-11,5,Closed
3837,Udupi,Theft,13.148518,75.065034,2025-03-16,1,Under Investigation
3838,Udupi,Theft,13.155649,75.061267,2025-02-15,6,Under Investigation
3839,Udupi,Theft,13.914873,74.607052,2025-02-08,6,Chargesheeted
3840,Udupi,Theft,13.579053,74.865235,2025-02-06,2,Chargesheeted
3841,Udupi,Theft,13.918145,74.604901,2025-11-17,2,Closed
3842,Udupi,Theft,13.921058,74.597833,2025-05-16,21,Under Investigation
3843,Udupi,Theft,13.444457,75.011223,2025-12-12,7,Chargesheeted
3844,Udupi,Theft,13.429185,75.006283,2025-12-13,23,Under Investigation
3845,Udupi,Theft,13.241997,75.056459,2025-02-12,12,Chargesheeted
3846,Udupi,Theft,13.927596,74.595446,2025-09-28,15,Under Investigation
3847,Udupi,Theft,13.148897,75.067974,2025-05-20,19,Closed
3848,Udupi,Theft,13.147509,75.057425,2025-02-16,0,Chargesheeted
3849,Udupi,Theft,13.247278,75.066793,2025-02-11,11,Chargesheeted
3850,Udupi,Theft,13.755191,74.944662,2025-09-05,5,Closed
3851,Udupi,Theft,13.488344,75.040286,2025-08-07,9,Under Investigation
3852,Udupi,Theft,13.758269,74.922733,2025-07-06,1,Chargesheeted
3853,Udupi,Theft,13.771038,74.901024,2025-10-15,8,Chargesheeted
3854,Udupi,Theft,13.211999,75.12271,2025-02-16,18,Under Investigation
3855,Udupi,Theft,13.148418,75.058213,2025-08-24,5,Chargesheeted
3856,Udupi,Theft,13.431444,74.999234,2025-09-23,17,Chargesheeted
3857,Udupi,Theft,13.085007,74.940413,2025-01-01,5,Closed
3858,Udupi,Theft,13.148135,75.048527,2025-03-08,2,Closed
3859,Udupi,Theft,13.150737,75.06816,2025-05-19,4,Chargesheeted
3860,Udupi,Theft,13.246828,75.047605,2025-05-13,5,Under Investigation
3861,Udupi,Theft,13.418934,75.00468,2025-02-01,18,Chargesheeted
3862,Udupi,Theft,13.428177,75.01851,2025-08-10,19,Closed
3863,Udupi,Theft,13.934946,74.613001,2025-11-30,0,Closed
3864,Udupi,Theft,13.914478,74.607767,2025-05-15,19,Chargesheeted
3865,Udupi,Theft,13.158558,75.0622,2025-11-01,16,Chargesheeted
3866,Udupi,Theft,13.764175,74.93933,2025-11-12,17,Chargesheeted
3867,Udupi,Theft,13.75584,74.952443,2025-04-02,20,Chargesheeted
3868,Udupi,Theft,13.751642,74.945045,2025-11-02,23,Under Investigation
3869,Udupi,Theft,13.249562,75.049201,2025-02-13,10,Chargesheeted
3870,Udupi,Theft,13.749508,74.92482,2025-03-21,0,Under Investigation
3871,Udupi,Theft,13.25399,75.04982,2025-04-26,7,Chargesheeted
3872,Udupi,Theft,13.451027,75.022249,2025-08-04,10,Chargesheeted
3873,Udupi,Theft,13.42346,75.002128,2025-08-09,12,Closed
3874,Udupi,Theft,13.136068,75.062171,2025-11-23,14,Chargesheeted
3875,Udupi,Theft,13.528714,74.808878,2025-03-09,5,Chargesheeted
3876,Udupi,Robbery,13.279608,74.909995,2025-11-20,8,Chargesheeted
3877,Udupi,Robbery,13.922276,74.598104,2025-12-28,14,Closed
3878,Udupi,Robbery,13.415112,75.002326,2025-11-28,20,Closed
3879,Udupi,Robbery,13.438677,75.023525,2025-05-25,12,Closed
3880,Udupi,Robbery,13.806743,74.63033,2025-08-25,4,Closed
3881,Udupi,Robbery,13.756297,74.940885,2025-10-08,16,Under Investigation
3882,Udupi,Chain Snatching,13.917408,74.604336,2025-05-02,19,Under Investigation
3883,Udupi,Chain Snatching,13.766363,74.935552,2025-11-05,9,Under Investigation
3884,Udupi,Chain Snatching,13.128892,75.048922,2025-03-03,7,Under Investigation
3885,Udupi,Burglary,13.237735,75.060379,2025-10-31,8,Under Investigation
3886,Udupi,Burglary,13.396854,74.944703,2025-05-27,13,Chargesheeted
3887,Udupi,Burglary,13.743575,74.934797,2025-09-04,5,Chargesheeted
3888,Udupi,Burglary,12.994858,75.022388,2025-06-01,5,Under Investigation
3889,Udupi,Burglary,13.926998,74.595496,2025-01-17,5,Closed
3890,Udupi,Burglary,13.928191,74.607244,2025-07-03,22,Under Investigation
3891,Udupi,Burglary,13.29869,74.946392,2025-03-20,9,Closed
3892,Udupi,Burglary,13.749977,74.935295,2025-10-16,17,Under Investigation
3893,Udupi,Burglary,13.758812,74.929522,2025-07-05,15,Under Investigation
3894,Udupi,Burglary,13.428738,75.005723,2025-11-04,4,Chargesheeted
3895,Udupi,Burglary,13.247526,75.058673,2025-10-01,8,Closed
3896,Udupi,Burglary,13.303267,74.883065,2025-11-19,7,Under Investigation
3897,Udupi,Assault,13.437562,75.020167,2025-02-11,12,Chargesheeted
3898,Udupi,Assault,13.434338,74.997485,2025-10-15,3,Under Investigation
3899,Udupi,Assault,13.732293,74.950132,2025-07-21,23,Closed
3900,Udupi,Assault,13.896066,74.601885,2025-04-30,22,Under Investigation
3901,Udupi,Assault,13.164222,74.85539,2025-03-20,12,Closed
3902,Udupi,Assault,13.033309,75.028813,2025-11-19,16,Under Investigation
3903,Udupi,Assault,13.742587,74.923509,2025-05-04,23,Under Investigation
3904,Udupi,Assault,13.749578,74.938682,2025-01-28,20,Under Investigation
3905,Udupi,Assault,13.243451,75.06438,2025-04-02,23,Closed
3906,Udupi,Assault,13.234881,75.039943,2025-05-07,8,Under Investigation
3907,Udupi,Assault,13.751144,74.936415,2025-12-26,4,Closed
3908,Udupi,Assault,13.242719,75.066152,2025-06-29,15,Closed
3909,Udupi,Assault,13.25124,75.059355,2025-02-23,8,Under Investigation
3910,Udupi,Assault,13.762764,74.932627,2025-09-07,18,Chargesheeted
3911,Udupi,Assault,13.928057,74.59929,2025-05-30,13,Under Investigation
3912,Udupi,Assault,13.919248,74.613486,2025-09-01,3,Under Investigation
3913,Udupi,Assault,13.758151,74.942154,2025-05-27,9,Under Investigation
3914,Udupi,Assault,13.761234,74.93957,2025-08-07,17,Under Investigation
3915,Udupi,Assault,13.23993,75.058871,2025-12-21,17,Closed
3916,Udupi,Assault,13.43266,75.010783,2025-02-27,16,Chargesheeted
3917,Uttar Kannand,Theft,15.177983,74.729381,2025-04-15,15,Chargesheeted
3918,Uttar Kannand,Theft,15.147347,74.320648,2025-07-14,7,Closed
3919,Uttar Kannand,Theft,14.897379,74.628129,2025-12-14,7,Under Investigation
3920,Uttar Kannand,Theft,15.011793,74.381355,2025-04-05,17,Chargesheeted
3921,Uttar Kannand,Theft,14.631792,74.714687,2025-04-29,10,Chargesheeted
3922,Uttar Kannand,Theft,15.346494,74.377253,2025-02-12,10,Chargesheeted
3923,Uttar Kannand,Theft,14.772889,74.826213,2025-02-01,2,Under Investigation
3924,Uttar Kannand,Theft,14.978525,75.016744,2025-05-08,8,Chargesheeted
3925,Uttar Kannand,Theft,15.018457,74.3707,2025-07-16,9,Under Investigation
3926,Uttar Kannand,Theft,14.892732,74.61851,2025-01-14,9,Chargesheeted
3927,Uttar Kannand,Theft,15.17577,74.73777,2025-10-30,7,Chargesheeted
3928,Uttar Kannand,Theft,15.170621,74.74409,2025-01-09,3,Under Investigation
3929,Uttar Kannand,Theft,15.173662,74.734873,2025-06-12,11,Chargesheeted
3930,Uttar Kannand,Theft,15.17848,74.747636,2025-06-06,10,Closed
3931,Uttar Kannand,Theft,15.190732,74.747234,2025-10-28,8,Closed
3932,Uttar Kannand,Theft,15.033769,74.925175,2025-12-29,2,Chargesheeted
3933,Uttar Kannand,Theft,14.855022,74.501586,2025-12-21,22,Closed
3934,Uttar Kannand,Theft,15.013563,74.388038,2025-03-29,2,Closed
3935,Uttar Kannand,Theft,15.008774,74.373013,2025-08-06,2,Under Investigation
3936,Uttar Kannand,Theft,15.166479,74.740087,2025-05-13,19,Under Investigation
3937,Uttar Kannand,Theft,14.634312,74.943913,2025-07-22,8,Under Investigation
3938,Uttar Kannand,Theft,15.163484,74.754439,2025-11-15,17,Closed
3939,Uttar Kannand,Theft,15.168354,74.741119,2025-11-20,22,Chargesheeted
3940,Uttar Kannand,Theft,15.347682,74.585389,2025-06-23,1,Closed
3941,Uttar Kannand,Theft,15.020607,74.387781,2025-04-16,6,Chargesheeted
3942,Uttar Kannand,Theft,14.888916,74.640376,2025-05-01,1,Under Investigation
3943,Uttar Kannand,Theft,14.908825,74.628648,2025-07-14,20,Under Investigation
3944,Uttar Kannand,Theft,15.172945,74.75312,2025-09-18,16,Chargesheeted
3945,Uttar Kannand,Theft,14.290895,74.425745,2025-09-17,12,Closed
3946,Uttar Kannand,Theft,15.020855,74.381431,2025-08-17,0,Closed
3947,Uttar Kannand,Theft,15.001609,74.387025,2025-01-30,22,Closed
3948,Uttar Kannand,Theft,14.901677,74.622406,2025-05-05,9,Chargesheeted
3949,Uttar Kannand,Theft,14.894709,74.618374,2025-10-23,5,Chargesheeted
3950,Uttar Kannand,Theft,14.886366,74.638422,2025-08-02,16,Chargesheeted
3951,Uttar Kannand,Theft,14.90659,74.63815,2025-06-19,6,Under Investigation
3952,Uttar Kannand,Theft,14.8939,74.615814,2025-06-25,5,Closed
3953,Uttar Kannand,Theft,14.262622,74.822137,2025-01-06,18,Chargesheeted
3954,Uttar Kannand,Theft,14.808715,75.059476,2025-04-19,7,Chargesheeted
3955,Uttar Kannand,Theft,15.165774,74.752003,2025-11-30,15,Under Investigation
3956,Uttar Kannand,Theft,14.914193,74.627352,2025-01-23,5,Closed
3957,Uttar Kannand,Robbery,15.006126,74.373373,2025-07-25,16,Closed
3958,Uttar Kannand,Robbery,14.894675,74.626024,2025-11-07,1,Chargesheeted
3959,Uttar Kannand,Robbery,14.899635,74.625584,2025-04-20,13,Closed
3960,Uttar Kannand,Robbery,14.891656,74.630968,2025-08-13,11,Closed
3961,Uttar Kannand,Robbery,15.012875,74.390334,2025-06-23,9,Closed
3962,Uttar Kannand,Robbery,14.885552,74.611277,2025-09-29,9,Under Investigation
3963,Uttar Kannand,Chain Snatching,14.281029,74.639591,2025-06-19,20,Closed
3964,Uttar Kannand,Chain Snatching,15.18061,74.750375,2025-09-12,14,Under Investigation
3965,Uttar Kannand,Chain Snatching,15.163366,74.733792,2025-03-19,1,Closed
3966,Uttar Kannand,Burglary,14.897396,74.634714,2025-01-24,0,Chargesheeted
3967,Uttar Kannand,Burglary,14.891393,74.137064,2025-02-15,14,Chargesheeted
3968,Uttar Kannand,Burglary,15.178514,74.736182,2025-07-01,17,Chargesheeted
3969,Uttar Kannand,Burglary,14.887136,74.631634,2025-12-18,21,Closed
3970,Uttar Kannand,Burglary,15.1864,74.734797,2025-02-25,20,Chargesheeted
3971,Uttar Kannand,Burglary,14.401308,74.507566,2025-02-09,15,Chargesheeted
3972,Uttar Kannand,Burglary,15.252829,74.793107,2025-07-31,20,Under Investigation
3973,Uttar Kannand,Burglary,14.914184,74.632477,2025-10-28,3,Chargesheeted
3974,Uttar Kannand,Burglary,14.903652,74.628207,2025-12-30,4,Chargesheeted
3975,Uttar Kannand,Burglary,15.024107,74.380853,2025-04-20,3,Chargesheeted
3976,Uttar Kannand,Burglary,14.8181,74.411318,2025-09-19,14,Closed
3977,Uttar Kannand,Burglary,15.026679,74.386338,2025-10-09,17,Under Investigation
3978,Uttar Kannand,Assault,15.175881,74.747835,2025-06-30,3,Closed
3979,Uttar Kannand,Assault,15.018003,74.394635,2025-03-05,19,Closed
3980,Uttar Kannand,Assault,15.165946,74.750495,2025-09-15,6,Chargesheeted
3981,Uttar Kannand,Assault,14.901269,74.636865,2025-09-01,3,Chargesheeted
3982,Uttar Kannand,Assault,14.900885,74.64059,2025-11-16,20,Closed
3983,Uttar Kannand,Assault,14.474708,74.405882,2025-03-15,21,Under Investigation
3984,Uttar Kannand,Assault,14.622266,74.737142,2025-09-15,18,Chargesheeted
3985,Uttar Kannand,Assault,15.170729,74.74397,2025-02-02,1,Closed
3986,Uttar Kannand,Assault,14.906953,74.705262,2025-03-23,16,Closed
3987,Uttar Kannand,Assault,15.01259,74.396046,2025-03-23,10,Chargesheeted
3988,Uttar Kannand,Assault,15.025078,74.391528,2025-09-14,4,Chargesheeted
3989,Uttar Kannand,Assault,15.175663,74.761099,2025-08-05,21,Under Investigation
3990,Uttar Kannand,Assault,15.171665,74.741366,2025-07-06,10,Under Investigation
3991,Uttar Kannand,Assault,15.01638,74.38536,2025-03-02,16,Closed
3992,Uttar Kannand,Assault,14.89278,74.298098,2025-03-10,13,Chargesheeted
3993,Uttar Kannand,Assault,15.179728,74.74889,2025-02-07,14,Closed
3994,Uttar Kannand,Assault,14.367179,74.544145,2025-09-01,18,Chargesheeted
3995,Uttar Kannand,Assault,15.163544,74.756929,2025-09-08,0,Closed
3996,Uttar Kannand,Assault,14.892583,74.630068,2025-08-20,10,Under Investigation
3997,Uttar Kannand,Assault,15.027098,74.395721,2025-03-03,1,Closed
